6.794,0.04474,0.000658,177.1,0.002369,0.08826,0.06434,15.83,0.03042,0.4081,0.2942,0.1181,0.1252,0.0912,0.09831,0.06586,0.06603,0.1132,14.07,1774,238600,46090000,246.5,249.9,21.92,242000000,22160000,2085000,3.52E+14,202100000,19000000,2.97E+11,9.024,0.05094,0.000273,1554,0.00178,0.06749,0.5949,23.78,-0.982,0.4807,0.2815,0.141,0.06282,0.08622,0.04062,0.02315,0.002296,0.09506,24.06,1765,228100,43050000,-1652,484300,47560,-2.35E+11,-23030000000,-2262000000,2.27E+17,2.08E+11,20440000000,2.15E+14,angry
6.834,0.05429,0.001198,183.2,0.003655,0.1374,0.09623,18.77,0.03756,0.3147,0.3346,0.1561,0.1442,0.08986,0.08969,0.07521,0.08218,0.1973,15.48,1585,193100,37670000,312.3,295.1,33.38,286300000,30070000,3179000,4.168E+14,272000000,28740000,4.541E+11,10.9,0.06015,0.000579,1569,0.00279,0.1058,0.5715,28.26,-0.9744,0.5689,0.182,0.09808,0.04972,0.09123,0.07903,0.03984,0.02339,0.1596,26.92,1717,198700,37120000,-1590,485200,47620,-2.354E+11,-23110000000,-2267000000,2.28E+17,2.088E+11,20500000000,2.159E+14,angry
8.029,0.0503,0.000705,167.4,0.002288,0.0862,0.05978,18.74,0.03724,0.4049,0.3141,0.1407,0.1032,0.08099,0.08009,0.07133,0.07038,0.1309,14.42,1763,231700,45170000,305.3,302.9,28.52,294600000,27710000,2720000,4.297E+14,252600000,24770000,3.892E+11,9.857,0.05315,0.000287,1569,0.001847,0.07049,0.5839,25.35,-0.9778,0.4721,0.1966,0.07116,0.01875,0.08526,0.06882,0.04979,0.02912,0.1129,27.93,1960,237200,44270000,-1608,486200,47710,-2.364E+11,-23200000000,-2276000000,2.30E+17,2.097E+11,20570000000,2.171E+14,angry
35.32,0.1612,0.00103,159.4,0.002952,0.1105,0.09329,67.67,0.3025,0.2801,0.347,0.1757,0.1534,0.09903,0.1191,0.1037,0.092,0.1671,32.21,1270,158400,28950000,332.9,283.4,47.59,276100000,36650000,4549000,4.036E+14,331200000,41110000,6.522E+11,17.66,0.0959,0.00049,1556,0.002606,0.09931,0.5372,41.91,-0.9196,0.597,0.07171,0.09946,0.02747,0.06671,0.08319,0.06487,0.03244,0.162,32.28,1577,159500,30170000,-1572,487300,47800,-2.374E+11,-23290000000,-2285000000,2.31E+17,2.105E+11,20650000000,2.184E+14,angry
41.68,0.1853,0.002011,190.9,0.004398,0.1641,0.03152,68.29,0.3418,0.2798,0.3187,0.1726,0.14,0.1047,0.1307,0.08023,0.08482,0.2051,36.82,1271,157800,26310000,361,256.8,28.85,250700000,26010000,2764000,3.672E+14,233000000,24780000,3.972E+11,20.25,0.1011,0.000873,1585,0.00338,0.1285,0.6031,41.73,-0.9078,0.6346,0.08474,0.09819,0.05534,0.09255,0.0752,0.05307,0.02684,0.1873,32.54,1380,127500,25680000,-1530,488200,47900,-2.383E+11,-23380000000,-2294000000,2.33E+17,2.113E+11,20740000000,2.197E+14,angry
15.63,0.1083,0.000143,193.8,0.001154,0.04316,0.09113,31.56,0.11,0.2272,0.3123,0.1651,0.1444,0.1203,0.1387,0.1206,0.1019,0.06217,19.78,1240,140900,26970000,231.3,283.9,22.33,277700000,24290000,2143000,4.075E+14,220900000,19490000,3.084E+11,14.44,0.09,6.90E-05,1551,0.001053,0.04035,0.4746,35.69,-0.9516,0.5815,0.1439,0.07004,-0.03062,0.09893,0.06604,0.02877,0.000472,0.06344,30.69,1760,188100,34750000,-1648,489100,47980,-2.392E+11,-23470000000,-2302000000,2.34E+17,2.121E+11,20810000000,2.209E+14,disgust
31.45,0.1386,8.30E-05,164.9,0.000964,0.03597,0.1012,58.38,0.2404,0.2015,0.29,0.182,0.1184,0.1072,0.1155,0.1021,0.1029,0.04779,28.55,1160,162900,29170000,279.2,306.2,31,300100000,29830000,2979000,4.413E+14,269300000,26890000,4.294E+11,14.41,0.07838,4.30E-05,1542,0.000972,0.03682,0.4551,34.66,-0.946,0.6167,0.1726,0.007137,0.05652,0.08108,0.04508,0.01755,-0.005245,0.05156,27.35,1370,157900,31080000,-1692,490100,48050,-2.402E+11,-23550000000,-2309000000,2.36E+17,2.129E+11,20870000000,2.219E+14,disgust
11.73,0.07329,0.000255,179,0.001629,0.06115,0.05601,27.5,0.0558,0.4202,0.3725,0.258,0.1589,0.1739,0.1788,0.1288,0.1421,0.08562,18.3,2026,246400,48460000,283.3,249,37.43,244600000,30090000,3604000,3.603E+14,273100000,32680000,5.205E+11,13.49,0.07533,0.000108,1575,0.00128,0.04873,0.619,34.68,-0.9605,0.4866,0.06176,0.07,-0.04414,0.08564,0.1057,0.08957,0.03659,0.07685,31.57,2078,232300,43290000,-1696,491100,48150,-2.412E+11,-23650000000,-2318000000,2.37E+17,2.137E+11,20960000000,2.232E+14,disgust
10.57,0.06365,6.70E-05,181.5,0.001037,0.03875,0.08044,23.22,0.05025,0.1981,0.3205,0.156,0.1223,0.09741,0.1476,0.1183,0.09634,0.05269,14.13,1122,165600,32530000,237.4,320.2,30.71,315100000,29950000,2962000,4.652E+14,272500000,26940000,4.286E+11,10.62,0.06585,3.70E-05,1550,0.001006,0.03818,0.5203,26.26,-0.973,0.596,0.1925,0.02275,-0.01225,0.06888,0.06173,0.06503,0.03048,0.05568,25.41,1542,196000,36320000,-1633,492100,48250,-2.421E+11,-23740000000,-2327000000,2.38E+17,2.146E+11,21040000000,2.245E+14,disgust
11.73,0.07329,0.000255,179,0.001629,0.06115,0.05601,27.5,0.0558,0.4202,0.3725,0.258,0.1589,0.1739,0.1788,0.1288,0.1421,0.08562,18.3,2026,246400,48460000,283.3,249,37.43,245500000,30200000,3617000,3.632E+14,274200000,32800000,5.243E+11,13.49,0.07533,0.000108,1575,0.00128,0.04873,0.619,34.68,-0.9605,0.4866,0.06176,0.07,-0.04414,0.08564,0.1057,0.08957,0.03659,0.07685,31.57,2078,232300,43290000,-1696,493100,48330,-2.431E+11,-23830000000,-2335000000,2.40E+17,2.154E+11,21110000000,2.257E+14,disgust
11.23,0.0604,0.000164,149.1,0.001536,0.05753,0.06918,24.58,0.05264,0.4419,0.3228,0.1242,0.1259,0.1035,0.1118,0.09989,0.0929,0.07831,16.59,1898,253100,49300000,278.1,326.6,38.38,322700000,34510000,3715000,4.784E+14,312200000,33600000,5.395E+11,10.05,0.05443,8.00E-05,1535,0.001231,0.04677,0.579,27.37,-0.9725,0.3978,0.1952,0.093,-0.004626,0.0634,0.06925,0.04971,0.003716,0.06991,28.59,2144,265000,50060000,-1680,494100,48420,-2.441E+11,-23920000000,-2344000000,2.41E+17,2.162E+11,21190000000,2.27E+14,happy
10.86,0.06411,0.000142,169.8,0.001328,0.04959,0.0417,24.57,0.05105,0.3686,0.3293,0.146,0.1506,0.08138,0.1142,0.09171,0.09549,0.06891,15.74,1568,214700,42030000,251.7,305.7,38.59,302700000,33810000,3745000,4.497E+14,306200000,33900000,5.45E+11,10.08,0.05885,7.60E-05,1564,0.001299,0.0494,0.5343,26.03,-0.9743,0.5012,0.1668,0.08419,0.02043,0.113,0.08517,0.05684,0.01849,0.07413,24.96,1603,195400,36740000,-1628,495200,48520,-2.452E+11,-24030000000,-2354000000,2.43E+17,2.171E+11,21280000000,2.284E+14,happy
11.16,0.06092,0.000195,158,0.001325,0.05006,0.07798,23.53,0.04833,0.4871,0.346,0.1374,0.1127,0.08019,0.07767,0.07821,0.07306,0.08461,16.06,2033,262300,51110000,290.4,377.8,41.3,375000000,38160000,4015000,5.584E+14,345200000,36300000,5.854E+11,10.46,0.0567,0.000107,1554,0.00117,0.04482,0.5333,27.69,-0.9719,0.3878,0.1522,0.0871,0.01308,0.07011,0.08078,0.05647,0.01236,0.07704,29.1,2169,266100,50440000,-1651,496300,48620,-2.463E+11,-24130000000,-2363000000,2.45E+17,2.181E+11,21360000000,2.298E+14,happy
8.583,0.05933,0.000178,161.2,0.001039,0.03884,0.0736,19.16,0.03733,0.4464,0.3796,0.1603,0.1216,0.1052,0.09049,0.09022,0.07996,0.05878,15.66,1949,252500,49270000,283.8,404.6,49.19,402700000,43930000,4792000,6.012E+14,396300000,43240000,7.004E+11,9.761,0.05365,8.30E-05,1534,0.000883,0.03375,0.5943,26.31,-0.9756,0.3787,0.1226,0.1102,0.03345,0.09656,0.08147,0.05138,0.03948,0.0548,29.28,2208,266800,50490000,-1717,497700,48720,-2.477E+11,-24250000000,-2374000000,2.47E+17,2.192E+11,21460000000,2.313E+14,happy
10.02,0.06178,0.000165,149.4,0.001391,0.05172,0.05364,22.78,0.046,0.4226,0.3373,0.1135,0.1277,0.07333,0.09975,0.09195,0.08846,0.06478,16.56,1860,238000,46580000,282.2,286.4,31.81,285800000,29730000,3106000,4.277E+14,267300000,27940000,4.549E+11,10.18,0.05513,0.000102,1550,0.001369,0.05199,0.5243,26.31,-0.9745,0.4696,0.1636,0.09275,0.02946,0.1016,0.09377,0.06524,0.04759,0.07568,26.51,1796,212600,40050000,-1650,498900,48820,-2.489E+11,-24360000000,-2383000000,2.48E+17,2.201E+11,21540000000,2.327E+14,happy
9.394,0.05639,0.000319,180.4,0.001595,0.05978,0.1175,20.29,0.048,0.391,0.2961,0.1229,0.1123,0.1028,0.1059,0.1095,0.0963,0.09399,14.57,1690,225500,44380000,301.2,307.1,49.21,307100000,39200000,4816000,4.605E+14,355500000,43620000,7.07E+11,9.075,0.04989,0.000115,1587,0.001639,0.06274,0.4453,22.44,-0.9785,0.4802,0.1629,0.1027,0.0252,0.1204,0.1172,0.07619,0.04773,0.09941,25.2,1765,217900,40420000,-1559,499900,48960,-2.499E+11,-24470000000,-2396000000,2.50E+17,2.212E+11,21660000000,2.346E+14,neutral
12.74,0.08102,0.000114,163.5,0.001178,0.04407,0.04869,27.78,0.06268,0.3525,0.3044,0.1517,0.0889,0.08947,0.08942,0.0957,0.08499,0.06187,16.11,1455,201900,39870000,223.7,281.3,36.73,281800000,31410000,3604000,4.235E+14,286300000,32770000,5.303E+11,10.55,0.06278,4.60E-05,1553,0.001171,0.04464,0.5292,25.47,-0.9699,0.4915,0.1416,0.1285,0.04133,0.09368,0.09618,0.05709,0.02843,0.06854,25.74,1610,194700,35950000,-1585,500900,49070,-2.509E+11,-24580000000,-2408000000,2.51E+17,2.222E+11,21760000000,2.363E+14,neutral
12.52,0.08095,0.000161,171,0.001158,0.04314,0.03801,28.57,0.06445,0.3448,0.3388,0.1541,0.1116,0.09594,0.1157,0.08691,0.09552,0.06231,16.86,1584,202800,39450000,234.5,276.9,29.89,277900000,27740000,2938000,4.185E+14,254700000,26910000,4.332E+11,11.17,0.06957,7.00E-05,1554,0.001134,0.04345,0.5569,27.94,-0.967,0.5114,0.1127,0.07718,0.02287,0.07843,0.07055,0.06109,0.03093,0.06923,26.5,1593,184100,34290000,-1594,501900,49170,-2.519E+11,-24680000000,-2418000000,2.53E+17,2.231E+11,21850000000,2.378E+14,neutral
9.936,0.07361,0.000109,177.2,0.001126,0.04209,0.06501,24.48,0.04654,0.3388,0.3262,0.1519,0.1139,0.08668,0.1168,0.08652,0.07598,0.0603,15.67,1418,188100,36520000,214.6,264.4,35.76,265900000,30080000,3522000,4.012E+14,274800000,32090000,5.203E+11,9.668,0.06162,4.90E-05,1593,0.001232,0.04704,0.5001,23.7,-0.9749,0.5284,0.1396,0.09692,0.05236,0.07829,0.05426,0.03845,0.01321,0.07264,23.25,1351,158400,29590000,-1549,502800,49270,-2.528E+11,-24770000000,-2427000000,2.54E+17,2.239E+11,21940000000,2.391E+14,neutral
10.68,0.06455,9.70E-05,174.1,0.000978,0.03642,0.04154,23.21,0.04715,0.3161,0.3194,0.1863,0.1262,0.09098,0.091,0.0795,0.08837,0.05285,14.74,1351,180400,35160000,207.8,277.2,34.72,279300000,30500000,3427000,4.221E+14,278500000,31220000,5.073E+11,10.55,0.06167,5.10E-05,1537,0.001014,0.03885,0.5562,25.35,-0.9744,0.585,0.1247,0.0717,0.04958,0.08344,0.0807,0.05379,0.02667,0.06232,23.75,1319,158200,29500000,-1584,503800,49370,-2.538E+11,-24870000000,-2437000000,2.56E+17,2.248E+11,22030000000,2.406E+14,neutral
10.3,0.06017,1.20E-05,150.7,0.000439,0.0164,0.04441,23.38,0.04276,0.3963,0.2951,0.1734,0.1088,0.1031,0.1085,0.07636,0.0888,0.02273,15.5,1771,237200,45910000,238.4,261.4,10.87,263900000,18240000,1074000,3.995E+14,165200000,9745000,1.591E+11,8.714,0.04898,6.00E-06,1544,0.000447,0.01696,0.5452,23.09,-0.9766,0.3574,0.1872,0.0825,0.06641,0.08085,0.09032,0.07938,0.04263,0.02493,26,1987,259000,49630000,-1703,504700,49420,-2.547E+11,-24940000000,-2441000000,2.57E+17,2.254E+11,22070000000,2.413E+14,sad
10.61,0.0625,1.80E-05,163.5,0.00041,0.01532,0.04327,24.32,0.04137,0.4394,0.2922,0.1598,0.1457,0.1052,0.1039,0.09274,0.08723,0.02201,16.9,1882,234300,45250000,187.5,261.9,21.62,264800000,23350000,2138000,4.017E+14,211700000,19370000,3.172E+11,9.42,0.05117,8.00E-06,1547,0.000415,0.01582,0.5426,25.34,-0.975,0.3836,0.1472,0.06455,0.06031,0.09344,0.102,0.0763,0.03861,0.02364,27.81,2073,258300,49340000,-1756,505600,49460,-2.556E+11,-25010000000,-2446000000,2.59E+17,2.26E+11,22110000000,2.419E+14,sad
9.365,0.05411,1.40E-05,167.8,0.000419,0.01563,0.07693,21.64,0.03523,0.4367,0.2254,0.1747,0.1078,0.1012,0.1015,0.09685,0.08419,0.02085,17.39,1964,233800,45090000,219.7,252.7,10.97,255900000,17670000,1085000,3.889E+14,160300000,9863000,1.611E+11,8.741,0.0484,4.00E-06,1555,0.000385,0.01465,0.5437,23.32,-0.9771,0.3326,0.2039,0.05501,0.04616,0.08571,0.09394,0.06659,0.03098,0.02103,27.91,2259,285100,54730000,-1745,506500,49490,-2.565E+11,-25070000000,-2449000000,2.60E+17,2.266E+11,22140000000,2.424E+14,sad
9.917,0.06112,1.20E-05,164.5,0.000475,0.01777,0.05425,22.74,0.04268,0.4114,0.2905,0.1828,0.1241,0.1128,0.1037,0.08513,0.0657,0.02349,14.89,1743,232500,44940000,228.8,250,7.732,253700000,16110000,765600,3.861E+14,146100000,6969000,1.137E+11,8.337,0.04882,7.00E-06,1545,0.000439,0.01668,0.5641,21.76,-0.9792,0.3757,0.2035,0.08485,0.06465,0.07209,0.06817,0.0542,0.03831,0.02463,25.03,1966,263100,50800000,-1689,507400,49510,-2.574E+11,-25120000000,-2451000000,2.61E+17,2.27E+11,22160000000,2.427E+14,sad
10.13,0.05789,8.00E-06,147.6,0.000465,0.01736,0.0497,23.15,0.04043,0.4093,0.2898,0.2092,0.136,0.1197,0.1278,0.0972,0.09193,0.02171,16.43,1814,229600,44250000,236.8,258.8,6.48,263100000,15300000,641900,4.011E+14,139600000,5893000,95370000000,8.901,0.0489,4.00E-06,1544,0.000433,0.01644,0.5502,24.43,-0.9758,0.3904,0.1485,0.03734,0.06439,0.1041,0.1141,0.1021,0.05766,0.02349,26.91,2051,260600,49920000,-1697,508200,49540,-2.583E+11,-25180000000,-2453000000,2.63E+17,2.275E+11,22180000000,2.43E+14,sad
4.883,0.0438,0.000683,273.6,0.00414,0.1567,0.09124,12.05,0.02578,0.2257,0.3435,0.1473,0.1005,0.09315,0.08658,0.08448,0.08636,0.2572,9.491,982.7,148500,29430000,352.2,260.8,15.63,265600000,20780000,1549000,4.056E+14,187000000,13910000,2.302E+11,7.725,0.04905,0.000376,1538,0.003354,0.1282,0.5868,19.02,-0.9851,0.6116,0.1171,0.04991,0.0464,0.047,0.02977,0.02968,0.03903,0.2132,20.02,1093,135100,24700000,-1292,509100,49560,-2.592E+11,-25230000000,-2455000000,2.64E+17,2.28E+11,22200000000,2.433E+14,angry
6.488,0.04569,0.000948,238.7,0.004971,0.187,0.1044,16.05,0.03212,0.3727,0.3623,0.1784,0.1266,0.09549,0.09598,0.09228,0.08508,0.2867,11.6,1517,223800,44230000,407.1,243.7,20.85,248600000,22650000,2068000,3.804E+14,204900000,18700000,3.078E+11,8.465,0.04961,0.000594,1533,0.00462,0.176,0.5351,20.45,-0.9831,0.5734,0.1519,0.1139,0.06335,0.05437,0.03451,0.01463,0.03236,0.2808,19.9,1173,148100,27810000,-1268,510000,49610,-2.601E+11,-25300000000,-2461000000,2.65E+17,2.287E+11,22250000000,2.442E+14,angry
12.06,0.06925,0.000413,212.4,0.00239,0.09046,0.09277,23.61,0.06476,0.4302,0.3902,0.1981,0.1667,0.1048,0.1171,0.09754,0.09904,0.163,16.17,1774,243100,47580000,362.5,253,24.47,258500000,25020000,2431000,3.961E+14,226200000,21970000,3.622E+11,9.701,0.05392,0.000181,1559,0.002202,0.08474,0.5503,23.23,-0.9734,0.5038,0.06188,0.1041,0.06767,0.04766,0.02471,0.02153,0.05219,0.1391,22.76,1415,170500,32370000,-1430,510900,49680,-2.61E+11,-25380000000,-2467000000,2.67E+17,2.294E+11,22300000000,2.451E+14,angry
12.07,0.06517,0.000255,217.4,0.002501,0.0944,0.0873,26.12,0.06778,0.4043,0.377,0.1723,0.149,0.1101,0.1009,0.1031,0.1238,0.1548,15.23,1636,235300,46260000,352.9,258.6,24.32,264700000,25240000,2420000,4.064E+14,228000000,21850000,3.611E+11,10.28,0.0563,0.000158,1541,0.002394,0.09148,0.5135,25.18,-0.9728,0.5419,0.1193,0.1428,0.02476,0.05169,0.0196,-0.007203,0.02654,0.1516,22.75,1386,171200,32120000,-1401,511800,49750,-2.619E+11,-25460000000,-2474000000,2.68E+17,2.301E+11,22370000000,2.462E+14,angry
9.996,0.06116,0.000384,227.6,0.003085,0.1159,0.05644,20.74,0.05248,0.2521,0.4059,0.2092,0.1506,0.1165,0.09885,0.1047,0.1036,0.1843,11.46,884.2,136100,27480000,276.4,211.1,18.52,216400000,19930000,1845000,3.327E+14,180500000,16700000,2.756E+11,10.59,0.06073,0.000262,1592,0.002904,0.1112,0.5585,23.97,-0.9753,0.6761,-0.02722,0.08288,0.07302,0.01884,0.003825,0.02007,0.057,0.1859,21.46,863.6,91290,16510000,-1308,512600,49810,-2.627E+11,-25530000000,-2481000000,2.69E+17,2.308E+11,22430000000,2.471E+14,angry
10.83,0.06888,0.000313,192.2,0.002593,0.09798,0.0947,24.13,0.06117,0.3733,0.4192,0.2039,0.1423,0.1161,0.09625,0.1114,0.09562,0.1657,14.04,1496,216100,42630000,318.2,300.3,35.51,308400000,33140000,3543000,4.75E+14,299600000,32040000,5.302E+11,10.74,0.06333,0.000183,1622,0.002427,0.09311,0.5328,25.66,-0.9736,0.5837,0.05881,0.1405,0.05317,0.02683,0.03611,0.02003,0.04005,0.1563,21.92,1136,136800,25890000,-1403,513500,49890,-2.636E+11,-25620000000,-2489000000,2.71E+17,2.315E+11,22500000000,2.483E+14,disgust
9.331,0.05593,0.00025,225.2,0.002454,0.09278,0.1129,20.04,0.04751,0.3272,0.3578,0.2084,0.1315,0.1111,0.1018,0.09133,0.07493,0.1552,11.25,1173,187700,38080000,279.9,275.3,26.25,283300000,27180000,2624000,4.372E+14,246200000,23760000,3.935E+11,8.392,0.0476,0.000168,1613,0.002711,0.1034,0.4963,19.23,-0.9814,0.6041,0.09568,0.1296,0.09046,0.039,0.01436,0.01107,0.02377,0.1664,17.38,865.4,111100,21300000,-1297,514500,49990,-2.647E+11,-25720000000,-2498000000,2.72E+17,2.324E+11,22580000000,2.497E+14,disgust
13.28,0.0869,0.000412,233.5,0.003202,0.1206,0.08742,26.75,0.06345,0.4072,0.3977,0.1806,0.1416,0.1133,0.1028,0.09424,0.1008,0.1847,16.17,1672,238200,46690000,340.7,283.2,32.35,292000000,30740000,3239000,4.514E+14,278200000,29320000,4.865E+11,12.3,0.07279,0.000219,1614,0.002656,0.1013,0.5806,28.63,-0.9675,0.563,0.13,0.1301,0.04697,0.008149,-0.0123,0.005237,0.03085,0.1619,23.82,1285,154900,29550000,-1422,515400,50070,-2.657E+11,-25810000000,-2507000000,2.74E+17,2.332E+11,22660000000,2.51E+14,disgust
8.271,0.04735,0.000149,192.9,0.002232,0.08407,0.07535,17.99,0.04131,0.3931,0.3235,0.1844,0.1303,0.1082,0.1209,0.09558,0.08172,0.1306,12.42,1557,225300,44430000,291.8,274.4,25.53,283400000,26840000,2561000,4.39E+14,243000000,23180000,3.852E+11,9.005,0.04961,8.80E-05,1604,0.001969,0.07504,0.5558,22.24,-0.9812,0.5743,0.1952,0.09463,0.0281,0.02312,0.02263,0.006833,0.01388,0.1182,19.73,1143,153000,29640000,-1461,516400,50150,-2.667E+11,-25900000000,-2515000000,2.75E+17,2.341E+11,22730000000,2.522E+14,disgust
20.28,0.1252,0.000511,196.9,0.002319,0.08723,0.05983,43.12,0.1407,0.3817,0.3684,0.2035,0.1756,0.1329,0.1238,0.1208,0.1001,0.141,22.13,1698,232800,45240000,380.6,368.9,28.9,381800000,33430000,2903000,5.927E+14,303300000,26360000,4.374E+11,13.54,0.07861,0.0002,1566,0.001914,0.07336,0.6042,32.88,-0.9434,0.4836,0.09241,0.1001,-0.01223,0.004294,-0.01988,-0.03472,-0.03221,0.1208,29,1681,185100,35710000,-1475,517500,50230,-2.678E+11,-25990000000,-2522000000,2.77E+17,2.349E+11,22800000000,2.533E+14,disgust
9.207,0.0707,0.000101,203.8,0.001345,0.05128,0.0969,19.3,0.04755,0.2463,0.3192,0.1735,0.1458,0.1142,0.08916,0.07783,0.0722,0.09283,13.32,1173,168600,33070000,298.4,272.4,9.986,282500000,18510000,1004000,4.396E+14,167700000,9089000,1.514E+11,8.5,0.05513,5.30E-05,1532,0.00125,0.04798,0.5208,20.26,-0.9794,0.5339,0.1977,0.1164,0.04256,0.001173,-0.02184,-0.004469,-0.006283,0.08205,21.31,1313,167600,31620000,-1441,518600,50280,-2.69E+11,-26080000000,-2528000000,2.79E+17,2.357E+11,22850000000,2.542E+14,happy
8.151,0.05822,7.70E-05,207.7,0.001341,0.05076,0.07303,18.48,0.04815,0.2572,0.2744,0.1744,0.1202,0.1033,0.1135,0.08507,0.08386,0.08699,13.73,1191,155100,30480000,302.5,258.3,17.5,268400000,22040000,1761000,4.182E+14,198500000,15850000,2.658E+11,8.273,0.05082,5.20E-05,1521,0.001328,0.05109,0.5295,21.94,-0.9799,0.568,0.1053,0.05942,0.0384,0.03317,-0.01506,0.01765,0.03785,0.08684,23.91,1476,171400,31250000,-1427,519500,50310,-2.699E+11,-26140000000,-2531000000,2.80E+17,2.362E+11,22880000000,2.547E+14,happy
14.08,0.09408,0.000283,216.6,0.002314,0.08795,0.05386,31.21,0.09088,0.2387,0.3303,0.1579,0.1541,0.1214,0.0908,0.1028,0.09517,0.1636,17.79,1146,129000,24750000,299.9,176,9.205,183200000,13610000,926800,2.859E+14,122700000,8342000,1.4E+11,11.77,0.07845,0.000212,1570,0.002844,0.1093,0.5536,28.42,-0.9603,0.5994,-0.003431,0.08856,-0.0242,0.02769,-0.006828,0.01968,0.03713,0.2028,26.57,1278,116200,20270000,-1158,520300,50350,-2.707E+11,-26200000000,-2535000000,2.82E+17,2.368E+11,22910000000,2.552E+14,happy
8.963,0.0556,0.000249,221.7,0.002222,0.08419,0.07778,19.47,0.05328,0.2153,0.3014,0.1381,0.1404,0.1068,0.08667,0.09575,0.09235,0.1524,12.27,891.7,118900,23270000,299.3,233.6,15.76,243400000,19940000,1588000,3.804E+14,179700000,14300000,2.4E+11,8.797,0.0506,0.000188,1541,0.002559,0.09829,0.4772,20.87,-0.979,0.6049,0.06882,0.1134,0.01003,0.04164,0.02059,0.04225,0.04815,0.1763,22.98,1248,135800,23380000,-1229,521000,50390,-2.714E+11,-26250000000,-2539000000,2.83E+17,2.373E+11,22950000000,2.558E+14,happy
14.08,0.09408,0.000283,216.6,0.002314,0.08795,0.05386,31.21,0.09088,0.2387,0.3303,0.1579,0.1541,0.1214,0.0908,0.1028,0.09517,0.1636,17.79,1146,129000,24750000,299.9,176,9.205,183700000,13640000,928200,2.875E+14,122900000,8354000,1.404E+11,11.77,0.07845,0.000212,1570,0.002844,0.1093,0.5536,28.42,-0.9603,0.5994,-0.003431,0.08856,-0.0242,0.02769,-0.006828,0.01968,0.03713,0.2028,26.57,1278,116200,20270000,-1158,521700,50430,-2.722E+11,-26310000000,-2542000000,2.84E+17,2.377E+11,22980000000,2.564E+14,happy
57.58,0.2479,0.000196,251.4,0.001656,0.06312,0.05697,96.84,0.4961,0.2128,0.3338,0.1796,0.1546,0.1238,0.1038,0.08375,0.08943,0.1165,49.89,855.2,128400,20650000,549,243.5,1.736,254400000,12730000,175100,3.987E+14,114700000,1598000,26490000000,27.3,0.1355,9.60E-05,1514,0.001456,0.05616,0.5486,52.09,-0.8303,0.6915,0.07028,0.07581,0.05121,0.03237,-0.01024,-0.004267,-0.01004,0.1041,36.08,1080,88170,20210000,-1452,522400,50440,-2.729E+11,-26350000000,-2543000000,2.85E+17,2.381E+11,22990000000,2.565E+14,neutral
12.91,0.06923,0.000224,232,0.001696,0.06481,0.09482,25.82,0.06978,0.2558,0.3152,0.1569,0.1321,0.1228,0.1088,0.1025,0.09068,0.1261,13.73,944.4,132800,26150000,278.5,209.8,5.068,219500000,12980000,511300,3.445E+14,118100000,4692000,77380000000,11.42,0.06647,0.000119,1555,0.001702,0.066,0.5247,25.98,-0.9692,0.641,0.06357,0.1424,0.04252,0.07226,0.01931,-0.01214,-0.02316,0.1262,23.71,1201,135200,23800000,-1313,523200,50450,-2.737E+11,-26400000000,-2545000000,2.86E+17,2.386E+11,23000000000,2.568E+14,neutral
11.86,0.06942,0.000307,250.3,0.001741,0.06637,0.06317,25.72,0.06351,0.2841,0.3885,0.1961,0.1188,0.1307,0.09058,0.06664,0.08014,0.1235,13.93,1185,168500,32770000,294.3,240,4.913,251500000,14470000,495700,3.954E+14,131600000,4543000,75040000000,10.04,0.06069,0.000131,1546,0.001583,0.06114,0.5567,25,-0.9716,0.5913,0.0737,0.02779,0.03487,0.01365,-0.00454,-0.002708,0.003376,0.1079,22.57,1221,147400,27870000,-1378,524000,50460,-2.746E+11,-26440000000,-2546000000,2.88E+17,2.39E+11,23020000000,2.57E+14,neutral
11.29,0.06969,0.000193,219.1,0.001562,0.05959,0.05003,23.14,0.05518,0.2996,0.3097,0.1751,0.1293,0.1124,0.08153,0.08101,0.08035,0.1125,14.54,1311,180300,35440000,335.1,262.7,7.282,275800000,17010000,735000,4.342E+14,154100000,6681000,1.113E+11,10.23,0.06039,9.80E-05,1510,0.001459,0.05567,0.5238,25.14,-0.9712,0.4837,0.0826,0.04742,0.02012,0.09827,0.06304,0.03683,0.000208,0.1046,26.5,1640,189400,34370000,-1391,524900,50480,-2.755E+11,-26490000000,-2547000000,2.89E+17,2.394E+11,23030000000,2.571E+14,neutral
10.83,0.06245,0.000336,254.5,0.001883,0.07149,0.03173,22.14,0.05305,0.2693,0.3676,0.2101,0.1142,0.1103,0.09688,0.08113,0.08662,0.1307,12.6,1118,153800,29870000,277.5,217.2,4.164,228300000,13000000,420400,3.601E+14,118100000,3854000,63670000000,10.9,0.06516,0.000158,1563,0.001702,0.06602,0.5249,26.43,-0.973,0.6562,0.0389,0.08194,0.0723,0.03599,0.001871,0.003442,0.003898,0.1198,23.24,1149,130600,23800000,-1342,525700,50490,-2.763E+11,-26540000000,-2549000000,2.91E+17,2.399E+11,23040000000,2.574E+14,neutral
11.69,0.06458,6.00E-05,219.2,0.001059,0.04087,0.06602,24.37,0.05791,0.2741,0.3446,0.1628,0.1141,0.1235,0.09015,0.08154,0.08756,0.07027,14.12,1133,158300,31020000,265.2,261.2,12.32,275000000,19650000,1245000,4.344E+14,177000000,11200000,1.886E+11,10.34,0.06269,3.90E-05,1548,0.001189,0.04605,0.5102,24.65,-0.9745,0.6433,0.1056,0.09482,0.04028,0.0309,-0.004192,-0.03407,-0.01323,0.08018,21.95,1166,140800,25870000,-1422,526500,50510,-2.772E+11,-26600000000,-2551000000,2.92E+17,2.404E+11,23060000000,2.577E+14,sad
7.458,0.05396,5.60E-05,173.2,0.001082,0.04086,0.04759,16.55,0.03824,0.282,0.3174,0.1661,0.1147,0.1091,0.08671,0.08574,0.1019,0.07124,12.15,1296,183200,35810000,289.7,271.8,8.207,286800000,18020000,829500,4.537E+14,162400000,7458000,1.258E+11,8.232,0.05171,3.80E-05,1517,0.00105,0.04028,0.5301,21.33,-0.9821,0.534,0.1602,0.05314,0.06702,0.06748,0.02619,0.01056,0.02346,0.06898,22.09,1392,175900,32990000,-1460,527400,50540,-2.782E+11,-26660000000,-2554000000,2.94E+17,2.409E+11,23090000000,2.582E+14,sad
4.397,0.03274,6.40E-05,181.6,0.001292,0.04906,0.05816,9.428,0.01335,0.2804,0.2964,0.1878,0.1256,0.1014,0.08918,0.1037,0.1077,0.08353,10.38,1200,166800,32510000,280.9,243.2,8.325,257000000,16630000,841800,4.073E+14,149900000,7575000,1.277E+11,7.545,0.04642,4.50E-05,1537,0.001219,0.04674,0.5423,19.03,-0.9872,0.6032,0.157,0.02918,0.0605,0.0488,-0.002305,-0.01016,0.001563,0.07813,20.27,1248,161200,30060000,-1441,528300,50570,-2.791E+11,-26720000000,-2557000000,2.95E+17,2.415E+11,23110000000,2.585E+14,sad
7.497,0.05435,4.10E-05,159.5,0.000939,0.03551,0.05374,16.14,0.03824,0.2725,0.3395,0.2132,0.1149,0.1223,0.1128,0.1016,0.08277,0.05921,10.93,1080,156200,30540000,237.4,244.1,7.901,258300000,16500000,799300,4.101E+14,149000000,7218000,1.213E+11,8.171,0.05207,3.10E-05,1552,0.001038,0.03958,0.5392,20.76,-0.9826,0.607,0.1271,0.03273,0.0548,0.03183,0.0221,0.02792,0.02492,0.06685,19.15,1048,136000,25960000,-1427,529200,50590,-2.8E+11,-26770000000,-2559000000,2.96E+17,2.42E+11,23130000000,2.59E+14,sad
6.116,0.04481,9.60E-05,178.9,0.001424,0.05375,0.08702,15.34,0.03573,0.2573,0.2559,0.1524,0.1261,0.1337,0.08341,0.08163,0.06117,0.08771,10.75,1117,153400,29500000,245,253.6,10.3,268800000,18210000,1043000,4.275E+14,164300000,9398000,1.583E+11,7.565,0.04624,5.60E-05,1537,0.001382,0.05278,0.5195,17.74,-0.9854,0.5922,0.2482,0.09151,0.1131,0.07859,0.01292,-0.02073,-0.01591,0.08207,17,1006,136000,26090000,-1453,530000,50620,-2.809E+11,-26830000000,-2562000000,2.98E+17,2.425E+11,23160000000,2.594E+14,sad
67.53,0.2903,0.001746,183.4,0.003287,0.1235,0.05864,116.8,0.5851,0.2502,0.329,0.1621,0.1651,0.1063,0.1186,0.09626,0.1003,0.1816,57.55,1073,173500,28310000,649.8,247.9,26.95,263200000,26610000,2731000,4.192E+14,243400000,24950000,4.151E+11,34.76,0.1637,0.000635,1548,0.002579,0.09844,0.5953,68.22,-0.7675,0.6309,0.08159,0.09999,0.03675,0.07862,0.0171,0.05274,0.05887,0.161,45.13,1433,112600,26380000,-1620,530900,50680,-2.819E+11,-26910000000,-2568000000,2.99E+17,2.432E+11,23210000000,2.602E+14,angry
8.673,0.04929,0.000728,211,0.003533,0.1331,0.0955,18.98,0.04615,0.2618,0.2843,0.1735,0.1362,0.1078,0.08802,0.09586,0.1071,0.196,12.85,1226,171000,33450000,277.7,262,44.54,278700000,36470000,4522000,4.446E+14,332800000,41150000,6.886E+11,9.765,0.05359,0.000396,1578,0.003286,0.1248,0.4914,23.76,-0.979,0.6185,0.1575,0.06422,0.04553,0.08236,0.0131,0.01753,0.03301,0.1938,23.43,1315,156700,28570000,-1448,531800,50780,-2.828E+11,-27000000000,-2578000000,3.01E+17,2.44E+11,23300000000,2.618E+14,angry
9.495,0.05667,0.001108,214.2,0.003435,0.1295,0.06478,20.42,0.05199,0.2913,0.2973,0.1839,0.1513,0.1014,0.1036,0.09173,0.09847,0.2004,12.81,1268,187000,37090000,290.9,274.6,44.25,292600000,36820000,4502000,4.676E+14,335800000,40940000,6.871E+11,9.794,0.05368,0.000444,1594,0.00297,0.1131,0.5684,24.79,-0.9777,0.5675,0.1567,0.08005,0.04821,0.08744,0.008949,0.01892,0.03626,0.1803,25.19,1563,190300,34850000,-1479,532700,50890,-2.838E+11,-27110000000,-2590000000,3.02E+17,2.45E+11,23410000000,2.636E+14,angry
8.61,0.05659,0.002337,202.3,0.005129,0.1932,0.1048,18.45,0.04355,0.2864,0.2685,0.1858,0.1115,0.09581,0.08296,0.07389,0.08721,0.2929,12.41,1302,183100,36060000,310.8,291.7,41.86,311300000,36680000,4268000,4.985E+14,335100000,38900000,6.527E+11,9.764,0.05479,0.000998,1577,0.004176,0.1589,0.5346,24.42,-0.9782,0.5449,0.1581,0.03198,0.05459,0.1033,0.03204,0.02602,0.03111,0.251,25.74,1572,188800,34560000,-1440,533700,51000,-2.848E+11,-27220000000,-2600000000,3.04E+17,2.46E+11,23510000000,2.652E+14,angry
8.673,0.04929,0.000728,211,0.003533,0.1331,0.0955,18.98,0.04615,0.2618,0.2843,0.1735,0.1362,0.1078,0.08802,0.09586,0.1071,0.196,12.85,1226,171000,33450000,277.7,262,44.54,280200000,36680000,4551000,4.494E+14,334700000,41410000,6.975E+11,9.765,0.05359,0.000396,1578,0.003286,0.1248,0.4914,23.76,-0.979,0.6185,0.1575,0.06422,0.04553,0.08236,0.0131,0.01753,0.03301,0.1938,23.43,1315,156700,28570000,-1448,534600,51110,-2.858E+11,-27320000000,-2611000000,3.06E+17,2.47E+11,23610000000,2.669E+14,angry
10.09,0.06684,0.000311,210.8,0.002864,0.1073,0.05947,21.39,0.04693,0.2692,0.3254,0.1722,0.09752,0.1152,0.1019,0.1106,0.1058,0.137,13.76,1205,167400,32710000,235.6,313.8,38.78,336200000,36390000,3971000,5.402E+14,331300000,36100000,6.099E+11,10.88,0.06192,0.00019,1603,0.002704,0.1024,0.567,25.57,-0.9757,0.6345,0.1305,0.04932,0.04402,0.06794,0.01971,0.04168,0.04369,0.15,23.7,1251,147800,27190000,-1506,535600,51220,-2.869E+11,-27430000000,-2623000000,3.07E+17,2.48E+11,23710000000,2.686E+14,disgust
10.32,0.06301,0.000756,208.2,0.003004,0.1125,0.08959,24.86,0.05143,0.5146,0.2756,0.1491,0.1268,0.1237,0.1053,0.08479,0.1111,0.1661,20.55,2396,264200,52840000,351,306.2,50.58,328700000,42270000,5191000,5.292E+14,385200000,47180000,7.992E+11,10.93,0.05813,0.000351,1583,0.002888,0.1099,0.5246,27.91,-0.9696,0.4237,0.1787,0.1374,-0.000655,0.04136,0.03381,0.03051,0.01852,0.1671,27.44,1901,203900,38740000,-1525,536700,51340,-2.881E+11,-27550000000,-2635000000,3.09E+17,2.49E+11,23820000000,2.705E+14,disgust
8.78,0.05135,0.000393,223.3,0.00311,0.1172,0.06796,19.18,0.04641,0.2149,0.2432,0.1827,0.1154,0.1047,0.08513,0.07871,0.07833,0.1821,14.02,1174,152500,29660000,285.8,354.1,64.21,380900000,51950000,6609000,6.146E+14,472300000,59970000,1.02E+12,10.03,0.05775,0.000197,1604,0.00326,0.1242,0.5032,23.7,-0.9781,0.6423,0.1791,0.01467,0.01211,0.06312,0.009988,0.02488,0.03821,0.2018,22.67,1173,134800,24580000,-1402,537800,51490,-2.893E+11,-27690000000,-2651000000,3.11E+17,2.503E+11,23960000000,2.729E+14,disgust
9.721,0.05912,0.000309,203.2,0.00269,0.1015,0.08517,22.25,0.05317,0.3049,0.2753,0.1612,0.1146,0.101,0.07533,0.08665,0.08968,0.1622,15.04,1336,179900,35020000,306.6,324.2,50.46,349500000,43250000,5209000,5.652E+14,393300000,47290000,8.066E+11,9.207,0.05246,0.000186,1600,0.003048,0.116,0.4847,21.93,-0.9777,0.5555,0.1699,0.06817,0.04105,0.08758,0.04559,0.05864,0.04588,0.1867,22.38,1308,155400,28640000,-1399,539000,51630,-2.905E+11,-27830000000,-2666000000,3.13E+17,2.516E+11,24100000000,2.753E+14,disgust
10.32,0.06301,0.000756,208.2,0.003004,0.1125,0.08959,24.86,0.05143,0.5146,0.2756,0.1491,0.1268,0.1237,0.1053,0.08479,0.1111,0.1661,20.55,2396,264200,52840000,351,306.2,50.58,330800000,42570000,5234000,5.359E+14,387900000,47580000,8.125E+11,10.93,0.05813,0.000351,1583,0.002888,0.1099,0.5246,27.91,-0.9696,0.4237,0.1787,0.1374,-0.000655,0.04136,0.03381,0.03051,0.01852,0.1671,27.44,1901,203900,38740000,-1525,540100,51760,-2.917E+11,-27960000000,-2679000000,3.15E+17,2.527E+11,24220000000,2.773E+14,disgust
10.23,0.06067,0.000391,181.6,0.002271,0.08612,0.05044,22.07,0.05577,0.2563,0.3085,0.1871,0.1219,0.1115,0.09252,0.1036,0.09577,0.1514,13.58,1218,167000,32630000,302.7,388.8,56.4,420900000,50230000,5851000,6.835E+14,454500000,52910000,9.104E+11,10.06,0.05826,0.000193,1594,0.002076,0.07964,0.5143,24.87,-0.9747,0.5888,0.08524,0.008375,0.04562,0.073,0.007715,0.01361,0.03853,0.1413,25.38,1460,170300,31250000,-1454,541300,51890,-2.93E+11,-28090000000,-2692000000,3.17E+17,2.539E+11,24330000000,2.793E+14,happy
58.95,0.2524,0.000424,211.5,0.002163,0.08196,0.03238,102.1,0.5088,0.2428,0.3244,0.1964,0.1872,0.1305,0.1126,0.1096,0.1113,0.139,51.51,1164,159700,27100000,585.2,328.5,38.01,356400000,37420000,3952000,5.802E+14,338500000,35740000,6.165E+11,28.43,0.1415,0.000213,1587,0.00216,0.08281,0.4875,56.44,-0.8212,0.6656,0.0642,0.03513,0.01673,0.03697,-0.005393,0.03248,0.03213,0.1466,38.07,1192,94000,21870000,-1509,542600,52000,-2.944E+11,-28210000000,-2704000000,3.19E+17,2.55E+11,24440000000,2.812E+14,happy
54.95,0.2376,0.000385,207.6,0.002335,0.08803,0.07326,93.39,0.4726,0.2286,0.2862,0.1787,0.1424,0.1138,0.08969,0.08925,0.09429,0.1485,47.79,1013,138500,23060000,511.5,293.5,46.91,319100000,40590000,4888000,5.204E+14,366900000,44180000,7.64E+11,25.25,0.1256,0.000249,1601,0.002568,0.09827,0.4791,49.74,-0.8481,0.6664,0.08382,0.07229,0.07983,0.05974,-0.01699,0.01896,0.03144,0.1656,35.18,1132,91160,19930000,-1488,543600,52120,-2.955E+11,-28330000000,-2716000000,3.21E+17,2.561E+11,24550000000,2.83E+14,happy
12.92,0.08058,0.000316,201.8,0.001925,0.07286,0.05065,28.33,0.07007,0.2332,0.3359,0.1969,0.1287,0.1263,0.1174,0.09774,0.09263,0.1299,15.58,1005,117700,22470000,248.8,298.8,42.71,325500000,38580000,4462000,5.318E+14,349900000,40430000,6.993E+11,12.44,0.0804,0.000216,1600,0.002263,0.08677,0.4657,30.98,-0.9632,0.6809,-0.03385,0.01386,0.007945,-0.004008,0.005302,0.03986,0.05433,0.1539,24.7,1097,111800,19920000,-1376,544600,52250,-2.966E+11,-28460000000,-2730000000,3.23E+17,2.572E+11,24680000000,2.852E+14,happy
12.92,0.08058,0.000316,201.8,0.001925,0.07286,0.05065,28.33,0.07007,0.2332,0.3359,0.1969,0.1287,0.1263,0.1174,0.09774,0.09263,0.1299,15.58,1005,117700,22470000,248.8,298.8,42.71,326100000,38660000,4473000,5.338E+14,350700000,40530000,7.025E+11,12.44,0.0804,0.000216,1600,0.002263,0.08677,0.4657,30.98,-0.9632,0.6809,-0.03385,0.01386,0.007945,-0.004008,0.005302,0.03986,0.05433,0.1539,24.7,1097,111800,19920000,-1376,545700,52370,-2.978E+11,-28580000000,-2742000000,3.25E+17,2.583E+11,24790000000,2.872E+14,happy
90.54,0.3887,0.000211,189.8,0.001918,0.07289,0.07666,159.2,0.7875,0.1817,0.3107,0.1984,0.2009,0.113,0.1083,0.1112,0.08714,0.1281,78.36,1178,139700,19690000,908,306.8,24.98,335500000,29360000,2620000,5.503E+14,266100000,23740000,4.123E+11,62.37,0.2909,0.000108,1576,0.001649,0.06344,0.5251,117.6,-0.5303,0.6889,0.08079,0.08694,0.1063,0.0828,-0.03261,0.008314,0.03199,0.1126,66.26,1293,32600,19690000,-1807,546700,52460,-2.989E+11,-28680000000,-2751000000,3.27E+17,2.592E+11,24870000000,2.886E+14,neutral
12.33,0.08115,0.000156,200.5,0.00145,0.05496,0.0507,27.57,0.06526,0.2499,0.3361,0.1975,0.114,0.1276,0.09867,0.08671,0.09742,0.09573,15.6,1038,141200,27490000,231.4,256.2,23.87,280700000,26280000,2506000,4.612E+14,237800000,22670000,3.948E+11,11.04,0.06887,8.00E-05,1566,0.001671,0.06404,0.4714,26.2,-0.9701,0.6283,0.09442,0.08707,0.04463,0.05599,-0.000161,0.0325,0.04167,0.1118,22.42,1066,119800,22150000,-1379,547700,52520,-3E+11,-28770000000,-2758000000,3.29E+17,2.6E+11,24930000000,2.897E+14,neutral
11.39,0.07308,0.000214,210.9,0.001842,0.06988,0.05678,24.32,0.06141,0.2429,0.296,0.1803,0.1402,0.1244,0.1119,0.1078,0.1095,0.1222,15.49,1177,150900,29650000,276.9,276.9,24.33,303800000,27560000,2558000,5E+14,249700000,23180000,4.035E+11,10.09,0.05924,0.000103,1559,0.001801,0.06893,0.5229,24.61,-0.9719,0.5833,0.04703,0.03131,0.06767,0.08644,0.0129,0.01352,0.03977,0.1196,25.23,1406,154000,28220000,-1395,548600,52590,-3.01E+11,-28850000000,-2765000000,3.30E+17,2.608E+11,25000000000,2.908E+14,neutral
12.4,0.07873,0.000215,207.7,0.001804,0.06819,0.02837,26.75,0.0661,0.2394,0.3223,0.1794,0.123,0.123,0.1008,0.1089,0.09974,0.1203,15.13,1053,138800,26950000,242.8,244.6,28.51,268900000,28410000,3002000,4.433E+14,256700000,27130000,4.742E+11,10.98,0.06478,0.000127,1583,0.001985,0.07613,0.4997,25.26,-0.9694,0.6027,0.03382,0.08133,0.07787,0.09206,0.003269,0.02158,0.05118,0.134,23.8,1155,119900,21390000,-1347,549500,52660,-3.02E+11,-28940000000,-2772000000,3.32E+17,2.615E+11,25060000000,2.92E+14,neutral
8.867,0.05259,0.000266,189.8,0.002026,0.07678,0.0539,19.75,0.04572,0.2034,0.2871,0.1812,0.1066,0.1191,0.1009,0.08169,0.0947,0.1381,11.97,974.7,136200,26550000,283.8,332.6,32.81,366200000,35440000,3460000,6.048E+14,320000000,31250000,5.474E+11,9.595,0.05581,0.000142,1580,0.00191,0.07312,0.5635,23.67,-0.9782,0.6191,0.06988,0.02444,0.08028,0.08794,0.01541,0.006685,0.03185,0.1281,23.17,1206,139000,25110000,-1408,550500,52750,-3.031E+11,-29040000000,-2782000000,3.34E+17,2.625E+11,25150000000,2.934E+14,neutral
9.799,0.06326,0.00027,200.6,0.001918,0.07209,0.03174,22.2,0.04902,0.4287,0.2866,0.2074,0.1605,0.1252,0.1318,0.1026,0.09665,0.1123,18.14,2020,242500,48140000,298.8,266.7,46.5,294200000,39550000,4915000,4.868E+14,358600000,44540000,7.793E+11,10.3,0.05722,0.000117,1634,0.00194,0.07372,0.5906,24.32,-0.9745,0.4996,0.1678,0.1386,0.0678,0.09417,0.05716,0.02094,0.02534,0.1119,23.62,1492,167900,31770000,-1561,551600,52870,-3.042E+11,-29160000000,-2794000000,3.36E+17,2.635E+11,25260000000,2.954E+14,sad
11.28,0.07224,0.000134,197.8,0.001403,0.05295,0.04741,25.16,0.06444,0.2573,0.3102,0.1688,0.1552,0.1436,0.09726,0.09915,0.08083,0.08651,14.99,1152,158300,30980000,245.9,300.7,45.32,332300000,40640000,4803000,5.508E+14,367700000,43440000,7.634E+11,10.06,0.05837,6.50E-05,1621,0.001594,0.06087,0.5105,24.03,-0.9727,0.584,0.1119,0.08657,0.04366,0.07911,0.005134,0.01239,0.03528,0.1009,23.7,1288,144100,26200000,-1475,552500,53000,-3.053E+11,-29280000000,-2808000000,3.37E+17,2.647E+11,25390000000,2.977E+14,sad
10.78,0.06994,0.000116,201.1,0.001266,0.04792,0.07545,22.27,0.06055,0.2812,0.3155,0.2141,0.1439,0.1199,0.09485,0.09708,0.09975,0.08219,14.43,1240,173500,34190000,262.8,325.3,41.3,360200000,39820000,4386000,5.983E+14,359500000,39600000,6.986E+11,9.822,0.06009,4.80E-05,1587,0.001295,0.04962,0.491,24.82,-0.9733,0.5562,0.08957,0.06709,0.05186,0.06395,0.008108,0.01532,0.03444,0.08667,25.57,1533,178600,32870000,-1503,553600,53110,-3.065E+11,-29400000000,-2820000000,3.39E+17,2.657E+11,25490000000,2.995E+14,sad
75.31,0.3222,0.00013,180.3,0.001383,0.05218,0.05924,131.1,0.6438,0.2118,0.2953,0.1673,0.1555,0.1262,0.1159,0.09091,0.0902,0.08561,65.25,927.3,134800,19590000,660.3,301.7,37.68,334700000,36630000,4009000,5.57E+14,331200000,36240000,6.399E+11,40.44,0.1908,6.00E-05,1596,0.00149,0.0569,0.5339,76.52,-0.7175,0.6539,0.06709,0.09403,0.1062,0.07689,-0.01801,0.02102,0.0667,0.09507,47.11,1114,57050,18280000,-1629,554700,53220,-3.077E+11,-29520000000,-2832000000,3.41E+17,2.668E+11,25600000000,3.014E+14,sad
11.28,0.07224,0.000134,197.8,0.001403,0.05295,0.04741,25.16,0.06444,0.2573,0.3102,0.1688,0.1552,0.1436,0.09726,0.09915,0.08083,0.08651,14.99,1152,158300,30980000,245.9,300.7,45.32,334200000,40890000,4833000,5.572E+14,369900000,43710000,7.732E+11,10.06,0.05837,6.50E-05,1621,0.001594,0.06087,0.5105,24.03,-0.9727,0.584,0.1119,0.08657,0.04366,0.07911,0.005134,0.01239,0.03528,0.1009,23.7,1288,144100,26200000,-1475,555800,53340,-3.089E+11,-29640000000,-2844000000,3.43E+17,2.679E+11,25710000000,3.034E+14,sad
77.03,0.3307,0.00227,223.5,0.004328,0.1629,0.08457,134.6,0.6689,0.1721,0.3654,0.2182,0.1731,0.1156,0.1186,0.09904,0.08015,0.2496,64.97,899.8,161700,24470000,783.6,261.4,38.48,291100000,34830000,4112000,4.862E+14,317700000,37430000,6.593E+11,44.64,0.2046,0.000997,1556,0.003251,0.1246,0.5819,86.26,-0.6862,0.6757,0.01238,0.1299,0.1161,0.08188,0.003832,0.01907,0.03985,0.2076,53.49,1395,87810,23810000,-1683,556700,53460,-3.099E+11,-29760000000,-2857000000,3.45E+17,2.69E+11,25830000000,3.055E+14,angry
10.96,0.061,0.001262,183.6,0.003446,0.1294,0.0852,22.21,0.05922,0.272,0.3223,0.1622,0.1164,0.08024,0.08105,0.07613,0.06615,0.1873,11.64,1129,180500,36530000,304.9,294.9,35.05,329000000,34540000,3752000,5.504E+14,314700000,34120000,6.026E+11,9.836,0.05386,0.000516,1552,0.002431,0.09299,0.617,25.34,-0.9746,0.5115,0.1454,0.06702,0.05517,0.08764,0.02709,0.04016,0.05149,0.1501,27.21,1765,219500,40470000,-1502,557700,53550,-3.11E+11,-29870000000,-2867000000,3.47E+17,2.699E+11,25920000000,3.071E+14,angry
9.316,0.05319,0.003091,187.9,0.004356,0.1639,0.1008,19.33,0.05028,0.2903,0.349,0.1543,0.1477,0.09422,0.09248,0.07879,0.08356,0.2478,10.19,1132,185300,37590000,318.9,323.3,35.23,361300000,35800000,3778000,6.057E+14,326700000,34400000,6.077E+11,8.828,0.04751,0.000976,1532,0.002944,0.1125,0.6275,22.77,-0.9795,0.4936,0.1183,0.08076,0.08714,0.1004,0.02672,0.02511,0.04506,0.1808,26.18,1766,223700,41490000,-1479,558800,53640,-3.122E+11,-29970000000,-2877000000,3.49E+17,2.709E+11,26000000000,3.086E+14,angry
84.96,0.3629,0.002253,191.5,0.00346,0.1302,0.05212,146,0.7373,0.193,0.3141,0.1587,0.1684,0.1041,0.1032,0.09452,0.0804,0.2056,71.24,852.8,161000,22820000,881.5,256,36.41,286600000,33820000,3910000,4.813E+14,307200000,35490000,6.3E+11,53.49,0.2411,0.000826,1561,0.002878,0.1103,0.5936,100.7,-0.6077,0.6396,0.004122,0.1323,0.132,0.09176,-0.01689,0.01669,0.05122,0.1884,61.9,1452,68320,21550000,-1716,559800,53720,-3.133E+11,-30070000000,-2885000000,3.51E+17,2.718E+11,26080000000,3.099E+14,angry
77.03,0.3307,0.00227,223.5,0.004328,0.1629,0.08457,134.6,0.6689,0.1721,0.3654,0.2182,0.1731,0.1156,0.1186,0.09904,0.08015,0.2496,64.97,899.8,161700,24470000,783.6,261.4,38.48,293200000,35070000,4141000,4.931E+14,319900000,37690000,6.684E+11,44.64,0.2046,0.000997,1556,0.003251,0.1246,0.5819,86.26,-0.6862,0.6757,0.01238,0.1299,0.1161,0.08188,0.003832,0.01907,0.03985,0.2076,53.49,1395,87810,23810000,-1683,560700,53830,-3.143E+11,-30180000000,-2897000000,3.53E+17,2.727E+11,26180000000,3.118E+14,angry
14.52,0.08341,0.000407,174,0.002035,0.07625,0.08966,29.46,0.07768,0.5572,0.3438,0.1616,0.1827,0.1244,0.1031,0.09179,0.09849,0.1052,19.81,2483,293100,58990000,309.8,284.9,41.78,320000000,38400000,4505000,5.391E+14,348500000,40840000,7.286E+11,12.89,0.06827,0.000173,1589,0.001728,0.06585,0.5671,32.29,-0.9587,0.3943,0.09537,0.248,0.05712,0.06651,0.05092,0.01675,0.02494,0.1,32.26,2310,250500,46910000,-1635,561600,53930,-3.154E+11,-30290000000,-2908000000,3.54E+17,2.737E+11,26280000000,3.136E+14,disgust
14.02,0.08314,0.000514,200.7,0.002828,0.1058,0.09369,28.84,0.0726,0.5483,0.3481,0.2459,0.2022,0.1255,0.1341,0.09679,0.09747,0.1455,18.51,2374,294200,58810000,339.5,324.6,41.98,365300000,40120000,4536000,6.166E+14,366200000,41290000,7.352E+11,12.72,0.06908,0.000244,1549,0.002223,0.08499,0.5666,32.36,-0.9589,0.3947,0.03899,0.1133,-0.03622,0.05895,0.04222,0.02718,0.04359,0.133,34.32,2430,264800,49410000,-1583,562700,54050,-3.166E+11,-30410000000,-2921000000,3.56E+17,2.748E+11,26400000000,3.157E+14,disgust
13.41,0.07766,0.000335,194.9,0.003148,0.1175,0.08127,28.33,0.06879,0.3077,0.3303,0.2036,0.1362,0.1021,0.08766,0.08452,0.09186,0.1432,14.76,1124,169900,34010000,241.5,316.4,38.75,356800000,38240000,4193000,6.034E+14,346600000,37970000,6.806E+11,10.72,0.06011,0.000213,1529,0.002385,0.09068,0.561,26.06,-0.9685,0.5418,0.06281,0.09584,0.07227,0.08383,0.03995,0.03228,0.02644,0.132,26.11,1513,179000,32940000,-1472,563800,54120,-3.178E+11,-30510000000,-2929000000,3.58E+17,2.758E+11,26470000000,3.17E+14,disgust
82.46,0.3511,0.000326,230.5,0.002691,0.1006,0.09534,146.6,0.7161,0.1906,0.3316,0.1799,0.1846,0.1083,0.1034,0.08887,0.08754,0.1322,70.22,870.5,139900,18750000,764,299,33.78,337800000,34370000,3662000,5.724E+14,313400000,33330000,5.954E+11,50.82,0.2343,0.000183,1543,0.002203,0.08364,0.544,99.18,-0.6287,0.6568,0.007344,0.1406,0.1005,0.08329,0.001034,0.02374,0.03797,0.1297,58.39,1334,61630,19950000,-1698,564800,54220,-3.19E+11,-30620000000,-2939000000,3.60E+17,2.768E+11,26570000000,3.187E+14,disgust
14.52,0.08341,0.000407,174,0.002035,0.07625,0.08966,29.46,0.07768,0.5572,0.3438,0.1616,0.1827,0.1244,0.1031,0.09179,0.09849,0.1052,19.81,2483,293100,58990000,309.8,284.9,41.78,322400000,38680000,4537000,5.473E+14,351100000,41130000,7.39E+11,12.89,0.06827,0.000173,1589,0.001728,0.06585,0.5671,32.29,-0.9587,0.3943,0.09537,0.248,0.05712,0.06651,0.05092,0.01675,0.02494,0.1,32.26,2310,250500,46910000,-1635,565800,54310,-3.202E+11,-30730000000,-2949000000,3.62E+17,2.777E+11,26650000000,3.203E+14,disgust
13.8,0.08146,0.000224,181.9,0.001487,0.05578,0.04831,28.95,0.07599,0.4698,0.2837,0.1629,0.1663,0.1089,0.1164,0.09493,0.1238,0.0911,17.76,2017,245900,49990000,350.9,248.5,30.25,281700000,30540000,3290000,4.79E+14,276400000,29770000,5.368E+11,12.25,0.07,0.00015,1556,0.001455,0.05613,0.5476,31.91,-0.9591,0.3938,0.01863,0.1434,0.02222,0.09425,0.02284,0.052,0.05724,0.09816,34.39,2418,255700,46330000,-1535,566800,54390,-3.212E+11,-30830000000,-2958000000,3.64E+17,2.786E+11,26740000000,3.218E+14,happy
15.05,0.08188,0.001747,206,0.002977,0.1127,0.02962,31.06,0.08427,0.5095,0.3769,0.205,0.1884,0.1367,0.1247,0.1072,0.1005,0.1933,17.3,2173,281500,56240000,386.3,257.6,40.37,292500000,36820000,4398000,4.981E+14,331300000,39620000,7.188E+11,13,0.06899,0.000634,1552,0.002396,0.09219,0.6083,32.76,-0.957,0.3957,0.06929,0.09426,-0.04014,0.04874,0.03877,0.04044,0.04875,0.1594,34.43,2482,280600,52270000,-1557,567600,54480,-3.222E+11,-30930000000,-2968000000,3.66E+17,2.795E+11,26830000000,3.234E+14,happy
12.3,0.06533,0.001198,212.3,0.003524,0.133,0.08862,25.74,0.06956,0.5521,0.369,0.1844,0.1932,0.11,0.1185,0.1091,0.1245,0.2094,17.3,2349,308500,60920000,345,287.6,47.49,327100000,42060000,5185000,5.579E+14,382400000,47050000,8.49E+11,10.6,0.0556,0.000541,1574,0.002564,0.09823,0.5647,26.61,-0.9689,0.3787,0.1694,0.09024,-0.03777,0.03937,0.05543,0.02948,0.01385,0.1581,30.07,2395,296600,57110000,-1610,568600,54600,-3.233E+11,-31050000000,-2981000000,3.68E+17,2.806E+11,26950000000,3.255E+14,happy
11.81,0.06726,0.001061,194,0.002805,0.1061,0.02722,25.13,0.0595,0.5959,0.3295,0.1875,0.1377,0.1155,0.1111,0.07091,0.1033,0.1763,15.92,2386,320100,64360000,371.4,305.6,32.48,348200000,34810000,3552000,5.95E+14,316200000,32250000,5.826E+11,10.82,0.05584,0.000362,1551,0.001663,0.06419,0.6817,29.05,-0.9667,0.2387,0.08414,0.1787,-0.01495,0.0728,0.04535,0.02177,0.01939,0.1119,35.32,2945,347000,65430000,-1627,569600,54680,-3.244E+11,-31150000000,-2990000000,3.70E+17,2.815E+11,27020000000,3.269E+14,happy
11.64,0.06644,0.001479,229.1,0.003072,0.1157,0.09479,25.55,0.06436,0.5148,0.3743,0.1669,0.1634,0.1446,0.1304,0.08883,0.09182,0.1848,15.19,2054,284700,57190000,342,253.4,35.69,289100000,33940000,3908000,4.949E+14,308200000,35440000,6.42E+11,11.14,0.057,0.000635,1584,0.002534,0.09742,0.5514,28.16,-0.9688,0.4231,0.02753,0.1544,0.05035,0.08916,0.0349,0.03754,0.05471,0.1603,30.04,2110,245400,45810000,-1513,570600,54770,-3.256E+11,-31250000000,-2999000000,3.72E+17,2.824E+11,27110000000,3.285E+14,happy
13.39,0.07422,0.000202,226.1,0.00165,0.06244,0.08741,27.26,0.0641,0.5787,0.3489,0.191,0.1484,0.1251,0.1242,0.09617,0.09865,0.1066,18.14,2401,302800,60280000,352.2,272.7,33.4,311700000,33700000,3664000,5.344E+14,305600000,33190000,6.028E+11,12.02,0.06484,0.000104,1576,0.001432,0.05501,0.5493,31.38,-0.9646,0.3872,0.06972,0.1524,-0.01656,0.00492,0.06615,0.08339,0.06437,0.09765,31.36,2269,263200,49650000,-1595,571500,54860,-3.266E+11,-31350000000,-3009000000,3.73E+17,2.833E+11,27200000000,3.301E+14,neutral
13.39,0.07807,0.000161,223.6,0.001715,0.06469,0.07189,28.15,0.06701,0.5075,0.3277,0.1899,0.1873,0.1361,0.1001,0.1088,0.1055,0.1003,18.69,2329,282400,56890000,359.9,281.3,32.79,322100000,33720000,3602000,5.532E+14,304900000,32550000,5.935E+11,11.94,0.06941,9.40E-05,1557,0.001455,0.05575,0.5359,31.82,-0.9613,0.3713,0.0801,0.1626,-0.02081,-0.003559,-0.00297,0.001757,0.0307,0.0939,34.74,2604,284200,52520000,-1556,572400,54930,-3.277E+11,-31450000000,-3017000000,3.75E+17,2.842E+11,27270000000,3.315E+14,neutral
13.12,0.07046,0.000187,206,0.001632,0.06146,0.04389,28.69,0.0653,0.5405,0.2869,0.1895,0.1361,0.1291,0.1194,0.1045,0.1018,0.09323,17.85,2278,286300,58060000,356.4,278.5,33.51,319400000,34160000,3685000,5.495E+14,308800000,33310000,6.08E+11,11.36,0.05942,9.30E-05,1591,0.001424,0.05454,0.5348,30.63,-0.9654,0.3446,0.08049,0.2025,0.04165,0.06838,0.04821,0.05195,0.06896,0.0901,32.79,2532,289100,53550000,-1589,573400,55010,-3.288E+11,-31540000000,-3025000000,3.77E+17,2.85E+11,27340000000,3.328E+14,neutral
13.97,0.07812,0.000231,230.2,0.001676,0.06298,0.06269,29.4,0.07053,0.4308,0.3021,0.1583,0.1821,0.1257,0.1043,0.1143,0.123,0.09536,18.82,1974,253600,50410000,317.7,244.4,32.72,280800000,31950000,3605000,4.837E+14,289700000,32660000,5.957E+11,12.09,0.0668,0.000124,1577,0.001586,0.06065,0.5423,30.07,-0.9627,0.4545,0.1218,0.1389,0.007554,0.0324,0.01715,0.05513,0.03892,0.09892,30.05,1987,224500,41450000,-1535,574300,55090,-3.298E+11,-31640000000,-3035000000,3.79E+17,2.86E+11,27430000000,3.344E+14,neutral
14.94,0.09465,0.000342,234,0.001907,0.07165,0.04522,29.17,0.08116,0.5003,0.3322,0.2917,0.1873,0.1402,0.1255,0.1035,0.1104,0.1141,21.07,2345,267700,53550000,351.7,258.7,31.24,297600000,31660000,3446000,5.135E+14,287800000,31280000,5.703E+11,12.48,0.06652,0.000166,1577,0.001629,0.06226,0.5757,31.55,-0.9566,0.3909,0.002979,0.09348,-0.008236,0.05742,0.02622,0.0447,0.08737,0.1033,34.23,2363,236000,45100000,-1546,575200,55180,-3.308E+11,-31740000000,-3044000000,3.81E+17,2.868E+11,27520000000,3.359E+14,neutral
14.1,0.09101,6.00E-05,186.4,0.000985,0.03715,0.09021,30.72,0.06971,0.6142,0.3003,0.1668,0.1567,0.1038,0.1105,0.06799,0.08904,0.0574,20.61,2738,323200,64720000,345.9,323,29.34,372200000,34140000,3241000,6.434E+14,308500000,29280000,5.369E+11,11.45,0.06062,3.10E-05,1560,0.000761,0.02911,0.5561,31.99,-0.9595,0.1745,0.1287,0.1926,-0.03114,0.009511,0.04252,0.001994,0.000367,0.04724,37.75,3228,355500,67940000,-1711,576200,55230,-3.32E+11,-31830000000,-3050000000,3.83E+17,2.876E+11,27570000000,3.369E+14,sad
13.23,0.07673,5.90E-05,201.2,0.001195,0.04478,0.08862,28.4,0.06525,0.5335,0.3321,0.1856,0.1701,0.1309,0.08077,0.1022,0.09983,0.06219,19.18,2380,287800,57730000,303.2,256.4,34.81,295900000,33800000,3849000,5.124E+14,306600000,34880000,6.386E+11,11.37,0.06286,3.50E-05,1586,0.001062,0.04034,0.5556,28.81,-0.9628,0.3559,0.03175,0.1755,0.01335,0.005643,0.0467,0.01258,0.04433,0.0618,32.59,2405,260800,48890000,-1639,577200,55320,-3.331E+11,-31930000000,-3059000000,3.85E+17,2.885E+11,27650000000,3.384E+14,sad
17.88,0.09397,8.40E-05,176.3,0.001101,0.04122,0.04217,36.65,0.09192,0.4935,0.2949,0.229,0.1771,0.1299,0.1433,0.09753,0.1048,0.06136,20.83,2228,269500,54260000,291.1,259,28.64,299500000,30380000,3173000,5.194E+14,275600000,28750000,5.271E+11,13.85,0.07146,5.20E-05,1585,0.001074,0.04104,0.5503,34.64,-0.9491,0.4085,0.0316,0.1285,-0.00592,0.0589,0.04415,0.03451,0.04822,0.06698,34.17,2294,243500,45200000,-1596,578100,55390,-3.342E+11,-32020000000,-3068000000,3.86E+17,2.894E+11,27730000000,3.399E+14,sad
18.02,0.09584,6.90E-05,160.1,0.00095,0.03562,0.09798,37.3,0.0929,0.4884,0.3181,0.1608,0.1524,0.1407,0.09486,0.1028,0.09809,0.05471,21.44,2160,256400,51330000,273.8,282.5,28.95,327100000,31830000,3210000,5.682E+14,288200000,29040000,5.339E+11,12.83,0.06629,3.40E-05,1575,0.000934,0.03576,0.4771,31.43,-0.9514,0.346,0.002658,0.1448,0.04189,0.06411,0.03165,0.05845,0.05791,0.05652,34.34,2419,252600,47020000,-1626,579000,55460,-3.353E+11,-32110000000,-3075000000,3.88E+17,2.902E+11,27800000000,3.41E+14,sad
13.23,0.07673,5.90E-05,201.2,0.001195,0.04478,0.08862,28.4,0.06525,0.5335,0.3321,0.1856,0.1701,0.1309,0.08077,0.1022,0.09983,0.06219,19.18,2380,287800,57730000,303.2,256.4,34.81,297300000,33950000,3865000,5.173E+14,307900000,35020000,6.438E+11,11.37,0.06286,3.50E-05,1586,0.001062,0.04034,0.5556,28.81,-0.9628,0.3559,0.03175,0.1755,0.01335,0.005643,0.0467,0.01258,0.04433,0.0618,32.59,2405,260800,48890000,-1639,579900,55540,-3.363E+11,-32210000000,-3084000000,3.90E+17,2.911E+11,27870000000,3.425E+14,sad
60.38,0.2607,0.001199,185.2,0.004268,0.1598,0.06049,106.9,0.507,0.2598,0.315,0.152,0.1426,0.1164,0.1065,0.08958,0.07396,0.2139,52.04,1126,169800,28800000,566.7,236,44.79,274100000,38680000,4984000,4.776E+14,353300000,45380000,8.318E+11,26.71,0.1264,0.000583,1600,0.003428,0.13,0.6124,54.85,-0.8326,0.5888,0.08886,0.08277,0.1182,0.1127,0.03044,-0.005015,0.01024,0.1885,37.09,1299,110500,25340000,-1519,580800,55650,-3.373E+11,-32320000000,-3096000000,3.92E+17,2.921E+11,27990000000,3.446E+14,angry
6.848,0.04734,0.001102,227.9,0.00456,0.1713,0.07332,15.05,0.03398,0.261,0.3152,0.1554,0.1142,0.09587,0.09533,0.09146,0.06818,0.2397,9.915,1041,156700,31160000,249.6,196.7,48.23,228800000,38720000,5379000,3.992E+14,353600000,48950000,8.996E+11,8.642,0.04875,0.000703,1595,0.00419,0.1587,0.5269,19.97,-0.983,0.5868,0.121,0.08201,0.1043,0.1061,0.03764,0.00046,0.008661,0.2374,21.46,1188,144100,26180000,-1415,581600,55770,-3.382E+11,-32430000000,-3110000000,3.93E+17,2.931E+11,28110000000,3.469E+14,angry
52.32,0.2272,0.000628,249.6,0.004411,0.1653,0.02498,96.1,0.4515,0.2105,0.27,0.1525,0.1238,0.08331,0.07344,0.08201,0.07018,0.2181,45.82,956.8,139700,24690000,452.1,199.8,44.84,232600000,36960000,5011000,4.063E+14,338300000,45690000,8.402E+11,22.19,0.1081,0.000446,1588,0.003994,0.1511,0.5922,45.74,-0.867,0.6361,0.1596,0.07213,0.1102,0.09669,0.03861,0.008159,0.01849,0.2155,30.79,959.7,84240,18480000,-1468,582200,55900,-3.39E+11,-32550000000,-3125000000,3.95E+17,2.942E+11,28240000000,3.493E+14,angry
7.797,0.04569,0.000911,209.5,0.004513,0.1691,0.08004,16.39,0.03761,0.239,0.2879,0.1465,0.1026,0.07029,0.06832,0.06909,0.06766,0.2268,10.35,1018,149500,29740000,266.1,204.3,45.16,238200000,37310000,5059000,4.166E+14,342600000,46220000,8.502E+11,8.443,0.04739,0.000575,1617,0.004397,0.1664,0.5351,19.51,-0.9841,0.5944,0.1572,0.07046,0.1103,0.09766,0.04273,0.01231,0.01626,0.2386,19.56,992.2,119100,21700000,-1348,582900,56040,-3.398E+11,-32670000000,-3140000000,3.96E+17,2.952E+11,28380000000,3.519E+14,angry
53.55,0.237,0.001405,227.7,0.004754,0.178,0.08236,98.7,0.4604,0.24,0.2656,0.1225,0.1195,0.08493,0.09484,0.0836,0.08394,0.2384,46.82,1106,148500,27240000,479.4,212.5,46.06,248100000,38410000,5173000,4.344E+14,351900000,47180000,8.713E+11,22.63,0.1097,0.000758,1612,0.004258,0.1611,0.5621,46.51,-0.8674,0.6395,0.1903,0.09448,0.1288,0.1109,0.02989,0.002034,0.02325,0.2312,31.15,1055,95760,21810000,-1486,583700,56170,-3.407E+11,-32780000000,-3154000000,3.98E+17,2.963E+11,28510000000,3.543E+14,angry
20.54,0.1204,0.000192,171.8,0.001515,0.05678,0.08429,49.04,0.1187,0.2732,0.4083,0.2883,0.2782,0.1739,0.1554,0.1547,0.1101,0.07731,19.13,1286,155800,30440000,276.4,303,28.31,354200000,32370000,3185000,6.211E+14,296700000,29150000,5.374E+11,18.2,0.1095,7.40E-05,1581,0.001149,0.04359,0.6149,46.33,-0.9221,0.612,-0.07881,-0.001264,-0.02055,0.06144,0.07921,0.01595,-0.01985,0.0637,30.25,1654,162800,30740000,-1580,584600,56270,-3.417E+11,-32890000000,-3166000000,4.00E+17,2.973E+11,28620000000,3.562E+14,disgust
9.033,0.05497,0.000191,182.7,0.001438,0.05397,0.04671,19.5,0.04605,0.3223,0.3021,0.1631,0.14,0.08331,0.1082,0.09705,0.09899,0.07731,12.2,1308,187100,36840000,240.6,270.6,35.31,316900000,35190000,3978000,5.566E+14,320300000,36130000,6.721E+11,8.46,0.04779,8.90E-05,1537,0.001135,0.0432,0.6192,22.18,-0.9794,0.5154,0.1156,0.01911,0.06097,0.08572,0.01396,-0.01395,0.0102,0.06742,23.74,1500,187700,35380000,-1545,585500,56340,-3.429E+11,-32990000000,-3173000000,4.02E+17,2.981E+11,28690000000,3.575E+14,disgust
8.161,0.04895,9.10E-05,210.1,0.001643,0.06175,0.07401,18.14,0.04183,0.2923,0.285,0.1518,0.1012,0.08081,0.08131,0.09647,0.09315,0.08844,13.22,1373,192400,37170000,298.4,275.5,22.02,323200000,27910000,2484000,5.686E+14,253200000,22520000,4.201E+11,7.205,0.04364,5.70E-05,1571,0.00158,0.05974,0.5293,19.01,-0.9833,0.4974,0.1977,0.05484,0.04896,0.06746,0.02074,0.005416,0.01144,0.08708,20.02,1266,164300,31190000,-1427,586500,56400,-3.44E+11,-33080000000,-3180000000,4.04E+17,2.99E+11,28750000000,3.587E+14,disgust
7.713,0.05351,9.90E-05,174.1,0.001919,0.07205,0.02981,17.98,0.04012,0.2463,0.2881,0.17,0.1293,0.1064,0.1146,0.08902,0.08676,0.1038,12.19,1194,168600,33000000,283.5,279.9,41.24,328900000,39720000,4658000,5.796E+14,359900000,42180000,7.89E+11,8.187,0.04946,6.40E-05,1579,0.001756,0.06671,0.5522,20.88,-0.9815,0.5699,0.1473,0.0247,0.04381,0.05891,-0.008491,-0.0296,0.02422,0.1026,21.75,1239,149200,27660000,-1437,587500,56480,-3.451E+11,-33180000000,-3190000000,4.06E+17,2.999E+11,28830000000,3.603E+14,disgust
47.3,0.2036,0.000153,224,0.001615,0.06066,0.05954,86.29,0.4041,0.269,0.3172,0.1699,0.1321,0.0905,0.09484,0.09041,0.1009,0.09337,41.68,1186,163300,29420000,398,257.5,32.21,303000000,32900000,3645000,5.348E+14,300100000,33190000,6.187E+11,18.85,0.09486,6.80E-05,1592,0.001558,0.05929,0.5639,40.06,-0.8912,0.5822,0.1068,0.07143,0.09825,0.06541,0.006601,0.01027,0.04118,0.08981,29.28,1152,115600,24370000,-1499,588400,56590,-3.462E+11,-33300000000,-3202000000,4.07E+17,3.01E+11,28950000000,3.625E+14,disgust
4.324,0.03763,0.000241,232.7,0.001898,0.0714,0.04186,12.01,0.01808,0.2533,0.2947,0.1435,0.1119,0.09265,0.0819,0.09805,0.1111,0.1082,8.454,895.8,133500,26770000,193.6,255.6,53.63,301200000,45860000,6082000,5.325E+14,418100000,55300000,1.035E+12,8.204,0.04809,0.000131,1635,0.002062,0.07833,0.5557,19.15,-0.9867,0.6335,0.07773,0.06958,0.08941,0.07308,0.03411,0.01514,0.03181,0.1231,20.29,1009,116100,20500000,-1481,589300,56720,-3.472E+11,-33420000000,-3216000000,4.09E+17,3.021E+11,29070000000,3.648E+14,happy
80.59,0.3419,0.000209,247.6,0.001723,0.06485,0.06698,142.6,0.6995,0.1409,0.2531,0.1329,0.166,0.1084,0.08937,0.09145,0.1053,0.1103,69.52,650.8,94460,9703000,695.5,264.2,60.13,311900000,50460000,6838000,5.522E+14,455200000,61720000,1.166E+12,44.83,0.2054,0.000157,1671,0.002251,0.08578,0.4304,84.85,-0.6762,0.7106,0.1094,0.1214,0.1177,0.05787,-0.01872,-0.03595,-0.002343,0.1414,49.87,921.9,26930,12730000,-1696,590200,56870,-3.483E+11,-33560000000,-3234000000,4.11E+17,3.033E+11,29230000000,3.678E+14,happy
94.68,0.4021,0.000147,205.4,0.001594,0.06008,0.09533,165.6,0.8186,0.1442,0.2447,0.1197,0.1596,0.09214,0.09997,0.08264,0.08191,0.09625,81.08,669.4,122200,10060000,903.1,314.1,49.03,371300000,46690000,5592000,6.585E+14,423300000,50660000,9.566E+11,62.39,0.278,8.90E-05,1586,0.001711,0.06507,0.4743,114.8,-0.5151,0.6902,0.1019,0.09855,0.1384,0.08813,-0.01364,-0.02289,0.006688,0.1041,66.26,1199,31500,18510000,-1838,591200,57030,-3.495E+11,-33720000000,-3252000000,4.13E+17,3.047E+11,29400000000,3.709E+14,happy
103.4,0.4404,0.000124,232.9,0.001382,0.05203,0.08739,181.5,0.8977,0.1378,0.2298,0.1115,0.17,0.1067,0.1066,0.0863,0.09305,0.08185,88.25,717.1,135300,9477000,995.6,337.1,47.56,399400000,47290000,5436000,7.096E+14,428000000,49190000,9.321E+11,85.4,0.3773,6.50E-05,1593,0.001344,0.05107,0.4671,157.8,-0.3216,0.6941,0.1344,0.1248,0.1694,0.1067,-0.01212,-0.03436,-0.01105,0.08071,85.93,1386,9703,20430000,-2130,592300,57160,-3.508E+11,-33850000000,-3267000000,4.16E+17,3.06E+11,29530000000,3.734E+14,happy
94.68,0.4021,0.000147,205.4,0.001594,0.06008,0.09533,165.6,0.8186,0.1442,0.2447,0.1197,0.1596,0.09214,0.09997,0.08264,0.08191,0.09625,81.08,669.4,122200,10060000,903.1,314.1,49.03,372700000,46880000,5618000,6.636E+14,425000000,50890000,9.654E+11,62.39,0.278,8.90E-05,1586,0.001711,0.06507,0.4743,114.8,-0.5151,0.6902,0.1019,0.09855,0.1384,0.08813,-0.01364,-0.02289,0.006688,0.1041,66.26,1199,31500,18510000,-1838,593400,57300,-3.521E+11,-34000000000,-3282000000,4.18E+17,3.073E+11,29670000000,3.761E+14,happy
94.44,0.4012,9.70E-05,231,0.001527,0.05725,0.05852,165.5,0.8179,0.1574,0.2376,0.1121,0.1438,0.1017,0.1205,0.09646,0.09406,0.08209,81.58,775,123200,10980000,923.1,241.8,30.16,287400000,31680000,3462000,5.125E+14,286300000,31290000,5.96E+11,64.49,0.2908,6.10E-05,1581,0.001568,0.05978,0.5679,118.9,-0.5007,0.6945,0.1306,0.1535,0.1771,0.09651,-0.06288,-0.07338,-0.01473,0.0947,67.03,1190,25360,17920000,-1781,594400,57400,-3.533E+11,-34120000000,-3294000000,4.20E+17,3.084E+11,29780000000,3.782E+14,neutral
93.31,0.3961,9.90E-05,223.3,0.001374,0.05155,0.03665,165,0.809,0.1436,0.2459,0.09878,0.1521,0.1127,0.1148,0.1022,0.09699,0.081,80.44,821.8,118200,10790000,934.2,252.9,28.26,301000000,31210000,3249000,5.376E+14,282300000,29390000,5.602E+11,64.14,0.29,6.60E-05,1559,0.001596,0.0611,0.4886,121.8,-0.5067,0.6828,0.09699,0.1496,0.187,0.1141,-0.04329,-0.07068,-0.00883,0.1007,67.34,1214,23330,17060000,-1749,595200,57490,-3.543E+11,-34220000000,-3305000000,4.22E+17,3.093E+11,29870000000,3.799E+14,neutral
96.29,0.4097,7.20E-05,229.4,0.001401,0.05266,0.03574,169.3,0.8328,0.1502,0.2175,0.09188,0.1687,0.08962,0.1146,0.1057,0.09411,0.07984,82.94,724.2,124600,10240000,962.8,255.7,29.43,304900000,32130000,3388000,5.453E+14,290000000,30590000,5.851E+11,67.91,0.303,5.00E-05,1554,0.001474,0.0563,0.5043,125,-0.4703,0.6623,0.1171,0.1609,0.1945,0.1363,-0.03281,-0.06,-0.00304,0.09044,70.44,1247,24700,18550000,-1828,596100,57580,-3.554E+11,-34320000000,-3314000000,4.24E+17,3.102E+11,29960000000,3.816E+14,neutral
89.67,0.3819,0.0001,219.9,0.001342,0.05032,0.02296,157.1,0.7761,0.153,0.2218,0.1071,0.1521,0.08808,0.1094,0.09185,0.08711,0.07392,77.11,713.6,120900,10760000,830.9,226,27.73,269900000,29380000,3198000,4.833E+14,266500000,28990000,5.531E+11,55.77,0.2512,6.30E-05,1571,0.001447,0.05514,0.5263,104,-0.5726,0.6544,0.1266,0.1398,0.175,0.113,-0.03003,-0.06471,-0.01145,0.08777,60.23,1191,42460,18670000,-1697,597000,57660,-3.564E+11,-34420000000,-3324000000,4.26E+17,3.111E+11,30050000000,3.834E+14,neutral
94.26,0.4004,0.000104,246.6,0.001477,0.05526,0.02793,164.1,0.816,0.164,0.2369,0.1086,0.1364,0.0989,0.1156,0.09849,0.09257,0.08076,81.27,802.1,123400,11870000,925.1,249.6,32.15,298400000,33420000,3712000,5.351E+14,302400000,33580000,6.43E+11,64.25,0.2881,7.40E-05,1543,0.001637,0.06234,0.5011,117.8,-0.503,0.665,0.1211,0.1288,0.1897,0.1231,-0.04719,-0.06442,-0.01755,0.09835,66.99,1192,21610,17450000,-1763,597800,57750,-3.573E+11,-34520000000,-3334000000,4.27E+17,3.12E+11,30140000000,3.851E+14,neutral
98.37,0.417,4.40E-05,195,0.000854,0.03187,0.05292,171,0.8497,0.1563,0.2852,0.1421,0.146,0.1113,0.1164,0.09023,0.07584,0.04354,84.01,698.6,129600,9313000,928.1,299.8,29.33,359000000,34180000,3392000,6.448E+14,310200000,30750000,5.884E+11,71.34,0.3209,2.70E-05,1526,0.000793,0.03025,0.5323,132.1,-0.4399,0.6575,0.07507,0.1229,0.1995,0.1095,-0.03197,-0.0511,0.001044,0.04769,74.24,1315,26660,20380000,-1959,598700,57840,-3.585E+11,-34630000000,-3345000000,4.29E+17,3.13E+11,30230000000,3.869E+14,sad
94.85,0.4052,4.80E-05,182,0.000942,0.03498,0.08351,169.1,0.8108,0.1733,0.2475,0.1138,0.1532,0.1028,0.1384,0.1116,0.08648,0.04417,80.41,792.6,147600,12950000,881.8,283.4,17.67,340000000,26280000,2046000,6.117E+14,240000000,18710000,3.553E+11,61.91,0.2764,2.80E-05,1528,0.000847,0.03199,0.6103,117.1,-0.5206,0.5908,0.05696,0.1333,0.2196,0.1569,0.01046,-0.05665,-0.03401,0.04735,66.78,1444,52700,23650000,-1851,599700,57900,-3.597E+11,-34730000000,-3352000000,4.31E+17,3.138E+11,30300000000,3.881E+14,sad
94.08,0.4032,6.10E-05,194.3,0.000803,0.03001,0.05744,163.5,0.8062,0.1905,0.2528,0.147,0.1742,0.1125,0.1294,0.09788,0.08074,0.04116,80.52,758.8,139300,12640000,892.1,290,17.8,348400000,26340000,2062000,6.279E+14,240100000,18810000,3.584E+11,61.94,0.2763,3.40E-05,1518,0.000822,0.03125,0.5222,114.2,-0.5198,0.5938,0.1052,0.1326,0.1817,0.1141,-0.02964,-0.04237,-0.007037,0.04735,66.14,1340,49630,22480000,-1851,600700,57950,-3.609E+11,-34810000000,-3358000000,4.34E+17,3.146E+11,30350000000,3.892E+14,sad
98.69,0.4207,6.90E-05,195.7,0.000912,0.03423,0.03586,174.3,0.8503,0.1762,0.2379,0.1208,0.1605,0.1108,0.1234,0.09737,0.08441,0.0507,84.16,816,152400,14520000,930.4,294.6,26.67,354600000,32590000,3094000,6.401E+14,296000000,28090000,5.383E+11,71.4,0.317,3.80E-05,1537,0.000802,0.03072,0.5513,132.4,-0.4374,0.6262,0.1283,0.1242,0.1986,0.1337,-0.02849,-0.06532,-0.01073,0.04904,74.61,1433,45990,23850000,-1979,601700,58010,-3.621E+11,-34910000000,-3365000000,4.36E+17,3.155E+11,30410000000,3.903E+14,sad
98.7,0.4235,8.30E-05,171.5,0.001211,0.04514,0.06298,174.6,0.8516,0.1554,0.2771,0.1368,0.187,0.1077,0.1339,0.1023,0.08465,0.05676,83.59,933.4,141000,12120000,938.6,274.4,24.36,330700000,30230000,2829000,5.98E+14,275800000,25810000,4.927E+11,73.75,0.3309,4.30E-05,1524,0.000886,0.03375,0.6517,138.3,-0.4298,0.6279,0.05068,0.1478,0.2079,0.1487,-0.01439,-0.06557,-0.01787,0.05226,77.58,1534,35770,22910000,-1976,602700,58070,-3.633E+11,-35000000000,-3372000000,4.38E+17,3.164E+11,30480000000,3.916E+14,sad
11.32,0.06855,0.000781,251.2,0.003186,0.1188,0.08368,23.72,0.06003,0.4104,0.2698,0.125,0.1595,0.1178,0.1012,0.1053,0.1142,0.1564,18.46,1739,214500,42290000,266.6,243.6,37.03,294100000,35880000,4306000,5.325E+14,327900000,39240000,7.512E+11,11.19,0.05812,0.000367,1608,0.0027,0.1026,0.5863,28.3,-0.9707,0.4918,0.2088,0.1347,0.01409,0.08219,0.02632,0.01156,0.009331,0.1513,27.44,1825,211900,39390000,-1526,603600,58170,-3.643E+11,-35110000000,-3383000000,4.40E+17,3.173E+11,30580000000,3.935E+14,angry
9.982,0.06983,0.000544,230.7,0.003917,0.1468,0.09869,22.92,0.05029,0.2591,0.3176,0.2215,0.1723,0.1255,0.1197,0.1021,0.1167,0.1963,16.88,1471,180000,35030000,325.6,281.3,40.42,340100000,40130000,4708000,6.167E+14,365700000,42820000,8.227E+11,14.47,0.08398,0.000285,1626,0.003019,0.1147,0.5594,36.4,-0.9626,0.681,0.1416,0.02906,-0.001343,0.007834,-0.05254,-0.02415,-0.01268,0.1734,29.63,1639,181200,33030000,-1527,604500,58260,-3.654E+11,-35220000000,-3394000000,4.42E+17,3.183E+11,30680000000,3.955E+14,angry
9.53,0.07473,0.000644,265.5,0.003637,0.1372,0.08592,19.76,0.05606,0.3731,0.2622,0.1771,0.1435,0.1045,0.09433,0.08469,0.1012,0.21,16.13,1685,202200,39530000,338.4,250.3,26.61,303100000,30000000,3104000,5.506E+14,273800000,28290000,5.433E+11,10.84,0.06146,0.000363,1594,0.002913,0.1112,0.5904,27.51,-0.9713,0.5243,0.1292,0.07005,-0.006314,0.04339,-0.003252,0.02929,0.01967,0.1854,28.53,1841,205600,37620000,-1410,605400,58350,-3.666E+11,-35330000000,-3404000000,4.44E+17,3.193E+11,30770000000,3.973E+14,angry
6.965,0.04765,0.000744,248.9,0.004419,0.1655,0.07812,16.32,0.03173,0.4201,0.2748,0.21,0.1652,0.1241,0.1015,0.111,0.09856,0.2193,15.29,1851,232000,45610000,326.2,287.9,32.75,349100000,35620000,3826000,6.35E+14,325100000,34850000,6.704E+11,9.818,0.05469,0.000395,1584,0.003156,0.1196,0.5735,26.04,-0.9769,0.4813,0.1914,0.07875,-0.04333,0.03775,-0.008423,0.01435,0.02243,0.1785,27.52,1958,233000,43160000,-1473,606400,58420,-3.677E+11,-35420000000,-3413000000,4.46E+17,3.202E+11,30850000000,3.987E+14,angry
11.03,0.07057,0.000935,248.3,0.004478,0.168,0.07925,22.09,0.05226,0.4663,0.2131,0.1687,0.1507,0.1381,0.1312,0.1053,0.1062,0.2198,17.9,1997,220900,43580000,349.7,299.4,38.72,363700000,40400000,4529000,6.627E+14,367100000,41100000,7.946E+11,11.07,0.05781,0.000451,1593,0.003209,0.1219,0.5731,28.23,-0.9704,0.4631,0.1848,0.1027,-0.01353,0.04568,-0.01346,0.0149,-0.003625,0.1781,30.2,2158,240700,44550000,-1519,607400,58500,-3.689E+11,-35530000000,-3422000000,4.48E+17,3.212E+11,30930000000,4.003E+14,angry
14.96,0.1171,0.000115,209.3,0.001324,0.04968,0.08165,27.63,0.09384,0.2776,0.2653,0.3234,0.2577,0.2002,0.1304,0.125,0.1335,0.07115,20.22,1399,162800,31420000,248.8,294.5,20.59,358400000,29380000,2411000,6.541E+14,267200000,21940000,4.235E+11,15.4,0.1008,6.30E-05,1537,0.001081,0.04129,0.5396,37.29,-0.9495,0.5973,0.1272,0.000537,-0.09499,0.1018,0.000356,0.007363,-0.01954,0.0657,32.21,1952,211000,39810000,-1623,608400,58570,-3.702E+11,-35630000000,-3429000000,4.50E+17,3.221E+11,31000000000,4.017E+14,disgust
68.77,0.2972,0.000109,242.2,0.001377,0.0519,0.1047,121.8,0.5961,0.3483,0.2544,0.1988,0.1981,0.1592,0.1159,0.1182,0.1092,0.08219,59.04,1508,208900,34580000,633.4,306.8,36.86,373900000,40080000,4322000,6.837E+14,364500000,39270000,7.602E+11,36.84,0.1777,6.20E-05,1558,0.001093,0.0418,0.5369,73.33,-0.7498,0.57,0.1328,0.07561,0.01073,0.06805,-0.01556,0.005909,-0.009852,0.06992,48.24,1729,144100,33430000,-1792,609500,58640,-3.714E+11,-35740000000,-3438000000,4.53E+17,3.23E+11,31080000000,4.032E+14,disgust
78.69,0.3359,0.000143,233.8,0.001285,0.04819,0.1296,135.2,0.683,0.2582,0.2704,0.1831,0.2375,0.1453,0.1066,0.1255,0.09539,0.07114,66.47,1284,199500,30260000,728.3,313.6,36.12,382900000,39880000,4242000,7.012E+14,362900000,38570000,7.475E+11,46.29,0.2152,7.60E-05,1545,0.001084,0.04141,0.523,88.19,-0.6704,0.6255,0.1415,0.115,0.04317,0.05175,-0.04463,-0.02751,-0.003755,0.06506,56.38,1694,121400,30760000,-1880,610500,58750,-3.727E+11,-35870000000,-3451000000,4.55E+17,3.242E+11,31190000000,4.054E+14,disgust
10.29,0.06341,0.000131,210.1,0.001603,0.0603,0.07733,23.07,0.05765,0.4769,0.265,0.2546,0.1285,0.1284,0.1037,0.1163,0.09256,0.09048,17.92,2020,254400,50200000,325.1,348.7,30.78,426600000,38350000,3621000,7.827E+14,349400000,32980000,6.389E+11,10.9,0.05914,7.40E-05,1551,0.001178,0.04497,0.5787,30.58,-0.9673,0.3485,0.2058,0.1089,-0.01124,0.0921,0.01879,-0.02952,-0.03204,0.0732,33.02,2588,302500,56500000,-1668,611700,58830,-3.741E+11,-35990000000,-3461000000,4.58E+17,3.253E+11,31290000000,4.072E+14,disgust
14.37,0.08862,9.70E-05,262.8,0.001396,0.05241,0.08182,29.68,0.07515,0.3618,0.2574,0.2037,0.1162,0.1375,0.1004,0.1282,0.09635,0.08052,19.83,1610,198100,38680000,278.1,308.2,28.69,377700000,34750000,3379000,6.944E+14,316400000,30740000,5.97E+11,13.48,0.07822,6.00E-05,1544,0.001284,0.04915,0.5047,33.33,-0.958,0.5419,0.1501,0.06374,-0.007488,0.06189,-0.02871,-0.01907,-0.02836,0.0829,30.63,1848,204500,37720000,-1552,612800,58910,-3.755E+11,-36100000000,-3470000000,4.60E+17,3.263E+11,31370000000,4.088E+14,disgust
16.05,0.09526,9.30E-05,234.2,0.001574,0.0586,0.05175,28.71,0.1144,0.3616,0.2356,0.1707,0.1687,0.1245,0.09234,0.1065,0.08655,0.07792,22.76,1768,194000,37940000,253.4,246,30.65,301900000,32870000,3615000,5.56E+14,298300000,32770000,6.394E+11,11.36,0.06404,6.80E-05,1557,0.001418,0.05411,0.5625,25.57,-0.9573,0.4349,0.1437,0.09199,-0.03453,0.03203,-0.000499,0.03501,0.01719,0.07922,28.91,1889,198500,38150000,-1515,613800,58980,-3.767E+11,-36200000000,-3478000000,4.62E+17,3.272E+11,31440000000,4.102E+14,happy
11.19,0.07334,7.80E-05,194.4,0.001154,0.04311,0.05372,24.78,0.05471,0.4252,0.2265,0.2058,0.1629,0.1537,0.1427,0.1294,0.09854,0.05841,21.17,2064,240300,46980000,304.4,279.5,16.75,343600000,26190000,1977000,6.336E+14,237400000,17900000,3.501E+11,9.669,0.05729,4.10E-05,1543,0.001044,0.03961,0.5159,26.96,-0.9699,0.3837,0.2208,0.0762,-0.004615,0.03122,-0.03253,-0.002212,0.01416,0.05631,29,2204,255600,48840000,-1601,614700,59030,-3.778E+11,-36280000000,-3484000000,4.65E+17,3.28E+11,31490000000,4.113E+14,happy
21.31,0.1303,6.20E-05,215.5,0.001164,0.04337,0.04517,31.1,0.171,0.5354,0.2488,0.1669,0.1581,0.1395,0.1252,0.1162,0.08871,0.05414,27.85,2427,271900,51530000,316.7,282.5,18.72,347800000,27830000,2211000,6.423E+14,251000000,19940000,3.917E+11,12.72,0.07137,2.90E-05,1551,0.001043,0.03945,0.5326,30.27,-0.9466,0.315,0.1944,0.1474,0.003559,0.06303,-0.002166,-0.02468,-0.02122,0.05484,32.66,2491,260700,52880000,-1626,615600,59060,-3.79E+11,-36360000000,-3487000000,4.67E+17,3.286E+11,31530000000,4.119E+14,happy
11.97,0.07558,8.50E-05,224.4,0.001185,0.04467,0.09888,25.07,0.05058,0.3151,0.2773,0.2566,0.1604,0.1099,0.1049,0.1294,0.1033,0.07041,18.22,1667,214000,41930000,315.2,318.4,22.74,392700000,32470000,2688000,7.266E+14,294100000,24350000,4.767E+11,12.28,0.07496,5.20E-05,1553,0.000948,0.0363,0.5374,32.74,-0.9643,0.4689,0.1921,-0.01359,-0.05759,0.05374,0.01693,0.02883,0.006827,0.05969,32.39,2251,265200,49550000,-1639,616700,59110,-3.803E+11,-36450000000,-3494000000,4.69E+17,3.295E+11,31580000000,4.13E+14,happy
11.97,0.07558,8.50E-05,224.4,0.001185,0.04467,0.09888,25.07,0.05058,0.3151,0.2773,0.2566,0.1604,0.1099,0.1049,0.1294,0.1033,0.07041,18.22,1667,214000,41930000,315.2,318.4,22.74,393400000,32520000,2691000,7.292E+14,294500000,24370000,4.776E+11,12.28,0.07496,5.20E-05,1553,0.000948,0.0363,0.5374,32.74,-0.9643,0.4689,0.1921,-0.01359,-0.05759,0.05374,0.01693,0.02883,0.006827,0.05969,32.39,2251,265200,49550000,-1639,617800,59170,-3.817E+11,-36550000000,-3500000000,4.72E+17,3.304E+11,31640000000,4.142E+14,happy
80.55,0.3479,7.60E-05,248.2,0.001002,0.03755,0.08327,140,0.6952,0.4265,0.2189,0.1368,0.2095,0.1167,0.1199,0.09695,0.08981,0.05784,68.51,1878,238900,38390000,735.2,278.6,14.45,344800000,25180000,1710000,6.402E+14,227900000,15480000,3.038E+11,47.43,0.2196,4.10E-05,1527,0.000826,0.03172,0.5382,91.16,-0.6474,0.4498,0.1481,0.1868,0.08516,0.08476,0.00374,-0.01291,-0.01882,0.05008,59.23,2112,149200,38740000,-1823,618800,59210,-3.829E+11,-36640000000,-3505000000,4.74E+17,3.312E+11,31690000000,4.151E+14,neutral
9.248,0.06833,6.60E-05,225.9,0.001057,0.03958,0.08857,17.6,0.04757,0.4618,0.2239,0.1475,0.1826,0.134,0.1281,0.1064,0.1117,0.0584,20.46,2126,236800,47060000,313.1,263.9,13.11,327100000,23270000,1553000,6.081E+14,211200000,14100000,2.759E+11,9.186,0.05047,4.80E-05,1572,0.001058,0.04032,0.4842,22.98,-0.9744,0.3511,0.2074,0.1825,0.02229,0.07421,0.04115,0.02599,-0.006173,0.06044,28.37,2285,257900,48480000,-1559,619800,59250,-3.841E+11,-36720000000,-3510000000,4.76E+17,3.319E+11,31730000000,4.159E+14,neutral
10.5,0.08009,5.00E-05,230.9,0.00089,0.03328,0.08637,23.99,0.05433,0.454,0.2168,0.1806,0.1639,0.1108,0.1209,0.1114,0.09436,0.05036,20.65,2116,238400,47120000,309.8,255.9,14.03,317700000,23500000,1663000,5.915E+14,213500000,15110000,2.957E+11,9.764,0.05812,3.30E-05,1532,0.000854,0.03261,0.5065,26.95,-0.9704,0.3658,0.2033,0.1637,0.01265,0.03187,0.01252,0.01362,-0.002082,0.05063,29.72,2324,260300,49030000,-1586,620700,59280,-3.852E+11,-36790000000,-3514000000,4.78E+17,3.326E+11,31760000000,4.165E+14,neutral
100.2,0.4253,8.70E-05,223.6,0.001003,0.03757,0.1045,177.1,0.8681,0.1635,0.2201,0.1341,0.1815,0.1273,0.1228,0.09614,0.08601,0.06164,85.76,860.8,150200,11270000,983.3,259.5,11.91,322600000,22070000,1412000,6.016E+14,200700000,12860000,2.513E+11,78.5,0.3538,4.80E-05,1546,0.000968,0.03719,0.463,146.3,-0.3826,0.6393,0.1613,0.1852,0.1666,0.104,-0.02413,-0.02245,-0.00568,0.06099,80.8,1528,42370,25060000,-1970,621600,59310,-3.863E+11,-36870000000,-3518000000,4.80E+17,3.332E+11,31800000000,4.172E+14,neutral
12.62,0.08842,8.40E-05,242,0.000892,0.03324,0.07505,27.28,0.06489,0.4389,0.2691,0.2083,0.1739,0.1498,0.1456,0.1104,0.08962,0.05156,20.73,1978,221000,43940000,292.6,257.2,13.08,320100000,22680000,1552000,5.978E+14,206700000,14150000,2.764E+11,11.11,0.06776,3.90E-05,1520,0.000873,0.03334,0.5156,28.28,-0.9615,0.3715,0.1147,0.1515,0.03725,0.08978,0.01345,0.01754,-0.006083,0.05272,30.51,2223,243500,45650000,-1560,622400,59350,-3.874E+11,-36940000000,-3522000000,4.82E+17,3.339E+11,31840000000,4.18E+14,neutral
99.78,0.4259,0.000133,186.2,0.000667,0.02453,0.1353,175.5,0.8573,0.2484,0.1785,0.1405,0.1711,0.1333,0.1018,0.09854,0.07313,0.02851,84.99,950.5,171700,15030000,944,313,9.31,390300000,16990000,1105000,7.299E+14,155500000,9878000,1.968E+11,73.18,0.3279,3.10E-05,1519,0.000561,0.02136,0.5287,136.3,-0.4193,0.5345,0.1685,0.1793,0.1541,0.06324,-0.04227,-0.03755,-0.02106,0.02938,77.21,1671,75200,30430000,-2016,623400,59360,-3.887E+11,-37010000000,-3523000000,4.85E+17,3.345E+11,31850000000,4.182E+14,sad
101.1,0.4315,7.00E-06,213.1,0.000406,0.01519,0.08509,176.7,0.8649,0.2287,0.1869,0.1623,0.1803,0.1214,0.09988,0.08956,0.0863,0.02157,84.68,935.5,199900,19230000,918.9,260.7,4.918,325600000,16600000,583700,6.1E+14,151700000,5357000,1.039E+11,76.05,0.3375,5.00E-06,1520,0.000386,0.01467,0.5028,139,-0.3999,0.5533,0.1725,0.1481,0.1542,0.07709,-0.04837,-0.04341,-0.03079,0.02245,80.52,1823,84430,34380000,-2074,624400,59360,-3.899E+11,-37060000000,-3523000000,4.87E+17,3.35E+11,31850000000,4.182E+14,sad
102.2,0.4348,8.00E-06,220.5,0.000387,0.0145,0.1124,178.8,0.8724,0.2619,0.2154,0.1028,0.2063,0.1184,0.09922,0.08824,0.06646,0.02055,85.55,1056,197900,18820000,931.9,267.9,4.544,335000000,17460000,539400,6.286E+14,158700000,4903000,96060000000,78.56,0.3519,5.00E-06,1510,0.000377,0.01428,0.4359,144.8,-0.3715,0.4777,0.1664,0.1856,0.1454,0.09377,-0.03427,-0.0213,0.001856,0.02152,83.92,1932,87950,35000000,-2105,625300,59360,-3.911E+11,-37120000000,-3524000000,4.89E+17,3.356E+11,31860000000,4.183E+14,sad
101.1,0.4302,5.00E-06,188.2,0.000459,0.01713,0.06651,177,0.869,0.2222,0.146,0.1577,0.1896,0.1317,0.1104,0.09098,0.07317,0.02151,85.39,830.7,194200,17460000,924,302.1,7.846,378400000,21390000,931600,7.11E+14,194300000,8490000,1.659E+11,75.32,0.3334,3.00E-06,1536,0.000428,0.01614,0.4835,140.3,-0.3975,0.5295,0.1959,0.1758,0.1606,0.0889,-0.04801,-0.0407,0.002632,0.02289,79.48,1784,94550,34790000,-2083,626300,59380,-3.923E+11,-37190000000,-3525000000,4.91E+17,3.362E+11,31870000000,4.186E+14,sad
104.9,0.4483,1.10E-05,193.3,0.000376,0.01409,0.1009,183.7,0.8984,0.2506,0.1624,0.1531,0.1705,0.1143,0.1076,0.09186,0.07286,0.02056,86.59,946.5,224900,21540000,969.9,322.5,4.223,404600000,18950000,501500,7.616E+14,172200000,4536000,89350000000,85.51,0.3752,4.00E-06,1520,0.000339,0.01286,0.4828,156.2,-0.3102,0.476,0.1677,0.1974,0.1909,0.1037,-0.03586,-0.03217,0.003326,0.01924,90.64,2106,101100,39030000,-2198,627400,59390,-3.936E+11,-37260000000,-3526000000,4.94E+17,3.368E+11,31880000000,4.188E+14,sad
69.35,0.2997,0.000752,279.7,0.003266,0.1233,0.07615,121.5,0.6028,0.1523,0.2728,0.164,0.185,0.1077,0.1371,0.1314,0.0897,0.2005,60.33,939.9,112100,15430000,572.1,256.4,47.25,322300000,44360000,5618000,6.075E+14,404800000,51130000,1.002E+12,37.05,0.1755,0.000458,1583,0.003303,0.1263,0.5455,71.51,-0.7562,0.7372,0.08371,0.081,0.03772,0.06505,0.02894,0.0344,0.009642,0.2184,43.88,1059,59950,16760000,-1516,628400,59480,-3.949E+11,-37380000000,-3537000000,4.96E+17,3.379E+11,31980000000,4.207E+14,angry
7.06,0.04088,0.000846,249.4,0.003138,0.1191,0.06872,17.01,0.0437,0.3954,0.349,0.1849,0.1531,0.1303,0.1306,0.1231,0.09984,0.2118,14,1848,230200,45690000,341.7,286.4,58.23,360500000,53360000,6942000,6.807E+14,483600000,62860000,1.241E+12,11.8,0.0633,0.000372,1605,0.002916,0.1122,0.5267,28.8,-0.9744,0.6269,0.08569,0.06756,-0.02003,0.04675,0.06708,0.04047,0.02645,0.2044,26.79,1599,182900,33460000,-1490,629300,59620,-3.961E+11,-37520000000,-3555000000,4.99E+17,3.392E+11,32130000000,4.238E+14,angry
8.382,0.04744,0.000869,256.3,0.002992,0.1131,0.06565,18.14,0.04582,0.2508,0.3086,0.1484,0.1323,0.1066,0.1243,0.09961,0.08865,0.1877,10.92,995,148600,29660000,244.8,275.8,49.77,347700000,47330000,5949000,6.575E+14,430000000,53950000,1.066E+12,10.48,0.0573,0.000415,1584,0.002669,0.1025,0.5621,24.27,-0.9783,0.6468,0.09577,0.04588,0.005429,0.07793,0.053,0.0286,0.02008,0.1824,23.97,1265,150700,27330000,-1416,630300,59780,-3.973E+11,-37680000000,-3573000000,5.01E+17,3.406E+11,32300000000,4.272E+14,angry
7.382,0.04408,0.000709,263.7,0.003736,0.1421,0.07805,17.64,0.04045,0.5094,0.3611,0.1982,0.1301,0.1064,0.1084,0.09358,0.112,0.2585,15.49,2259,274900,54580000,350.5,287.4,61.14,362900000,55460000,7326000,6.873E+14,502800000,66350000,1.317E+12,11.42,0.06009,0.000435,1593,0.003318,0.1275,0.5557,28.14,-0.9737,0.5295,0.06585,0.09673,-0.02631,0.0527,0.08979,0.07659,0.04234,0.2343,27.75,1820,205100,38390000,-1481,631300,59930,-3.985E+11,-37840000000,-3592000000,5.03E+17,3.42E+11,32470000000,4.305E+14,angry
9.181,0.04659,0.00108,268.8,0.003729,0.1409,0.09902,19.64,0.05146,0.3112,0.3432,0.1441,0.1548,0.1145,0.1228,0.0925,0.08701,0.228,13.03,1444,204000,40400000,272,235.4,51.67,297700000,46440000,6209000,5.646E+14,422600000,56380000,1.119E+12,11.57,0.06123,0.00043,1621,0.003284,0.1255,0.6186,26.87,-0.9758,0.6606,0.1744,0.1069,0.02895,0.06129,0.02734,0.005702,-0.006587,0.2115,22.09,1112,137100,25480000,-1480,632200,60110,-3.997E+11,-38000000000,-3612000000,5.05E+17,3.435E+11,32660000000,4.342E+14,angry
9.427,0.05347,0.000162,234,0.00155,0.05847,0.1028,19.66,0.05216,0.2721,0.2937,0.1499,0.1326,0.1185,0.1206,0.09162,0.0822,0.09996,11.58,1071,158100,31430000,214.1,313.5,48.42,397000000,49070000,5834000,7.541E+14,445900000,52940000,1.054E+12,9.807,0.05581,0.000109,1547,0.001753,0.06707,0.5011,23.31,-0.9785,0.6116,0.08739,0.01122,-0.01761,0.0932,0.08881,0.06227,0.03066,0.1173,23.48,1270,150000,27100000,-1470,633100,60260,-4.009E+11,-38150000000,-3631000000,5.08E+17,3.449E+11,32820000000,4.376E+14,disgust
10.09,0.05853,0.00023,293.4,0.00207,0.0785,0.0558,21.9,0.05869,0.2707,0.3636,0.1749,0.1316,0.1167,0.1297,0.1111,0.1027,0.1403,11.87,1061,155000,30730000,238.4,279.6,41.02,354600000,42370000,4953000,6.747E+14,384700000,44930000,8.971E+11,11.7,0.06627,0.000158,1578,0.002062,0.07948,0.5546,27.34,-0.971,0.6494,0.003476,-0.01837,-0.02437,0.07722,0.07206,0.05316,0.04209,0.1496,25.75,1305,148600,27000000,-1430,634200,60390,-4.022E+11,-38300000000,-3647000000,5.10E+17,3.462E+11,32970000000,4.404E+14,disgust
10.11,0.05635,0.000312,234.7,0.001725,0.06518,0.04016,20.11,0.06113,0.2903,0.3025,0.148,0.1057,0.1144,0.1053,0.0952,0.09383,0.1075,12.34,1162,169700,33750000,226.8,317.5,46.03,403300000,47830000,5570000,7.686E+14,433600000,50450000,1.011E+12,10.27,0.05523,0.000178,1585,0.001671,0.06441,0.5665,24.74,-0.976,0.6205,0.09562,0.00257,-0.03097,0.09116,0.09591,0.06834,0.03501,0.1128,24.48,1396,167800,30620000,-1481,635200,60520,-4.035E+11,-38440000000,-3662000000,5.13E+17,3.474E+11,33100000000,4.431E+14,disgust
9.174,0.05344,0.000334,250,0.002422,0.09116,0.05562,19.08,0.05242,0.3321,0.2922,0.1363,0.1226,0.09231,0.11,0.09847,0.09121,0.1448,12.08,1279,189500,37610000,253.4,323.9,46.25,412200000,48600000,5607000,7.869E+14,439400000,50680000,1.02E+12,9.75,0.05426,0.000191,1562,0.002022,0.07754,0.5867,23.21,-0.9775,0.5445,0.1497,-0.000726,-0.02968,0.08339,0.08411,0.05988,0.0237,0.1306,24.84,1536,193300,36050000,-1491,636300,60630,-4.049E+11,-38580000000,-3676000000,5.15E+17,3.487E+11,33230000000,4.457E+14,disgust
9.427,0.05347,0.000162,234,0.00155,0.05847,0.1028,19.66,0.05216,0.2721,0.2937,0.1499,0.1326,0.1185,0.1206,0.09162,0.0822,0.09996,11.58,1071,158100,31430000,214.1,313.5,48.42,399700000,49430000,5883000,7.643E+14,449100000,53390000,1.072E+12,9.807,0.05581,0.000109,1547,0.001753,0.06707,0.5011,23.31,-0.9785,0.6116,0.08739,0.01122,-0.01761,0.0932,0.08881,0.06227,0.03066,0.1173,23.48,1270,150000,27100000,-1470,637400,60770,-4.063E+11,-38740000000,-3693000000,5.18E+17,3.501E+11,33380000000,4.488E+14,disgust
14.79,0.0731,0.000152,218.6,0.001069,0.04059,0.02535,29.58,0.1008,0.2781,0.3008,0.1683,0.1336,0.107,0.1354,0.1195,0.131,0.07716,17.03,1069,143400,28300000,214.7,328.8,23.74,419900000,34560000,2889000,8.043E+14,312900000,26150000,5.275E+11,10.9,0.05636,8.70E-05,1554,0.001289,0.04948,0.5277,24.79,-0.9669,0.6123,0.05922,0.01709,-0.03969,0.04728,0.09039,0.09575,0.04152,0.08956,24.31,1293,147300,27000000,-1419,638500,60870,-4.077E+11,-38870000000,-3705000000,5.21E+17,3.513E+11,33490000000,4.51E+14,happy
11.79,0.06312,0.000178,228.1,0.001349,0.05132,0.08663,25.29,0.07492,0.2946,0.3035,0.1429,0.1139,0.1031,0.1333,0.1082,0.1032,0.09511,14.03,1198,173100,34330000,252.5,341.8,42.98,437300000,47740000,5240000,8.392E+14,432700000,47460000,9.582E+11,10.28,0.05776,9.60E-05,1572,0.001496,0.05759,0.5227,25.26,-0.9723,0.574,0.07827,-0.01224,-0.03332,0.07756,0.07466,0.07367,0.04915,0.1061,25.29,1468,175500,32450000,-1469,639700,60980,-4.092E+11,-39010000000,-3717000000,5.24E+17,3.525E+11,33600000000,4.533E+14,happy
13.75,0.07636,0.00017,269.6,0.001577,0.06061,0.07022,28.1,0.09196,0.2814,0.34,0.1545,0.1207,0.1216,0.1376,0.116,0.1033,0.1276,15.63,1292,169700,32350000,271.5,377,39.99,483300000,48290000,4885000,9.293E+14,437000000,44190000,8.949E+11,12.51,0.07021,0.000109,1590,0.001616,0.06257,0.5554,29.86,-0.9632,0.61,-0.008815,-0.03845,-0.05098,0.06442,0.09465,0.1152,0.06054,0.1233,28.4,1556,172200,31140000,-1456,640900,61090,-4.108E+11,-39150000000,-3731000000,5.27E+17,3.539E+11,33730000000,4.558E+14,happy
14.26,0.07123,0.000187,230.2,0.001376,0.05244,0.06636,27.61,0.09785,0.2757,0.312,0.1431,0.1341,0.1074,0.1035,0.09822,0.09084,0.1019,15.92,1168,165300,32470000,253.7,318.5,35.24,409000000,41600000,4312000,7.88E+14,377300000,39070000,7.913E+11,10.96,0.05827,9.50E-05,1551,0.001538,0.05913,0.5188,25.17,-0.9673,0.5959,0.08285,-0.002341,-0.01709,0.05768,0.0706,0.06937,0.03968,0.1091,25.3,1373,158500,29350000,-1436,642100,61190,-4.123E+11,-39290000000,-3744000000,5.30E+17,3.552E+11,33840000000,4.582E+14,happy
11.79,0.06312,0.000178,228.1,0.001349,0.05132,0.08663,25.29,0.07492,0.2946,0.3035,0.1429,0.1139,0.1031,0.1333,0.1082,0.1032,0.09511,14.03,1198,173100,34330000,252.5,341.8,42.98,439800000,48000000,5268000,8.487E+14,435100000,47710000,9.686E+11,10.28,0.05776,9.60E-05,1572,0.001496,0.05759,0.5227,25.26,-0.9723,0.574,0.07827,-0.01224,-0.03332,0.07756,0.07466,0.07367,0.04915,0.1061,25.29,1468,175500,32450000,-1469,643300,61300,-4.138E+11,-39440000000,-3758000000,5.32E+17,3.564E+11,33970000000,4.607E+14,happy
10.99,0.05608,0.0001,229.9,0.001151,0.04357,0.06253,23.28,0.06281,0.2373,0.2967,0.1618,0.1222,0.1051,0.1291,0.1155,0.08734,0.07876,13.02,1039,143600,28220000,217.9,284.7,25.89,366900000,33900000,3178000,7.093E+14,307200000,28800000,5.852E+11,11.34,0.06236,6.80E-05,1584,0.001263,0.04867,0.5373,25.82,-0.9734,0.6674,0.09868,0.01765,-0.004046,0.06316,0.02582,0.02385,0.018,0.08776,23.82,1190,138500,25220000,-1434,644400,61400,-4.152E+11,-39560000000,-3769000000,5.35E+17,3.576E+11,34070000000,4.628E+14,neutral
9.714,0.05402,0.000337,261.2,0.00205,0.07785,0.06018,19.95,0.05463,0.2849,0.3123,0.1325,0.1316,0.1099,0.136,0.1151,0.1003,0.1403,12.03,1133,170400,34090000,257.6,301.8,31.73,389600000,38750000,3901000,7.542E+14,350700000,35290000,7.192E+11,10.21,0.05422,0.000143,1598,0.001894,0.07268,0.579,23.27,-0.9773,0.5995,0.1049,0.02691,-0.03273,0.07963,0.1061,0.08681,0.05313,0.1326,24.18,1367,166900,30690000,-1419,645400,61480,-4.165E+11,-39680000000,-3779000000,5.38E+17,3.586E+11,34160000000,4.646E+14,neutral
12.31,0.07461,0.000147,234.7,0.001492,0.05675,0.0485,25.37,0.07494,0.2967,0.3157,0.1545,0.1295,0.1099,0.1396,0.09356,0.1014,0.1056,14.25,1131,166500,33120000,238.3,314.7,30.06,406900000,38450000,3700000,7.892E+14,347700000,33450000,6.831E+11,11.17,0.06473,8.90E-05,1578,0.001405,0.05416,0.5653,25.87,-0.9696,0.5959,0.06938,0.01493,-0.0622,0.0733,0.1019,0.08762,0.04189,0.1002,26.17,1493,178300,32840000,-1457,646400,61550,-4.179E+11,-39790000000,-3788000000,5.40E+17,3.596E+11,34240000000,4.664E+14,neutral
10.48,0.05976,0.000361,228.1,0.001605,0.05987,0.07536,22.38,0.06116,0.272,0.2734,0.1365,0.1183,0.08531,0.1275,0.103,0.08468,0.1002,13.37,886.5,119600,23240000,197.4,354.7,32.57,459400000,42390000,4012000,8.925E+14,380400000,36050000,7.415E+11,9.093,0.04897,0.000154,1564,0.001852,0.07059,0.5599,20.36,-0.978,0.5614,0.08564,0.0646,-0.0141,0.0423,0.05988,0.05947,0.04271,0.1155,20.51,1019,116900,20900000,-1362,647600,61610,-4.194E+11,-39900000000,-3795000000,5.43E+17,3.606E+11,34300000000,4.676E+14,neutral
11.37,0.05882,0.00016,215.4,0.001183,0.04509,0.07652,22.76,0.06543,0.3317,0.3249,0.1575,0.1214,0.1131,0.134,0.1215,0.109,0.08889,13.52,1257,186000,36570000,245.4,334.4,27.13,433900000,37820000,3347000,8.444E+14,342600000,30310000,6.194E+11,10.66,0.05685,7.00E-05,1574,0.001184,0.04561,0.5342,25.02,-0.9734,0.5811,0.07904,-0.004386,-0.01621,0.09091,0.1184,0.08131,0.03358,0.08445,24.33,1405,176900,33170000,-1491,648800,61690,-4.209E+11,-40030000000,-3806000000,5.46E+17,3.618E+11,34400000000,4.695E+14,neutral
85.81,0.3643,3.00E-05,253,0.000653,0.02484,0.08567,150.5,0.7418,0.175,0.2524,0.1507,0.2032,0.1089,0.1365,0.1077,0.08056,0.04746,73.33,767.5,131700,12650000,808.5,309.1,20.21,401800000,31780000,2496000,7.834E+14,288000000,22630000,4.624E+11,50.77,0.2318,2.50E-05,1550,0.000843,0.03236,0.4452,96.26,-0.6166,0.6737,0.06967,0.03349,0.04166,0.09827,0.04792,0.04956,0.02159,0.06069,57.06,1288,66850,22510000,-1695,649900,61760,-4.224E+11,-40140000000,-3814000000,5.49E+17,3.628E+11,34470000000,4.71E+14,sad
91.64,0.3905,3.60E-05,228.8,0.000945,0.03578,0.08604,159.2,0.7912,0.1888,0.2356,0.09938,0.2129,0.1016,0.1259,0.09953,0.05536,0.06073,78.26,777,135200,11100000,888.6,324.9,22.26,423000000,33740000,2752000,8.261E+14,306200000,24980000,5.102E+11,59.09,0.2649,2.80E-05,1542,0.001054,0.04021,0.4951,109.8,-0.5451,0.6257,0.1187,0.1075,0.06224,0.04737,0.02284,0.0369,0.03418,0.06874,64.25,1363,54500,22250000,-1761,651000,61830,-4.238E+11,-40250000000,-3822000000,5.52E+17,3.638E+11,34550000000,4.725E+14,sad
13.87,0.07301,3.70E-05,233.5,0.00077,0.02909,0.06495,28.24,0.08582,0.3226,0.332,0.1583,0.1184,0.0999,0.1412,0.106,0.1119,0.05167,15.65,1207,177000,34890000,206.3,297.6,21.73,388100000,32060000,2689000,7.593E+14,291300000,24440000,4.992E+11,11.49,0.06227,2.70E-05,1576,0.000863,0.03321,0.5172,26.31,-0.9672,0.6095,0.05282,-0.03945,-0.03254,0.09362,0.1101,0.0967,0.04101,0.06077,25.16,1366,165500,31460000,-1501,652100,61890,-4.252E+11,-40360000000,-3830000000,5.55E+17,3.648E+11,34620000000,4.741E+14,sad
11.34,0.06523,2.60E-05,269,0.00073,0.02769,0.06593,22.97,0.07309,0.2961,0.2954,0.1589,0.1597,0.1372,0.1307,0.1329,0.126,0.05043,14.97,1137,144200,28160000,199.4,286,24.97,373600000,33610000,3093000,7.32E+14,304500000,28020000,5.747E+11,10.52,0.06125,2.20E-05,1592,0.000848,0.03261,0.5171,25.45,-0.9711,0.5916,0.03033,0.05567,-0.08084,0.07899,0.1093,0.07392,0.0617,0.05923,25.82,1492,167400,30050000,-1481,653100,61960,-4.265E+11,-40460000000,-3838000000,5.57E+17,3.657E+11,34690000000,4.756E+14,sad
91.64,0.3905,3.60E-05,228.8,0.000945,0.03578,0.08604,159.2,0.7912,0.1888,0.2356,0.09938,0.2129,0.1016,0.1259,0.09953,0.05536,0.06073,78.26,777,135200,11100000,888.6,324.9,22.26,425100000,33870000,2761000,8.341E+14,307400000,25070000,5.136E+11,59.09,0.2649,2.80E-05,1542,0.001054,0.04021,0.4951,109.8,-0.5451,0.6257,0.1187,0.1075,0.06224,0.04737,0.02284,0.0369,0.03418,0.06874,64.25,1363,54500,22250000,-1761,654200,62030,-4.279E+11,-40580000000,-3847000000,5.60E+17,3.667E+11,34780000000,4.773E+14,sad
72.23,0.3093,0.000943,187.1,0.002317,0.087,0.05712,124.9,0.6224,0.2289,0.3337,0.1748,0.1637,0.1145,0.1077,0.08793,0.08006,0.1312,61.5,1051,175500,28030000,694.5,308.6,32.91,404400000,40260000,4087000,7.95E+14,364000000,36940000,7.612E+11,37.11,0.1713,0.000285,1535,0.001922,0.07317,0.5572,71.81,-0.7378,0.6155,0.1072,0.1016,0.09131,0.09176,0.05908,0.05091,0.04103,0.1136,46.51,1362,103200,25770000,-1691,655300,62100,-4.293E+11,-40690000000,-3856000000,5.63E+17,3.677E+11,34850000000,4.788E+14,angry
13.88,0.07873,0.001152,192.2,0.002639,0.09923,0.07605,28.62,0.0875,0.2441,0.3645,0.2073,0.1297,0.1266,0.1038,0.09345,0.09353,0.1559,14.51,977.5,144100,28430000,225.3,257.3,32.13,337700000,36620000,3995000,6.648E+14,332400000,36220000,7.452E+11,11.03,0.06207,0.000453,1566,0.00255,0.09716,0.5514,25.87,-0.966,0.5937,0.05491,0.09002,0.05196,0.08829,0.09261,0.08273,0.05816,0.153,23.41,1129,124800,22730000,-1422,656200,62190,-4.306E+11,-40810000000,-3867000000,5.65E+17,3.688E+11,34950000000,4.809E+14,angry
12.58,0.07324,0.000767,176.5,0.002114,0.07919,0.06341,27.14,0.08101,0.2659,0.3577,0.1743,0.1231,0.12,0.08807,0.08806,0.08893,0.1236,13.79,1081,165500,32700000,225.2,273.2,34.75,359000000,39410000,4326000,7.078E+14,356100000,39070000,8.08E+11,10.23,0.05934,0.000302,1569,0.002012,0.07686,0.5135,24.9,-0.9701,0.5857,0.1188,0.08593,0.04448,0.0711,0.07023,0.05709,0.05527,0.1233,22.97,1226,147700,27470000,-1457,657100,62270,-4.318E+11,-40920000000,-3877000000,5.68E+17,3.698E+11,35040000000,4.828E+14,angry
63.47,0.2733,0.000664,239.8,0.002991,0.1117,0.03844,115.1,0.548,0.2512,0.3638,0.193,0.159,0.09652,0.1,0.08557,0.08594,0.1642,54.48,1087,179800,31280000,654.4,293.2,37.66,385900000,42840000,4696000,7.62E+14,387700000,42480000,8.783E+11,30.71,0.1428,0.000419,1549,0.002741,0.1044,0.5417,62.92,-0.7964,0.6006,0.08543,0.1087,0.0862,0.1039,0.06494,0.04937,0.04942,0.1604,40.85,1284,107600,24640000,-1629,658100,62360,-4.331E+11,-41040000000,-3888000000,5.70E+17,3.709E+11,35140000000,4.849E+14,angry
50.94,0.2213,0.000644,221.5,0.002404,0.09029,0.05362,93.57,0.4383,0.184,0.3609,0.1701,0.1715,0.1314,0.1154,0.11,0.09525,0.1402,44.24,935.2,118700,19670000,425.3,261.8,24.26,345100000,31910000,3030000,6.823E+14,290300000,27550000,5.675E+11,23.99,0.1174,0.000383,1501,0.002451,0.09368,0.5479,51.87,-0.8585,0.662,0.0072,0.1107,0.02585,0.04917,0.0329,0.05858,0.06447,0.1573,36.04,1224,93830,18940000,-1437,659100,62450,-4.344E+11,-41160000000,-3900000000,5.73E+17,3.72E+11,35250000000,4.87E+14,angry
72.39,0.3102,0.000142,235.3,0.001483,0.05557,0.07861,126.4,0.6266,0.2273,0.3556,0.1765,0.155,0.1174,0.1175,0.1143,0.08954,0.08576,62.46,959,153100,24180000,685.2,332.1,31.21,438500000,40870000,3902000,8.684E+14,370400000,35350000,7.318E+11,38.16,0.1754,9.60E-05,1533,0.001578,0.06026,0.4914,73.29,-0.7319,0.6713,0.07092,0.1038,0.07589,0.09061,0.0556,0.04847,0.04904,0.09618,45.61,1147,73450,20410000,-1685,660100,62530,-4.358E+11,-41280000000,-3910000000,5.75E+17,3.731E+11,35340000000,4.889E+14,disgust
13.56,0.07777,0.000156,208.9,0.001619,0.06062,0.04893,27.84,0.08374,0.2641,0.3342,0.1813,0.1592,0.1167,0.08099,0.08739,0.08492,0.08993,15.47,1173,173600,34170000,217.6,317.4,38.19,419700000,44510000,4782000,8.326E+14,403000000,43270000,8.982E+11,10.47,0.06018,0.0001,1557,0.001521,0.05804,0.5362,25,-0.9693,0.5653,0.1374,0.09735,0.07433,0.1002,0.06149,0.04895,0.04239,0.08975,23.92,1364,163900,30500000,-1533,661200,62630,-4.372E+11,-41410000000,-3922000000,5.78E+17,3.743E+11,35450000000,4.912E+14,disgust
62.56,0.2717,0.000161,223.3,0.001659,0.06211,0.05567,110.1,0.5367,0.261,0.3486,0.1941,0.1477,0.09551,0.107,0.09688,0.0968,0.08989,54.06,1206,178500,30840000,562.5,365,34.48,483600000,45370000,4324000,9.611E+14,410500000,39120000,8.133E+11,30.23,0.1452,0.0001,1519,0.001536,0.05835,0.5326,59.64,-0.8032,0.6332,0.1256,0.0655,0.08208,0.09344,0.0464,0.05465,0.05001,0.08716,38.75,1233,106000,25700000,-1691,662400,62720,-4.388E+11,-41550000000,-3933000000,5.81E+17,3.755E+11,35550000000,4.933E+14,disgust
12.01,0.07405,0.000159,204.5,0.001574,0.0589,0.04967,25.76,0.07029,0.2555,0.3513,0.1623,0.1225,0.1238,0.09465,0.09563,0.08439,0.08409,14.88,1072,158300,31300000,234.4,343.2,21.34,455500000,35480000,2680000,9.069E+14,321100000,24250000,5.048E+11,10.36,0.06018,0.000107,1548,0.001525,0.05779,0.5366,25.56,-0.9714,0.5903,0.1168,0.07728,0.04225,0.07722,0.07407,0.07021,0.05169,0.08892,22.99,1257,150200,27970000,-1495,663600,62790,-4.404E+11,-41670000000,-3942000000,5.85E+17,3.766E+11,35630000000,4.95E+14,disgust
10.74,0.06278,0.000671,191.8,0.001917,0.0719,0.1261,23.19,0.0633,0.2726,0.3424,0.1701,0.1371,0.1206,0.09686,0.09357,0.09442,0.1012,12.88,1072,162400,32300000,210.6,322.6,31.38,428900000,40550000,3945000,8.553E+14,367000000,35680000,7.438E+11,9.519,0.05455,0.000186,1576,0.001569,0.05978,0.6001,23.03,-0.976,0.5987,0.1134,0.08159,0.04275,0.06899,0.06796,0.07076,0.04334,0.09445,22.57,1256,152100,28070000,-1491,664800,62870,-4.419E+11,-41800000000,-3952000000,5.88E+17,3.777E+11,35720000000,4.969E+14,disgust
11.42,0.05849,0.000468,171.3,0.001787,0.06655,0.06589,22.87,0.07163,0.2474,0.3083,0.17,0.1368,0.09006,0.11,0.09264,0.09149,0.09483,13.79,1112,158200,30960000,230.3,298.1,33.98,397000000,41200000,4278000,7.931E+14,373800000,38790000,8.079E+11,9.443,0.04983,0.000208,1552,0.00157,0.05984,0.5441,22.93,-0.9754,0.5667,0.1691,0.08628,0.06809,0.09878,0.04001,0.04005,0.04747,0.08733,21.97,1289,162400,30330000,-1562,665900,62960,-4.434E+11,-41920000000,-3963000000,5.91E+17,3.789E+11,35820000000,4.99E+14,happy
13.33,0.06762,0.00032,204.1,0.001723,0.06431,0.06112,26.28,0.08675,0.2531,0.3932,0.198,0.1529,0.1218,0.09699,0.08177,0.07895,0.09095,13.42,1033,151500,29410000,196.8,244.8,20.16,326400000,28610000,2541000,6.53E+14,259700000,23060000,4.804E+11,10.78,0.05707,0.000226,1519,0.001791,0.06836,0.4911,24.86,-0.969,0.6391,0.05897,0.03384,0.06538,0.0666,0.05555,0.05718,0.03672,0.1038,22.14,1065,127300,23970000,-1486,666800,63030,-4.446E+11,-42030000000,-3972000000,5.93E+17,3.798E+11,35900000000,5.007E+14,happy
12.93,0.07182,0.00053,205.4,0.001788,0.06673,0.04995,27.13,0.08549,0.2275,0.3383,0.171,0.1219,0.08636,0.09173,0.1016,0.0818,0.1054,15.21,1096,148300,28690000,221.2,268.2,25.69,358100000,33860000,3241000,7.173E+14,305900000,29260000,6.133E+11,11.04,0.05947,0.000277,1565,0.001909,0.07304,0.4804,26.86,-0.9679,0.6261,0.1285,0.06668,0.04611,0.03435,0.01502,0.02204,0.03275,0.1146,23.4,1178,136200,25280000,-1484,667700,63090,-4.458E+11,-42120000000,-3980000000,5.95E+17,3.807E+11,35970000000,5.021E+14,happy
58.26,0.25,0.000255,202.5,0.001482,0.05542,0.05928,102.5,0.5023,0.2201,0.3735,0.1943,0.1507,0.115,0.1572,0.1338,0.1169,0.08235,50.99,1107,143300,24540000,506.4,258.3,19.92,345300000,29500000,2516000,6.927E+14,268300000,22900000,4.767E+11,27.7,0.1319,0.000144,1548,0.001583,0.06057,0.4819,55.05,-0.8246,0.6537,0.04741,0.09441,0.1041,0.09934,0.008563,0.01715,0.04611,0.09018,36.3,1119,87870,20950000,-1609,668600,63150,-4.47E+11,-42220000000,-3988000000,5.98E+17,3.816E+11,36040000000,5.037E+14,happy
68.48,0.2926,0.000362,209.4,0.001634,0.06099,0.0424,119.9,0.5927,0.2167,0.3404,0.1752,0.1694,0.1068,0.1112,0.1073,0.08758,0.09779,59.69,1039,153200,24770000,635.1,264.3,23.38,353900000,32060000,2956000,7.107E+14,290000000,26720000,5.605E+11,35.43,0.1641,0.000243,1540,0.001665,0.06396,0.5229,68.01,-0.7614,0.6671,0.1316,0.09891,0.09848,0.09321,0.03176,0.03128,0.008449,0.1016,42.17,1118,84590,22200000,-1678,669500,63220,-4.482E+11,-42330000000,-3996000000,6.00E+17,3.825E+11,36120000000,5.053E+14,happy
12.17,0.07019,0.000132,203.2,0.001117,0.042,0.0691,26.13,0.07369,0.2863,0.3237,0.1767,0.1504,0.1174,0.09893,0.08918,0.07732,0.07124,14.13,1066,156000,30910000,199.3,271.5,23.13,364000000,31690000,2927000,7.322E+14,287500000,26500000,5.555E+11,9.724,0.05668,6.40E-05,1554,0.00111,0.04256,0.5732,24.27,-0.9715,0.5463,0.08359,0.1259,0.05333,0.04788,0.05063,0.06382,0.03961,0.07337,23.92,1396,167200,30540000,-1472,670400,63290,-4.495E+11,-42430000000,-4005000000,6.03E+17,3.834E+11,36200000000,5.069E+14,neutral
59.5,0.2574,0.000163,204.4,0.001354,0.051,0.04962,104.3,0.5138,0.2457,0.3354,0.1526,0.1596,0.1193,0.123,0.08391,0.08551,0.08483,51.31,1067,167800,29060000,542.4,292.1,26.67,392200000,35730000,3378000,7.9E+14,322500000,30480000,6.417E+11,27.83,0.1347,0.0001,1552,0.001327,0.05089,0.4964,55.47,-0.818,0.6193,0.1098,0.1221,0.08063,0.07191,0.05006,0.0568,0.04716,0.08634,38.35,1344,122200,27160000,-1588,671400,63340,-4.508E+11,-42520000000,-4011000000,6.05E+17,3.843E+11,36250000000,5.08E+14,neutral
12.17,0.07019,0.000132,203.2,0.001117,0.042,0.0691,26.13,0.07369,0.2863,0.3237,0.1767,0.1504,0.1174,0.09893,0.08918,0.07732,0.07124,14.13,1066,156000,30910000,199.3,271.5,23.13,365100000,31760000,2932000,7.364E+14,288200000,26550000,5.575E+11,9.724,0.05668,6.40E-05,1554,0.00111,0.04256,0.5732,24.27,-0.9715,0.5463,0.08359,0.1259,0.05333,0.04788,0.05063,0.06382,0.03961,0.07337,23.92,1396,167200,30540000,-1472,672400,63400,-4.521E+11,-42630000000,-4019000000,6.08E+17,3.852E+11,36320000000,5.096E+14,neutral
62.31,0.2701,8.50E-05,219.6,0.001007,0.03782,0.04176,110.3,0.5274,0.1974,0.3281,0.1958,0.162,0.1317,0.1172,0.1028,0.1026,0.05939,54.02,977.8,145900,23720000,547.5,263.3,13.98,354600000,25360000,1773000,7.162E+14,229900000,16060000,3.374E+11,30.28,0.1459,5.30E-05,1540,0.001047,0.04011,0.545,59.64,-0.8097,0.676,0.1094,0.09022,0.06241,0.03375,0.02642,0.04459,0.02601,0.06717,38.28,1113,85210,21780000,-1579,673300,63440,-4.533E+11,-42710000000,-4024000000,6.11E+17,3.86E+11,36370000000,5.104E+14,neutral
12.52,0.06852,9.80E-05,218.1,0.00098,0.03737,0.04496,25.29,0.079,0.2629,0.3357,0.189,0.1232,0.1068,0.09584,0.08973,0.09213,0.06697,13.67,991.9,150100,29740000,187.2,265.2,15.88,357600000,26810000,2015000,7.234E+14,243000000,18240000,3.835E+11,10.17,0.05815,6.20E-05,1553,0.001079,0.04197,0.5096,23.73,-0.9713,0.6182,0.08042,0.01144,0.04188,0.0626,0.0844,0.09159,0.05512,0.07329,22.54,1115,133500,25260000,-1442,674200,63470,-4.546E+11,-42790000000,-4027000000,6.13E+17,3.867E+11,36400000000,5.112E+14,neutral
89.76,0.3823,3.80E-05,186.8,0.000593,0.02224,0.0487,159.3,0.7719,0.1716,0.2462,0.1333,0.1725,0.09838,0.09536,0.07872,0.07898,0.03707,77.03,765.9,130200,11280000,849,345.3,13.35,466300000,29820000,1695000,9.447E+14,270300000,15370000,3.228E+11,55.12,0.2488,2.60E-05,1515,0.000749,0.02867,0.447,105,-0.5749,0.6306,0.1301,0.1278,0.1357,0.07029,-0.006454,0.02966,0.04603,0.04901,60.19,1281,56470,21910000,-1765,675300,63500,-4.56E+11,-42880000000,-4032000000,6.16E+17,3.875E+11,36440000000,5.12E+14,sad
89.96,0.386,3.60E-05,185.7,0.000639,0.02405,0.05438,158.3,0.7733,0.168,0.2626,0.1342,0.1673,0.1081,0.08861,0.09875,0.08514,0.03978,77.18,834,127800,11860000,876.4,388.9,7.967,526200000,28120000,1012000,1.068E+15,254700000,9166000,1.928E+11,55.45,0.2496,2.90E-05,1525,0.000801,0.03065,0.4677,103.5,-0.5718,0.6198,0.1014,0.1302,0.1458,0.07725,-0.007848,0.03219,0.049,0.05173,60.58,1287,51960,21350000,-1752,676500,63530,-4.577E+11,-42980000000,-4035000000,6.19E+17,3.884E+11,36470000000,5.126E+14,sad
89.25,0.3838,3.70E-05,190.6,0.000643,0.02411,0.07556,158.1,0.7682,0.1514,0.3007,0.137,0.1634,0.1144,0.1049,0.0982,0.08277,0.03947,76.62,863.8,122100,11640000,858.8,351.4,17.41,476400000,33530000,2213000,9.688E+14,302900000,19980000,4.218E+11,56.16,0.2576,2.70E-05,1542,0.000873,0.03337,0.4591,105.9,-0.5693,0.6381,0.0963,0.1432,0.1463,0.07046,0.000773,0.03817,0.05868,0.05627,60.94,1279,45620,20210000,-1746,677800,63560,-4.594E+11,-43080000000,-4039000000,6.23E+17,3.893E+11,36500000000,5.134E+14,sad
84.22,0.3623,4.30E-05,199,0.000476,0.01782,0.06138,150,0.7221,0.1693,0.2505,0.1449,0.1679,0.1126,0.1008,0.1071,0.09775,0.03224,71.52,817.8,128900,12450000,769.7,326.1,11.19,442800000,27360000,1423000,9.021E+14,248200000,12920000,2.714E+11,47.26,0.2151,2.30E-05,1523,0.000696,0.0267,0.4047,90,-0.6409,0.6155,0.06513,0.0913,0.1124,0.05166,0.01222,0.0659,0.08376,0.04619,54.44,1342,70410,22860000,-1677,679000,63600,-4.61E+11,-43180000000,-4044000000,6.26E+17,3.902E+11,36550000000,5.144E+14,sad
86.63,0.3704,2.10E-05,184.9,0.000514,0.01935,0.04725,152.9,0.7439,0.1606,0.2823,0.148,0.1781,0.1101,0.09543,0.09086,0.07658,0.03169,73.82,678.2,127700,10280000,799.5,340.5,14.13,463100000,30240000,1798000,9.45E+14,273800000,16280000,3.431E+11,50.72,0.2288,1.80E-05,1516,0.000669,0.02559,0.4503,95.44,-0.6105,0.6121,0.05213,0.1318,0.154,0.07962,0.004235,0.04846,0.07266,0.04353,57.71,1357,69520,22770000,-1738,680200,63640,-4.626E+11,-43280000000,-4049000000,6.29E+17,3.911E+11,36590000000,5.153E+14,sad
15.18,0.08138,0.000501,192.5,0.004258,0.1592,0.06293,31.55,0.07207,0.3341,0.3793,0.2903,0.2378,0.1857,0.1423,0.1393,0.1342,0.2012,15.58,1358,189500,37410000,343.6,258.1,41.11,351700000,43170000,5237000,7.186E+14,394600000,47710000,1.001E+12,14.11,0.0785,0.00024,1561,0.002953,0.1116,0.6351,35.25,-0.9543,0.4854,0.05855,0.1396,0.04259,0.009516,0.01102,0.08374,0.01893,0.1535,32.88,2092,252200,46050000,-1621,681200,63730,-4.64E+11,-43410000000,-4061000000,6.32E+17,3.923E+11,36710000000,5.176E+14,angry
12.83,0.07011,0.000519,192.5,0.003913,0.1455,0.06363,26.41,0.05769,0.3006,0.3351,0.2277,0.2499,0.1881,0.1259,0.1455,0.1043,0.1691,15.23,1369,187800,37530000,364.9,266.3,43.43,363200000,46140000,5544000,7.433E+14,418000000,50180000,1.061E+12,11.75,0.06471,0.00024,1545,0.002967,0.1125,0.6203,29.32,-0.966,0.4606,0.1127,0.2021,-0.0321,-0.03507,0.04294,0.04304,0.04171,0.1511,30.18,1984,235700,42170000,-1530,682100,63840,-4.652E+11,-43540000000,-4075000000,6.35E+17,3.935E+11,36830000000,5.202E+14,angry
95.2,0.4101,0.000273,204.1,0.00392,0.1461,0.05632,170.2,0.8266,0.205,0.2555,0.1763,0.2042,0.1382,0.1257,0.1274,0.0931,0.1696,80.06,819.3,158100,13260000,947.4,282.8,39.98,386400000,44670000,5112000,7.917E+14,406500000,46440000,9.805E+11,70.81,0.3141,0.000156,1577,0.003037,0.1147,0.5771,131.4,-0.4574,0.5778,0.05468,0.2344,0.1664,0.06069,-0.00139,0.06115,0.08436,0.1509,75.79,1667,65560,25750000,-1916,683000,63960,-4.666E+11,-43690000000,-4090000000,6.37E+17,3.948E+11,36970000000,5.231E+14,angry
13.98,0.07312,0.000374,208.3,0.004148,0.1545,0.04033,28.38,0.06126,0.2906,0.3014,0.2173,0.1884,0.1618,0.1026,0.1326,0.113,0.1716,14.37,1183,171800,34670000,340.6,273.4,40.75,374000000,44640000,5220000,7.674E+14,405600000,47360000,1.003E+12,12,0.063,0.000218,1558,0.003063,0.1159,0.5876,28.68,-0.965,0.502,0.06995,0.1053,-0.003895,0.003876,0.04374,0.09859,0.07338,0.1547,30.17,1842,219900,38900000,-1492,684000,64070,-4.679E+11,-43820000000,-4104000000,6.40E+17,3.96E+11,37090000000,5.258E+14,angry
13.41,0.07712,0.000538,227.8,0.004855,0.1808,0.03875,27.2,0.06077,0.2683,0.3026,0.2111,0.1865,0.166,0.1032,0.1119,0.1066,0.2073,14.63,1118,154300,30920000,346.3,247.2,50.75,338700000,50060000,6513000,6.959E+14,456200000,59200000,1.254E+12,12.28,0.06756,0.000317,1561,0.00391,0.1479,0.6079,29.22,-0.9634,0.541,0.001277,0.08099,-0.004992,-0.004722,0.05194,0.09257,0.07706,0.2,29.6,1681,188700,33060000,-1447,684900,64190,-4.691E+11,-43970000000,-4120000000,6.43E+17,3.973E+11,37240000000,5.289E+14,angry
15.38,0.09186,0.000158,167.7,0.001585,0.05939,0.06159,33.3,0.07276,0.2112,0.2807,0.2678,0.1965,0.1752,0.1238,0.1355,0.1293,0.08732,16.62,865.5,108400,21750000,244.5,305.6,48,419200000,52300000,6174000,8.625E+14,474700000,55970000,1.191E+12,14.17,0.08512,7.70E-05,1620,0.001649,0.06265,0.5572,33.79,-0.954,0.5639,-0.04315,0.1755,0.02141,-0.03676,-0.001334,0.1086,0.09889,0.09354,30.93,1684,178300,29910000,-1538,685900,64330,-4.704E+11,-44120000000,-4137000000,6.45E+17,3.987E+11,37390000000,5.322E+14,disgust
14.03,0.07462,0.000232,212.1,0.001456,0.05456,0.06008,28.81,0.06754,0.3042,0.3379,0.2408,0.1789,0.1725,0.1308,0.1693,0.1186,0.08045,15.7,1310,190100,38180000,244.5,330.4,56.37,454000000,59550000,7267000,9.356E+14,540400000,65860000,1.405E+12,11.88,0.06464,9.20E-05,1605,0.001435,0.05455,0.5666,28.18,-0.9653,0.5077,0.08546,0.1291,-0.03695,-0.0155,0.07777,0.1278,0.1073,0.07995,28.23,1734,211200,38090000,-1647,687000,64470,-4.719E+11,-44290000000,-4156000000,6.48E+17,4.002E+11,37560000000,5.358E+14,disgust
14.26,0.07816,0.000436,215.3,0.002911,0.1084,0.08867,30.35,0.0711,0.2954,0.2985,0.2064,0.1707,0.1371,0.1007,0.1245,0.09801,0.1375,16.49,1295,177900,35900000,269.9,331.5,66.52,456200000,66500000,8598000,9.417E+14,604700000,78020000,1.667E+12,11.48,0.06303,0.000218,1605,0.002733,0.1036,0.5615,27.82,-0.9642,0.437,0.1008,0.1564,0.04418,0.0289,0.03398,0.09747,0.08542,0.1422,28.98,1891,222300,39050000,-1559,688100,64650,-4.735E+11,-44490000000,-4179000000,6.52E+17,4.02E+11,37770000000,5.404E+14,disgust
17.39,0.1006,0.000345,184.1,0.002985,0.1118,0.1111,36.06,0.08691,0.2967,0.37,0.2566,0.1885,0.1565,0.1283,0.1422,0.1099,0.15,16.43,1243,184600,37090000,337.9,405.8,65.58,559500000,70970000,8499000,1.157E+15,642900000,76940000,1.652E+12,15.82,0.09175,0.000176,1598,0.002388,0.09056,0.5588,38.8,-0.943,0.4957,-0.004269,0.1151,-0.05253,-0.01176,0.04226,0.07859,0.07501,0.1335,35.53,2072,228900,40850000,-1571,689400,64820,-4.752E+11,-44680000000,-4200000000,6.55E+17,4.038E+11,37960000000,5.445E+14,disgust
14.03,0.07462,0.000232,212.1,0.001456,0.05456,0.06008,28.81,0.06754,0.3042,0.3379,0.2408,0.1789,0.1725,0.1308,0.1693,0.1186,0.08045,15.7,1310,190100,38180000,244.5,330.4,56.37,456400000,59930000,7324000,9.457E+14,543800000,66380000,1.427E+12,11.88,0.06464,9.20E-05,1605,0.001435,0.05455,0.5666,28.18,-0.9653,0.5077,0.08546,0.1291,-0.03695,-0.0155,0.07777,0.1278,0.1073,0.07995,28.23,1734,211200,38090000,-1647,690700,64980,-4.77E+11,-44880000000,-4222000000,6.59E+17,4.056E+11,38160000000,5.487E+14,disgust
14.95,0.08236,0.000122,183.7,0.001704,0.06337,0.03876,32.12,0.07429,0.2565,0.3473,0.2113,0.1757,0.1285,0.1243,0.1162,0.09964,0.07668,17.08,1133,164100,32490000,263.1,274.5,38.13,379700000,43950000,4963000,7.88E+14,397700000,44880000,9.691E+11,13.5,0.07695,9.00E-05,1600,0.001471,0.05597,0.6183,31.03,-0.9603,0.6103,0.1479,0.09003,-0.01773,0.02577,0.009177,0.03311,0.0386,0.08066,26.85,1449,177700,32570000,-1579,691700,65100,-4.785E+11,-45030000000,-4237000000,6.62E+17,4.069E+11,38300000000,5.517E+14,happy
14.89,0.08918,0.000322,218.5,0.002658,0.09923,0.03553,29.58,0.07088,0.2636,0.2851,0.2671,0.1537,0.152,0.1595,0.1425,0.1215,0.1306,17.26,1034,142600,28600000,287.1,305.4,34.55,423100000,43560000,4505000,8.793E+14,394600000,40790000,8.809E+11,11.95,0.06492,0.000203,1579,0.002015,0.07692,0.6237,27.83,-0.9639,0.4431,0.1044,0.1717,-0.02399,0.03391,-0.003069,0.09927,0.07367,0.1191,31.34,2074,244100,43610000,-1519,692700,65200,-4.798E+11,-45160000000,-4250000000,6.65E+17,4.081E+11,38420000000,5.542E+14,happy
15.67,0.08006,0.000481,192.5,0.002269,0.08462,0.05713,31.56,0.07887,0.3166,0.3778,0.2602,0.184,0.1475,0.1554,0.1347,0.1258,0.1047,16.92,1360,186600,36440000,267.2,309.4,33.47,429400000,43030000,4370000,8.936E+14,390100000,39590000,8.558E+11,13.65,0.07302,0.000152,1566,0.001774,0.0675,0.6174,31.88,-0.9581,0.5434,0.1108,0.06893,-0.02741,0.0528,0.05136,0.06901,0.09841,0.09704,27.8,1571,197100,36480000,-1603,693800,65290,-4.813E+11,-45300000000,-4263000000,6.68E+17,4.094E+11,38530000000,5.566E+14,happy
12.36,0.06779,0.00031,182.3,0.002173,0.08143,0.05893,25.99,0.06533,0.28,0.3322,0.2374,0.1644,0.126,0.1422,0.1522,0.1263,0.1161,15.59,1241,170000,34180000,286.5,302,50.55,419700000,54410000,6611000,8.749E+14,494000000,59940000,1.297E+12,11.22,0.0635,0.000154,1570,0.00173,0.06601,0.6039,28.13,-0.9672,0.4061,0.172,0.1841,-0.06339,0.05902,-0.03108,0.03938,0.04894,0.103,32.69,2403,289600,52050000,-1623,694800,65410,-4.828E+11,-45450000000,-4277000000,6.71E+17,4.107E+11,38660000000,5.595E+14,happy
17.09,0.0842,0.000289,195.6,0.002353,0.08809,0.04845,35.9,0.08912,0.2742,0.258,0.2344,0.1674,0.1352,0.1299,0.135,0.1356,0.1248,18.81,1076,143400,28730000,287.9,266.7,45.69,371200000,48680000,5986000,7.748E+14,442900000,54340000,1.177E+12,13.76,0.07004,0.000159,1556,0.002048,0.07813,0.5957,31.89,-0.9525,0.4543,0.06054,0.152,-0.03019,0.06817,0.02362,0.09286,0.0824,0.1246,34.28,2136,234800,40700000,-1529,695800,65530,-4.842E+11,-45600000000,-4294000000,6.74E+17,4.121E+11,38810000000,5.628E+14,happy
16.24,0.09122,0.000197,172.3,0.001444,0.05374,0.04433,34.78,0.07978,0.2718,0.3186,0.2032,0.1718,0.1375,0.1501,0.1483,0.1108,0.07567,18.79,1168,128200,24230000,240.3,309.7,36.7,431700000,45330000,4816000,9.023E+14,411000000,43630000,9.481E+11,14.83,0.08334,0.000102,1597,0.00161,0.06151,0.513,33.95,-0.9528,0.5971,0.04998,0.1338,0.008838,0.05402,0.03962,0.07551,0.01699,0.09535,27.8,1341,142600,25000000,-1478,696800,65640,-4.855E+11,-45740000000,-4307000000,6.77E+17,4.133E+11,38930000000,5.654E+14,neutral
16.5,0.08435,8.30E-05,201.6,0.000777,0.02904,0.06243,33.68,0.08011,0.2763,0.3288,0.2328,0.1663,0.1346,0.1277,0.1286,0.1162,0.0516,17.63,1133,148700,28910000,221.7,281.9,24.35,393500000,35020000,3200000,8.237E+14,319200000,29160000,6.309E+11,14.43,0.07579,5.00E-05,1592,0.001021,0.03912,0.5084,32.38,-0.9555,0.6199,0.05664,0.09839,0.03251,0.02001,0.07459,0.1209,0.06702,0.06465,26.73,1285,151600,27510000,-1554,697800,65730,-4.87E+11,-45870000000,-4320000000,6.80E+17,4.145E+11,39040000000,5.678E+14,neutral
14.97,0.07281,0.000105,176.1,0.001023,0.03865,0.04087,30.09,0.07201,0.3633,0.3875,0.19,0.1979,0.1236,0.1212,0.1313,0.12,0.06542,16.49,1587,222000,43100000,295.9,351,30.59,490700000,44120000,4025000,1.029E+15,399300000,36420000,7.944E+11,13.99,0.07392,5.30E-05,1569,0.000962,0.03689,0.5543,32.24,-0.9593,0.5676,0.1175,0.03024,0.01948,0.07993,0.08458,0.05654,0.03519,0.06116,27.86,1552,196100,37160000,-1622,698900,65800,-4.885E+11,-45990000000,-4330000000,6.83E+17,4.156E+11,39130000000,5.698E+14,neutral
14.13,0.06858,0.000157,193.4,0.001323,0.04951,0.06312,27.79,0.06592,0.3156,0.3316,0.196,0.1675,0.1333,0.1357,0.1491,0.1193,0.07652,15.41,1323,186800,36940000,277.8,323.9,43.42,453500000,51330000,5723000,9.524E+14,465200000,51830000,1.131E+12,12.87,0.06724,8.90E-05,1594,0.001398,0.05344,0.5294,29.67,-0.9644,0.5716,0.08454,0.08125,0.01631,0.05518,0.09828,0.0911,0.04099,0.08548,28.13,1584,190200,34400000,-1567,700100,65910,-4.901E+11,-46150000000,-4344000000,6.86E+17,4.17E+11,39260000000,5.726E+14,neutral
16.64,0.09295,0.000129,192.7,0.00128,0.04796,0.04458,34.15,0.08658,0.278,0.3785,0.1917,0.1729,0.1613,0.134,0.1669,0.1384,0.07277,18.08,1159,160900,31850000,237.8,340.6,41.12,477700000,50930000,5430000,1.005E+15,461100000,49140000,1.075E+12,16.58,0.09258,7.10E-05,1613,0.001321,0.05039,0.5579,38.17,-0.9461,0.6313,-0.01089,0.08213,-0.00553,0.05594,0.1248,0.1005,0.06964,0.08126,31.3,1483,158800,28550000,-1578,701200,66030,-4.917E+11,-46300000000,-4360000000,6.90E+17,4.185E+11,39400000000,5.757E+14,neutral
15.88,0.08653,4.70E-05,167.2,0.000914,0.03428,0.08832,32.8,0.08398,0.3196,0.3575,0.2099,0.176,0.1137,0.1178,0.1254,0.09772,0.05308,18.25,1449,207200,40570000,271.3,353.6,32.62,496800000,45800000,4314000,1.047E+15,415500000,39120000,8.559E+11,11.38,0.06574,2.60E-05,1577,0.001027,0.03902,0.5103,27.93,-0.9637,0.4877,0.1812,0.1372,0.03881,0.04066,0.04247,0.04671,0.05315,0.05686,24.07,1437,187500,35690000,-1596,702400,66140,-4.934E+11,-46460000000,-4374000000,6.93E+17,4.199E+11,39530000000,5.785E+14,sad
17.34,0.102,3.70E-05,161.4,0.000823,0.03062,0.04335,34.48,0.09158,0.2646,0.3496,0.2168,0.2234,0.1839,0.1634,0.1666,0.1267,0.04111,17.74,1127,159000,31210000,233.7,312.1,30.39,439200000,41720000,4024000,9.27E+14,378200000,36460000,7.993E+11,13.18,0.07486,1.80E-05,1578,0.000828,0.0315,0.5679,31.55,-0.9532,0.4971,-0.03496,0.1471,0.007588,-0.01463,0.07184,0.1354,0.132,0.04613,29.37,1682,188800,33460000,-1609,703600,66220,-4.951E+11,-46590000000,-4385000000,6.97E+17,4.211E+11,39630000000,5.807E+14,sad
17.15,0.1026,5.50E-05,190.5,0.00142,0.05286,0.04952,36.82,0.08842,0.2375,0.3376,0.207,0.1617,0.1517,0.1294,0.1017,0.1122,0.06135,19.34,1023,125300,25250000,210.7,291,27.26,410100000,37560000,3615000,8.669E+14,342600000,32950000,7.19E+11,12.17,0.0685,2.70E-05,1586,0.001202,0.04537,0.6101,29.1,-0.9536,0.3531,-0.03336,0.2484,0.1112,0.05937,-0.001983,0.03468,0.0833,0.05743,30.4,1963,212700,36880000,-1572,704600,66320,-4.965E+11,-46730000000,-4398000000,7.00E+17,4.223E+11,39750000000,5.832E+14,sad
73.25,0.3224,3.80E-05,176.3,0.001687,0.06283,0.05435,128.7,0.629,0.2778,0.3543,0.2247,0.2473,0.1861,0.1741,0.153,0.1156,0.07065,62.26,1313,176000,25730000,669.2,349,43.51,492600000,53160000,5777000,1.043E+15,481600000,52310000,1.151E+12,39.92,0.1897,2.30E-05,1587,0.001252,0.04726,0.5877,78.33,-0.7055,0.475,-0.03913,0.1785,0.0318,0.02806,0.02598,0.05951,0.0997,0.06209,53.83,1905,119600,30850000,-1791,705800,66410,-4.981E+11,-46870000000,-4410000000,7.03E+17,4.236E+11,39860000000,5.858E+14,sad
17.15,0.1026,5.50E-05,190.5,0.00142,0.05286,0.04952,36.82,0.08842,0.2375,0.3376,0.207,0.1617,0.1517,0.1294,0.1017,0.1122,0.06135,19.34,1023,125300,25250000,210.7,291,27.26,411400000,37680000,3626000,8.724E+14,343700000,33060000,7.235E+11,12.17,0.0685,2.70E-05,1586,0.001202,0.04537,0.6101,29.1,-0.9536,0.3531,-0.03336,0.2484,0.1112,0.05937,-0.001983,0.03468,0.0833,0.05743,30.4,1963,212700,36880000,-1572,706900,66520,-4.996E+11,-47020000000,-4425000000,7.06E+17,4.25E+11,39990000000,5.886E+14,sad
11.13,0.06383,0.001451,221.2,0.004255,0.1604,0.08138,23.43,0.07456,0.3079,0.3668,0.1973,0.1885,0.1367,0.1507,0.1667,0.1403,0.2538,14.75,1386,206500,41450000,317.7,292.5,61.86,414100000,63220000,8244000,8.794E+14,571100000,74480000,1.648E+12,13.72,0.06949,0.00076,1631,0.003503,0.1346,0.5847,31.12,-0.9645,0.5637,0.1311,0.1649,-0.05745,-0.00741,0.03473,0.163,0.1341,0.2394,32.3,2109,254000,46270000,-1617,707900,66650,-5.011E+11,-47180000000,-4441000000,7.09E+17,4.263E+11,40140000000,5.919E+14,angry
38.1,0.1671,0.00136,237.6,0.003649,0.1375,0.07811,70.12,0.3258,0.1962,0.3202,0.1913,0.145,0.1239,0.1337,0.1406,0.1448,0.2325,33.17,928.2,131700,23650000,293.4,255,35.49,361600000,41880000,4741000,7.688E+14,381900000,43150000,9.499E+11,19.43,0.09402,0.000797,1590,0.003771,0.1451,0.5175,40.83,-0.91,0.6961,0.01632,0.008939,-0.06494,0.02399,0.08385,0.1683,0.1153,0.2586,32.45,1293,125600,23640000,-1404,708800,66810,-5.024E+11,-47350000000,-4463000000,7.12E+17,4.28E+11,40330000000,5.962E+14,angry
9.916,0.05559,0.001448,226.3,0.003058,0.1153,0.06306,19.67,0.0613,0.2181,0.3227,0.2343,0.1275,0.1436,0.128,0.1401,0.1391,0.1852,11.64,884.5,119500,23660000,215,260.2,39.94,369300000,45620000,5344000,7.863E+14,413900000,48450000,1.073E+12,12.85,0.06818,0.000595,1603,0.002837,0.109,0.5616,29.01,-0.9679,0.6909,-0.03497,-0.01206,-0.08802,0.0345,0.1188,0.1907,0.1116,0.1957,27.53,1348,148600,26210000,-1463,709700,66920,-5.037E+11,-47490000000,-4477000000,7.15E+17,4.292E+11,40470000000,5.992E+14,angry
11.13,0.06383,0.001451,221.2,0.004255,0.1604,0.08138,23.43,0.07456,0.3079,0.3668,0.1973,0.1885,0.1367,0.1507,0.1667,0.1403,0.2538,14.75,1386,206500,41450000,317.7,292.5,61.86,415700000,63520000,8297000,8.864E+14,573800000,74950000,1.669E+12,13.72,0.06949,0.00076,1631,0.003503,0.1346,0.5847,31.12,-0.9645,0.5637,0.1311,0.1649,-0.05745,-0.00741,0.03473,0.163,0.1341,0.2394,32.3,2109,254000,46270000,-1617,710700,67070,-5.05E+11,-47660000000,-4497000000,7.18E+17,4.307E+11,40650000000,6.032E+14,angry
62.79,0.2708,0.000795,219.4,0.002951,0.1122,0.0952,111.2,0.5479,0.2211,0.2896,0.2115,0.1831,0.1471,0.1502,0.1616,0.1534,0.2024,53.26,992.9,151300,23240000,599.8,251.8,43.16,358400000,47030000,5802000,7.651E+14,428900000,52770000,1.17E+12,33.74,0.1584,0.000362,1621,0.002575,0.09926,0.5317,67.15,-0.7873,0.649,0.03574,0.06545,0.000476,0.04553,0.04463,0.143,0.1011,0.1874,45.89,1616,139000,29860000,-1615,711600,67240,-5.064E+11,-47850000000,-4520000000,7.21E+17,4.324E+11,40860000000,6.078E+14,angry
12.45,0.0714,0.000396,215.1,0.002819,0.1069,0.08408,27.28,0.07793,0.5239,0.2879,0.2261,0.1701,0.1627,0.1441,0.1427,0.1357,0.1835,20.11,2235,275100,53990000,368.4,263.2,38.06,375000000,44150000,5125000,8.015E+14,402000000,46580000,1.035E+12,13.67,0.07118,0.000213,1604,0.00217,0.08305,0.5664,34.04,-0.9579,0.4421,0.1495,0.03204,-0.1127,0.03615,0.1279,0.1425,0.0673,0.1456,32.81,2286,260300,49300000,-1637,712500,67340,-5.077E+11,-47980000000,-4534000000,7.23E+17,4.336E+11,40980000000,6.105E+14,disgust
12.78,0.0782,0.000358,211.1,0.002302,0.08703,0.08694,28.43,0.07869,0.4885,0.3348,0.263,0.1586,0.1404,0.1363,0.1354,0.1271,0.1499,18.41,2173,255600,51270000,360.4,291.6,49.97,416100000,54880000,6740000,8.906E+14,498200000,61120000,1.364E+12,13.84,0.07705,0.000175,1603,0.002107,0.08116,0.5148,35.67,-0.9558,0.5181,-0.01938,0.03902,-0.1393,0.01043,0.1304,0.1412,0.08443,0.149,33.34,2104,219300,40530000,-1536,713500,67460,-5.09E+11,-48130000000,-4550000000,7.26E+17,4.349E+11,41120000000,6.137E+14,disgust
9.577,0.05577,0.001091,225.4,0.003728,0.1413,0.08291,18.43,0.0546,0.2344,0.2973,0.2456,0.137,0.1408,0.1375,0.1583,0.1453,0.2402,11.72,917.2,133900,27020000,279.5,311.1,50.29,444600000,56200000,6797000,9.529E+14,511200000,61710000,1.378E+12,10.89,0.0645,0.000478,1595,0.003017,0.1155,0.5491,26.28,-0.9737,0.6368,0.01938,-0.01187,-0.03753,0.01691,0.01554,0.08662,0.07349,0.2013,27,1520,177600,31820000,-1454,714500,67600,-5.105E+11,-48300000000,-4569000000,7.30E+17,4.365E+11,41290000000,6.176E+14,disgust
10.16,0.05528,0.001801,217.1,0.004757,0.1791,0.07695,20.74,0.06091,0.254,0.2884,0.2018,0.1327,0.1317,0.1071,0.1131,0.1312,0.274,12.5,1083,161500,32440000,299.2,320.1,47.55,458100000,54870000,6438000,9.834E+14,499200000,58470000,1.308E+12,9.522,0.04922,0.000698,1615,0.00391,0.1491,0.5762,23.16,-0.977,0.5562,0.1271,0.05366,-0.009274,0.07261,0.07543,0.1028,0.06129,0.2356,25.65,1558,187900,34200000,-1434,715600,67720,-5.121E+11,-48460000000,-4585000000,7.33E+17,4.38E+11,41450000000,6.21E+14,disgust
10.99,0.05525,0.000336,247.7,0.002401,0.09101,0.08412,20.84,0.0651,0.2426,0.2873,0.1894,0.1599,0.1559,0.1332,0.1523,0.1402,0.1604,13.43,983.4,134000,26790000,217.2,285.1,37.95,408700000,45320000,5147000,8.786E+14,414000000,46890000,1.047E+12,10.99,0.05793,0.000202,1604,0.00231,0.08871,0.5174,25.04,-0.9705,0.5894,0.03251,0.0457,-0.08521,0.007401,0.0803,0.1535,0.1056,0.1593,26.81,1482,167000,29620000,-1436,716600,67830,-5.136E+11,-48610000000,-4601000000,7.36E+17,4.393E+11,41590000000,6.241E+14,disgust
14.24,0.08811,0.000119,194.6,0.001086,0.04103,0.0395,29.07,0.0994,0.373,0.3486,0.239,0.1999,0.1642,0.171,0.155,0.162,0.07236,17.78,1703,209000,41120000,242.2,260.1,35.68,373300000,43070000,4846000,8.036E+14,389400000,43810000,9.873E+11,14.33,0.08044,7.70E-05,1614,0.001184,0.04559,0.5314,33.38,-0.9572,0.5925,0.05291,0.1059,-0.1142,-0.01708,0.08769,0.1406,0.07092,0.08329,28.73,1626,178400,33110000,-1622,717600,67920,-5.149E+11,-48740000000,-4612000000,7.39E+17,4.405E+11,41690000000,6.265E+14,happy
10.46,0.06833,0.000337,211.9,0.001684,0.06377,0.05407,23.54,0.06969,0.2372,0.3331,0.1986,0.1376,0.1123,0.1271,0.1562,0.128,0.113,12.83,1056,143600,28390000,210.1,288.6,39.83,414800000,47740000,5419000,8.941E+14,432600000,49060000,1.106E+12,12.19,0.07209,0.000161,1624,0.001692,0.06528,0.5519,27.98,-0.9689,0.6616,0.0392,0.02043,-0.09889,-0.00306,0.04485,0.1335,0.0793,0.1229,26.6,1368,154600,27840000,-1465,718500,68040,-5.163E+11,-48890000000,-4628000000,7.42E+17,4.418E+11,41830000000,6.298E+14,happy
58.53,0.2512,0.000349,204.7,0.001783,0.06749,0.04399,101.5,0.5081,0.1876,0.3403,0.2206,0.1829,0.1219,0.1286,0.124,0.1178,0.1204,50,851.1,125600,19350000,519.1,265.9,42.98,382600000,48620000,5858000,8.259E+14,440900000,53070000,1.197E+12,30.84,0.1509,0.000164,1609,0.001759,0.06802,0.5414,62.18,-0.8127,0.7185,-0.04751,0.0246,-0.04167,0.03029,0.06163,0.1033,0.05879,0.1298,40.93,1191,84890,19360000,-1558,719500,68150,-5.177E+11,-49040000000,-4644000000,7.45E+17,4.432E+11,41980000000,6.33E+14,happy
40.21,0.1777,0.000184,214.1,0.001367,0.05217,0.03926,72.86,0.3492,0.2429,0.3463,0.2256,0.1897,0.1346,0.1582,0.154,0.1358,0.09868,34.84,1076,152500,27360000,311.5,290.3,33.63,418300000,43770000,4590000,9.041E+14,396100000,41520000,9.397E+11,20.61,0.1082,0.000113,1602,0.001336,0.0518,0.5678,44.91,-0.8983,0.6547,-0.000643,0.04458,-0.08872,0.005338,0.05312,0.1092,0.04844,0.104,33.93,1444,144300,27900000,-1514,720500,68250,-5.191E+11,-49170000000,-4658000000,7.48E+17,4.444E+11,42100000000,6.358E+14,happy
38.79,0.1725,0.000241,224.9,0.001634,0.06209,0.04787,71.76,0.3317,0.2421,0.3605,0.2176,0.168,0.1275,0.1251,0.1325,0.1337,0.1211,33.95,1016,142100,26390000,286.3,249.7,34.52,360200000,41600000,4718000,7.796E+14,377200000,42750000,9.674E+11,19.23,0.1028,0.000172,1573,0.001882,0.07285,0.5095,40.89,-0.9026,0.6859,-0.07056,-0.002173,-0.02115,0.02434,0.04934,0.08435,0.08534,0.1397,31.12,1109,99530,19700000,-1437,721400,68360,-5.204E+11,-49310000000,-4672000000,7.51E+17,4.456E+11,42230000000,6.387E+14,happy
13.47,0.07256,0.000193,199.8,0.001459,0.05503,0.06001,27.33,0.08497,0.2507,0.3561,0.1879,0.1467,0.1339,0.1266,0.1213,0.1229,0.09576,14.83,1053,148700,29240000,231.2,265.4,29.03,383400000,38600000,3973000,8.308E+14,349500000,35950000,8.157E+11,11.14,0.06499,0.000113,1585,0.001572,0.06039,0.5259,26.14,-0.9665,0.6216,0.008036,0.01589,-0.06506,0.03141,0.07329,0.1066,0.05698,0.1104,25.32,1275,140100,25530000,-1419,722300,68440,-5.217E+11,-49440000000,-4684000000,7.54E+17,4.468E+11,42330000000,6.411E+14,neutral
13.33,0.0765,6.20E-05,209.9,0.000878,0.03309,0.07911,27.26,0.07694,0.2786,0.3558,0.2314,0.1386,0.1253,0.09755,0.1134,0.1187,0.05497,13.87,1119,167100,32840000,205.7,245.8,24.94,355500000,34130000,3416000,7.712E+14,309700000,30970000,7.02E+11,11.55,0.06808,4.10E-05,1575,0.000874,0.03354,0.5353,27.22,-0.9669,0.6169,0.07324,0.006404,0.009346,0.06086,0.07761,0.06655,0.03373,0.05713,24.91,1355,169600,32130000,-1573,723200,68520,-5.23E+11,-49550000000,-4694000000,7.56E+17,4.478E+11,42420000000,6.431E+14,neutral
11.77,0.06565,0.000157,222,0.001224,0.0463,0.05107,24.74,0.07108,0.2203,0.3126,0.2199,0.1494,0.1379,0.1351,0.1365,0.1468,0.08007,13.31,974.4,130100,25140000,197.7,252.2,25.47,365300000,34920000,3493000,7.934E+14,317600000,31730000,7.186E+11,11.19,0.06473,8.50E-05,1592,0.001321,0.05073,0.5367,26.2,-0.9695,0.6598,0.04816,-0.01961,-0.06155,0.04245,0.08647,0.1036,0.05733,0.08903,24.14,1214,140200,25500000,-1472,724000,68590,-5.242E+11,-49660000000,-4703000000,7.59E+17,4.488E+11,42510000000,6.451E+14,neutral
60.24,0.2625,0.000148,209.2,0.001341,0.05058,0.03941,110,0.5178,0.2403,0.3153,0.205,0.1871,0.1455,0.1231,0.1254,0.1139,0.08884,52.19,975.6,138400,22400000,548.4,286.7,31.86,415700000,42210000,4374000,9.042E+14,380300000,39410000,9.006E+11,29.91,0.1459,9.40E-05,1566,0.001423,0.05458,0.507,61.23,-0.8047,0.6207,0.02149,0.05709,-0.000509,0.04659,0.03967,0.09287,0.07103,0.09305,40.59,1303,101600,22920000,-1574,725000,68650,-5.256E+11,-49770000000,-4712000000,7.62E+17,4.498E+11,42590000000,6.469E+14,neutral
12.12,0.06767,0.000112,217.9,0.001026,0.03859,0.06806,23.57,0.0691,0.2789,0.3184,0.2054,0.124,0.1284,0.1166,0.1258,0.1044,0.0632,13.27,1095,164400,32750000,209,264.1,27.65,383400000,37730000,3800000,8.349E+14,341300000,34360000,7.833E+11,10.88,0.06386,7.40E-05,1514,0.001151,0.04419,0.4582,25.19,-0.9698,0.5948,0.08088,0.04736,-0.03629,0.02704,0.06715,0.08013,0.03637,0.0785,25.46,1383,164600,30240000,-1476,725900,68730,-5.27E+11,-49890000000,-4723000000,7.65E+17,4.509E+11,42690000000,6.492E+14,neutral
10.62,0.05938,4.80E-05,212.1,0.000778,0.02908,0.0639,21.85,0.06137,0.2463,0.2705,0.1998,0.1132,0.1401,0.09527,0.108,0.1271,0.04032,13.94,1133,153700,30200000,176.5,243.3,27.89,353600000,36490000,3837000,7.711E+14,331600000,34830000,7.918E+11,9.787,0.0554,2.70E-05,1544,0.000737,0.0281,0.6204,24.17,-0.9735,0.5579,0.1121,0.02826,0.004684,0.03367,0.0485,0.09261,0.07853,0.04372,25.77,1543,185200,34010000,-1626,726800,68810,-5.282E+11,-50010000000,-4733000000,7.68E+17,4.519E+11,42780000000,6.513E+14,sad
8.192,0.04495,9.00E-05,155.2,0.001242,0.04662,0.08093,17.35,0.04195,0.2632,0.2842,0.1764,0.1019,0.1003,0.0808,0.07272,0.09096,0.07198,10.9,1096,164700,32470000,228.7,296.8,32.11,432000000,43130000,4422000,9.432E+14,389900000,39960000,9.135E+11,8.485,0.04831,4.90E-05,1604,0.001381,0.05258,0.4612,20.26,-0.9815,0.5734,0.1568,0.03433,0.04166,0.04142,0.04695,0.08217,0.06639,0.08333,20.98,1174,149100,27930000,-1464,727700,68870,-5.296E+11,-50120000000,-4743000000,7.71E+17,4.53E+11,42870000000,6.533E+14,sad
9.854,0.05657,0.000142,184.6,0.001488,0.05626,0.06824,20.32,0.05492,0.2669,0.3125,0.1908,0.1258,0.09384,0.09526,0.1187,0.1073,0.09372,12.17,1106,163800,32190000,233.8,283.3,37.94,412800000,46470000,5233000,9.026E+14,421800000,47450000,1.083E+12,9.446,0.05426,8.80E-05,1606,0.00149,0.05682,0.5466,23.14,-0.9781,0.5943,0.1165,0.003882,0.007652,0.0674,0.06898,0.07662,0.07124,0.09451,22.09,1200,150200,28350000,-1499,728700,68980,-5.31E+11,-50270000000,-4757000000,7.74E+17,4.543E+11,43000000000,6.563E+14,sad
54.94,0.2363,0.000136,281,0.001202,0.04524,0.06401,97.71,0.4759,0.2407,0.3057,0.1891,0.1597,0.1117,0.1129,0.1393,0.1118,0.07287,47.77,1078,159700,27450000,479,311.4,34.13,454500000,45560000,4715000,9.951E+14,414900000,42870000,9.769E+11,24.93,0.1197,6.50E-05,1591,0.001253,0.04788,0.5095,50.28,-0.8497,0.6657,0.07733,0.005115,0.02193,0.06357,0.08539,0.1079,0.09762,0.08049,35.17,1211,115400,24920000,-1608,729800,69080,-5.326E+11,-50410000000,-4772000000,7.77E+17,4.556E+11,43130000000,6.592E+14,sad
9.082,0.05179,8.50E-05,203.8,0.001049,0.03956,0.08377,18.41,0.05283,0.2803,0.2998,0.1857,0.1346,0.1113,0.08992,0.1175,0.09506,0.06278,12.09,1164,163800,31950000,216,279.9,34.24,409000000,43700000,4736000,8.967E+14,396500000,42930000,9.825E+11,8.44,0.04762,3.80E-05,1599,0.001214,0.04611,0.4594,20.02,-0.9809,0.5727,0.1528,0.05889,0.05022,0.03966,0.03603,0.05072,0.05256,0.07186,20.29,1144,145600,27590000,-1509,730800,69170,-5.34E+11,-50550000000,-4784000000,7.81E+17,4.568E+11,43230000000,6.617E+14,sad
11.46,0.08482,0.000753,171.9,0.002272,0.08458,0.03176,25.87,0.08133,0.3561,0.3333,0.1343,0.1525,0.1101,0.1039,0.08499,0.07828,0.1143,18.64,1611,201700,39170000,284.9,319.1,39.16,118800000,15420000,2014000,6.64E+13,140100000,18310000,1.55E+11,9.701,0.05338,0.000342,1601,0.002044,0.0782,0.5831,24.13,-0.9707,0.4982,0.1678,0.1236,-0.02136,0.02563,0.02621,0.01521,0.007935,0.1161,26.32,1674,184000,34830000,-1526,186200,25730,-34660000000,-4790000000,-661700000,1.29E+16,43280000000,5980000000,3.4E+13,angry
13.64,0.1021,0.002158,207.9,0.003272,0.1225,0.04836,29.84,0.09708,0.3766,0.3328,0.1834,0.1269,0.1125,0.1033,0.08487,0.07641,0.1904,18.69,1673,197800,38260000,342.4,374.4,44.52,140300000,17820000,2300000,7.886E+13,162000000,20920000,1.783E+11,11.83,0.06881,0.000812,1571,0.002531,0.09761,0.609,28.77,-0.9601,0.5478,0.06567,0.01035,-0.04454,0.02197,0.02286,0.02872,-0.003862,0.1618,30.4,1873,196500,37120000,-1517,187400,25850,-35110000000,-4844000000,-668000000,1.32E+16,43760000000,6038000000,3.453E+13,angry
9.667,0.09035,0.001357,169.8,0.003305,0.1227,0.04729,25.4,0.06571,0.3902,0.3108,0.1597,0.1242,0.0978,0.08427,0.0792,0.08298,0.1465,18.17,1766,209000,40520000,302.3,346,36.13,130500000,15720000,1875000,7.385E+13,142500000,17010000,1.459E+11,9.065,0.05351,0.000551,1559,0.002413,0.09228,0.588,24.79,-0.9732,0.4677,0.1015,0.05001,-0.03685,0.02607,0.04817,0.06363,0.0177,0.1333,28.21,1868,198800,37200000,-1494,188600,25960,-35580000000,-4896000000,-673500000,1.34E+16,44240000000,6087000000,3.496E+13,angry
11.2,0.09024,0.001114,191.1,0.002969,0.1105,0.04078,23.85,0.06368,0.3138,0.29,0.1646,0.118,0.1038,0.1109,0.09289,0.07823,0.1433,18.52,1577,179000,34990000,303.7,351.2,50.16,133300000,18580000,2616000,7.592E+13,168500000,23710000,2.046E+11,10.41,0.05917,0.000446,1569,0.002411,0.09225,0.5837,26.39,-0.9702,0.5183,0.1098,0.01798,-0.0339,0.04674,0.05063,0.05575,0.009168,0.1382,28.56,1720,177500,33160000,-1515,189800,26080,-36030000000,-4951000000,-680200000,1.37E+16,44740000000,6148000000,3.548E+13,angry
81.22,0.3553,0.001292,193.3,0.002805,0.105,0.04516,141.1,0.7064,0.2195,0.3011,0.1706,0.1976,0.1181,0.09625,0.09328,0.0795,0.1628,70.34,1201,119400,16150000,784.7,348.7,50.78,133200000,18780000,2662000,7.634E+13,170200000,24130000,2.093E+11,49.32,0.2393,0.000575,1577,0.002513,0.09665,0.5724,94.96,-0.6384,0.6561,0.0553,0.03972,0.03098,0.03452,-0.02941,-0.00052,0.005996,0.1587,56.8,1276,40320,17890000,-1695,191000,26220,-36500000000,-5010000000,-687500000,1.39E+16,45270000000,6214000000,3.605E+13,angry
21.74,0.1367,0.000784,181.4,0.001608,0.05985,0.03215,46.63,0.1777,0.221,0.3189,0.1798,0.2048,0.1262,0.1266,0.1183,0.1078,0.08133,22.76,1107,127100,23210000,235.7,364.6,36.78,140200000,16490000,1938000,8.086E+13,149600000,17580000,1.531E+11,16.56,0.106,0.000185,1537,0.001125,0.04381,0.6333,40.67,-0.9303,0.5839,0.05814,0.02304,-0.1221,0.04925,0.02835,0.002447,-0.03193,0.07368,35.44,1946,192600,36670000,-1577,192300,26350,-36970000000,-5067000000,-694300000,1.42E+16,45780000000,6275000000,3.659E+13,disgust
12.89,0.09326,0.000113,172.5,0.001073,0.03978,0.04337,31.35,0.07861,0.2043,0.3113,0.2147,0.1577,0.1187,0.1354,0.1208,0.1244,0.04428,17.99,1077,123100,23230000,174.1,336,26.88,130000000,13710000,1421000,7.546E+13,124800000,12930000,1.127E+11,12.02,0.077,4.30E-05,1538,0.000692,0.0266,0.6821,32.18,-0.9599,0.5351,0.02982,0.05346,-0.04331,0.03038,0.06893,0.000397,-0.05315,0.03892,30.58,1770,184000,33670000,-1646,193500,26450,-37430000000,-5116000000,-699100000,1.45E+16,46230000000,6319000000,3.697E+13,disgust
23.86,0.1351,0.000249,137.8,0.001271,0.04711,0.04436,49.86,0.1784,0.3413,0.383,0.2655,0.1915,0.1619,0.1901,0.1453,0.1367,0.0644,24.35,1612,208000,39810000,284.8,333.4,42.77,129800000,16800000,2269000,7.578E+13,153100000,20670000,1.806E+11,19.54,0.1159,9.10E-05,1585,0.001033,0.04011,0.5918,46.21,-0.914,0.5827,-0.06088,0.01823,-0.1177,0.04072,0.05327,0.003078,-0.04729,0.06647,36.88,1848,176100,34140000,-1641,194600,26550,-37880000000,-5168000000,-704900000,1.48E+16,46700000000,6371000000,3.743E+13,disgust
26.32,0.1598,0.00018,171.1,0.001127,0.04175,0.05178,54.94,0.2104,0.2255,0.3782,0.2267,0.1398,0.08908,0.1445,0.1114,0.1186,0.05509,26.05,1112,144500,25740000,213.7,432.1,44.53,169300000,19820000,2373000,9.955E+13,179600000,21500000,1.897E+11,17.14,0.1011,6.40E-05,1540,0.000826,0.03197,0.6195,40.73,-0.9167,0.5153,0.05843,0.06804,-0.05418,0.03321,0.01299,0.04941,-0.02647,0.052,35.49,1970,191300,37370000,-1617,196000,26670,-38400000000,-5226000000,-710900000,1.51E+16,47220000000,6426000000,3.791E+13,disgust
23.86,0.1351,0.000249,137.8,0.001271,0.04711,0.04436,49.86,0.1784,0.3413,0.383,0.2655,0.1915,0.1619,0.1901,0.1453,0.1367,0.0644,24.35,1612,208000,39810000,284.8,333.4,42.77,131600000,16990000,2290000,7.786E+13,154900000,20860000,1.84E+11,19.54,0.1159,9.10E-05,1585,0.001033,0.04011,0.5918,46.21,-0.914,0.5827,-0.06088,0.01823,-0.1177,0.04072,0.05327,0.003078,-0.04729,0.06647,36.88,1848,176100,34140000,-1641,197300,26800,-38920000000,-5287000000,-718000000,1.54E+16,47770000000,6490000000,3.848E+13,disgust
10.05,0.06366,0.000449,176.5,0.001718,0.06375,0.05927,23.42,0.04847,0.3928,0.3246,0.1481,0.1387,0.09619,0.1028,0.09631,0.1041,0.08198,17.44,1789,233900,45700000,283.3,387.6,57.11,153900000,21500000,3074000,9.166E+13,194800000,27840000,2.481E+11,8.846,0.04857,0.000156,1584,0.001454,0.05549,0.5811,24.07,-0.975,0.3941,0.1539,0.09285,-0.02049,0.04449,0.03523,0.02934,-0.004003,0.0793,28.2,1991,230000,43150000,-1599,198500,26930,-39410000000,-5346000000,-724900000,1.57E+16,48310000000,6552000000,3.904E+13,happy
14.88,0.1097,0.000309,182.7,0.001506,0.05601,0.05985,33.52,0.09228,0.3999,0.3347,0.1475,0.1384,0.09929,0.09386,0.09646,0.08987,0.0759,20.58,1806,232600,44880000,289.6,426.7,53.34,170600000,21800000,2885000,1.023E+14,197900000,26170000,2.341E+11,11.24,0.06735,0.000113,1563,0.001286,0.04905,0.5929,29.22,-0.9588,0.4138,0.1246,0.0637,-0.04272,0.03501,0.04382,0.04055,0.01227,0.07264,29.79,1943,214300,41010000,-1605,199900,27070,-39970000000,-5412000000,-732600000,1.60E+16,48910000000,6622000000,3.966E+13,happy
29.35,0.135,0.000688,179.2,0.001972,0.07304,0.05192,48.06,0.2468,0.3458,0.2728,0.1485,0.1204,0.07458,0.09558,0.09003,0.09919,0.09132,29.27,1640,191400,36220000,265.2,360.8,62.25,145300000,22230000,3385000,8.772E+13,200600000,30550000,2.761E+11,12.7,0.06641,0.000233,1567,0.001694,0.06491,0.608,29.53,-0.9429,0.4921,0.1399,0.02819,-0.03367,0.03222,0.01182,0.02526,-0.005591,0.09438,28.79,1595,164300,32100000,-1522,201300,27200,-40520000000,-5475000000,-739600000,1.63E+16,49470000000,6685000000,4.023E+13,happy
10.86,0.08554,0.0004,144.3,0.001462,0.05411,0.05646,26.19,0.06026,0.3546,0.3503,0.1544,0.1306,0.08767,0.108,0.1017,0.08571,0.06669,17.7,1643,214000,41740000,278.3,394.8,50.05,160000000,20790000,2736000,9.723E+13,188400000,24800000,2.244E+11,10.09,0.06196,0.000128,1566,0.001224,0.04697,0.5984,27.03,-0.969,0.4616,0.09336,0.04341,-0.05213,0.02334,0.01258,0.01789,-0.000376,0.07124,28.72,1790,196000,36880000,-1558,202600,27350,-41040000000,-5541000000,-747800000,1.66E+16,50070000000,6759000000,4.09E+13,happy
8.624,0.07089,0.000234,168.8,0.001105,0.04117,0.05562,22.25,0.04504,0.4348,0.3368,0.1521,0.1316,0.08021,0.08124,0.09906,0.0816,0.05566,16.99,1917,246900,47870000,290,394.6,43.23,160900000,19420000,2373000,9.848E+13,175700000,21470000,1.955E+11,8.245,0.04848,8.10E-05,1578,0.000925,0.03544,0.5724,23.49,-0.9766,0.3683,0.14,0.06882,-0.04593,0.04222,0.04452,0.02556,0.007314,0.05293,27.99,2047,238800,45250000,-1625,204000,27470,-41600000000,-5602000000,-754200000,1.70E+16,50620000000,6817000000,4.142E+13,happy
13.12,0.09555,0.000333,183,0.001462,0.05461,0.04165,29.99,0.07705,0.4173,0.3474,0.1404,0.136,0.117,0.1363,0.09429,0.08497,0.08019,19.62,1872,241900,46680000,304.7,400.6,47.58,164500000,20420000,2623000,1.013E+14,185000000,23760000,2.169E+11,10.42,0.06238,0.000106,1572,0.001149,0.04405,0.593,29.5,-0.9637,0.3505,0.1245,0.122,-0.04834,0.01825,0.05926,0.0591,-0.0173,0.06933,31.49,2270,257000,48530000,-1617,205300,27590,-42160000000,-5664000000,-760800000,1.73E+16,51180000000,6877000000,4.197E+13,neutral
9.977,0.07008,0.000297,174.5,0.001299,0.04831,0.05916,22.96,0.0499,0.3971,0.3016,0.1521,0.135,0.1036,0.1005,0.07573,0.09314,0.06648,16.8,1712,222800,43570000,275.2,369.9,53.69,152900000,21200000,2973000,9.479E+13,191800000,26890000,2.469E+11,8.867,0.05161,9.10E-05,1589,0.00122,0.0466,0.5561,23.48,-0.9752,0.4386,0.1244,0.08507,-0.009003,0.03166,0.05486,0.03891,-0.01461,0.06895,26.88,1833,211900,39490000,-1582,206700,27700,-42710000000,-5725000000,-767100000,1.77E+16,51730000000,6933000000,4.249E+13,neutral
11.45,0.07995,0.000253,180.1,0.001349,0.04996,0.04137,27.04,0.06135,0.3133,0.3025,0.1454,0.1559,0.1153,0.1233,0.08613,0.08941,0.06673,18.89,1477,169200,33030000,243.3,324.6,53.39,135000000,20010000,2972000,8.416E+13,181200000,26900000,2.481E+11,9.984,0.06097,9.60E-05,1578,0.001423,0.05446,0.5448,25.71,-0.969,0.519,0.1142,0.1041,-0.04647,0.0046,0.03662,0.05412,-0.006405,0.08044,25.78,1463,152700,28330000,-1523,207900,27850,-43210000000,-5788000000,-775200000,1.80E+16,52300000000,7006000000,4.317E+13,neutral
8.329,0.06372,0.000406,194.1,0.001452,0.05378,0.05133,22.39,0.04315,0.3546,0.3265,0.1277,0.155,0.1046,0.1183,0.08463,0.08176,0.07142,17.7,1663,212400,41380000,265.8,339.6,46.99,141900000,19010000,2629000,8.9E+13,172700000,23870000,2.206E+11,8.372,0.0487,0.000121,1585,0.001369,0.05227,0.5576,23.56,-0.9775,0.4328,0.1543,0.1221,-0.01683,0.03054,0.02016,0.02709,0.01294,0.07454,25.74,1728,197100,37020000,-1552,209000,27990,-43690000000,-5850000000,-783200000,1.83E+16,52860000000,7079000000,4.384E+13,neutral
9.588,0.07086,0.00026,178.8,0.001169,0.04339,0.05478,22.72,0.04494,0.2773,0.2817,0.2055,0.1364,0.1017,0.1172,0.09064,0.08548,0.05827,17,1294,162200,31650000,226.8,351.7,54.76,147900000,21230000,3077000,9.325E+13,192200000,27850000,2.593E+11,10.04,0.0606,8.10E-05,1593,0.001158,0.04424,0.5522,24.92,-0.9735,0.5828,0.1147,0.01881,-0.04505,0.03011,0.06682,0.06234,0.007571,0.06483,25.55,1479,166900,31080000,-1574,210200,28110,-44190000000,-5908000000,-789800000,1.86E+16,53390000000,7139000000,4.439E+13,neutral
9.318,0.05757,4.90E-05,171.5,0.000601,0.02239,0.03684,21.22,0.03506,0.3578,0.2722,0.2324,0.1125,0.1178,0.1136,0.09264,0.0798,0.02959,14.35,1472,191500,37100000,212.5,303.2,14.65,128100000,11130000,825700,8.124E+13,101300000,7525000,69810000000,9.286,0.05283,1.70E-05,1552,0.000505,0.01927,0.5843,23.67,-0.9761,0.5079,0.1068,-0.05246,-0.06847,-0.01856,0.02031,0.04157,0.03551,0.02815,27.07,1781,219600,41610000,-1649,211300,28190,-44660000000,-5958000000,-794700000,1.89E+16,53840000000,7183000000,4.48E+13,sad
8.461,0.05033,3.80E-05,151.1,0.00048,0.01781,0.07476,20.53,0.03104,0.3703,0.2658,0.1879,0.1174,0.1015,0.1043,0.08534,0.07637,0.02206,13.93,1572,205000,39580000,201.3,351.4,15.13,149300000,12720000,853700,9.519E+13,115400000,7762000,72260000000,8.032,0.04514,1.20E-05,1563,0.000424,0.01612,0.5828,21.71,-0.9808,0.4453,0.1748,0.004409,-0.007333,0.01098,0.03952,0.05499,0.03964,0.02262,24.83,1809,236700,45460000,-1687,212500,28230,-45140000000,-5997000000,-796600000,1.92E+16,54200000000,7200000000,4.497E+13,sad
9.242,0.06221,3.30E-05,166.2,0.000525,0.01952,0.04516,21.59,0.03625,0.3982,0.3044,0.186,0.1294,0.1007,0.09773,0.09253,0.0723,0.02509,15.64,1725,221900,42920000,210.6,334.2,21.77,142800000,13670000,1231000,9.155E+13,124200000,11190000,1.043E+11,8.331,0.04805,1.20E-05,1551,0.000453,0.01725,0.5607,21.53,-0.9777,0.3606,0.1385,0.05441,-0.02705,0.01474,0.03618,0.04476,0.0483,0.02455,27.03,2036,256400,49140000,-1707,213700,28280,-45650000000,-6041000000,-799400000,1.95E+16,54590000000,7225000000,4.52E+13,sad
8.505,0.06633,3.30E-05,155.6,0.000531,0.01977,0.03933,21.11,0.03714,0.405,0.3224,0.1828,0.1124,0.1089,0.09601,0.08948,0.0915,0.02427,15.55,1711,224700,43220000,213.2,342.5,15.96,147100000,12770000,903300,9.483E+13,115900000,8202000,76700000000,7.832,0.0465,1.20E-05,1552,0.000411,0.01567,0.6313,21.3,-0.9791,0.3563,0.1971,0.07123,-0.006929,0.01444,0.02646,0.02833,0.02428,0.02164,26.54,2133,279300,54090000,-1721,214800,28310,-46150000000,-6082000000,-801400000,1.98E+16,54960000000,7243000000,4.537E+13,sad
9.549,0.06628,1.80E-05,172.4,0.000413,0.01533,0.05199,22.34,0.03858,0.38,0.3294,0.1957,0.09645,0.1268,0.1148,0.09266,0.09474,0.01846,16.37,1600,202400,39030000,181.9,306.2,5.632,132200000,9586000,319000,8.566E+13,87010000,2912000,27100000000,8.171,0.04852,7.00E-06,1543,0.000387,0.0147,0.5774,21.75,-0.9781,0.3953,0.1731,0.09143,0.04536,0.02229,0.04108,0.04837,0.03221,0.01939,24.84,1920,250600,48710000,-1699,215900,28330,-46630000000,-6118000000,-802400000,2.01E+16,55280000000,7253000000,4.546E+13,sad
12.74,0.1016,0.00113,238.8,0.002876,0.1079,0.04449,31.61,0.08282,0.2194,0.3486,0.1917,0.1587,0.1433,0.1098,0.09368,0.08011,0.1772,17.82,997,100200,19540000,252.5,286.3,11.57,124200000,10600000,656000,8.087E+13,96150000,5978000,55780000000,10.09,0.07026,0.000422,1524,0.002402,0.09243,0.6231,25.65,-0.9632,0.5845,0.01548,0.04636,-0.03452,0.007855,-0.0338,-0.01322,0.007064,0.1559,24.32,1219,115600,21050000,-1278,217000,28350,-47080000000,-6151000000,-803400000,2.04E+16,55580000000,7262000000,4.554E+13,angry
14.3,0.1067,0.00172,253.7,0.003798,0.1447,0.04376,35.17,0.09102,0.3376,0.3904,0.1803,0.1737,0.1414,0.1057,0.09608,0.09482,0.2722,18.96,1426,195000,38550000,325.6,287.4,12.8,125300000,10930000,726600,8.193E+13,99280000,6638000,61870000000,10.75,0.07157,0.000655,1562,0.002992,0.1159,0.6186,27.44,-0.9591,0.507,0.04344,0.1269,0.00566,0.03349,-0.01716,-0.04466,-0.01474,0.2015,24.72,1358,142900,27070000,-1302,218000,28390,-47510000000,-6188000000,-805800000,2.07E+16,55920000000,7284000000,4.575E+13,angry
17.44,0.1258,0.000852,209.4,0.002798,0.1051,0.05473,40.02,0.1084,0.2696,0.3914,0.1886,0.1779,0.1691,0.1043,0.123,0.1101,0.1767,21.04,1253,160300,31540000,282,276.4,23.21,121000000,12920000,1320000,7.949E+13,116600000,11910000,1.126E+11,13.7,0.09101,0.00033,1583,0.002182,0.08451,0.6345,31.63,-0.9448,0.5633,-0.01574,0.08611,0.01207,0.02946,-0.01998,-0.03065,-0.01357,0.1443,27.82,1334,126800,24210000,-1394,218900,28440,-47930000000,-6227000000,-808700000,2.10E+16,56270000000,7310000000,4.599E+13,angry
20.75,0.1325,0.000449,213,0.002177,0.0824,0.04601,46.61,0.1363,0.2584,0.3937,0.1753,0.1799,0.1679,0.1195,0.1081,0.1032,0.1473,22.1,1161,157300,30890000,253.1,282.3,16.54,124200000,11670000,942900,8.192E+13,105600000,8539000,80640000000,15.09,0.09297,0.000195,1568,0.00176,0.06815,0.6169,34.19,-0.9354,0.5836,0.01448,0.1394,0.0266,0.05815,-0.02462,-0.05096,-0.05214,0.1185,27.68,1329,133200,25280000,-1435,219900,28510,-48360000000,-6270000000,-812800000,2.13E+16,56660000000,7347000000,4.634E+13,angry
17.12,0.1096,0.000807,211.5,0.002309,0.08646,0.03307,37.42,0.1055,0.3377,0.4198,0.2,0.1457,0.1646,0.1048,0.09732,0.09375,0.1456,19.23,1419,195300,38570000,284.4,298,21.12,131600000,13160000,1206000,8.724E+13,119200000,10930000,1.034E+11,13.22,0.08203,0.00035,1512,0.001748,0.06767,0.6361,31.61,-0.9493,0.5508,-0.009954,0.08598,0.0212,0.01532,-0.07324,-0.04645,-0.01552,0.1205,28.3,1467,156100,29520000,-1430,220900,28570,-48800000000,-6312000000,-816100000,2.16E+16,57040000000,7377000000,4.663E+13,angry
16.21,0.1072,0.000519,196.1,0.002075,0.078,0.04521,35.75,0.09725,0.2723,0.3967,0.2287,0.1665,0.1202,0.1011,0.09581,0.09129,0.1295,18.11,1154,149400,29040000,255.8,298.5,21.33,132500000,13260000,1222000,8.82E+13,119600000,11010000,1.049E+11,12.8,0.07936,0.000221,1591,0.001893,0.07302,0.616,29.77,-0.9553,0.652,-0.01047,0.03723,-0.02853,-0.02775,-0.001216,0.003479,-0.006383,0.1237,23.92,992.8,100500,19040000,-1392,221900,28640,-49260000000,-6355000000,-819800000,2.19E+16,57430000000,7410000000,4.694E+13,disgust
16.85,0.1104,0.000661,221.8,0.00241,0.09078,0.05187,37.41,0.1048,0.3395,0.3735,0.1874,0.1747,0.164,0.1096,0.09207,0.08799,0.1543,19.61,1427,203500,40320000,299.8,331.9,21.54,148000000,14260000,1236000,9.905E+13,128800000,11170000,1.064E+11,11.99,0.07301,0.000272,1591,0.002114,0.08137,0.6033,29.08,-0.9549,0.5368,0.08859,0.1285,0.02607,0.0407,-0.03233,-0.03475,-0.00779,0.1365,23.85,1233,137600,26590000,-1366,223000,28700,-49740000000,-6401000000,-823600000,2.22E+16,57840000000,7444000000,4.727E+13,disgust
17.6,0.113,0.000813,195.9,0.00245,0.09246,0.06413,39.34,0.1049,0.3846,0.3945,0.1867,0.1539,0.1293,0.1099,0.1007,0.08496,0.1594,19.56,1636,228700,44760000,342,319.7,23.1,143300000,14320000,1329000,9.637E+13,129800000,12060000,1.147E+11,13.22,0.07771,0.000291,1608,0.001982,0.07626,0.6433,33.03,-0.9493,0.4904,0.06815,0.09817,0.01401,0.01645,-0.01761,-0.009572,0.006764,0.1305,27.59,1549,173900,32890000,-1442,224200,28760,-50240000000,-6447000000,-827000000,2.25E+16,58260000000,7475000000,4.757E+13,disgust
16.21,0.1072,0.000519,196.1,0.002075,0.078,0.04521,35.75,0.09725,0.2723,0.3967,0.2287,0.1665,0.1202,0.1011,0.09581,0.09129,0.1295,18.11,1154,149400,29040000,255.8,298.5,21.33,134400000,13380000,1230000,9.083E+13,120700000,11090000,1.064E+11,12.8,0.07936,0.000221,1591,0.001893,0.07302,0.616,29.77,-0.9553,0.652,-0.01047,0.03723,-0.02853,-0.02775,-0.001216,0.003479,-0.006383,0.1237,23.92,992.8,100500,19040000,-1392,225200,28830,-50720000000,-6493000000,-831000000,2.29E+16,58670000000,7511000000,4.791E+13,disgust
16.85,0.1104,0.000661,221.8,0.00241,0.09078,0.05187,37.41,0.1048,0.3395,0.3735,0.1874,0.1747,0.164,0.1096,0.09207,0.08799,0.1543,19.61,1427,203500,40320000,299.8,331.9,21.54,150200000,14390000,1245000,1.02E+14,130000000,11250000,1.079E+11,11.99,0.07301,0.000272,1591,0.002114,0.08137,0.6033,29.08,-0.9549,0.5368,0.08859,0.1285,0.02607,0.0407,-0.03233,-0.03475,-0.00779,0.1365,23.85,1233,137600,26590000,-1366,226300,28900,-51220000000,-6540000000,-834800000,2.32E+16,59090000000,7546000000,4.824E+13,disgust
10.64,0.07428,0.000257,205.3,0.001699,0.06337,0.0672,26.45,0.05996,0.2319,0.2935,0.1639,0.1605,0.1274,0.1045,0.07807,0.08794,0.08376,17.35,1093,134500,26230000,228.1,309.9,11.7,141000000,11620000,677400,9.616E+13,105100000,6131000,58820000000,8.602,0.05096,0.000109,1549,0.00141,0.05434,0.6106,21.53,-0.9746,0.5239,0.1397,0.1461,0.002153,-0.01961,-0.03154,0.003043,0.01364,0.08069,22.47,1284,143200,26500000,-1411,227400,28950,-51720000000,-6583000000,-837700000,2.35E+16,59490000000,7572000000,4.85E+13,happy
6.299,0.0529,0.000245,175.5,0.001455,0.05432,0.04371,18.01,0.03401,0.2352,0.248,0.1364,0.116,0.1103,0.1039,0.08649,0.08236,0.07489,14.94,1218,154300,30220000,255.4,317.5,13.55,145100000,12270000,785600,9.946E+13,111100000,7129000,68300000000,7.119,0.04136,8.40E-05,1501,0.00122,0.04642,0.604,19.92,-0.9817,0.4494,0.1381,0.0894,0.05001,0.02444,-0.008809,0.03055,0.004584,0.06896,24.58,1686,197400,36030000,-1460,228500,28990,-52210000000,-6623000000,-839900000,2.39E+16,59850000000,7592000000,4.869E+13,happy
10.97,0.08335,0.000492,195.9,0.002357,0.0879,0.04992,29.12,0.06646,0.2067,0.2536,0.1195,0.1299,0.1164,0.1033,0.09598,0.09284,0.1164,17.46,975,105800,20770000,234.2,345.9,15.98,158900000,13690000,927800,1.094E+14,124000000,8418000,80800000000,8.782,0.0525,0.00019,1528,0.001999,0.07606,0.5978,22.17,-0.9723,0.5326,0.1001,0.0677,0.02163,0.01747,-0.02071,0.008375,0.003077,0.1202,22.36,1178,121800,22280000,-1316,229700,29030,-52740000000,-6668000000,-842800000,2.42E+16,60250000000,7617000000,4.893E+13,happy
18.24,0.132,0.000302,219.6,0.001848,0.06958,0.03471,42.64,0.1206,0.224,0.2643,0.1503,0.1333,0.1068,0.1241,0.08607,0.1116,0.1167,23.24,1175,110400,21930000,246.3,306.2,9.907,141300000,11120000,575900,9.784E+13,100600000,5219000,50230000000,12.96,0.0872,0.000164,1536,0.001771,0.06839,0.6066,32.93,-0.9444,0.5403,0.04472,0.09182,-0.0139,-0.01674,-0.0525,0.03086,-0.02911,0.122,29.87,1616,150500,27710000,-1310,230800,29070,-53260000000,-6709000000,-845000000,2.46E+16,60630000000,7638000000,4.912E+13,happy
6.299,0.0529,0.000245,175.5,0.001455,0.05432,0.04371,18.01,0.03401,0.2352,0.248,0.1364,0.116,0.1103,0.1039,0.08649,0.08236,0.07489,14.94,1218,154300,30220000,255.4,317.5,13.55,147200000,12350000,789000,1.024E+14,111900000,7161000,68900000000,7.119,0.04136,8.40E-05,1501,0.00122,0.04642,0.604,19.92,-0.9817,0.4494,0.1381,0.0894,0.05001,0.02444,-0.008809,0.03055,0.004584,0.06896,24.58,1686,197400,36030000,-1460,231900,29110,-53760000000,-6750000000,-847300000,2.49E+16,60990000000,7658000000,4.933E+13,happy
51.5,0.2355,0.000274,243.7,0.001312,0.04979,0.04122,94.82,0.4373,0.2255,0.3486,0.1968,0.2055,0.1744,0.1186,0.1079,0.08357,0.09055,44.4,972.1,128700,20550000,435.9,295.7,2.214,137700000,8849000,128900,9.625E+13,79960000,1153000,11270000000,23.67,0.1256,0.00012,1532,0.001193,0.04686,0.6565,52.23,-0.8495,0.5495,-0.05184,0.1675,-0.04021,0.009498,-0.05532,0.000605,-0.04097,0.08766,39.04,1650,135200,27150000,-1429,232900,29130,-54250000000,-6785000000,-848300000,2.53E+16,61310000000,7668000000,4.942E+13,neutral
13.06,0.1031,0.000304,236.8,0.001474,0.05533,0.03337,32.94,0.08225,0.2686,0.3287,0.1623,0.1309,0.1396,0.1007,0.112,0.08219,0.1048,16.93,1181,155900,30470000,301.8,308.3,6.534,144300000,10470000,380700,1.013E+14,94960000,3480000,33280000000,10.18,0.06831,0.00014,1535,0.001312,0.05083,0.6009,27.42,-0.9641,0.4854,0.05474,0.1044,-0.03491,0.01306,-0.02674,-0.01082,-0.04055,0.0942,28.45,1788,194900,35410000,-1391,234000,29140,-54740000000,-6819000000,-849200000,2.56E+16,61620000000,7676000000,4.949E+13,neutral
15.61,0.1129,0.000428,232.5,0.001579,0.05952,0.04096,36.75,0.09479,0.2861,0.3849,0.1861,0.1534,0.143,0.1261,0.1529,0.1052,0.1049,18.8,1244,152400,29900000,254.5,281,5.091,132000000,9347000,296700,9.308E+13,84580000,2696000,25950000000,11.08,0.07118,0.000171,1517,0.001437,0.05567,0.6044,28.47,-0.9574,0.5257,0.01618,0.08572,0.02742,0.03024,-0.05064,-0.05935,-0.06377,0.09865,25.85,1436,151400,28630000,-1363,235000,29160,-55220000000,-6851000000,-849900000,2.60E+16,61910000000,7682000000,4.955E+13,neutral
16.21,0.1185,0.000252,229,0.001309,0.04997,0.0338,36.84,0.1094,0.2658,0.3269,0.1898,0.1478,0.1604,0.1166,0.1102,0.09222,0.09481,18.94,1123,145500,28540000,285.6,319.9,3.25,151000000,9942000,189500,1.069E+14,90230000,1751000,16580000000,11.49,0.07462,0.000103,1515,0.001095,0.04303,0.6494,29.62,-0.954,0.4721,0.01366,0.1069,-0.03287,0.0161,-0.01075,0.004644,-0.04814,0.08121,30.56,1896,199600,36680000,-1423,236000,29170,-55710000000,-6885000000,-850700000,2.63E+16,62220000000,7689000000,4.962E+13,neutral
15.14,0.1229,0.000268,209.7,0.001347,0.05123,0.04351,35.55,0.1055,0.2528,0.3289,0.169,0.1506,0.1563,0.1293,0.1246,0.1014,0.09375,19.04,1067,119200,23250000,220.1,275.9,3.774,130800000,8705000,220100,9.303E+13,78800000,2002000,19260000000,10.42,0.073,0.000114,1558,0.001214,0.04736,0.619,27.33,-0.9573,0.5005,-0.03127,0.1032,0.0487,0.04119,-0.004582,-0.01475,-0.06775,0.08442,26.76,1579,160800,29680000,-1381,237100,29170,-56190000000,-6915000000,-850800000,2.66E+16,62490000000,7690000000,4.963E+13,neutral
13.15,0.09843,0.000169,192,0.001123,0.04248,0.03838,31.43,0.08306,0.2499,0.347,0.1644,0.1558,0.1371,0.09709,0.08192,0.08936,0.07528,17.47,1115,143000,27850000,233,309.6,9.157,147400000,11170000,534400,1.053E+14,101000000,4835000,46800000000,10.29,0.06835,6.90E-05,1514,0.000989,0.03809,0.6175,27.09,-0.9631,0.5215,0.02914,0.1049,-0.01252,0.01923,-0.03457,-0.05346,-0.04281,0.06925,27.06,1563,165200,30310000,-1431,238100,29190,-56670000000,-6949000000,-851800000,2.70E+16,62800000000,7700000000,4.972E+13,sad
9.145,0.07047,9.50E-05,185.3,0.00096,0.03599,0.04754,21.23,0.05334,0.2661,0.3364,0.1723,0.1251,0.1323,0.09905,0.08408,0.07162,0.05889,14.16,1218,172400,34020000,274.7,329.3,4.724,157500000,10720000,275900,1.13E+14,96950000,2506000,24170000000,7.491,0.04704,4.00E-05,1508,0.000817,0.03126,0.6125,20.25,-0.9777,0.4429,0.09875,0.08246,0.05051,0.0403,-0.04043,-0.05076,-0.02766,0.05172,24.93,1691,203700,37960000,-1492,239200,29210,-57200000000,-6986000000,-853000000,2.74E+16,63130000000,7711000000,4.983E+13,sad
9.231,0.07312,0.000166,168,0.001039,0.03924,0.04817,23.06,0.05429,0.2464,0.3544,0.187,0.1282,0.1403,0.09178,0.07425,0.08487,0.06252,15.05,1152,151800,29570000,245.9,307.2,4.238,147600000,9912000,247500,1.064E+14,89800000,2258000,21700000000,7.872,0.04998,5.20E-05,1518,0.000903,0.03475,0.6163,21.9,-0.976,0.4702,0.0981,0.1145,0.04317,0.01238,-0.02033,-0.02363,-0.01207,0.05552,24.01,1537,179000,33120000,-1470,240300,29220,-57730000000,-7022000000,-853800000,2.77E+16,63450000000,7718000000,4.99E+13,sad
10.38,0.08521,9.30E-05,185.7,0.000819,0.03084,0.0657,23.55,0.05252,0.2744,0.3488,0.2079,0.1427,0.1582,0.1199,0.093,0.1013,0.05197,14.43,1223,170600,33210000,246.6,330.6,7.129,159600000,11350000,416700,1.156E+14,102700000,3785000,36540000000,8.213,0.05249,3.50E-05,1523,0.000746,0.02867,0.5797,21.18,-0.9777,0.5169,0.1139,0.06386,-0.009966,-0.0314,-0.02078,-0.007296,-0.005413,0.04716,23.46,1481,183300,34870000,-1511,241400,29240,-58260000000,-7056000000,-854500000,2.81E+16,63770000000,7724000000,4.995E+13,sad
9.735,0.06062,0.000141,160.4,0.001054,0.03919,0.0588,23.38,0.05722,0.2391,0.3513,0.1849,0.1307,0.1402,0.09058,0.09342,0.0905,0.05889,13.34,1037,134700,26060000,189.9,280,10.61,135800000,10740000,620900,9.874E+13,97030000,5609000,54500000000,7.364,0.04189,5.90E-05,1524,0.001,0.03843,0.5886,18.59,-0.9796,0.5402,0.1459,0.09071,0.08412,0.05934,-0.008379,-0.03784,-0.02992,0.056,19.62,1220,153000,29050000,-1492,242400,29260,-58770000000,-7093000000,-855900000,2.85E+16,64100000000,7737000000,5.008E+13,sad
66.3,0.3062,0.000695,206.7,0.002628,0.09817,0.03671,121,0.5706,0.272,0.3072,0.1866,0.1924,0.1483,0.122,0.1322,0.1119,0.1461,57.04,1296,155000,23710000,617.7,306.9,30.43,149400000,16250000,1784000,1.091E+14,147900000,16240000,1.569E+11,38.26,0.204,0.000278,1560,0.001921,0.07464,0.6592,79.4,-0.7328,0.5694,0.03123,0.09948,-0.01444,-0.00352,-0.0954,-0.0363,-0.03198,0.1294,51.26,1793,113100,28590000,-1603,243400,29330,-59260000000,-7140000000,-859900000,2.89E+16,64520000000,7773000000,5.043E+13,angry
19.96,0.1609,0.001137,217.1,0.002707,0.102,0.04531,44.99,0.1569,0.293,0.3477,0.2038,0.1348,0.1382,0.105,0.1295,0.09564,0.1733,23.55,1439,156400,30310000,283.9,297.5,44.4,145500000,19480000,2612000,1.067E+14,177000000,23720000,2.305E+11,14.12,0.0979,0.000377,1583,0.002314,0.08937,0.6338,34.95,-0.9351,0.5318,0.006164,0.07525,-0.05589,-0.02491,-0.04064,-0.003257,-0.01621,0.1544,31.11,1652,147500,28540000,-1435,244500,29430,-59770000000,-7195000000,-865800000,2.92E+16,65020000000,7826000000,5.095E+13,angry
27.63,0.1627,0.000916,213,0.002523,0.09517,0.05575,57.86,0.2378,0.3099,0.3427,0.193,0.1483,0.1507,0.1142,0.1081,0.08857,0.1665,26.07,1487,187300,33920000,306.9,337.9,49.12,166000000,21840000,2901000,1.223E+14,198200000,26300000,2.57E+11,14.85,0.09404,0.000339,1587,0.002103,0.08141,0.6209,36.44,-0.9227,0.4884,0.05206,0.02644,-0.05776,-0.01713,-0.06166,-0.007444,-0.01613,0.1449,32.17,1849,174900,36040000,-1456,245600,29540,-60310000000,-7255000000,-872500000,2.96E+16,65560000000,7887000000,5.154E+13,angry
23.87,0.1802,0.001135,202.8,0.002954,0.1108,0.0605,53.36,0.2063,0.3357,0.3704,0.1771,0.1321,0.1429,0.1066,0.1072,0.09257,0.1743,27.54,1620,182900,32930000,294.1,345.3,51.13,170400000,22630000,3032000,1.262E+14,205000000,27460000,2.697E+11,13.58,0.09394,0.000385,1572,0.002445,0.09402,0.6182,34.18,-0.9257,0.4502,0.02178,0.02195,-0.03254,0.006329,-0.05309,-0.00972,-0.003441,0.1564,31.82,1880,164100,35990000,-1409,246800,29660,-60890000000,-7320000000,-879700000,3.01E+16,66150000000,7952000000,5.218E+13,angry
66.3,0.3062,0.000695,206.7,0.002628,0.09817,0.03671,121,0.5706,0.272,0.3072,0.1866,0.1924,0.1483,0.122,0.1322,0.1119,0.1461,57.04,1296,155000,23710000,617.7,306.9,30.43,152100000,16520000,1811000,1.131E+14,150300000,16480000,1.617E+11,38.26,0.204,0.000278,1560,0.001921,0.07464,0.6592,79.4,-0.7328,0.5694,0.03123,0.09948,-0.01444,-0.00352,-0.0954,-0.0363,-0.03198,0.1294,51.26,1793,113100,28590000,-1603,247900,29770,-61450000000,-7379000000,-885800000,3.05E+16,66690000000,8008000000,5.273E+13,angry
18.98,0.1469,0.000503,198.4,0.002445,0.09165,0.0579,42.59,0.1243,0.3168,0.37,0.2054,0.1315,0.1323,0.1066,0.09539,0.1062,0.1404,24.35,1477,149000,29130000,257.4,366.2,33.86,182400000,19280000,2021000,1.363E+14,175200000,18380000,1.81E+11,16.18,0.1127,0.000224,1588,0.001956,0.07511,0.6234,39.38,-0.9304,0.5314,0.01307,0.06778,-0.07027,-0.02048,-0.07104,-0.007296,-0.03978,0.1265,34.37,1781,156900,30910000,-1511,249100,29850,-62020000000,-7435000000,-890900000,3.09E+16,67190000000,8054000000,5.318E+13,disgust
26.27,0.1566,0.00056,196.3,0.002558,0.09589,0.04744,55.16,0.2125,0.3309,0.3839,0.2396,0.188,0.1399,0.1255,0.1393,0.1193,0.1473,27.03,1757,215800,40860000,335,355,49.55,177700000,22940000,2969000,1.334E+14,208400000,26970000,2.669E+11,19.31,0.1218,0.000225,1597,0.002123,0.0818,0.6007,45.83,-0.9121,0.5931,0.07967,0.01322,-0.1587,-0.07663,-0.09365,-0.00734,-0.01504,0.1384,34.59,1822,170500,34580000,-1583,250300,29980,-62650000000,-7503000000,-898400000,3.14E+16,67810000000,8122000000,5.386E+13,disgust
25.01,0.1555,0.000483,211.2,0.002755,0.1041,0.0613,53.74,0.2137,0.2944,0.3388,0.2036,0.1317,0.1295,0.09117,0.09858,0.1055,0.1759,25.28,1446,157700,28750000,312.9,401.2,68.3,201900000,29050000,4116000,1.524E+14,263600000,37320000,3.72E+11,15.58,0.102,0.000233,1599,0.002573,0.09899,0.5733,37.58,-0.9271,0.6108,0.02032,-0.06019,-0.1138,-0.01768,-0.06403,-0.005839,-0.003557,0.1773,30.95,1559,138800,28610000,-1417,251600,30150,-63300000000,-7585000000,-908500000,3.19E+16,68550000000,8213000000,5.477E+13,disgust
26.48,0.1607,0.000573,182.4,0.002545,0.09513,0.08547,58.16,0.2284,0.2958,0.3348,0.191,0.1376,0.1341,0.1259,0.09722,0.1039,0.1473,27.55,1506,165700,30170000,301.4,385.5,49.54,195000000,24100000,3000000,1.48E+14,217200000,27050000,2.725E+11,15.03,0.09424,0.000218,1585,0.002547,0.09758,0.5793,36.83,-0.9225,0.5267,0.05876,0.01488,-0.0643,-0.009408,-0.0626,0.0038,-0.004701,0.1613,30.59,1594,138000,29070000,-1374,253000,30290,-63990000000,-7662000000,-917100000,3.24E+16,69250000000,8291000000,5.555E+13,disgust
18.98,0.1469,0.000503,198.4,0.002445,0.09165,0.0579,42.59,0.1243,0.3168,0.37,0.2054,0.1315,0.1323,0.1066,0.09539,0.1062,0.1404,24.35,1477,149000,29130000,257.4,366.2,33.86,186200000,19650000,2059000,1.421E+14,178600000,18720000,1.878E+11,16.18,0.1127,0.000224,1588,0.001956,0.07511,0.6234,39.38,-0.9304,0.5314,0.01307,0.06778,-0.07027,-0.02048,-0.07104,-0.007296,-0.03978,0.1265,34.37,1781,156900,30910000,-1511,254300,30410,-64650000000,-7731000000,-924400000,3.29E+16,69880000000,8357000000,5.621E+13,disgust
12.03,0.08399,0.000552,196.2,0.001734,0.06518,0.07998,27.23,0.06907,0.3066,0.3308,0.2055,0.1394,0.1611,0.1133,0.1114,0.1097,0.119,16.59,1297,150800,29760000,299.3,420.5,16.3,214900000,16840000,993300,1.648E+14,153400000,9109000,90800000000,10.8,0.0734,0.000158,1572,0.001362,0.05241,0.5991,28.68,-0.965,0.5218,0.02265,0.009129,-0.06041,-0.01273,-0.0387,-0.01649,-0.03755,0.09789,29.18,1763,187300,34700000,-1429,255600,30480,-65340000000,-7790000000,-928600000,3.34E+16,70410000000,8395000000,5.659E+13,happy
51.27,0.2307,0.000282,194.3,0.001589,0.06018,0.07231,92.99,0.4377,0.276,0.3313,0.2241,0.1905,0.1792,0.1111,0.1288,0.1059,0.1092,45.68,1251,145000,24720000,471.7,354.8,36.4,182300000,20130000,2223000,1.405E+14,181800000,20080000,2.037E+11,24.75,0.1422,0.000135,1590,0.001493,0.05765,0.5708,54.32,-0.849,0.6021,0.0028,-0.006231,-0.08049,-0.02501,-0.0789,-0.003086,-0.02483,0.1036,38.45,1466,115100,25390000,-1529,257000,30550,-66030000000,-7849000000,-932800000,3.39E+16,70940000000,8433000000,5.698E+13,happy
18.54,0.1028,0.000384,203.7,0.001787,0.06704,0.05456,37.19,0.077,0.2875,0.2976,0.2216,0.1584,0.1657,0.1055,0.1021,0.09028,0.1103,20.8,1258,135000,26320000,258.4,335,26.35,172900000,17000000,1614000,1.339E+14,153200000,14530000,1.483E+11,11.66,0.07086,0.00018,1580,0.001762,0.06787,0.567,30.01,-0.9654,0.5821,0.0158,-0.01952,-0.08937,-0.04174,-0.05814,-0.003158,-0.007353,0.1142,28.5,1475,144400,26750000,-1419,258200,30630,-66640000000,-7907000000,-938000000,3.44E+16,71470000000,8480000000,5.745E+13,happy
15.47,0.1103,0.000555,195.8,0.002064,0.07693,0.05456,35.14,0.0923,0.2335,0.3097,0.233,0.176,0.1651,0.1071,0.1332,0.1182,0.1094,19.8,1121,126100,24260000,233.5,324.4,27.56,168200000,17010000,1693000,1.308E+14,154200000,15360000,1.56E+11,12.99,0.08919,0.000241,1583,0.001773,0.068,0.6255,33.01,-0.9532,0.5906,0.004237,0.05743,-0.08304,-0.02763,-0.07442,-0.02874,-0.02831,0.1075,30.34,1555,148400,26560000,-1460,259300,30720,-67230000000,-7966000000,-943700000,3.49E+16,72000000000,8531000000,5.798E+13,happy
51.27,0.2307,0.000282,194.3,0.001589,0.06018,0.07231,92.99,0.4377,0.276,0.3313,0.2241,0.1905,0.1792,0.1111,0.1288,0.1059,0.1092,45.68,1251,145000,24720000,471.7,354.8,36.4,184800000,20350000,2243000,1.444E+14,183800000,20260000,2.072E+11,24.75,0.1422,0.000135,1590,0.001493,0.05765,0.5708,54.32,-0.849,0.6021,0.0028,-0.006231,-0.08049,-0.02501,-0.0789,-0.003086,-0.02483,0.1036,38.45,1466,115100,25390000,-1529,260500,30810,-67840000000,-8025000000,-949100000,3.53E+16,72540000000,8581000000,5.848E+13,happy
72.5,0.3106,0.000393,221.1,0.001573,0.05955,0.0523,125.8,0.6268,0.2194,0.3288,0.2205,0.2034,0.1487,0.1075,0.1209,0.1047,0.1094,62.29,1039,126000,16880000,677.7,331.4,24.06,173400000,16460000,1487000,1.361E+14,148200000,13370000,1.378E+11,39.28,0.1915,0.000145,1590,0.00158,0.06127,0.5377,76.97,-0.7235,0.6581,0.007505,0.06062,0.005124,-0.03319,-0.09195,-0.02422,0.008582,0.1152,48.89,1266,66870,19170000,-1548,261700,30890,-68460000000,-8083000000,-954100000,3.58E+16,73060000000,8626000000,5.894E+13,neutral
36.44,0.1751,0.000391,223.5,0.001343,0.05021,0.06934,64.68,0.3003,0.2344,0.369,0.2128,0.1586,0.1588,0.1112,0.1173,0.09388,0.09094,34.02,1127,87090,15360000,222.3,264.5,16.32,139000000,12400000,1010000,1.095E+14,111500000,9059000,93830000000,17.86,0.1054,0.000167,1590,0.001573,0.06109,0.5491,40.67,-0.9058,0.6325,-0.05136,0.05333,-0.03537,-0.01457,-0.07683,-0.03307,-0.009515,0.11,31.11,1167,83280,16830000,-1339,262700,30960,-69000000000,-8133000000,-958300000,3.63E+16,73500000000,8664000000,5.933E+13,neutral
10.95,0.08323,0.000253,200,0.001333,0.05006,0.06474,26.06,0.06902,0.2401,0.3385,0.2062,0.1527,0.1426,0.106,0.1051,0.0906,0.08108,16.41,1123,129200,24710000,242.1,333.3,16.82,175800000,14710000,1043000,1.391E+14,132600000,9393000,97070000000,9.45,0.06086,9.90E-05,1581,0.001246,0.04798,0.5549,24.29,-0.9704,0.5682,0.003373,0.01744,-0.03612,-0.01825,-0.0404,-0.01359,-0.000573,0.08203,26.21,1447,148400,27270000,-1430,263700,31020,-69540000000,-8179000000,-961800000,3.67E+16,73930000000,8695000000,5.966E+13,neutral
13.93,0.1067,0.0003,203.9,0.001296,0.04863,0.03429,31.19,0.09578,0.2225,0.3453,0.171,0.1673,0.1565,0.1275,0.1307,0.1196,0.08577,18.1,966,97420,18560000,191.8,269.8,14.08,142900000,12010000,875100,1.135E+14,108100000,7861000,81560000000,11.79,0.08344,0.00013,1587,0.001425,0.05524,0.5866,27.27,-0.957,0.6433,-0.05758,0.0408,-0.0177,-0.02568,-0.1062,-0.07196,-0.02024,0.1002,26.28,1206,106600,19330000,-1351,264700,31070,-70090000000,-8225000000,-965000000,3.71E+16,74340000000,8724000000,5.996E+13,neutral
6.898,0.06031,0.000614,219,0.00196,0.07424,0.07373,18.01,0.03832,0.2233,0.3085,0.1889,0.1499,0.1523,0.09741,0.09641,0.103,0.1344,13.81,1116,130900,25100000,282,372.2,29.75,197900000,19380000,1853000,1.578E+14,174400000,16670000,1.731E+11,9.059,0.05764,0.000219,1574,0.001738,0.06717,0.5531,24.23,-0.9771,0.6052,-0.00827,-0.01354,-0.03003,-0.01208,-0.0758,-0.04017,0.009371,0.1217,26.03,1391,142200,25670000,-1393,265900,31130,-70680000000,-8277000000,-969000000,3.76E+16,74810000000,8760000000,6.033E+13,neutral
18.53,0.1287,0.000277,192.2,0.001307,0.04887,0.07675,41.26,0.1196,0.434,0.3201,0.235,0.1586,0.1714,0.155,0.1277,0.08836,0.07489,24.77,2101,241400,46960000,295.6,358.5,42.03,191500000,22290000,2626000,1.535E+14,201900000,23780000,2.461E+11,14.91,0.09726,8.20E-05,1619,0.001101,0.04238,0.6224,37.74,-0.9408,0.5005,0.1007,0.0569,-0.07705,-0.01726,-0.0337,-0.0304,-0.04321,0.06901,31.81,1867,188900,37040000,-1591,267100,31250,-71350000000,-8347000000,-976200000,3.81E+16,75440000000,8825000000,6.1E+13,sad
13.24,0.1061,0.000115,211.7,0.001307,0.04925,0.07931,31.65,0.07398,0.2688,0.3252,0.1944,0.1489,0.1701,0.1122,0.123,0.1111,0.0813,19.19,1237,152300,29680000,239.7,368.3,36.03,197700000,21170000,2259000,1.591E+14,191200000,20400000,2.124E+11,11.52,0.08176,4.90E-05,1596,0.001234,0.04735,0.5896,29.45,-0.9611,0.5658,0.04316,0.0374,-0.06698,-0.01844,-0.07099,-0.01658,-0.01591,0.08072,28.26,1505,149700,27900000,-1460,268400,31350,-72020000000,-8414000000,-982600000,3.87E+16,76040000000,8883000000,6.16E+13,sad
11.42,0.08586,0.00013,221.9,0.0011,0.04135,0.07457,26.68,0.06986,0.2478,0.3103,0.1766,0.1405,0.174,0.1157,0.109,0.09257,0.06893,16.56,1103,132700,25880000,227.7,344.9,28.96,186000000,18630000,1821000,1.504E+14,168300000,16450000,1.717E+11,10.62,0.07701,5.90E-05,1593,0.00114,0.04384,0.5317,27.76,-0.9664,0.594,-0.000799,0.005189,-0.04201,-0.02143,-0.09903,-0.04256,-0.01093,0.07616,26.9,1392,141100,25680000,-1436,269600,31450,-72690000000,-8478000000,-988500000,3.92E+16,76620000000,8936000000,6.216E+13,sad
39.58,0.1925,0.000185,209.4,0.001191,0.04469,0.06039,73.5,0.3246,0.2776,0.3028,0.1878,0.1606,0.1457,0.1022,0.1299,0.1016,0.07355,36.55,1165,126600,22410000,309,356.7,21.29,193200000,16890000,1341000,1.57E+14,152800000,12140000,1.268E+11,16.97,0.09883,6.50E-05,1575,0.001034,0.0397,0.5832,38.19,-0.9076,0.5636,0.06013,0.03815,-0.04693,-0.02302,-0.0922,-0.04841,-0.04229,0.06676,32,1457,131600,26610000,-1481,270800,31510,-73340000000,-8535000000,-992800000,3.97E+16,77130000000,8975000000,6.257E+13,sad
13.24,0.1061,0.000115,211.7,0.001307,0.04925,0.07931,31.65,0.07398,0.2688,0.3252,0.1944,0.1489,0.1701,0.1122,0.123,0.1111,0.0813,19.19,1237,152300,29680000,239.7,368.3,36.03,200400000,21390000,2276000,1.636E+14,193200000,20550000,2.157E+11,11.52,0.08176,4.90E-05,1596,0.001234,0.04735,0.5896,29.45,-0.9611,0.5658,0.04316,0.0374,-0.06698,-0.01844,-0.07099,-0.01658,-0.01591,0.08072,28.26,1505,149700,27900000,-1460,272100,31590,-74030000000,-8595000000,-997600000,4.03E+16,77670000000,9018000000,6.302E+13,sad
60.76,0.2699,0.000572,223.9,0.002249,0.08546,0.04986,106.9,0.5191,0.2432,0.3542,0.2425,0.1974,0.1729,0.1165,0.12,0.1163,0.1642,51.14,1192,175100,29740000,581.6,345.6,55.92,188900000,26010000,3546000,1.549E+14,235700000,32110000,3.373E+11,32.02,0.1699,0.000281,1543,0.001631,0.06393,0.5981,68.03,-0.7886,0.5827,-0.03932,0.02041,-0.04608,-0.01968,-0.05382,0.003081,0.00514,0.1283,48.08,1786,138600,31310000,-1618,273300,31720,-74700000000,-8669000000,-1006000000,4.08E+16,78340000000,9092000000,6.379E+13,angry
17.68,0.1323,0.001247,221,0.002637,0.09928,0.03557,39.44,0.1128,0.3027,0.3697,0.2218,0.1523,0.1615,0.1114,0.1315,0.1029,0.1791,19.82,1247,163600,32710000,256,336.2,48.13,184600000,23700000,3064000,1.52E+14,214900000,27770000,2.926E+11,14.52,0.1003,0.000465,1559,0.002021,0.07949,0.6216,36.89,-0.9423,0.5398,-0.06526,0.1053,-0.07446,-0.03839,-0.02866,-0.01645,-0.01482,0.1533,33.51,1798,172700,32340000,-1435,274500,31840,-75340000000,-8741000000,-1014000000,4.14E+16,78990000000,9164000000,6.455E+13,angry
66.2,0.3028,0.001131,203.2,0.002932,0.1112,0.04888,115,0.5586,0.2948,0.3363,0.2226,0.2335,0.1748,0.1143,0.1441,0.1228,0.2041,56.04,1252,157900,26010000,632.8,320.7,43.98,176800000,22100000,2810000,1.462E+14,200700000,25490000,2.693E+11,37.63,0.2047,0.000521,1554,0.002226,0.08741,0.5935,77.91,-0.7501,0.571,-0.08226,0.1307,-0.02281,-0.007723,-0.06187,-0.02636,-0.01514,0.1715,52.17,1777,112400,27010000,-1579,275600,31960,-75970000000,-8810000000,-1021000000,4.19E+16,79620000000,9232000000,6.528E+13,angry
80.8,0.3486,0.00066,223.1,0.002672,0.101,0.0412,143.1,0.6954,0.2578,0.3452,0.2495,0.2526,0.1858,0.12,0.1649,0.1208,0.1764,67.43,1126,167300,24780000,788.9,344.9,50.52,190900000,24830000,3240000,1.585E+14,225200000,29370000,3.117E+11,50.13,0.2471,0.00031,1560,0.001818,0.0708,0.652,100.7,-0.6319,0.5697,-0.04393,0.137,-0.01069,0.005945,-0.07213,-0.03326,-0.002908,0.1324,62.83,1766,89710,26520000,-1765,276800,32080,-76600000000,-8879000000,-1029000000,4.24E+16,80240000000,9300000000,6.599E+13,angry
66.2,0.3028,0.001131,203.2,0.002932,0.1112,0.04888,115,0.5586,0.2948,0.3363,0.2226,0.2335,0.1748,0.1143,0.1441,0.1228,0.2041,56.04,1252,157900,26010000,632.8,320.7,43.98,178300000,22280000,2831000,1.486E+14,202300000,25680000,2.733E+11,37.63,0.2047,0.000521,1554,0.002226,0.08741,0.5935,77.91,-0.7501,0.571,-0.08226,0.1307,-0.02281,-0.007723,-0.06187,-0.02636,-0.01514,0.1715,52.17,1777,112400,27010000,-1579,277900,32200,-77240000000,-8949000000,-1036000000,4.29E+16,80880000000,9370000000,6.674E+13,angry
25.94,0.1566,0.000265,195.9,0.001353,0.05126,0.05303,54.2,0.1893,0.4647,0.3758,0.2175,0.1875,0.2138,0.1318,0.1271,0.1034,0.09719,25.68,2026,254200,49130000,243.9,339.5,59.48,189500000,27380000,3845000,1.586E+14,248400000,34860000,3.729E+11,19.64,0.1196,0.000124,1578,0.001158,0.04551,0.5782,47.01,-0.9052,0.5124,-0.05006,0.1465,-0.1006,-0.06954,-0.05966,-0.03077,-0.03807,0.0875,38.46,2088,195300,38420000,-1633,279100,32340,-77880000000,-9026000000,-1046000000,4.35E+16,81570000000,9454000000,6.764E+13,disgust
26.99,0.1575,0.000623,203.9,0.002082,0.07775,0.03524,55.46,0.201,0.4153,0.3294,0.2519,0.2122,0.2015,0.1457,0.1581,0.1229,0.1254,25.65,1883,225500,44180000,259,357.7,53.39,200500000,26300000,3468000,1.686E+14,238300000,31400000,3.378E+11,18.74,0.1141,0.000234,1588,0.001641,0.0638,0.5925,44.95,-0.9066,0.5018,-0.1074,0.129,-0.06344,-0.002421,-0.04273,-0.0202,-0.009117,0.1102,37.91,2034,180800,34580000,-1531,280300,32490,-78550000000,-9107000000,-1056000000,4.40E+16,82300000000,9542000000,6.859E+13,disgust
74.14,0.3299,0.000767,206.6,0.002137,0.07979,0.03802,131.3,0.6286,0.2288,0.3375,0.2545,0.2229,0.1815,0.1333,0.1308,0.1023,0.1295,62.73,985.2,138500,19640000,722,376.2,43.9,211800000,24360000,2862000,1.789E+14,220200000,25860000,2.799E+11,45.96,0.232,0.000278,1545,0.001633,0.06386,0.6098,91.11,-0.6738,0.6209,-0.09481,0.07648,-0.02301,0.005749,-0.03876,0.005525,0.007812,0.1149,56.46,1523,70650,21660000,-1665,281500,32620,-79260000000,-9183000000,-1064000000,4.46E+16,82980000000,9614000000,6.937E+13,disgust
67.08,0.2993,0.00031,224.2,0.001445,0.05439,0.05589,120.6,0.5727,0.2237,0.3111,0.2154,0.1952,0.1814,0.1225,0.1164,0.1183,0.09708,55.72,940.9,155400,22920000,602.9,397.7,44.17,225000000,25280000,2890000,1.91E+14,228800000,26150000,2.837E+11,39.25,0.199,0.000124,1538,0.001135,0.04443,0.6148,80.4,-0.7254,0.5714,-0.07153,0.141,0.02627,0.01592,-0.04686,-0.02778,-0.03912,0.08479,52.75,1763,117400,27810000,-1655,282900,32730,-80020000000,-9258000000,-1071000000,4.53E+16,83660000000,9679000000,7.008E+13,disgust
26.99,0.1575,0.000623,203.9,0.002082,0.07775,0.03524,55.46,0.201,0.4153,0.3294,0.2519,0.2122,0.2015,0.1457,0.1581,0.1229,0.1254,25.65,1883,225500,44180000,259,357.7,53.39,203300000,26630000,3506000,1.733E+14,241300000,31750000,3.454E+11,18.74,0.1141,0.000234,1588,0.001641,0.0638,0.5925,44.95,-0.9066,0.5018,-0.1074,0.129,-0.06344,-0.002421,-0.04273,-0.0202,-0.009117,0.1102,37.91,2034,180800,34580000,-1531,284200,32860,-80760000000,-9337000000,-1079000000,4.59E+16,84380000000,9755000000,7.091E+13,disgust
22.14,0.1453,0.000641,232.5,0.002056,0.07685,0.02281,48.22,0.1455,0.5115,0.2831,0.1785,0.1574,0.1475,0.1428,0.1069,0.1228,0.1193,25.58,2199,259500,51510000,307.1,297.6,50.39,169800000,23990000,3323000,1.453E+14,217100000,30050000,3.287E+11,16.37,0.09385,0.000263,1561,0.001656,0.06509,0.59,41.21,-0.9251,0.3619,0.005449,0.1583,-0.03991,0.01843,-0.03943,-0.005226,-0.02857,0.1132,39.49,2591,250500,47680000,-1543,285300,32990,-81410000000,-9412000000,-1088000000,4.65E+16,85050000000,9834000000,7.177E+13,happy
26.14,0.1758,0.000698,207.1,0.002644,0.09832,0.04363,55.79,0.2008,0.4821,0.2917,0.1633,0.161,0.1289,0.1325,0.0831,0.1189,0.1453,29.28,2140,268500,51100000,287.2,274.4,50.92,157100000,23360000,3371000,1.35E+14,212100000,30570000,3.348E+11,16.31,0.09734,0.000339,1576,0.002034,0.079,0.6286,39.73,-0.9154,0.3467,0.04193,0.09428,-0.02649,0.06675,-0.02693,0.01336,-0.01895,0.1315,37.2,2443,231000,47130000,-1510,286300,33120,-81970000000,-9484000000,-1097000000,4.69E+16,85700000000,9915000000,7.266E+13,happy
15.95,0.1052,0.000358,250.9,0.002294,0.086,0.04527,34.01,0.1004,0.618,0.3187,0.245,0.1432,0.114,0.1235,0.09214,0.09852,0.1317,23.04,2711,332400,64990000,335.8,365.6,61.6,210100000,29550000,4094000,1.812E+14,267100000,37000000,4.082E+11,10.7,0.06113,0.000188,1588,0.0016,0.0617,0.6305,30.25,-0.957,0.1658,0.1128,0.1337,-0.07988,-0.01779,-0.002267,0.001948,-0.02442,0.102,36.4,3097,344100,67180000,-1640,287400,33250,-82610000000,-9555000000,-1105000000,4.75E+16,86350000000,9988000000,7.347E+13,happy
23.08,0.1593,0.00062,224,0.002226,0.0832,0.03776,50.1,0.1548,0.5132,0.2836,0.1765,0.1518,0.1323,0.1534,0.1104,0.09489,0.1351,26.43,2211,267500,53250000,321.6,316.7,55.33,182800000,26330000,3693000,1.582E+14,238400000,33410000,3.696E+11,15.65,0.09549,0.000286,1550,0.001775,0.06937,0.6333,39.27,-0.9234,0.311,-0.000565,0.1373,-0.02341,0.02035,-0.04656,-0.01763,-0.03196,0.1255,39.38,2656,254800,49300000,-1491,288600,33380,-83290000000,-9633000000,-1114000000,4.81E+16,87050000000,10070000000,7.436E+13,happy
20.29,0.1459,0.000685,248.7,0.002001,0.07554,0.05959,43.88,0.1319,0.5301,0.3257,0.1949,0.144,0.1602,0.1432,0.1093,0.1035,0.1428,23.96,2205,280000,55220000,313.1,310.8,45.09,180000000,23260000,3020000,1.565E+14,211500000,27430000,3.035E+11,15.36,0.1015,0.000315,1556,0.001613,0.06305,0.5779,39.49,-0.9331,0.3775,-0.001785,0.1156,-0.04953,-0.03212,-0.05316,-0.004949,0.005055,0.1259,36.33,2323,233600,45370000,-1493,289700,33510,-83910000000,-9706000000,-1122000000,4.86E+16,87710000000,10140000000,7.52E+13,happy
19.73,0.1324,0.000223,223.8,0.001173,0.0443,0.05895,42.5,0.13,0.4925,0.3486,0.2474,0.1628,0.2206,0.1762,0.1458,0.1226,0.08336,23.21,2142,258400,50960000,280.4,329.2,34.75,191500000,21060000,2334000,1.67E+14,190600000,21120000,2.352E+11,16.29,0.1036,9.90E-05,1584,0.000977,0.03835,0.5684,40.03,-0.9323,0.4772,0.000319,0.1051,-0.1052,-0.08999,-0.04002,0.04019,0.01962,0.0725,35.7,2152,218400,42540000,-1602,290800,33600,-84560000000,-9770000000,-1129000000,4.92E+16,88290000000,10200000000,7.583E+13,neutral
18.97,0.1171,0.000294,228.1,0.001303,0.04887,0.03888,41.04,0.1226,0.4054,0.3696,0.2199,0.2207,0.1796,0.1265,0.1232,0.1234,0.08116,21.71,1962,252700,49710000,318.2,324,30.01,189200000,19550000,2021000,1.657E+14,177000000,18290000,2.041E+11,15.08,0.09193,0.000107,1574,0.001047,0.04071,0.6075,38.06,-0.9381,0.4413,0.03043,0.1237,-0.09628,-0.04149,-0.04803,0.008377,0.00367,0.07127,37.34,2455,253900,47510000,-1570,291900,33680,-85210000000,-9831000000,-1134000000,4.98E+16,88840000000,10250000000,7.636E+13,neutral
21.99,0.1302,0.000416,236.6,0.001457,0.05453,0.04348,46.55,0.1495,0.4571,0.3214,0.2013,0.1732,0.1914,0.1357,0.09748,0.1238,0.09359,23.74,2096,253900,50380000,312.7,320.5,33.83,187800000,20570000,2283000,1.651E+14,186600000,20710000,2.312E+11,15.88,0.09252,0.000158,1583,0.00122,0.04746,0.5846,40.41,-0.9278,0.393,-0.01184,0.1762,-0.04672,-0.02969,-0.03962,-0.007649,-0.005971,0.08421,37.87,2360,229000,43060000,-1540,293000,33760,-85870000000,-9892000000,-1139000000,5.03E+16,89390000000,10300000000,7.69E+13,neutral
24.3,0.1503,0.000331,208.2,0.001458,0.0546,0.05727,51.72,0.1789,0.4591,0.3489,0.2018,0.1577,0.1552,0.1387,0.1086,0.1205,0.09327,25.14,1953,260000,50480000,289.2,307.5,42.54,180900000,22820000,2879000,1.596E+14,206300000,26040000,2.923E+11,16.12,0.09254,0.000146,1566,0.001334,0.05173,0.5577,38.51,-0.9231,0.4352,0.01259,0.1193,-0.06093,-0.01962,-0.03892,0.005166,0.02398,0.09189,34.29,2047,207700,40670000,-1539,294100,33850,-86500000000,-9954000000,-1145000000,5.09E+16,89960000000,10350000000,7.751E+13,neutral
19.98,0.122,0.000269,201.9,0.001202,0.04476,0.05083,42.04,0.1299,0.5287,0.3408,0.2237,0.1586,0.1913,0.1397,0.1037,0.1075,0.07585,22.45,2311,281200,55890000,319.9,325.5,33.26,192200000,20620000,2257000,1.702E+14,186700000,20420000,2.298E+11,14.56,0.08193,0.000123,1591,0.001029,0.04037,0.562,36.73,-0.9383,0.3737,-0.005601,0.1316,-0.0881,-0.02756,-0.02187,0.0213,0.01821,0.06956,37.35,2515,258800,49410000,-1591,295200,33940,-87150000000,-10020000000,-1152000000,5.15E+16,90550000000,10410000000,7.818E+13,neutral
22.23,0.1408,7.80E-05,181.6,0.000792,0.02956,0.05822,46.77,0.1458,0.4756,0.3153,0.1907,0.1786,0.201,0.1267,0.1099,0.1113,0.04733,22.8,2071,260500,51760000,259.6,325,23.28,192600000,17600000,1583000,1.712E+14,160000000,14390000,1.615E+11,15.69,0.09609,3.60E-05,1562,0.000669,0.02598,0.5823,38.62,-0.9312,0.3717,-0.02096,0.2073,-0.01684,-0.0441,-0.01991,0.004274,-0.02131,0.04479,36.96,2384,244300,46140000,-1610,296300,34010,-87810000000,-10080000000,-1157000000,5.20E+16,91090000000,10460000000,7.867E+13,sad
16.86,0.1173,0.000176,180.6,0.001009,0.03753,0.05137,37.09,0.09212,0.4783,0.328,0.2171,0.1839,0.1791,0.1481,0.1075,0.1163,0.05795,21.07,1978,246500,49320000,271.3,332.7,22.39,197900000,17660000,1525000,1.766E+14,161100000,13940000,1.558E+11,12.41,0.07506,7.20E-05,1586,0.000838,0.03209,0.6197,31.68,-0.9507,0.3961,-0.05214,0.1848,-0.007824,-0.03794,-0.02645,0.004613,0.01818,0.0548,32.97,2104,218100,41570000,-1570,297500,34060,-88490000000,-10130000000,-1160000000,5.26E+16,91570000000,10490000000,7.901E+13,sad
20.5,0.1414,6.30E-05,201.9,0.00077,0.0288,0.03395,44.33,0.1302,0.3888,0.3229,0.2072,0.1889,0.2299,0.1414,0.1143,0.1092,0.05016,21.8,1629,222300,44180000,217.2,292.9,36.79,174900000,20760000,2511000,1.566E+14,188200000,22740000,2.57E+11,16.1,0.1017,3.50E-05,1560,0.000695,0.02721,0.5991,39.33,-0.9327,0.4699,-0.03544,0.1572,-0.04254,-0.0694,-0.04123,0.02371,0.002716,0.05146,36.58,2129,217700,41040000,-1623,298600,34130,-89130000000,-10190000000,-1165000000,5.32E+16,92090000000,10530000000,7.95E+13,sad
23.76,0.1451,8.80E-05,174.8,0.000787,0.0293,0.06479,50.8,0.165,0.4845,0.2737,0.1801,0.1736,0.178,0.1302,0.1064,0.1051,0.04543,25.29,2194,250700,49760000,248.2,327.1,32.68,196000000,20810000,2235000,1.762E+14,187900000,20180000,2.292E+11,15.88,0.08744,3.30E-05,1560,0.000647,0.02512,0.6204,38.95,-0.9246,0.2969,0.01537,0.1802,0.0224,0.004461,-0.01685,0.04302,0.0204,0.04273,39.32,2694,267000,51190000,-1687,299600,34200,-89770000000,-10250000000,-1169000000,5.38E+16,92610000000,10570000000,7.998E+13,sad
23.76,0.1451,8.80E-05,174.8,0.000787,0.0293,0.06479,50.8,0.165,0.4845,0.2737,0.1801,0.1736,0.178,0.1302,0.1064,0.1051,0.04543,25.29,2194,250700,49760000,248.2,327.1,32.68,196700000,20870000,2239000,1.775E+14,188500000,20220000,2.302E+11,15.88,0.08744,3.30E-05,1560,0.000647,0.02512,0.6204,38.95,-0.9246,0.2969,0.01537,0.1802,0.0224,0.004461,-0.01685,0.04302,0.0204,0.04273,39.32,2694,267000,51190000,-1687,300800,34270,-90450000000,-10310000000,-1174000000,5.44E+16,93160000000,10620000000,8.05E+13,sad
9.03,0.06166,0.000617,211.4,0.002155,0.0813,0.03716,21.25,0.04194,0.2863,0.333,0.171,0.1253,0.119,0.1161,0.09832,0.09592,0.1376,12.88,1095,160100,31660000,263,320.6,60.85,193500000,29200000,4185000,1.753E+14,265500000,38000000,4.318E+11,9.13,0.05907,0.000302,1586,0.001922,0.07383,0.5878,24.55,-0.9775,0.5714,0.0276,0.05114,0.008811,0.005606,-0.02728,-0.05514,-0.03117,0.1238,23.86,1278,147100,27030000,-1453,301900,34410,-91120000000,-10390000000,-1183000000,5.50E+16,93860000000,10700000000,8.143E+13,angry
60.63,0.2636,0.000851,239.6,0.002528,0.09495,0.03578,106,0.5263,0.2544,0.3301,0.1843,0.1662,0.129,0.116,0.09841,0.09863,0.1531,52.22,1097,161300,27400000,586.4,321.4,61.29,194700000,29510000,4235000,1.77E+14,267700000,38380000,4.389E+11,28.72,0.1457,0.000399,1607,0.002136,0.08207,0.6127,58.5,-0.8106,0.6226,0.005186,0.01979,0.01221,0.02005,-0.0427,-0.04908,-0.02142,0.1373,40.4,1312,101900,23350000,-1562,303000,34560,-91790000000,-10470000000,-1194000000,5.56E+16,94630000000,10800000000,8.254E+13,angry
47.49,0.2086,0.000805,221,0.002155,0.08081,0.02384,81.09,0.408,0.207,0.3467,0.1987,0.1513,0.1355,0.1127,0.1028,0.08701,0.1309,41.61,920.3,120100,21370000,393.1,276.1,55.37,167900000,26290000,3844000,1.531E+14,239200000,34920000,4.003E+11,20.91,0.1111,0.000351,1593,0.002006,0.07719,0.6041,44.52,-0.8825,0.6646,-0.01961,0.02895,0.01882,0.01272,-0.04255,-0.05414,0.005215,0.1274,31.71,990.2,77280,16640000,-1479,304000,34730,-92420000000,-10560000000,-1206000000,5.62E+16,95400000000,10900000000,8.371E+13,angry
7.022,0.05404,0.00071,221.4,0.002085,0.07843,0.04062,16.3,0.03502,0.2724,0.3355,0.1721,0.1199,0.1264,0.09865,0.09625,0.1072,0.1301,11.63,1156,160200,31420000,250.5,300.4,53.77,183200000,26540000,3749000,1.676E+14,241800000,34100000,3.922E+11,8.268,0.0513,0.000298,1607,0.001909,0.07339,0.5604,21.45,-0.9808,0.58,0.02164,-0.01165,-0.01604,-0.002022,-0.03577,-0.03447,-0.01238,0.1215,23.18,1256,143500,26350000,-1438,305000,34890,-93020000000,-10640000000,-1217000000,5.67E+16,96170000000,11000000000,8.491E+13,angry
8.598,0.06855,0.001236,236,0.003105,0.1165,0.03449,20.58,0.04057,0.2401,0.3524,0.1789,0.1173,0.1312,0.1004,0.09368,0.1079,0.184,12.8,1031,145100,28570000,265.8,316.6,69.78,193800000,32290000,4890000,1.779E+14,293500000,44390000,5.14E+11,9.477,0.06135,0.000471,1656,0.002697,0.1036,0.562,23.86,-0.9769,0.6319,-0.003296,-0.00272,-0.003871,0.004013,-0.05684,-0.05858,-0.01912,0.1706,23.68,1142,124300,22780000,-1421,306100,35060,-93670000000,-10730000000,-1229000000,5.73E+16,96970000000,11110000000,8.613E+13,angry
62.83,0.2817,0.000129,207.1,0.001053,0.03914,0.0997,110.4,0.536,0.2321,0.3158,0.2429,0.1644,0.1448,0.1455,0.1562,0.08405,0.05195,54.65,1139,141200,20960000,529,333.6,45.89,204900000,25560000,3230000,1.889E+14,229500000,29040000,3.41E+11,31.4,0.1624,4.40E-05,1564,0.000894,0.03407,0.6023,64.12,-0.7871,0.5473,0.03584,0.05576,0.05391,0.08454,0.006822,0.02856,-0.03601,0.04725,42.56,1476,113800,26580000,-1770,307200,35180,-94360000000,-10810000000,-1238000000,5.80E+16,97680000000,11190000000,8.708E+13,disgust
12.61,0.08443,7.60E-05,173.6,0.000797,0.02989,0.05234,28.45,0.06746,0.3031,0.3308,0.21,0.1352,0.117,0.1033,0.1071,0.09037,0.047,16.99,1295,177700,34880000,218.9,351.6,22.2,216800000,19180000,1567000,2.006E+14,172900000,14120000,1.659E+11,9.863,0.06291,3.40E-05,1544,0.000679,0.02618,0.6436,26.23,-0.9678,0.488,0.08358,0.04296,-0.005601,0.05092,-0.01197,0.007846,-0.002284,0.044,26.82,1657,193400,36620000,-1554,308400,35290,-95090000000,-10880000000,-1245000000,5.87E+16,98360000000,11260000000,8.788E+13,disgust
18.86,0.1379,0.000185,184.1,0.001153,0.04335,0.05082,43.15,0.1338,0.2873,0.3522,0.2037,0.126,0.1198,0.09925,0.1139,0.08203,0.0713,21.89,1342,166700,31860000,248.7,351.6,17.47,217700000,17710000,1234000,2.022E+14,160000000,11150000,1.308E+11,13.39,0.08987,7.10E-05,1569,0.000935,0.03624,0.6576,34.34,-0.9441,0.5414,0.08507,0.0171,-0.06053,0.01874,-0.01511,0.01404,-0.02404,0.06178,28.28,1575,165400,32530000,-1498,309600,35340,-95840000000,-10940000000,-1249000000,5.93E+16,98880000000,11290000000,8.825E+13,disgust
8.406,0.05686,0.000148,195,0.001061,0.0398,0.05566,20.1,0.03815,0.2788,0.3286,0.1736,0.1488,0.1184,0.1047,0.0845,0.08881,0.06119,14.74,1258,167300,32740000,256.4,358.1,18.93,222600000,18390000,1339000,2.075E+14,166000000,12080000,1.422E+11,7.892,0.04758,5.50E-05,1564,0.000886,0.03399,0.6156,21.9,-0.9794,0.4654,0.09137,0.04894,-0.00119,0.02563,-0.01156,-0.01612,-0.001744,0.05218,25.03,1611,188500,35280000,-1515,310800,35390,-96600000000,-11000000000,-1252000000,6.01E+16,99410000000,11320000000,8.861E+13,disgust
9.213,0.06567,0.000135,177.8,0.000999,0.03741,0.06142,23.54,0.04276,0.2704,0.3097,0.1713,0.169,0.138,0.09943,0.0908,0.07642,0.05918,15.87,1139,144500,28000000,212.7,339.3,24.38,211800000,19340000,1728000,1.982E+14,175000000,15620000,1.837E+11,8.727,0.05392,5.70E-05,1553,0.000864,0.03323,0.6233,22.33,-0.9765,0.5119,0.1298,0.05866,-0.02327,0.04236,-0.009565,-0.01634,-0.002489,0.05175,23.07,1358,162500,30810000,-1526,312000,35450,-97350000000,-11060000000,-1257000000,6.08E+16,99970000000,11360000000,8.908E+13,disgust
65.9,0.2819,0.000868,253.4,0.002669,0.09888,0.05572,114.2,0.5707,0.2101,0.2574,0.1657,0.1765,0.142,0.09502,0.08908,0.08957,0.118,56.48,896.9,124500,18750000,601.7,339,68.24,212300000,33350000,4856000,1.995E+14,301900000,43950000,5.184E+11,30.18,0.1409,0.000272,1665,0.002557,0.0971,0.5309,58.12,-0.7912,0.6274,0.06436,0.05005,0.03103,0.003822,-0.05976,-0.01775,0.01835,0.1291,40.13,1084,67510,16920000,-1649,313200,35590,-98090000000,-11150000000,-1266000000,6.14E+16,1.007E+11,11440000000,9.01E+13,happy
86.74,0.3692,0.000164,188.1,0.001133,0.04248,0.04245,153.2,0.7454,0.19,0.2647,0.1853,0.2015,0.1409,0.09451,0.0915,0.07431,0.06537,74.35,773.7,129800,14670000,759.9,343.8,52.06,216100000,28470000,3723000,2.038E+14,257600000,33680000,3.993E+11,52.61,0.2371,7.30E-05,1588,0.001043,0.03981,0.5571,98.8,-0.6099,0.646,0.1155,0.1063,0.04487,0.009611,-0.06938,-0.04578,-0.002474,0.06029,58.49,1189,48450,19380000,-1896,314400,35770,-98830000000,-11250000000,-1279000000,6.21E+16,1.016E+11,11560000000,9.151E+13,happy
91.08,0.3873,0.000197,228.1,0.001395,0.05227,0.05702,160.3,0.7859,0.1636,0.2348,0.1447,0.1948,0.1358,0.09233,0.07313,0.07311,0.07812,76.82,771.8,140000,13690000,841.2,391.9,62.9,247400000,33820000,4519000,2.343E+14,306200000,40900000,4.87E+11,57,0.2562,9.20E-05,1620,0.001341,0.0512,0.5402,107.5,-0.5619,0.6604,0.09297,0.0659,0.06781,0.007487,-0.06978,-0.03946,-0.005153,0.08044,63.97,1364,58640,22140000,-1869,315600,35930,-99630000000,-11340000000,-1291000000,6.29E+16,1.025E+11,11670000000,9.274E+13,happy
89.15,0.3793,0.000397,204.6,0.001726,0.06437,0.08385,154.8,0.77,0.2048,0.2671,0.1515,0.2151,0.1542,0.09472,0.07504,0.07413,0.08638,75.64,866.2,140400,15130000,838.7,376.3,56.35,238500000,31320000,4068000,2.268E+14,283200000,36770000,4.404E+11,54.76,0.2514,0.000123,1613,0.001639,0.06233,0.5159,103.2,-0.5801,0.6429,0.06697,0.0567,0.04413,-0.005565,-0.0724,-0.04326,-0.001869,0.09033,61.67,1328,55940,21120000,-1826,317000,36090,-1.005E+11,-11440000000,-1302000000,6.37E+16,1.034E+11,11770000000,9.399E+13,happy
91.08,0.3873,0.000197,228.1,0.001395,0.05227,0.05702,160.3,0.7859,0.1636,0.2348,0.1447,0.1948,0.1358,0.09233,0.07313,0.07311,0.07812,76.82,771.8,140000,13690000,841.2,391.9,62.9,249500000,34120000,4561000,2.382E+14,308900000,41280000,4.962E+11,57,0.2562,9.20E-05,1620,0.001341,0.0512,0.5402,107.5,-0.5619,0.6604,0.09297,0.0659,0.06781,0.007487,-0.06978,-0.03946,-0.005153,0.08044,63.97,1364,58640,22140000,-1869,318300,36270,-1.013E+11,-11540000000,-1315000000,6.45E+16,1.043E+11,11890000000,9.537E+13,happy
89.38,0.3802,0.000153,205.4,0.001065,0.0401,0.0731,157.6,0.7704,0.1975,0.3038,0.1573,0.1883,0.1461,0.09487,0.0926,0.07791,0.06675,75.18,860.3,144400,14200000,853,313.3,11.43,200200000,14900000,831000,1.919E+14,135000000,7541000,90640000000,55.75,0.2531,6.00E-05,1535,0.000975,0.03749,0.5489,107,-0.5723,0.6257,0.01569,0.09711,0.08625,0.04759,-0.078,-0.05507,-0.005626,0.06454,63.88,1504,70370,24200000,-1742,319500,36370,-1.021E+11,-11620000000,-1322000000,6.53E+16,1.05E+11,11950000000,9.616E+13,neutral
83.23,0.3571,0.000218,218.2,0.001244,0.04651,0.09067,147.3,0.716,0.2388,0.2773,0.1557,0.198,0.152,0.1022,0.09329,0.08133,0.0714,70.26,1028,137000,14880000,793.9,321.1,24.87,205900000,19490000,1811000,1.981E+14,174800000,16210000,1.979E+11,48.78,0.2249,9.50E-05,1553,0.00128,0.04905,0.5031,95.77,-0.632,0.5859,0.01776,0.0833,0.06353,0.04311,-0.06261,-0.03677,-0.003833,0.08005,58.73,1546,78150,23920000,-1660,320600,36410,-1.028E+11,-11670000000,-1326000000,6.59E+16,1.055E+11,11980000000,9.652E+13,neutral
87.96,0.3774,0.000161,215.1,0.001009,0.03791,0.07176,154.5,0.7575,0.2068,0.2701,0.1431,0.1863,0.1472,0.1106,0.103,0.09297,0.06527,74.06,954.5,143700,14650000,839,314.5,13.26,202400000,15610000,967300,1.953E+14,141300000,8761000,1.059E+11,53.82,0.247,6.60E-05,1539,0.000938,0.03625,0.5566,103.4,-0.588,0.5732,0.038,0.09964,0.1137,0.063,-0.07705,-0.04593,0.01174,0.06249,62.86,1580,82410,26020000,-1733,321700,36480,-1.035E+11,-11740000000,-1331000000,6.66E+16,1.061E+11,12030000000,9.709E+13,neutral
80.4,0.3433,0.000226,232.5,0.00125,0.047,0.05106,140.3,0.6958,0.2069,0.2979,0.1607,0.188,0.1347,0.09291,0.08712,0.07873,0.08167,67.98,974,119900,12110000,752.7,308.4,20.23,199100000,17730000,1478000,1.928E+14,160500000,13380000,1.619E+11,46.23,0.2185,0.000105,1560,0.001241,0.04801,0.5529,90.95,-0.6564,0.6263,0.01012,0.07659,0.04636,0.02646,-0.08096,-0.05798,-0.008734,0.08691,56.26,1452,71840,22040000,-1605,322800,36530,-1.042E+11,-11790000000,-1334000000,6.73E+16,1.066E+11,12060000000,9.749E+13,neutral
93.19,0.3971,0.000136,205.6,0.001044,0.0392,0.08434,162.1,0.8024,0.1845,0.2905,0.1459,0.1867,0.1373,0.1005,0.09927,0.07404,0.06339,78.4,841.1,141600,12740000,912.9,326.7,12.31,211600000,15800000,900100,2.056E+14,143200000,8174000,98760000000,61.15,0.2735,6.10E-05,1525,0.001013,0.03895,0.5255,116.4,-0.5233,0.6206,0.04153,0.09628,0.1095,0.04955,-0.07956,-0.05119,-0.01721,0.06521,68.17,1481,54190,22910000,-1777,323900,36580,-1.049E+11,-11850000000,-1338000000,6.80E+16,1.071E+11,12090000000,9.787E+13,neutral
84.95,0.3668,7.40E-05,192.9,0.000702,0.0262,0.04404,147.2,0.724,0.2232,0.2963,0.1503,0.1686,0.1394,0.1076,0.0837,0.08062,0.04049,71.94,967.4,143100,15190000,766.1,322.7,16.43,209800000,16810000,1203000,2.046E+14,152200000,10900000,1.321E+11,48.67,0.2215,3.30E-05,1548,0.000731,0.02803,0.5158,91.84,-0.6368,0.5935,0.05255,0.07295,0.09294,0.06449,-0.05016,-0.04667,-0.01276,0.04479,56.77,1462,81490,25720000,-1748,325000,36620,-1.056E+11,-11900000000,-1341000000,6.87E+16,1.076E+11,12120000000,9.821E+13,sad
94.13,0.401,6.50E-05,209.7,0.000704,0.0264,0.06604,164.7,0.809,0.1975,0.2607,0.1411,0.1763,0.133,0.1029,0.07601,0.06448,0.03947,79.33,804.2,149100,12620000,893.3,364,12.97,237500000,17070000,950800,2.324E+14,154300000,8587000,1.045E+11,60.52,0.2682,2.80E-05,1535,0.000702,0.02688,0.5073,114.6,-0.5232,0.5954,0.07914,0.09804,0.1344,0.08095,-0.04926,-0.04791,-0.01587,0.04179,67.37,1526,69410,25930000,-1867,326200,36660,-1.064E+11,-11960000000,-1344000000,6.94E+16,1.081E+11,12150000000,9.85E+13,sad
96.82,0.4149,6.60E-05,182.7,0.000696,0.02607,0.06052,169.3,0.8232,0.1781,0.255,0.1317,0.1599,0.117,0.1105,0.08036,0.06629,0.03892,81.67,735.7,154100,13320000,929.4,368,7.383,241000000,15350000,541400,2.368E+14,137900000,4830000,59570000000,64.88,0.2871,3.30E-05,1528,0.000657,0.02515,0.5311,121.2,-0.4954,0.5778,0.09356,0.09725,0.1464,0.08466,-0.05376,-0.05355,-0.01643,0.03929,70.68,1509,61580,25870000,-1905,327500,36680,-1.072E+11,-12010000000,-1345000000,7.02E+16,1.086E+11,12160000000,9.865E+13,sad
96.95,0.4144,6.80E-05,181.6,0.000719,0.02683,0.06459,170.9,0.8309,0.2134,0.2741,0.1562,0.1859,0.1213,0.1053,0.1041,0.06531,0.03961,81.84,926.5,149500,13770000,931.6,322.2,9.515,211800000,14120000,698300,2.088E+14,127900000,6339000,76880000000,65.72,0.2902,3.20E-05,1529,0.000735,0.02787,0.5097,125.4,-0.4773,0.582,0.07229,0.09003,0.1204,0.07932,-0.06906,-0.05994,-0.0255,0.04357,71.5,1492,51170,23950000,-1898,328700,36710,-1.08E+11,-12060000000,-1347000000,7.10E+16,1.09E+11,12180000000,9.889E+13,sad
97.26,0.4141,0.000112,205,0.000836,0.03132,0.08036,170.6,0.8384,0.1887,0.263,0.1531,0.1835,0.1288,0.09785,0.09917,0.07904,0.04782,81.77,847.8,148000,11970000,932.7,352.9,19.51,232800000,18960000,1433000,2.303E+14,171700000,12980000,1.58E+11,68.92,0.3076,4.20E-05,1546,0.000719,0.02761,0.5639,130.5,-0.4546,0.6138,0.04886,0.0721,0.1341,0.08752,-0.06193,-0.04573,-0.02652,0.04538,75.37,1566,51550,24430000,-1935,329800,36750,-1.088E+11,-12120000000,-1350000000,7.18E+16,1.095E+11,12200000000,9.92E+13,sad
16.55,0.1277,0.000484,242.4,0.001553,0.05851,0.04306,35.35,0.1153,0.4255,0.3025,0.176,0.1647,0.1492,0.1155,0.1204,0.1061,0.1128,21.28,1811,221200,42950000,268.4,295.6,49.13,195700000,26880000,3618000,1.943E+14,244200000,32830000,3.998E+11,12.83,0.08329,0.000225,1572,0.001377,0.05352,0.5731,31.62,-0.9517,0.4189,0.1086,0.09807,-0.102,-0.05144,-0.09748,-0.01949,0.01024,0.1004,32.95,2230,240200,45100000,-1576,331000,36840,-1.095E+11,-12190000000,-1357000000,7.25E+16,1.102E+11,12270000000,9.997E+13,angry
18.67,0.1496,0.001308,268.4,0.00262,0.09952,0.04073,41.12,0.1416,0.394,0.3289,0.185,0.1183,0.1363,0.09658,0.1091,0.1007,0.1922,23.55,1764,191900,37310000,311.9,311.4,40.72,206800000,24930000,3008000,2.059E+14,225800000,27240000,3.334E+11,16.04,0.1099,0.000502,1542,0.002021,0.07909,0.6173,38.12,-0.9346,0.5489,0.03382,0.03795,-0.06265,-0.05871,-0.1038,-0.03066,0.01725,0.1579,33.39,1912,182200,35200000,-1445,332000,36950,-1.102E+11,-12270000000,-1365000000,7.32E+16,1.108E+11,12340000000,1.008E+14,angry
22.6,0.1656,0.000537,246.7,0.002023,0.07648,0.03814,45.36,0.176,0.4808,0.2815,0.2175,0.1323,0.1795,0.08662,0.1061,0.1004,0.148,25.49,2057,223100,43110000,317.1,314.1,31.12,209300000,21890000,2305000,2.091E+14,198700000,20920000,2.56E+11,15.71,0.1072,0.000297,1547,0.001748,0.06858,0.6154,37.66,-0.93,0.4371,0.003527,0.1142,-0.08853,-0.08114,-0.08818,-0.007351,0.008492,0.1355,35.09,2192,201300,39100000,-1441,333100,37040,-1.109E+11,-12340000000,-1372000000,7.39E+16,1.115E+11,12400000000,1.016E+14,angry
18.61,0.1542,0.000773,254.7,0.002395,0.09035,0.03468,39.76,0.1336,0.4575,0.2762,0.1847,0.131,0.1312,0.09114,0.1212,0.09141,0.1595,25.03,2055,224300,44020000,322.7,313.6,22.03,209600000,18890000,1634000,2.101E+14,171100000,14800000,1.819E+11,14.1,0.09655,0.000341,1552,0.001688,0.06599,0.6597,34.92,-0.9408,0.4113,0.06456,0.09292,-0.07544,-0.06539,-0.07778,-0.01629,-0.01892,0.1254,34.68,2267,218400,42190000,-1460,334200,37110,-1.117E+11,-12400000000,-1377000000,7.46E+16,1.121E+11,12440000000,1.022E+14,angry
71.13,0.3192,0.001135,272.7,0.002325,0.08822,0.05919,125,0.6179,0.2877,0.3093,0.1816,0.1987,0.1627,0.09056,0.1227,0.1065,0.1767,61.2,1472,183500,28390000,728.1,358.4,45.17,240400000,28160000,3359000,2.418E+14,255400000,30450000,3.747E+11,43.41,0.2257,0.000505,1597,0.001962,0.07686,0.5653,86.72,-0.7042,0.6144,0.0759,0.09114,-0.02974,-0.05524,-0.1248,-0.03769,-0.04356,0.1508,53.78,1789,120200,30300000,-1648,335300,37200,-1.124E+11,-12480000000,-1384000000,7.54E+16,1.127E+11,12510000000,1.029E+14,angry
22.59,0.1464,9.30E-05,249.9,0.000826,0.03122,0.04932,47.01,0.1846,0.2818,0.2857,0.2971,0.1921,0.1488,0.1243,0.1383,0.09459,0.05884,23.02,1342,142400,26480000,221.7,357,36.4,240300000,25380000,2715000,2.426E+14,229700000,24560000,3.038E+11,18.91,0.1219,4.80E-05,1566,0.000739,0.02875,0.6036,44.35,-0.9203,0.6308,0.01362,-0.01058,-0.1421,-0.04889,-0.07968,-0.009919,-0.002276,0.05523,35.24,1893,181600,34890000,-1610,336600,37300,-1.133E+11,-12550000000,-1391000000,7.63E+16,1.135E+11,12580000000,1.038E+14,disgust
21.17,0.1724,0.000124,281.8,0.000872,0.03304,0.02575,44.39,0.1516,0.347,0.276,0.3095,0.2085,0.1839,0.1322,0.1533,0.1491,0.06134,26.61,1666,175100,32670000,214.4,348.9,39.46,235700000,26200000,2951000,2.388E+14,237900000,26780000,3.311E+11,18.12,0.1336,5.80E-05,1528,0.000716,0.0282,0.6179,42.74,-0.9176,0.4976,-0.000381,0.02218,-0.07566,-0.02889,-0.07971,-0.01266,-0.04759,0.05347,38.27,2339,212400,42130000,-1652,337800,37410,-1.141E+11,-12630000000,-1399000000,7.71E+16,1.142E+11,12640000000,1.046E+14,disgust
43.11,0.2075,0.000124,250.4,0.000801,0.03061,0.02158,80.17,0.3576,0.3026,0.3079,0.2961,0.1867,0.1905,0.1138,0.1372,0.1215,0.0659,37.38,1396,171600,28980000,247.7,356.8,45.53,241900000,28690000,3415000,2.46E+14,259600000,30890000,3.843E+11,28.06,0.1617,6.50E-05,1541,0.000672,0.02693,0.6193,61.75,-0.8443,0.5724,-0.01588,0.02568,-0.1481,-0.04477,-0.05881,-0.01028,-0.02281,0.05786,45.06,2160,184300,37630000,-1692,339000,37520,-1.149E+11,-12720000000,-1407000000,7.79E+16,1.149E+11,12720000000,1.056E+14,disgust
74.54,0.3431,0.00014,253.7,0.000949,0.03577,0.04839,133.4,0.6413,0.339,0.3128,0.1821,0.2021,0.1692,0.1216,0.1111,0.102,0.06771,62.26,1525,219500,31860000,627.7,384.3,32.16,261600000,25290000,2419000,2.67E+14,228700000,21890000,2.729E+11,46.28,0.2365,6.20E-05,1553,0.000709,0.02789,0.6331,90.73,-0.6641,0.4997,0.05733,0.09835,-0.0297,-0.0159,-0.09224,-0.03384,-0.02225,0.05405,59.02,2229,142800,39560000,-1783,340300,37620,-1.158E+11,-12800000000,-1415000000,7.88E+16,1.157E+11,12790000000,1.064E+14,disgust
29.97,0.1949,0.000127,241.9,0.000981,0.037,0.07426,61.9,0.2428,0.4299,0.3214,0.1993,0.1606,0.1623,0.1091,0.1114,0.09854,0.06538,29.89,1859,236600,43500000,267.6,374.7,18.81,256000000,20260000,1417000,2.624E+14,183800000,12880000,1.602E+11,18.44,0.1156,6.00E-05,1532,0.000787,0.03066,0.6195,42.55,-0.9041,0.378,0.109,0.07472,-0.08208,-0.02565,-0.07983,-0.003745,0.007393,0.059,37.78,2452,241900,50030000,-1587,341600,37690,-1.167E+11,-12880000000,-1420000000,7.97E+16,1.164E+11,12840000000,1.071E+14,disgust
19.66,0.1572,0.000222,209.4,0.001161,0.04318,0.06395,43.62,0.1341,0.3864,0.2445,0.1787,0.1756,0.1529,0.137,0.1442,0.1231,0.06541,25.94,1881,189900,37270000,256.3,329.2,36.59,225700000,24730000,2763000,2.321E+14,224000000,25020000,3.129E+11,13.64,0.09077,7.90E-05,1590,0.001091,0.04211,0.5909,34.1,-0.9393,0.3726,0.08794,0.1023,-0.04974,-0.000281,-0.07726,-0.02479,-0.01346,0.06712,34.01,2286,222200,42030000,-1541,342800,37760,-1.175E+11,-12950000000,-1426000000,8.06E+16,1.17E+11,12890000000,1.077E+14,happy
22.17,0.1463,0.000189,250.3,0.001124,0.04209,0.05559,46.46,0.173,0.4377,0.2609,0.222,0.1962,0.155,0.1263,0.115,0.09477,0.07002,25.93,1997,222600,42340000,269.2,335.7,30.09,230900000,22650000,2276000,2.383E+14,205100000,20600000,2.583E+11,14.14,0.08756,8.30E-05,1541,0.000972,0.03739,0.5827,35.69,-0.9379,0.4108,0.1108,0.04714,-0.03617,-0.0174,-0.08641,-0.01999,-0.008422,0.06203,32.93,2261,235300,46580000,-1606,344000,37840,-1.183E+11,-13020000000,-1432000000,8.14E+16,1.176E+11,12940000000,1.083E+14,happy
23.48,0.174,0.0002,207.7,0.001091,0.04066,0.05048,46.67,0.1891,0.4321,0.2898,0.1909,0.1711,0.1291,0.1022,0.1115,0.115,0.0599,28.7,2055,239100,44070000,268.9,328.1,27.94,226500000,21780000,2117000,2.345E+14,197000000,19140000,2.407E+11,13.25,0.08146,6.40E-05,1548,0.0009,0.03455,0.5754,33.09,-0.9296,0.2446,0.1199,0.1049,-0.06833,-0.001176,-0.04676,-0.02734,0.002614,0.05145,37.02,2797,277300,56240000,-1644,345100,37900,-1.191E+11,-13080000000,-1436000000,8.22E+16,1.182E+11,12980000000,1.088E+14,happy
15.54,0.1311,0.000283,211.9,0.001296,0.04845,0.06255,36.88,0.1102,0.4287,0.2646,0.245,0.1822,0.1376,0.1189,0.1092,0.1028,0.07448,22.76,1999,222800,43210000,306.3,371.4,32.39,257300000,25030000,2458000,2.673E+14,226100000,22210000,2.799E+11,11.61,0.07615,0.000113,1583,0.001118,0.04308,0.5661,33.34,-0.9535,0.3485,0.1283,0.02862,-0.1096,0.00221,-0.04766,0.002377,-0.000504,0.06785,33.83,2518,266300,50590000,-1570,346300,37960,-1.199E+11,-13140000000,-1440000000,8.31E+16,1.188E+11,13020000000,1.093E+14,happy
22.17,0.1463,0.000189,250.3,0.001124,0.04209,0.05559,46.46,0.173,0.4377,0.2609,0.222,0.1962,0.155,0.1263,0.115,0.09477,0.07002,25.93,1997,222600,42340000,269.2,335.7,30.09,233300000,22820000,2288000,2.433E+14,206600000,20700000,2.61E+11,14.14,0.08756,8.30E-05,1541,0.000972,0.03739,0.5827,35.69,-0.9379,0.4108,0.1108,0.04714,-0.03617,-0.0174,-0.08641,-0.01999,-0.008422,0.06203,32.93,2261,235300,46580000,-1606,347500,38040,-1.208E+11,-13220000000,-1446000000,8.40E+16,1.195E+11,13070000000,1.1E+14,happy
85.66,0.3634,0.0001,171.7,0.001085,0.04055,0.04427,152.2,0.7386,0.2176,0.2079,0.2137,0.2194,0.1724,0.1104,0.1022,0.09693,0.05889,72.35,933,137100,11120000,803.9,345.9,12.75,241300000,17440000,970400,2.524E+14,158200000,8839000,1.108E+11,55.31,0.2581,4.60E-05,1555,0.000876,0.03376,0.5878,107.2,-0.5952,0.6236,0.05915,0.1303,0.0306,-0.009965,-0.1327,-0.05056,-0.03337,0.05579,65,1658,82480,24740000,-1795,348700,38080,-1.216E+11,-13280000000,-1450000000,8.48E+16,1.2E+11,13110000000,1.104E+14,neutral
15.41,0.1029,0.000101,215,0.000832,0.03103,0.03656,28.91,0.1077,0.4076,0.2617,0.2212,0.1872,0.1378,0.1179,0.1297,0.1093,0.04939,21.21,1667,197400,38100000,269.9,325.3,9.155,227600000,15500000,697600,2.389E+14,140800000,6372000,79740000000,10.89,0.06586,4.20E-05,1561,0.000749,0.02876,0.5664,27.12,-0.959,0.3433,0.08218,0.1542,-0.03575,-0.001769,-0.05946,-0.02034,-0.008731,0.04631,32.93,2477,268000,49250000,-1573,349900,38110,-1.224E+11,-13330000000,-1452000000,8.57E+16,1.205E+11,13120000000,1.106E+14,neutral
10.05,0.0657,6.10E-05,210.2,0.000788,0.02948,0.04029,24.06,0.04803,0.4929,0.2201,0.2341,0.1518,0.1413,0.1192,0.1226,0.102,0.04442,19.59,2133,218200,44430000,291.9,341.1,6.498,239500000,15150000,495300,2.522E+14,137700000,4554000,56640000000,9.908,0.05126,2.70E-05,1542,0.000632,0.0243,0.6076,27.89,-0.9667,0.2731,0.05722,0.1784,-0.06448,-0.04221,-0.08582,-0.001675,-0.01181,0.03959,36.2,2905,299200,55080000,-1619,351000,38120,-1.232E+11,-13380000000,-1453000000,8.65E+16,1.209E+11,13130000000,1.108E+14,neutral
94.29,0.4042,8.40E-05,226.6,0.000902,0.03393,0.04059,165,0.8118,0.2596,0.2395,0.1767,0.2391,0.1447,0.09967,0.102,0.0898,0.05489,77.87,1014,184200,17950000,904.2,316.9,6.23,223200000,13970000,475100,2.358E+14,126600000,4330000,54350000000,63.61,0.2832,3.90E-05,1531,0.000799,0.03071,0.5352,120.8,-0.5013,0.5249,0.08662,0.1834,0.04909,0.03109,-0.1072,-0.05298,-0.01195,0.05183,73.73,2002,110700,33080000,-1874,352200,38140,-1.24E+11,-13430000000,-1454000000,8.74E+16,1.214E+11,13150000000,1.109E+14,neutral
7.455,0.05677,0.0001,231.7,0.000778,0.0291,0.03202,19.86,0.04127,0.4169,0.2521,0.1599,0.153,0.1262,0.1252,0.1107,0.1114,0.04505,17.93,1877,205100,40840000,287.6,328,4.469,231700000,13940000,340900,2.456E+14,126900000,3169000,39020000000,7.658,0.04128,3.70E-05,1535,0.000718,0.02756,0.5507,22.21,-0.9759,0.2736,0.06381,0.1731,-0.02706,-0.006036,-0.07325,-0.01263,-0.01448,0.04317,32.89,2677,286800,52280000,-1564,353300,38150,-1.248E+11,-13480000000,-1455000000,8.82E+16,1.218E+11,13160000000,1.11E+14,neutral
87.85,0.3781,4.70E-05,206.8,0.000478,0.01764,0.06285,154.4,0.7512,0.24,0.1702,0.1382,0.211,0.113,0.09453,0.08257,0.08826,0.02459,73.52,922.7,173200,15860000,814.7,364.8,18.89,258700000,7444000,1440000,2.751E+14,67080000,13030000,1.647E+11,49.93,0.224,2.20E-05,1517,0.000519,0.01977,0.5217,94.38,-0.6091,0.4153,0.1173,0.1647,0.07609,0.0322,-0.05927,-0.008228,-0.009332,0.0284,60.8,1948,147800,37720000,-1796,354500,38130,-1.257E+11,-13520000000,-1453000000,8.91E+16,1.222E+11,13140000000,1.108E+14,sad
87.9,0.3778,1.30E-05,201.3,0.000367,0.01373,0.08141,154.8,0.7526,0.2495,0.1632,0.143,0.2084,0.1296,0.08793,0.07928,0.0881,0.02003,72.92,939.9,194200,20590000,771.1,344.4,5.137,245000000,11430000,391500,2.614E+14,103900000,3488000,44750000000,49.79,0.2195,7.00E-06,1513,0.000393,0.01495,0.4865,95.22,-0.6086,0.4553,0.1542,0.1415,0.06115,0.01226,-0.0564,-0.03056,-0.000163,0.02269,61.44,2037,167300,41600000,-1859,355700,38100,-1.265E+11,-13550000000,-1451000000,9.00E+16,1.225E+11,13120000000,1.106E+14,sad
97.63,0.4185,1.10E-05,216.9,0.000352,0.01314,0.07589,169.4,0.8316,0.2638,0.147,0.1306,0.2144,0.1331,0.08383,0.07851,0.08582,0.01894,80.81,930.3,215100,21890000,874.8,363.9,4.974,259800000,12330000,379000,2.782E+14,112000000,3393000,43310000000,64.77,0.2849,7.00E-06,1520,0.00036,0.01366,0.4885,118.7,-0.4845,0.4463,0.1756,0.161,0.1008,0.03149,-0.06646,-0.02397,-0.01101,0.01979,73.53,2076,141900,41550000,-2018,356900,38090,-1.274E+11,-13600000000,-1451000000,9.10E+16,1.229E+11,13120000000,1.105E+14,sad
98.15,0.4196,2.00E-05,207.2,0.000405,0.01508,0.07712,172.3,0.8391,0.2453,0.1843,0.1419,0.2025,0.1162,0.09672,0.08596,0.08573,0.02062,80.74,852.1,209700,19680000,889.4,371,3.059,265800000,13120000,233100,2.856E+14,118800000,2078000,26630000000,67.67,0.299,9.00E-06,1511,0.000379,0.01441,0.5107,126.9,-0.4578,0.4241,0.1415,0.1745,0.1183,0.07325,-0.05102,-0.0141,-0.005434,0.02093,77.01,2162,142500,41190000,-2032,358200,38080,-1.283E+11,-13640000000,-1450000000,9.19E+16,1.233E+11,13110000000,1.104E+14,sad
92.12,0.3979,1.10E-05,212.5,0.000388,0.0145,0.1232,164.2,0.7877,0.2944,0.1943,0.1483,0.1978,0.1222,0.1035,0.08091,0.07553,0.01988,75.62,1145,222900,25080000,820.5,412.4,6.271,296600000,13810000,477600,3.2E+14,125500000,4269000,54550000000,56.89,0.2529,5.00E-06,1531,0.000375,0.01421,0.4795,107.8,-0.5494,0.3793,0.1275,0.1879,0.1161,0.04854,-0.05103,-0.02419,-0.01043,0.02027,69.46,2361,183400,46300000,-1967,359600,38080,-1.293E+11,-13690000000,-1450000000,9.30E+16,1.238E+11,13110000000,1.104E+14,sad
69.08,0.3089,0.00051,300.8,0.002038,0.07675,0.04165,121,0.5988,0.2487,0.3356,0.1668,0.2205,0.1643,0.1308,0.1255,0.1043,0.1318,60.79,1240,112200,15880000,600.3,312,35.81,225100000,24550000,2730000,2.437E+14,223500000,24840000,3.122E+11,39.43,0.2117,0.000236,1587,0.001746,0.06753,0.6236,79.49,-0.7245,0.634,-0.02131,0.08271,-0.0593,-0.02962,-0.02536,0.04065,-0.02635,0.123,49.95,1383,59870,19120000,-1544,360800,38140,-1.302E+11,-13760000000,-1454000000,9.40E+16,1.244E+11,13140000000,1.109E+14,angry
19.29,0.1393,0.000416,225.7,0.0014,0.05281,0.03023,42.52,0.1401,0.4413,0.3991,0.215,0.1739,0.1355,0.1442,0.1208,0.1347,0.09827,22.72,1871,241600,46980000,283.8,329,50.29,238100000,30600000,3847000,2.586E+14,277300000,34850000,4.414E+11,16.43,0.1115,0.00017,1603,0.001226,0.04805,0.6047,40.78,-0.9319,0.5075,-0.04751,0.1023,-0.1405,-0.01701,0.003634,-0.006143,-0.05958,0.09422,36.21,2078,201300,38440000,-1560,361900,38260,-1.31E+11,-13850000000,-1464000000,9.48E+16,1.252E+11,13230000000,1.12E+14,angry
21.41,0.1469,0.000473,233.8,0.001601,0.06049,0.04066,46.3,0.167,0.2549,0.314,0.1709,0.1434,0.1351,0.1287,0.1131,0.1026,0.1156,22.76,1101,127800,24430000,191.4,309.7,39.95,224900000,26160000,3067000,2.449E+14,238000000,27870000,3.53E+11,14.58,0.09666,0.000223,1588,0.001599,0.06224,0.5826,34.65,-0.9344,0.5749,-0.03806,0.03798,-0.1217,-0.0421,-0.01388,0.02117,-0.01001,0.1212,30.44,1476,130600,25110000,-1377,363000,38390,-1.318E+11,-13940000000,-1473000000,9.57E+16,1.26E+11,13320000000,1.131E+14,angry
19.19,0.1388,0.000436,235.4,0.001729,0.06571,0.03235,43.92,0.1446,0.3922,0.3911,0.216,0.1461,0.1257,0.1216,0.1092,0.1053,0.128,24.15,1890,226400,43860000,266.5,308.5,52.93,224600000,30860000,4076000,2.454E+14,280500000,37000000,4.708E+11,15.87,0.1065,0.000217,1575,0.001448,0.05664,0.6255,37.75,-0.9322,0.5384,-0.003505,0.05879,-0.1381,-0.03011,-0.02358,-0.003714,-0.03562,0.1126,33.65,1871,177000,34820000,-1536,364100,38520,-1.326E+11,-14030000000,-1484000000,9.65E+16,1.268E+11,13410000000,1.143E+14,angry
16.11,0.1222,0.000598,224.5,0.001516,0.05722,0.02972,36.74,0.1076,0.3923,0.384,0.2174,0.1649,0.1238,0.1508,0.1303,0.1229,0.1068,23,1659,212700,41800000,226.3,290.5,50.15,212200000,29360000,3877000,2.324E+14,266500000,35160000,4.495E+11,13.83,0.09382,0.000209,1639,0.001395,0.05449,0.6471,34.23,-0.9478,0.568,-0.01157,0.03769,-0.1396,-0.06289,-0.03267,0.01409,-0.01069,0.1025,30.53,1632,162300,31740000,-1523,365100,38660,-1.333E+11,-14120000000,-1495000000,9.74E+16,1.276E+11,13510000000,1.156E+14,angry
15.25,0.1086,0.000209,254.3,0.001197,0.04509,0.05551,34.83,0.09255,0.247,0.3613,0.2036,0.1683,0.1391,0.1219,0.0911,0.09144,0.07985,19.62,1113,145300,29110000,227.5,411.5,34.39,301500000,28410000,2666000,3.313E+14,256600000,24080000,3.1E+11,13.84,0.09466,0.0001,1555,0.00096,0.03778,0.6304,34.08,-0.9497,0.5719,-0.002954,0.03233,-0.09555,0.01648,-0.003432,0.00158,-0.0152,0.07578,32.03,1714,176900,33090000,-1490,366400,38770,-1.342E+11,-14200000000,-1503000000,9.83E+16,1.284E+11,13580000000,1.165E+14,disgust
17.77,0.1325,0.000183,262.7,0.001215,0.04582,0.05798,41.1,0.1183,0.2366,0.3464,0.1692,0.1792,0.142,0.1256,0.08668,0.1105,0.08437,21.39,982.9,113900,22360000,162.3,335.7,36.37,246900000,26200000,2826000,2.723E+14,237500000,25610000,3.295E+11,14.4,0.09779,9.00E-05,1596,0.001034,0.04046,0.642,34.69,-0.9411,0.5795,-0.07563,0.0982,-0.1207,0.002136,0.007898,0.03491,0.003047,0.07841,31.95,1563,141700,26210000,-1462,367700,38870,-1.352E+11,-14290000000,-1511000000,9.94E+16,1.292E+11,13660000000,1.174E+14,disgust
15.75,0.1171,0.000325,247.6,0.00132,0.04948,0.04379,36.12,0.1003,0.2692,0.3174,0.1735,0.1585,0.1279,0.1125,0.09385,0.1209,0.08012,20.51,1170,146100,28910000,206.9,361.9,34.29,267000000,26550000,2671000,2.954E+14,240500000,24200000,3.122E+11,13.13,0.09066,0.000124,1563,0.001038,0.04047,0.6472,32.46,-0.9504,0.5461,-0.001317,0.05601,-0.1181,-0.02276,-0.02468,0.01915,-0.006859,0.07362,31.67,1695,166500,30960000,-1484,368900,38970,-1.361E+11,-14370000000,-1518000000,1.00E+17,1.299E+11,13720000000,1.183E+14,disgust
21.7,0.1503,0.000222,232.7,0.001235,0.04635,0.044,45.14,0.1422,0.2841,0.3196,0.1974,0.1637,0.139,0.1244,0.09678,0.1118,0.07895,23.47,1218,157400,30780000,208.9,359.2,31.21,265900000,25360000,2437000,2.952E+14,229900000,22090000,2.854E+11,15.28,0.09958,9.70E-05,1574,0.000996,0.03903,0.6673,36.09,-0.9342,0.527,-0.004365,0.07131,-0.1286,-0.01564,0.0042,0.03955,0.0225,0.07369,33.43,1802,176400,33230000,-1485,370100,39050,-1.37E+11,-14450000000,-1525000000,1.01E+17,1.306E+11,13780000000,1.191E+14,disgust
15.75,0.1171,0.000325,247.6,0.00132,0.04948,0.04379,36.12,0.1003,0.2692,0.3174,0.1735,0.1585,0.1279,0.1125,0.09385,0.1209,0.08012,20.51,1170,146100,28910000,206.9,361.9,34.29,268800000,26690000,2683000,2.994E+14,241900000,24310000,3.149E+11,13.13,0.09066,0.000124,1563,0.001038,0.04047,0.6472,32.46,-0.9504,0.5461,-0.001317,0.05601,-0.1181,-0.02276,-0.02468,0.01915,-0.006859,0.07362,31.67,1695,166500,30960000,-1484,371300,39140,-1.379E+11,-14530000000,-1531000000,1.02E+17,1.314E+11,13840000000,1.199E+14,disgust
15.29,0.09478,0.000287,227.2,0.001386,0.05226,0.0358,33.77,0.1011,0.2776,0.3284,0.1893,0.1724,0.1507,0.1285,0.1446,0.1223,0.08705,20.31,1256,134900,26560000,217.4,406,16.18,302600000,21880000,1268000,3.383E+14,197800000,11460000,1.491E+11,11.58,0.07041,9.60E-05,1603,0.001196,0.04618,0.637,28.43,-0.9586,0.5644,-0.014,0.0308,-0.1204,-0.03552,-0.02059,0.03057,-0.001319,0.081,30.95,1705,164000,30420000,-1449,372700,39200,-1.389E+11,-14610000000,-1536000000,1.04E+17,1.32E+11,13890000000,1.204E+14,happy
14.29,0.08999,0.000265,253.8,0.001323,0.05006,0.05593,31.78,0.08882,0.2901,0.2947,0.1811,0.16,0.1459,0.1244,0.09857,0.1196,0.09107,17.42,1173,152800,30180000,231.1,401,25,300000000,25060000,1963000,3.366E+14,226700000,17770000,2.312E+11,11.68,0.07513,0.0001,1578,0.001123,0.04359,0.6077,28.09,-0.9609,0.5441,0.02819,0.02432,-0.1191,-0.04619,-0.03277,0.007435,-0.02204,0.08126,29.78,1673,178700,32730000,-1455,374100,39260,-1.399E+11,-14690000000,-1541000000,1.05E+17,1.327E+11,13930000000,1.21E+14,happy
14.93,0.09146,0.000198,234.8,0.00128,0.04852,0.03612,32.46,0.09861,0.2702,0.3115,0.2244,0.1219,0.1281,0.1359,0.1077,0.1089,0.09106,16.54,1162,145000,28100000,232.2,424.1,22.7,318500000,25130000,1785000,3.588E+14,227200000,16130000,2.106E+11,12.96,0.08723,9.40E-05,1574,0.001069,0.04153,0.6226,32.39,-0.9562,0.6088,-0.06139,-0.05506,-0.1628,-0.06178,-0.007349,0.04438,0.000934,0.08013,31.58,1695,175600,31770000,-1466,375500,39330,-1.41E+11,-14770000000,-1546000000,1.06E+17,1.335E+11,13980000000,1.216E+14,happy
16.42,0.1022,0.000307,223.6,0.001367,0.05142,0.03568,36.43,0.1103,0.3024,0.319,0.1691,0.1515,0.1372,0.112,0.09327,0.115,0.08618,19.5,1300,147900,29130000,232.3,400.8,19.02,302100000,22910000,1498000,3.417E+14,207800000,13610000,1.77E+11,12.21,0.0755,0.000112,1576,0.001188,0.04601,0.6077,30.4,-0.9553,0.5623,-0.01125,0.02171,-0.1075,-0.04711,-0.04556,0.002415,0.01264,0.08364,29.85,1613,160700,29980000,-1431,376900,39380,-1.421E+11,-14840000000,-1551000000,1.07E+17,1.342E+11,14020000000,1.221E+14,happy
16.42,0.1022,0.000307,223.6,0.001367,0.05142,0.03568,36.43,0.1103,0.3024,0.319,0.1691,0.1515,0.1372,0.112,0.09327,0.115,0.08618,19.5,1300,147900,29130000,232.3,400.8,19.02,303300000,22950000,1500000,3.442E+14,208200000,13630000,1.774E+11,12.21,0.0755,0.000112,1576,0.001188,0.04601,0.6077,30.4,-0.9553,0.5623,-0.01125,0.02171,-0.1075,-0.04711,-0.04556,0.002415,0.01264,0.08364,29.85,1613,160700,29980000,-1431,378300,39430,-1.431E+11,-14920000000,-1555000000,1.08E+17,1.348E+11,14050000000,1.226E+14,happy
11.85,0.08574,0.000103,237.7,0.000806,0.03051,0.03723,26.45,0.06958,0.3098,0.3797,0.1581,0.1434,0.1534,0.116,0.1051,0.1068,0.05601,16.56,1148,161200,31860000,208.2,361.7,12.47,274600000,18820000,984600,3.128E+14,170900000,8966000,1.166E+11,10.88,0.07419,4.10E-05,1579,0.000739,0.02863,0.6076,27.86,-0.966,0.561,-0.01841,0.01005,-0.1096,-0.05096,-0.03378,0.0225,-0.006902,0.05409,28.74,1603,173900,32720000,-1494,379600,39480,-1.441E+11,-14990000000,-1558000000,1.09E+17,1.355E+11,14090000000,1.23E+14,neutral
12.96,0.08345,0.000198,236.1,0.001091,0.04119,0.0466,30.41,0.08167,0.2546,0.3185,0.1633,0.1775,0.1468,0.1205,0.1212,0.1274,0.07612,17.97,1103,122200,24260000,190,321.9,13.35,245100000,17720000,1055000,2.801E+14,160100000,9532000,1.25E+11,11.66,0.07864,8.40E-05,1562,0.001048,0.04081,0.6184,29.3,-0.9621,0.5992,-0.008733,0.0648,-0.1246,-0.05507,-0.03513,0.02233,-0.008589,0.07836,29.66,1558,152200,27650000,-1421,380800,39500,-1.45E+11,-15040000000,-1560000000,1.10E+17,1.36E+11,14100000000,1.232E+14,neutral
15.44,0.1142,0.000405,267.6,0.001624,0.0611,0.03544,34.79,0.1062,0.2869,0.3022,0.161,0.1765,0.1349,0.1122,0.1091,0.08962,0.1024,19.45,1203,140000,26350000,224.6,379.8,22.42,290200000,23530000,1773000,3.326E+14,212600000,16030000,2.104E+11,11.98,0.07667,0.000131,1613,0.001297,0.05033,0.6281,29.81,-0.9546,0.5221,-0.0412,0.09283,-0.1023,-0.03532,-0.03424,0.01852,0.01613,0.09244,32.58,1846,173700,31330000,-1428,382000,39550,-1.459E+11,-15110000000,-1564000000,1.12E+17,1.366E+11,14140000000,1.237E+14,neutral
18.92,0.1237,0.000185,240.6,0.000996,0.03749,0.04531,41.76,0.1276,0.2687,0.341,0.1749,0.1717,0.1323,0.1137,0.105,0.1022,0.06536,20.85,1071,148700,28680000,212.3,373.4,14.18,286300000,20150000,1123000,3.292E+14,182200000,10160000,1.334E+11,13.49,0.08525,7.00E-05,1557,0.000885,0.03444,0.6188,32.36,-0.9439,0.5339,-0.001022,0.06504,-0.09456,-0.01984,-0.01763,0.004859,-0.007648,0.0641,31.51,1693,171300,32480000,-1469,383300,39600,-1.469E+11,-15180000000,-1568000000,1.13E+17,1.372E+11,14180000000,1.242E+14,neutral
16.3,0.1167,0.000367,270.9,0.00135,0.05085,0.04801,37.05,0.1161,0.2615,0.3392,0.1576,0.1783,0.1471,0.1369,0.09947,0.09472,0.09078,19.98,1119,140900,27200000,208.5,350.3,13.68,269400000,19100000,1084000,3.108E+14,172600000,9797000,1.289E+11,11.96,0.07793,0.000123,1573,0.001137,0.04421,0.6167,28.74,-0.9527,0.5317,0.02717,0.06014,-0.09663,-0.03511,-0.02038,0.04155,0.006084,0.08062,28.79,1555,156000,29700000,-1427,384600,39630,-1.479E+11,-15240000000,-1570000000,1.14E+17,1.378E+11,14200000000,1.245E+14,neutral
78.87,0.3385,3.80E-05,203.3,0.000504,0.01874,0.04504,138.8,0.6744,0.2286,0.2461,0.1232,0.1951,0.118,0.1022,0.1066,0.07781,0.02693,66.07,1018,142100,13500000,700.3,390.2,4.056,301100000,16510000,321600,3.486E+14,148900000,2872000,38250000000,40.11,0.1781,2.00E-05,1540,0.000591,0.02259,0.5781,78.88,-0.6952,0.5062,0.06287,0.1001,0.03268,0.01563,-0.03743,0.04545,0.03505,0.03611,53.16,1769,123900,31040000,-1667,385900,39660,-1.489E+11,-15300000000,-1572000000,1.15E+17,1.383E+11,14210000000,1.247E+14,sad
75.75,0.3308,5.10E-05,211.1,0.000484,0.01794,0.08211,136.1,0.6477,0.243,0.2415,0.1296,0.1921,0.122,0.1417,0.09865,0.08685,0.03025,63.67,1050,131500,12750000,659.4,362.1,3.416,280400000,15240000,270900,3.257E+14,137100000,2396000,32230000000,39.12,0.1842,3.00E-05,1536,0.000557,0.02159,0.5316,80.01,-0.7091,0.5205,0.01711,0.05987,0.003523,0.006427,-0.02678,0.04889,0.006267,0.03823,52.75,1772,120800,30280000,-1632,387200,39670,-1.499E+11,-15360000000,-1573000000,1.16E+17,1.388E+11,14220000000,1.248E+14,sad
13.1,0.07938,6.90E-05,188.7,0.000661,0.02466,0.07549,28.6,0.0764,0.2782,0.3172,0.1986,0.1387,0.1365,0.1283,0.08793,0.1074,0.03675,16.56,1158,158400,31090000,190.6,408.5,13.73,317400000,21470000,1090000,3.699E+14,194000000,9848000,1.298E+11,9.718,0.05518,2.90E-05,1543,0.000602,0.02317,0.6,24.49,-0.9685,0.5236,0.08155,-0.006457,-0.06904,0.0041,-0.006912,0.03167,-0.000537,0.03806,27.39,1616,188400,35650000,-1557,388500,39690,-1.509E+11,-15420000000,-1575000000,1.17E+17,1.394E+11,14240000000,1.25E+14,sad
16.42,0.1188,5.20E-05,231.6,0.000544,0.02029,0.03722,38.18,0.1032,0.2578,0.2969,0.1712,0.1501,0.1443,0.1416,0.1127,0.1237,0.03249,20.95,1096,134800,26790000,161.4,354,14.44,276000000,19670000,1147000,3.227E+14,177400000,10340000,1.367E+11,11.62,0.07074,2.50E-05,1548,0.000501,0.01939,0.626,28.91,-0.9534,0.4763,0.0295,0.07417,-0.06065,-0.04783,-0.02332,0.07105,0.01526,0.0326,31.24,1909,201600,38070000,-1579,389800,39730,-1.519E+11,-15490000000,-1578000000,1.19E+17,1.4E+11,14260000000,1.253E+14,sad
78.87,0.3385,3.80E-05,203.3,0.000504,0.01874,0.04504,138.8,0.6744,0.2286,0.2461,0.1232,0.1951,0.118,0.1022,0.1066,0.07781,0.02693,66.07,1018,142100,13500000,700.3,390.2,4.056,305200000,16560000,322400,3.581E+14,149400000,2879000,38450000000,40.11,0.1781,2.00E-05,1540,0.000591,0.02259,0.5781,78.88,-0.6952,0.5062,0.06287,0.1001,0.03268,0.01563,-0.03743,0.04545,0.03505,0.03611,53.16,1769,123900,31040000,-1667,391100,39750,-1.53E+11,-15550000000,-1580000000,1.20E+17,1.405E+11,14280000000,1.256E+14,sad
72.15,0.3091,0.000756,209.5,0.002229,0.08364,0.05703,127.5,0.6219,0.2158,0.3577,0.1816,0.2054,0.1548,0.1109,0.09733,0.08812,0.1321,61.44,898.7,141000,20610000,683.1,347.2,42.34,272500000,30120000,3372000,3.207E+14,273100000,30560000,4.028E+11,39.46,0.1946,0.000291,1523,0.001531,0.05942,0.6349,79.41,-0.7213,0.6136,-0.003283,0.1134,0.02573,0.003248,-0.051,-0.02904,-0.01318,0.1037,50.03,1387,83190,21980000,-1668,392400,39830,-1.539E+11,-15630000000,-1586000000,1.21E+17,1.413E+11,14340000000,1.264E+14,angry
15.21,0.111,0.000753,228.9,0.002783,0.1038,0.06851,35.18,0.1041,0.2428,0.3732,0.1688,0.2061,0.1673,0.1218,0.1081,0.09066,0.1428,19.38,1007,127600,25080000,165.8,309.7,38.82,243700000,27190000,3100000,2.877E+14,247600000,28190000,3.714E+11,12.49,0.08687,0.000328,1545,0.001985,0.07636,0.6617,31.55,-0.9531,0.5927,-0.04047,0.1276,-0.03565,-0.01086,-0.03648,-0.02982,-0.01483,0.1251,28.35,1360,124600,22880000,-1429,393500,39950,-1.548E+11,-15720000000,-1596000000,1.22E+17,1.421E+11,14430000000,1.275E+14,angry
16.86,0.1007,0.000759,204.7,0.002328,0.08719,0.07185,36.47,0.1093,0.2592,0.3452,0.1887,0.1649,0.1369,0.1085,0.08573,0.07861,0.1323,17.85,1005,137900,27110000,190.2,329.5,43.71,260100000,30060000,3500000,3.079E+14,273100000,31760000,4.204E+11,12.03,0.07479,0.000311,1542,0.00194,0.07492,0.605,29.47,-0.9565,0.5792,0.004197,0.08732,-0.03804,-0.01415,-0.0332,-0.009806,-0.003862,0.1269,27.24,1328,133500,24220000,-1411,394600,40060,-1.557E+11,-15810000000,-1604000000,1.23E+17,1.429E+11,14500000000,1.285E+14,angry
14.83,0.0804,0.000951,228.1,0.003063,0.1148,0.07152,30.66,0.09589,0.2462,0.3646,0.1855,0.149,0.1468,0.1269,0.09216,0.08308,0.1762,15.69,931.6,137700,27370000,202.7,319.3,46.34,252700000,30880000,3721000,3E+14,280100000,33730000,4.482E+11,11.71,0.06956,0.0005,1562,0.0023,0.08886,0.6407,28.15,-0.9625,0.6016,-0.01759,0.09413,-0.008494,-0.001367,-0.04085,-0.0349,0.004303,0.1491,26.65,1286,132600,23920000,-1422,395700,40170,-1.566E+11,-15890000000,-1613000000,1.24E+17,1.437E+11,14580000000,1.296E+14,angry
12.53,0.08947,0.000915,223.7,0.003179,0.1186,0.06464,29.8,0.08398,0.245,0.3504,0.1673,0.1604,0.1245,0.1155,0.1076,0.1032,0.1593,17.58,1077,120500,24010000,176.2,340.7,32.22,270500000,26080000,2595000,3.22E+14,237100000,23590000,3.135E+11,10.85,0.06951,0.000379,1550,0.002228,0.08561,0.6504,28.15,-0.9639,0.5793,-0.0119,0.09513,-0.03699,-0.01568,-0.03785,-0.02077,0.004712,0.1344,27.89,1464,141200,25510000,-1413,396900,40290,-1.575E+11,-15990000000,-1623000000,1.25E+17,1.445E+11,14670000000,1.307E+14,angry
62.03,0.2686,0.001122,210.2,0.002767,0.1028,0.03417,108.7,0.5335,0.2182,0.3242,0.2046,0.2122,0.1628,0.1325,0.1239,0.09547,0.1367,53.06,961.5,120600,17870000,583.9,400.4,45.13,318900000,33790000,3645000,3.809E+14,306900000,33080000,4.416E+11,29.67,0.1461,0.000317,1554,0.002025,0.0779,0.6177,60.04,-0.8017,0.6165,-0.04093,0.07349,-0.01828,0.009315,-0.007513,0.00837,0.007797,0.12,43.53,1395,89790,20370000,-1581,398200,40400,-1.585E+11,-16090000000,-1632000000,1.26E+17,1.454E+11,14750000000,1.318E+14,disgust
14.28,0.09322,0.000527,188.4,0.002309,0.08623,0.04756,31.1,0.09109,0.2505,0.3917,0.1997,0.1784,0.156,0.1257,0.1399,0.1084,0.1187,17.72,1090,145200,28600000,207.2,388,46.88,310000000,33660000,3798000,3.716E+14,306100000,34490000,4.616E+11,11.8,0.07764,0.000199,1572,0.001645,0.06322,0.6056,30.7,-0.96,0.5692,-0.04017,0.1123,0.01329,0.01722,-0.05463,-0.04269,-0.02213,0.1015,29.01,1533,151600,27710000,-1495,399500,40530,-1.596E+11,-16190000000,-1643000000,1.28E+17,1.464E+11,14850000000,1.332E+14,disgust
31.24,0.1451,0.000558,229.7,0.002219,0.08217,0.0399,58.88,0.2633,0.2395,0.3942,0.1705,0.1701,0.1466,0.1228,0.1181,0.0976,0.09244,29.59,998.3,128800,24160000,224.4,399.9,37.46,320700000,30790000,3043000,3.856E+14,279900000,27640000,3.709E+11,14.65,0.08251,0.00017,1578,0.001781,0.06798,0.5878,33.68,-0.9328,0.6039,0.01117,0.07612,0.01323,-0.003037,-0.05828,-0.01112,0.0222,0.09519,28.15,1200,112700,22050000,-1491,400900,40640,-1.607E+11,-16290000000,-1651000000,1.29E+17,1.473E+11,14930000000,1.342E+14,disgust
10.87,0.07592,0.000478,213.6,0.001827,0.06792,0.0645,22.29,0.05865,0.2785,0.3517,0.1525,0.1615,0.1658,0.1423,0.1477,0.1077,0.08433,16.82,1200,146600,28900000,176.2,434.8,48.01,349900000,36440000,3912000,4.223E+14,330300000,35430000,4.781E+11,9.135,0.05207,0.000137,1568,0.001397,0.0534,0.6132,21.57,-0.9753,0.5039,0.03388,0.1329,0.02788,0.02359,-0.01555,-0.008696,-0.001032,0.07635,26.4,1585,164500,30070000,-1548,402300,40760,-1.619E+11,-16400000000,-1661000000,1.30E+17,1.482E+11,15020000000,1.354E+14,disgust
11.96,0.08699,0.000335,173.6,0.001515,0.05651,0.04926,27.99,0.07484,0.2712,0.372,0.1629,0.1734,0.1449,0.1132,0.1135,0.0904,0.08097,16,1070,145600,29190000,178,389.3,39.28,314400000,31300000,3209000,3.808E+14,284100000,29110000,3.932E+11,10.47,0.07052,0.00013,1570,0.001136,0.04384,0.6183,28.16,-0.9667,0.5438,-0.001779,0.09395,-0.000425,0.003234,-0.0421,-0.0351,0.00043,0.07286,27.42,1539,161200,29650000,-1515,403700,40860,-1.63E+11,-16500000000,-1670000000,1.32E+17,1.491E+11,15090000000,1.364E+14,disgust
16.66,0.09279,0.000287,218.4,0.001337,0.04958,0.05587,34.91,0.1067,0.2957,0.3856,0.181,0.1705,0.1559,0.1304,0.1109,0.1114,0.07091,19.74,1249,144400,28320000,191.3,316.6,33.6,256400000,26300000,2752000,3.115E+14,239100000,25000000,3.38E+11,12.7,0.07529,0.000122,1571,0.0012,0.04667,0.6199,30.83,-0.9544,0.6057,0.00755,0.02967,-0.06059,-0.003933,-0.02512,0.01581,-0.000429,0.07605,27.65,1417,147300,28030000,-1501,405000,40960,-1.64E+11,-16590000000,-1677000000,1.33E+17,1.499E+11,15160000000,1.374E+14,happy
69.34,0.2963,0.000469,184.7,0.001786,0.06646,0.05973,120.7,0.5974,0.1956,0.3531,0.2263,0.192,0.1395,0.1139,0.09637,0.09499,0.09584,59.9,806.5,102300,13730000,654.3,314.1,34.52,255100000,26420000,2834000,3.107E+14,241300000,25840000,3.489E+11,39.75,0.1933,0.000188,1560,0.001712,0.06634,0.584,77.08,-0.7304,0.7003,-0.06263,0.02218,-0.000872,0.006765,-0.04408,-0.008872,0.00209,0.1123,47.73,1035,45090,14820000,-1613,406100,41070,-1.649E+11,-16670000000,-1686000000,1.34E+17,1.507E+11,15240000000,1.385E+14,happy
16.89,0.1014,0.000545,213.7,0.001569,0.05874,0.05854,37.14,0.1088,0.2675,0.3668,0.1855,0.143,0.1154,0.09901,0.0859,0.07736,0.09921,19.43,1098,143300,27730000,181.3,309.8,33.06,252200000,25700000,2720000,3.081E+14,233600000,24690000,3.357E+11,12.74,0.08254,0.000218,1566,0.001347,0.05257,0.6149,31.7,-0.9531,0.6151,0.009899,-0.02513,-0.05133,-0.01123,-0.04111,-0.01562,-0.02796,0.09122,26.38,1248,131100,25410000,-1474,407100,41160,-1.658E+11,-16760000000,-1694000000,1.35E+17,1.515E+11,15310000000,1.394E+14,happy
62.4,0.2679,0.000346,223.6,0.001369,0.05078,0.06177,110.8,0.5333,0.2464,0.3383,0.1819,0.203,0.161,0.1324,0.1108,0.0997,0.07115,54.3,1019,129100,19790000,543.8,317.2,34.26,259000000,26560000,2825000,3.171E+14,241500000,25650000,3.493E+11,30.9,0.1494,0.000133,1579,0.001179,0.04561,0.6099,63.67,-0.7943,0.6233,0.01839,0.05735,0.01895,-0.0113,-0.06063,-0.01631,-0.004759,0.071,40.75,1221,88940,21480000,-1628,408200,41240,-1.666E+11,-16840000000,-1701000000,1.36E+17,1.522E+11,15370000000,1.402E+14,happy
26.71,0.1363,0.000363,229.2,0.001614,0.05995,0.06263,54.5,0.203,0.2678,0.3022,0.1909,0.1925,0.1419,0.1162,0.08752,0.09578,0.0834,26.54,1292,156100,29700000,194.7,329.3,35.67,269600000,27430000,2948000,3.311E+14,250000000,26810000,3.654E+11,14.67,0.08864,0.000168,1523,0.001406,0.054,0.5777,36.1,-0.9348,0.5681,0.1176,0.0177,-0.06393,-0.01119,-0.06468,-0.02544,-0.03099,0.08488,28.03,1356,144500,28120000,-1494,409300,41340,-1.676E+11,-16920000000,-1708000000,1.37E+17,1.529E+11,15450000000,1.412E+14,happy
18.99,0.1313,0.00024,201.7,0.001329,0.04935,0.07606,41.52,0.1246,0.2795,0.3367,0.1961,0.2197,0.2037,0.1276,0.1351,0.1156,0.06896,23.9,1221,91910,16360000,132,298.1,15.72,244700000,18580000,1301000,3.013E+14,168300000,11780000,1.614E+11,13.73,0.0908,0.000108,1531,0.001209,0.0465,0.6202,35.59,-0.9419,0.514,-0.02432,0.2276,-0.005307,-0.01052,-0.0107,-0.03649,-0.04674,0.0726,30.46,1606,134100,24050000,-1437,410400,41390,-1.684E+11,-16990000000,-1713000000,1.38E+17,1.535E+11,15480000000,1.418E+14,neutral
14.46,0.1099,0.000241,186.2,0.00123,0.04603,0.05462,33.78,0.09509,0.263,0.3564,0.1814,0.2081,0.1498,0.09964,0.1133,0.0918,0.06883,18.35,1122,136100,26630000,186.6,353.7,17.64,291100000,21680000,1461000,3.594E+14,196000000,13200000,1.816E+11,11.62,0.07926,0.000102,1540,0.000945,0.03686,0.6039,30.71,-0.9562,0.5246,-0.0606,0.07305,-0.008227,0.002713,-0.03342,-0.03827,-0.01385,0.06357,30.15,1691,167900,31050000,-1483,411500,41430,-1.694E+11,-17050000000,-1716000000,1.39E+17,1.541E+11,15520000000,1.422E+14,neutral
16.23,0.1072,0.000303,227.2,0.001261,0.04708,0.04338,35.66,0.1005,0.2906,0.3795,0.1932,0.1884,0.1605,0.1112,0.1473,0.1054,0.06915,19.96,1210,139100,27780000,190.8,348.9,17.54,288000000,21640000,1454000,3.567E+14,194700000,13060000,1.809E+11,12.45,0.08093,0.000111,1513,0.001008,0.03912,0.6319,32.73,-0.9532,0.5277,-0.03119,0.151,-0.01404,-0.009401,-0.04195,-0.03036,-0.01028,0.06769,30.59,1705,164400,30490000,-1475,412800,41460,-1.704E+11,-17110000000,-1719000000,1.41E+17,1.547E+11,15540000000,1.425E+14,neutral
20.25,0.1299,0.000315,222.8,0.001175,0.04366,0.05317,45.27,0.1423,0.26,0.3491,0.1885,0.2215,0.1951,0.1245,0.1207,0.09217,0.06736,23.14,1094,110000,20760000,149.1,326.5,17.86,270300000,20490000,1483000,3.356E+14,185600000,13410000,1.846E+11,14.65,0.09558,0.000115,1547,0.001021,0.03975,0.6027,35.84,-0.9378,0.5952,-0.01884,0.128,-0.1034,-0.08413,-0.04045,0.007986,-0.01672,0.06932,30.41,1491,131800,25170000,-1443,413900,41520,-1.713E+11,-17190000000,-1723000000,1.42E+17,1.553E+11,15580000000,1.431E+14,neutral
16.19,0.1117,0.000313,203.1,0.001331,0.04981,0.06855,37.06,0.1088,0.2728,0.3796,0.1886,0.1656,0.1346,0.09279,0.08601,0.08064,0.07684,19,1153,157900,30940000,208.8,375.9,21.33,312100000,24220000,1772000,3.887E+14,218800000,16000000,2.209E+11,11.9,0.07812,0.000115,1540,0.001084,0.04207,0.59,30.54,-0.9532,0.5681,0.02463,0.04236,-0.05522,-0.03444,-0.02797,-0.01606,-0.0029,0.07248,27.83,1492,157600,30150000,-1468,415100,41560,-1.723E+11,-17250000000,-1727000000,1.43E+17,1.559E+11,15610000000,1.435E+14,neutral
78.85,0.3383,0.000129,203.2,0.000889,0.03313,0.05188,137.7,0.6745,0.1883,0.2702,0.131,0.1875,0.1282,0.09257,0.08389,0.07686,0.04648,66.52,768.3,129400,12480000,727.2,422.9,16.38,352300000,23320000,1362000,4.402E+14,211400000,12340000,1.7E+11,40.41,0.1824,4.60E-05,1525,0.000913,0.0349,0.5522,78.9,-0.693,0.5335,0.04495,0.1492,0.08713,0.03325,-0.03226,-0.02227,0.007378,0.05542,51.14,1494,97010,24860000,-1623,416500,41610,-1.735E+11,-17330000000,-1731000000,1.45E+17,1.566E+11,15650000000,1.44E+14,sad
93.13,0.3969,9.60E-05,179.7,0.00089,0.03311,0.05768,163.2,0.797,0.1843,0.3031,0.1211,0.196,0.1389,0.09485,0.07888,0.07762,0.0469,77.97,723.9,139600,11430000,926.1,479.5,12.27,400900000,24380000,1021000,5.029E+14,220800000,9254000,1.275E+11,60.1,0.2701,4.30E-05,1526,0.000808,0.03116,0.5748,114.3,-0.532,0.5941,0.007257,0.1296,0.1057,0.03748,-0.04814,-0.0365,0.003618,0.05153,67.51,1523,60300,23410000,-1814,418100,41630,-1.748E+11,-17410000000,-1733000000,1.46E+17,1.573E+11,15670000000,1.443E+14,sad
77.56,0.333,5.80E-05,209.1,0.00066,0.02468,0.08038,134.7,0.6658,0.173,0.2704,0.1309,0.1573,0.1371,0.09478,0.08392,0.08602,0.0379,64.78,767.3,138900,14270000,710.1,410.9,11.57,344800000,21600000,964000,4.341E+14,195400000,8709000,1.205E+11,39.38,0.1772,2.80E-05,1550,0.000768,0.02939,0.5115,77.19,-0.7039,0.5443,0.01544,0.1733,0.119,0.01926,-0.04179,-0.01775,-0.002457,0.04924,51.32,1635,115900,27940000,-1621,419600,41660,-1.761E+11,-17480000000,-1735000000,1.48E+17,1.58E+11,15690000000,1.446E+14,sad
87.05,0.3734,8.70E-05,191.9,0.000855,0.03187,0.08296,152,0.7473,0.1725,0.3018,0.1169,0.204,0.1406,0.1032,0.08403,0.07498,0.04657,72.35,735.8,136200,10920000,842.3,438.3,9.408,369100000,21960000,784200,4.663E+14,198500000,7082000,98060000000,51.64,0.2324,3.90E-05,1519,0.000823,0.03161,0.5168,99.69,-0.6008,0.5618,-0.03281,0.1662,0.09432,0.03025,-0.03872,-0.02449,0.005646,0.05328,62.3,1623,78420,23900000,-1717,421100,41690,-1.773E+11,-17560000000,-1738000000,1.49E+17,1.587E+11,15710000000,1.449E+14,sad
68.08,0.2944,0.000132,183.2,0.000846,0.03136,0.05723,119.2,0.5828,0.1744,0.266,0.1548,0.172,0.127,0.09517,0.08234,0.07952,0.04135,57.43,767.5,118500,13270000,582.3,395.6,15.25,334300000,22580000,1273000,4.238E+14,204000000,11490000,1.593E+11,30.53,0.1414,4.90E-05,1527,0.000871,0.03325,0.5395,61.06,-0.7793,0.5403,0.01425,0.1314,0.1132,0.04596,-0.02799,-0.01508,0.01989,0.05138,43.02,1493,113800,25510000,-1545,422500,41730,-1.785E+11,-17630000000,-1741000000,1.51E+17,1.594E+11,15740000000,1.452E+14,sad
17.78,0.1386,0.001073,198.2,0.002876,0.1086,0.05425,38.39,0.1242,0.3249,0.3823,0.2404,0.2612,0.237,0.1328,0.1367,0.1306,0.1788,24.14,1554,164500,31670000,270,308.5,45.39,261500000,31630000,3794000,3.324E+14,288200000,34500000,4.757E+11,15.33,0.0995,0.000393,1571,0.001814,0.07041,0.6977,39.78,-0.9378,0.512,-0.02691,0.1011,-0.1309,-0.1146,-0.1085,-0.003043,0.04458,0.1213,36.54,2123,187500,38100000,-1517,423800,41810,-1.796E+11,-17720000000,-1748000000,1.52E+17,1.601E+11,15800000000,1.461E+14,angry
28.24,0.1766,0.000802,201,0.002232,0.08305,0.07799,56.53,0.2156,0.2666,0.3394,0.2392,0.2266,0.2177,0.1493,0.1365,0.1214,0.1214,28.01,1294,169600,31570000,285.5,336.1,36.22,285600000,28990000,3035000,3.64E+14,263900000,27600000,3.815E+11,17.48,0.1064,0.000274,1561,0.001599,0.06232,0.6199,41.32,-0.9116,0.4896,-0.002709,0.1293,-0.08184,-0.09781,-0.085,-0.007682,0.02105,0.1066,37.77,2136,201700,38360000,-1491,424900,41910,-1.805E+11,-17810000000,-1756000000,1.53E+17,1.61E+11,15880000000,1.472E+14,angry
62.13,0.2914,0.000969,224.5,0.002353,0.08743,0.06665,112.2,0.5264,0.2834,0.3548,0.2152,0.286,0.2195,0.163,0.1331,0.1256,0.1179,53.36,1334,196100,29850000,560.8,353.1,27.59,300900000,26200000,2316000,3.846E+14,236500000,20890000,2.917E+11,31.93,0.1671,0.000324,1543,0.001644,0.06323,0.6118,67.11,-0.7794,0.4829,-0.01492,0.07752,-0.08106,-0.03097,-0.07735,-0.01912,0.04576,0.09831,49.09,2064,145800,35490000,-1600,426100,41990,-1.815E+11,-17890000000,-1763000000,1.55E+17,1.617E+11,15940000000,1.481E+14,angry
24.42,0.1646,0.001442,174.5,0.002671,0.09963,0.02514,51.29,0.1907,0.2757,0.3434,0.1819,0.2003,0.215,0.132,0.1186,0.1275,0.1506,26.06,1345,171600,31100000,291.4,315,28.19,269100000,24780000,2371000,3.449E+14,224600000,21470000,2.992E+11,16.27,0.1039,0.000505,1545,0.001749,0.06775,0.648,41.58,-0.9184,0.4636,-0.02975,0.04841,-0.1251,-0.09411,-0.07382,0.02959,0.04319,0.1165,38.19,2220,201700,39520000,-1486,427200,42070,-1.825E+11,-17970000000,-1770000000,1.56E+17,1.625E+11,16000000000,1.489E+14,angry
26.5,0.1612,0.000973,198.5,0.002539,0.09442,0.03162,54.03,0.2154,0.2822,0.3434,0.1631,0.1733,0.2126,0.1295,0.1064,0.1226,0.1431,26.06,1379,182300,33500000,324.9,306,35.03,262100000,27620000,2952000,3.368E+14,250100000,26720000,3.732E+11,16.07,0.09658,0.000425,1549,0.001955,0.07593,0.6014,40.43,-0.9186,0.4755,-0.03127,0.04802,-0.09379,-0.0848,-0.09773,0.004809,0.03256,0.1301,37.46,2142,192600,37200000,-1451,428300,42160,-1.834E+11,-18060000000,-1777000000,1.57E+17,1.632E+11,16060000000,1.498E+14,angry
25.41,0.1497,0.000432,182.8,0.001753,0.06547,0.06892,52.31,0.2063,0.2777,0.357,0.182,0.1835,0.1639,0.1326,0.1052,0.1095,0.09577,25.67,1295,187700,34860000,293.5,465.9,84.29,400300000,55860000,7134000,5.16E+14,505000000,64490000,9.056E+11,15.91,0.09791,0.000153,1579,0.001448,0.05545,0.5547,38.79,-0.9233,0.4546,0.02269,0.04626,-0.05063,-0.01358,-0.04639,-0.002328,0.04219,0.08503,37.03,2137,215000,41470000,-1641,429600,42330,-1.846E+11,-18180000000,-1791000000,1.59E+17,1.644E+11,16190000000,1.516E+14,disgust
24,0.1574,0.000236,190.3,0.001361,0.05095,0.03439,48.94,0.1899,0.3054,0.3742,0.2104,0.2508,0.2182,0.1449,0.1222,0.1142,0.07836,26.25,1296,169900,30920000,238,360.7,40.36,311000000,32120000,3431000,4.022E+14,292300000,31170000,4.374E+11,17.82,0.1188,8.60E-05,1592,0.001001,0.03874,0.6386,41.43,-0.9177,0.5682,-0.09291,0.01806,-0.1242,-0.1021,-0.0555,0.01082,0.00928,0.06636,36.98,1858,165900,34180000,-1610,431000,42520,-1.858E+11,-18330000000,-1808000000,1.60E+17,1.657E+11,16350000000,1.537E+14,disgust
23.25,0.1732,0.00165,217.9,0.002628,0.0981,0.05062,48.02,0.179,0.3009,0.332,0.1816,0.2132,0.1939,0.1374,0.1271,0.1192,0.1482,26.81,1353,158000,28260000,266.9,388,59.98,335500000,42310000,5117000,4.351E+14,384400000,46430000,6.548E+11,17.87,0.1228,0.000548,1571,0.002033,0.07924,0.63,43.21,-0.9161,0.5281,-0.1018,0.05994,-0.09763,-0.08386,-0.1003,0.01792,0.06013,0.1344,40.01,2100,166300,33580000,-1513,432300,42670,-1.869E+11,-18450000000,-1820000000,1.62E+17,1.668E+11,16460000000,1.553E+14,disgust
20.67,0.151,0.001414,206,0.002439,0.09157,0.06408,42.71,0.1628,0.346,0.3853,0.1665,0.1685,0.1625,0.1445,0.1042,0.09195,0.1483,23,1478,211100,40070000,321.8,472.6,74.4,410100000,52310000,6374000,5.337E+14,473900000,57730000,8.192E+11,14.52,0.09724,0.000453,1567,0.001801,0.0699,0.6196,36.86,-0.9371,0.4706,0.03892,0.003085,-0.1403,-0.06529,-0.07664,-0.01846,0.02738,0.1199,37.34,2254,227600,44750000,-1586,433800,42860,-1.882E+11,-18590000000,-1836000000,1.63E+17,1.68E+11,16600000000,1.574E+14,disgust
24,0.1574,0.000236,190.3,0.001361,0.05095,0.03439,48.94,0.1899,0.3054,0.3742,0.2104,0.2508,0.2182,0.1449,0.1222,0.1142,0.07836,26.25,1296,169900,30920000,238,360.7,40.36,314000000,32470000,3471000,4.101E+14,295400000,31540000,4.478E+11,17.82,0.1188,8.60E-05,1592,0.001001,0.03874,0.6386,41.43,-0.9177,0.5682,-0.09291,0.01806,-0.1242,-0.1021,-0.0555,0.01082,0.00928,0.06636,36.98,1858,165900,34180000,-1610,435300,43030,-1.895E+11,-18730000000,-1851000000,1.65E+17,1.693E+11,16730000000,1.593E+14,disgust
16.79,0.1131,0.000294,209.9,0.001436,0.05387,0.05785,39.29,0.1083,0.2355,0.3614,0.191,0.1794,0.1622,0.1507,0.1363,0.1011,0.09051,21.23,1099,125400,24080000,194.8,311,49.2,271500000,34580000,4245000,3.555E+14,313800000,38480000,5.493E+11,12.97,0.08006,0.000132,1596,0.001266,0.04882,0.6228,31.92,-0.9494,0.581,0.02395,0.06296,-0.03749,-0.01198,-0.08995,0.00378,0.02477,0.07954,28.76,1526,149800,28430000,-1545,436400,43150,-1.905E+11,-18830000000,-1862000000,1.66E+17,1.702E+11,16830000000,1.607E+14,happy
22.71,0.1549,0.000651,210.8,0.001973,0.0739,0.05255,47.5,0.1658,0.2641,0.3121,0.2222,0.194,0.1813,0.1878,0.1555,0.1275,0.1197,24.59,1134,148000,25950000,275.2,361.7,47.76,316600000,36340000,4133000,4.156E+14,328900000,37400000,5.364E+11,16.07,0.09737,0.000246,1597,0.001659,0.06408,0.611,38.75,-0.9272,0.4572,-0.02119,0.153,-0.05794,-0.001645,-0.1086,0.03111,0.0455,0.1076,38.08,2246,212300,39310000,-1497,437600,43280,-1.915E+11,-18940000000,-1873000000,1.68E+17,1.712E+11,16930000000,1.621E+14,happy
20.01,0.1115,0.000238,222.2,0.001303,0.04885,0.0353,41.24,0.1325,0.2896,0.3838,0.2453,0.2218,0.1813,0.172,0.1371,0.1415,0.07977,22.5,1314,166000,31690000,266.1,371.1,40.39,325800000,33640000,3505000,4.289E+14,304500000,31720000,4.562E+11,15.05,0.08786,0.000106,1602,0.001244,0.04799,0.6067,35.34,-0.9421,0.6007,-0.001512,-0.03226,-0.1022,-0.0395,-0.04342,0.02811,0.03359,0.08122,30.3,1462,150300,29410000,-1546,438900,43400,-1.926E+11,-19050000000,-1883000000,1.69E+17,1.721E+11,17020000000,1.634E+14,happy
18.89,0.1325,0.000323,206.6,0.001515,0.05697,0.07881,39.74,0.1357,0.2601,0.3097,0.2705,0.1893,0.1694,0.1379,0.1271,0.1121,0.09692,22.01,1107,132100,24280000,239.7,413.6,52,364100000,40560000,4525000,4.809E+14,366400000,40880000,5.905E+11,13.92,0.08761,0.000129,1616,0.001284,0.04944,0.5607,33.15,-0.9448,0.5287,0.05548,0.09134,-0.05469,-0.06797,-0.1213,0.01281,0.01632,0.0814,32.89,2005,210300,39370000,-1568,440200,43510,-1.938E+11,-19160000000,-1893000000,1.71E+17,1.731E+11,17110000000,1.647E+14,happy
13.17,0.1227,0.000387,222.7,0.002159,0.08119,0.0333,31.97,0.09783,0.2891,0.2673,0.1533,0.1619,0.1498,0.134,0.1169,0.1028,0.1356,20.62,1382,142300,27750000,264.4,362.8,57.22,320400000,40660000,4996000,4.245E+14,369200000,45320000,6.544E+11,10.46,0.07228,0.000187,1618,0.002139,0.0822,0.565,26.84,-0.9611,0.4596,0.01772,0.06586,-0.0857,-0.05455,-0.09077,-0.005447,0.03204,0.138,32.66,2037,190500,35020000,-1397,441600,43680,-1.95E+11,-19290000000,-1907000000,1.72E+17,1.743E+11,17240000000,1.666E+14,happy
19.16,0.1083,0.000301,199.4,0.001634,0.06097,0.03823,39.98,0.1221,0.2408,0.3623,0.2129,0.1824,0.1696,0.1392,0.1497,0.1023,0.09075,19.26,1008,144900,28250000,263.6,387.8,35.48,343500000,32630000,3107000,4.563E+14,295800000,28160000,4.081E+11,14.25,0.08587,0.000135,1602,0.00159,0.06094,0.5677,33.3,-0.9456,0.6077,-0.001009,0.06354,-0.07537,-0.06199,-0.017,0.033,0.007079,0.09773,29.49,1442,152800,27960000,-1463,442900,43800,-1.961E+11,-19400000000,-1918000000,1.74E+17,1.753E+11,17340000000,1.68E+14,neutral
20.3,0.1221,0.000206,167,0.001115,0.04145,0.06301,44.18,0.1361,0.288,0.374,0.2201,0.2472,0.1791,0.1556,0.1401,0.13,0.06,21.75,1269,150300,27420000,249.4,411.2,33.3,365300000,32810000,2923000,4.869E+14,296900000,26450000,3.85E+11,16.56,0.09394,7.00E-05,1601,0.000951,0.03666,0.6016,40.44,-0.932,0.5529,-0.1141,0.1323,-0.006314,-0.04673,0.002765,0.02169,0.01851,0.05915,34.05,1753,161300,30290000,-1592,444200,43900,-1.973E+11,-19500000000,-1927000000,1.75E+17,1.763E+11,17420000000,1.692E+14,neutral
17.94,0.1018,0.000329,203.9,0.001291,0.0484,0.06746,35.76,0.1179,0.314,0.4318,0.1937,0.2011,0.1483,0.129,0.1224,0.09904,0.08183,19.18,1370,193600,37260000,285.7,407.3,36.58,363100000,34200000,3219000,4.854E+14,309000000,29090000,4.249E+11,14.6,0.0873,0.000124,1568,0.001222,0.04717,0.5739,34.09,-0.9444,0.5804,-0.02129,0.001837,-0.07498,-0.03649,-0.01202,0.01309,0.01377,0.08049,29.93,1465,154900,29700000,-1535,445700,44010,-1.986E+11,-19610000000,-1936000000,1.77E+17,1.773E+11,17510000000,1.704E+14,neutral
17.07,0.1025,0.000354,185.9,0.001629,0.06129,0.05929,36.82,0.1081,0.2438,0.3512,0.2,0.1907,0.1767,0.1377,0.1155,0.102,0.1034,18.96,1018,146400,29200000,294.3,400.5,44.22,358100000,37390000,3902000,4.802E+14,338000000,35270000,5.166E+11,13.81,0.08091,0.00016,1587,0.001412,0.05459,0.5592,33.27,-0.9489,0.5543,-0.04276,0.06762,-0.03463,-0.02249,-0.018,0.02613,0.02628,0.09612,32.26,1730,176800,32120000,-1513,447100,44130,-1.999E+11,-19730000000,-1947000000,1.79E+17,1.783E+11,17610000000,1.719E+14,neutral
23.65,0.1566,0.000126,210.8,0.000967,0.03649,0.05637,50.93,0.1706,0.3083,0.377,0.2122,0.2246,0.2021,0.1631,0.1356,0.1306,0.0665,22.72,1347,161000,30160000,276.3,424,36.57,380300000,35130000,3236000,5.117E+14,316700000,29160000,4.294E+11,22.24,0.1417,6.00E-05,1595,0.000861,0.03363,0.5538,53.23,-0.8947,0.5479,-0.1778,0.1088,-0.1196,-0.04568,-0.0646,-0.02709,0.01359,0.06593,42.52,2089,166100,31900000,-1590,448500,44250,-2.011E+11,-19840000000,-1957000000,1.80E+17,1.794E+11,17700000000,1.732E+14,neutral
13.57,0.09689,9.50E-05,167.2,0.00084,0.03109,0.07264,30.69,0.08529,0.2728,0.3745,0.1776,0.2246,0.1669,0.1303,0.1129,0.08629,0.03781,20.03,1415,182800,34760000,237,400.8,32.09,360600000,31630000,2846000,4.867E+14,287300000,25840000,3.786E+11,9.127,0.05253,3.40E-05,1556,0.000758,0.02885,0.6023,23.19,-0.9686,0.426,0.1418,0.08095,0.01157,0.01465,0.003567,0.03568,0.04282,0.03594,23.83,1557,187200,37170000,-1648,449900,44360,-2.024E+11,-19960000000,-1967000000,1.82E+17,1.804E+11,17790000000,1.745E+14,sad
12.97,0.09451,0.000113,175.5,0.000885,0.03298,0.07031,29.54,0.06976,0.2782,0.3872,0.1997,0.2129,0.192,0.1345,0.1231,0.1109,0.04766,18.17,1227,152600,30160000,220.9,381.3,26.86,344100000,28770000,2386000,4.658E+14,260800000,21620000,3.18E+11,10.42,0.06083,3.80E-05,1584,0.000799,0.03052,0.6411,26.47,-0.9653,0.4923,0.01388,0.115,-0.004633,-0.06365,-0.04328,0.04635,0.06225,0.04537,27.83,1657,175000,33130000,-1584,451300,44430,-2.036E+11,-20050000000,-1974000000,1.84E+17,1.812E+11,17840000000,1.754E+14,sad
23.73,0.1668,8.30E-05,166.1,0.000893,0.03319,0.0906,49.91,0.1854,0.2742,0.4,0.2385,0.2725,0.1435,0.1485,0.1379,0.1112,0.04236,26.81,1319,176400,28820000,225.9,407.3,35.29,368700000,33430000,3141000,5.007E+14,303500000,28510000,4.193E+11,14.43,0.09308,3.00E-05,1574,0.000699,0.02666,0.6146,36.56,-0.9219,0.2661,-0.1434,0.2021,0.07081,0.05784,-0.06446,0.007656,0.02229,0.03675,38.88,2637,231500,44820000,-1653,452600,44520,-2.049E+11,-20150000000,-1981000000,1.85E+17,1.821E+11,17910000000,1.764E+14,sad
69.11,0.3032,0.000116,184.2,0.001058,0.03945,0.07715,121.9,0.5907,0.2835,0.3648,0.1803,0.2367,0.206,0.1307,0.1295,0.09884,0.05332,57.64,1187,200800,32040000,631.9,466.4,44.62,423700000,40660000,3981000,5.772E+14,367800000,36000000,5.326E+11,32.59,0.15,4.10E-05,1573,0.000812,0.0309,0.609,65.97,-0.7641,0.4166,0.02699,0.1579,0.05411,-0.02007,-0.04793,0.02672,0.05078,0.04364,48.64,2016,169300,37490000,-1789,454100,44610,-2.062E+11,-20260000000,-1990000000,1.87E+17,1.831E+11,17990000000,1.776E+14,sad
69.11,0.3032,0.000116,184.2,0.001058,0.03945,0.07715,121.9,0.5907,0.2835,0.3648,0.1803,0.2367,0.206,0.1307,0.1295,0.09884,0.05332,57.64,1187,200800,32040000,631.9,466.4,44.62,425200000,40780000,3991000,5.813E+14,368900000,36100000,5.354E+11,32.59,0.15,4.10E-05,1573,0.000812,0.0309,0.609,65.97,-0.7641,0.4166,0.02699,0.1579,0.05411,-0.02007,-0.04793,0.02672,0.05078,0.04364,48.64,2016,169300,37490000,-1789,455700,44730,-2.077E+11,-20390000000,-2000000000,1.89E+17,1.843E+11,18080000000,1.789E+14,sad
15.86,0.1411,0.001586,198.4,0.002693,0.09994,0.02803,37.5,0.1197,0.2895,0.28,0.2157,0.1871,0.1682,0.1149,0.1332,0.1163,0.1479,21.64,1258,116000,22630000,183.9,294.4,29.35,269100000,26330000,2631000,3.69E+14,239800000,23950000,3.538E+11,13.35,0.09633,0.000572,1586,0.002066,0.08061,0.6618,32.63,-0.9478,0.5704,-0.04014,0.07061,-0.1428,-0.08202,-0.03267,0.06531,0.008899,0.1348,32.15,1675,144300,26530000,-1472,457100,44840,-2.089E+11,-20490000000,-2010000000,1.91E+17,1.852E+11,18170000000,1.803E+14,angry
20.8,0.1548,0.002051,222.9,0.003408,0.1283,0.05268,47.07,0.1705,0.2739,0.3331,0.2531,0.147,0.1666,0.1299,0.1024,0.09846,0.2237,22.75,1278,135700,25670000,211.9,312.5,47.74,286300000,35630000,4291000,3.935E+14,323500000,38910000,5.784E+11,14.58,0.09805,0.000839,1584,0.002469,0.09675,0.6763,37.1,-0.9345,0.5382,-0.03615,0.104,-0.1254,-0.09597,-0.08822,0.04094,0.02374,0.1798,33.5,1788,154300,29330000,-1436,458100,44960,-2.099E+11,-20590000000,-2021000000,1.92E+17,1.861E+11,18270000000,1.817E+14,angry
15.86,0.1411,0.001586,198.4,0.002693,0.09994,0.02803,37.5,0.1197,0.2895,0.28,0.2157,0.1871,0.1682,0.1149,0.1332,0.1163,0.1479,21.64,1258,116000,22630000,183.9,294.4,29.35,270300000,26460000,2645000,3.724E+14,241000000,24070000,3.574E+11,13.35,0.09633,0.000572,1586,0.002066,0.08061,0.6618,32.63,-0.9478,0.5704,-0.04014,0.07061,-0.1428,-0.08202,-0.03267,0.06531,0.008899,0.1348,32.15,1675,144300,26530000,-1472,459200,45070,-2.108E+11,-20690000000,-2031000000,1.94E+17,1.87E+11,18360000000,1.83E+14,angry
18.87,0.152,0.001687,206.1,0.002992,0.1119,0.03414,41.13,0.1548,0.4512,0.4001,0.1977,0.1772,0.1843,0.1484,0.1259,0.1651,0.1782,25,1990,257300,48200000,311.2,325.8,48.91,299900000,36890000,4418000,4.141E+14,334900000,40060000,5.986E+11,14.73,0.09586,0.000613,1602,0.001988,0.07763,0.6814,39.17,-0.9314,0.2685,0.02795,0.2104,-0.07629,-0.0406,-0.05197,0.04657,-0.02525,0.1321,41.26,2953,275600,54080000,-1665,460200,45180,-2.118E+11,-20790000000,-2041000000,1.95E+17,1.88E+11,18450000000,1.844E+14,angry
18.21,0.1433,0.001277,220.2,0.002964,0.1114,0.04319,40.17,0.1469,0.3096,0.3095,0.1964,0.174,0.1884,0.1252,0.1384,0.1065,0.1873,21.49,1358,155900,29660000,221.9,296.7,43.59,273700000,33230000,3948000,3.788E+14,301500000,35780000,5.364E+11,13.49,0.0921,0.000535,1581,0.002053,0.08027,0.6645,33.27,-0.9448,0.5098,0.01458,0.05444,-0.1224,-0.07996,-0.04799,0.07639,0.0188,0.1481,33.62,2008,194700,37110000,-1492,461300,45300,-2.128E+11,-20900000000,-2052000000,1.96E+17,1.889E+11,18550000000,1.859E+14,angry
30.6,0.2089,0.000739,221.1,0.001877,0.06986,0.04106,62.47,0.232,0.4378,0.3188,0.2435,0.2562,0.2162,0.1639,0.1699,0.1517,0.09969,32.4,2093,227400,42870000,246.2,280.1,47.37,258900000,34430000,4302000,3.591E+14,310700000,38830000,5.86E+11,25.11,0.1647,0.000228,1582,0.001166,0.04576,0.6658,59.38,-0.8637,0.3669,0.003944,0.2119,-0.1222,-0.07644,-0.01651,0.06658,0.000383,0.07784,46.42,2708,215600,43970000,-1735,462300,45420,-2.137E+11,-21000000000,-2062000000,1.98E+17,1.898E+11,18640000000,1.873E+14,disgust
14.8,0.1138,0.00049,229.2,0.002176,0.08154,0.04449,30.42,0.1077,0.3729,0.3026,0.229,0.1674,0.173,0.129,0.1174,0.1183,0.1277,20.41,1770,199000,38720000,275.8,339,64.83,314200000,45150000,5908000,4.368E+14,409600000,53530000,8.074E+11,14.1,0.1012,0.000215,1617,0.00172,0.06644,0.6185,33.77,-0.9491,0.5516,0.005713,0.02146,-0.2095,-0.09852,-0.04397,0.05906,0.02612,0.1141,34.08,1916,181000,32780000,-1554,463400,45580,-2.147E+11,-21120000000,-2077000000,1.99E+17,1.909E+11,18780000000,1.893E+14,disgust
18.2,0.1341,0.00177,206.7,0.003476,0.1296,0.03627,39.87,0.14,0.2368,0.2865,0.2224,0.1978,0.2078,0.1098,0.1095,0.129,0.1892,21.6,1188,124500,23630000,196.6,293.3,41.82,272400000,32500000,3822000,3.796E+14,294800000,34640000,5.24E+11,12.84,0.08278,0.000645,1516,0.002472,0.09546,0.671,32.19,-0.9462,0.5403,-0.009096,0.1111,-0.1253,-0.0612,-0.05193,0.01795,0.003091,0.1537,31.69,1743,155600,28390000,-1443,464500,45720,-2.157E+11,-21230000000,-2090000000,2.00E+17,1.919E+11,18890000000,1.911E+14,disgust
16.9,0.1409,0.001259,204.6,0.002992,0.1122,0.03259,39.05,0.1266,0.2822,0.2786,0.1929,0.152,0.1732,0.1214,0.1243,0.1221,0.1799,20.55,1344,152000,29650000,261,330.4,45.18,307600000,35860000,4141000,4.296E+14,324900000,37490000,5.692E+11,10.48,0.068,0.00051,1586,0.002218,0.08562,0.6624,27.27,-0.9566,0.4765,0.051,0.05315,-0.05154,-0.02509,-0.05704,0.05691,0.07106,0.1401,28,1688,170600,32080000,-1447,465500,45840,-2.167E+11,-21340000000,-2101000000,2.02E+17,1.929E+11,18990000000,1.926E+14,disgust
18.11,0.1429,0.001067,202,0.002365,0.08895,0.02615,39.89,0.1264,0.2756,0.3323,0.2196,0.1932,0.1998,0.1406,0.1153,0.1072,0.1516,22.34,1116,138900,26940000,187.3,333.2,52.93,311000000,39670000,4865000,4.354E+14,359800000,44080000,6.707E+11,13.22,0.0922,0.000348,1593,0.001673,0.06527,0.6959,32.59,-0.9444,0.5323,-0.003812,0.08702,-0.12,-0.05371,-0.01956,0.04958,0.00306,0.1159,31.48,1727,170900,32430000,-1514,466700,45970,-2.178E+11,-21450000000,-2113000000,2.03E+17,1.939E+11,19100000000,1.942E+14,disgust
16.77,0.1229,0.000261,238.8,0.00111,0.04199,0.04037,36.9,0.1096,0.4363,0.3532,0.2319,0.1839,0.2315,0.1409,0.1642,0.1475,0.08072,23.36,1833,204100,39420000,231.4,343.7,51.96,321600000,39940000,4789000,4.514E+14,361300000,43300000,6.622E+11,15.39,0.1034,0.000102,1629,0.000928,0.03609,0.632,37.19,-0.9403,0.4855,-0.04482,0.06144,-0.1435,-0.08913,-0.05502,0.04328,-0.006648,0.06628,34.95,2049,193600,37680000,-1629,467900,46100,-2.189E+11,-21570000000,-2125000000,2.05E+17,1.949E+11,19210000000,1.959E+14,happy
17.54,0.1135,0.000355,217.3,0.001426,0.05387,0.04172,39.7,0.112,0.2599,0.3239,0.2013,0.1661,0.2217,0.1213,0.1378,0.1402,0.1016,20.46,1112,122000,24130000,168.5,319,44.09,299200000,35190000,4075000,4.21E+14,318400000,36860000,5.65E+11,16.02,0.1103,0.000148,1620,0.001196,0.04668,0.6386,39.07,-0.9389,0.6111,-0.05569,0.05775,-0.1511,-0.09711,-0.07051,0.06842,-0.01749,0.09248,33.18,1577,144900,26320000,-1479,469000,46230,-2.2E+11,-21680000000,-2137000000,2.06E+17,1.96E+11,19320000000,1.975E+14,happy
46.38,0.2108,0.000458,232.1,0.00143,0.05399,0.03744,83.84,0.3933,0.2287,0.3115,0.2096,0.2126,0.2107,0.1143,0.1258,0.1378,0.1033,40.41,1008,115900,19280000,343.2,308.9,52.05,290500000,38560000,4824000,4.096E+14,348600000,43610000,6.707E+11,26.41,0.1547,0.000197,1578,0.001225,0.04809,0.6254,57.67,-0.851,0.6402,-0.1284,0.0707,-0.1115,-0.09729,-0.05951,0.0183,-0.01405,0.0974,42.13,1537,109500,22010000,-1541,470100,46360,-2.21E+11,-21790000000,-2148000000,2.08E+17,1.97E+11,19420000000,1.992E+14,happy
51.88,0.2331,0.000284,175.5,0.001155,0.04335,0.02724,92.15,0.4303,0.2954,0.3426,0.2278,0.2161,0.2325,0.1466,0.1389,0.1338,0.07648,45.12,1269,137600,22500000,413.7,322.6,36.21,304000000,31810000,3364000,4.297E+14,287800000,30420000,4.689E+11,29.5,0.167,0.000113,1589,0.001001,0.03905,0.6157,62.42,-0.8323,0.6293,-0.1252,0.01541,-0.1579,-0.1176,-0.04354,0.08279,0.005512,0.07316,44.59,1650,113200,24950000,-1595,471200,46480,-2.22E+11,-21900000000,-2160000000,2.09E+17,1.979E+11,19520000000,2.007E+14,happy
17.73,0.1152,0.000471,198.9,0.001556,0.05843,0.0435,38.96,0.1063,0.2263,0.3355,0.2171,0.1471,0.1839,0.1208,0.1008,0.1148,0.1047,19.76,1004,117400,23130000,173.8,289,34.41,272900000,29480000,3205000,3.866E+14,267800000,29090000,4.478E+11,15.32,0.1003,0.000209,1588,0.001399,0.05461,0.6205,36.68,-0.9426,0.6301,-0.07997,0.03838,-0.07448,-0.06481,-0.05007,0.001122,0.002399,0.1014,30.66,1314,117200,21360000,-1448,472200,46580,-2.23E+11,-22000000000,-2169000000,2.11E+17,1.988E+11,19610000000,2.021E+14,happy
18.26,0.1275,0.000273,220.3,0.001237,0.0459,0.02217,41.54,0.1119,0.2302,0.2793,0.1871,0.1817,0.1909,0.1179,0.106,0.1207,0.07407,21.35,997.2,100500,19560000,144.1,273.6,37.01,258900000,30000000,3454000,3.676E+14,272000000,31290000,4.836E+11,13.5,0.0856,0.000128,1564,0.00112,0.04358,0.6487,32.64,-0.9452,0.5582,-0.01913,0.06038,-0.1301,-0.07202,-0.01652,0.05637,0.008007,0.07457,30.34,1483,136000,24590000,-1490,473200,46680,-2.239E+11,-22090000000,-2179000000,2.12E+17,1.996E+11,19690000000,2.034E+14,neutral
19.68,0.1465,0.000255,181.1,0.00115,0.04326,0.03753,44.06,0.1299,0.2782,0.3408,0.2377,0.1613,0.1872,0.1051,0.1376,0.1303,0.07397,22.13,1181,147400,27980000,159.3,295.3,29.1,280100000,27280000,2721000,3.984E+14,247100000,24630000,3.816E+11,15.57,0.1046,8.60E-05,1554,0.000787,0.03076,0.6587,37.98,-0.9329,0.5181,-0.03167,0.0806,-0.1117,-0.04984,-0.003826,0.007182,-0.05714,0.05765,33.4,1736,167700,32080000,-1569,474200,46760,-2.249E+11,-22170000000,-2186000000,2.13E+17,2.004E+11,19760000000,2.045E+14,neutral
12.73,0.1031,0.000404,227.4,0.001287,0.04828,0.04235,29.4,0.07617,0.2539,0.3095,0.2141,0.1761,0.1766,0.1351,0.09816,0.09785,0.08596,16.45,1075,132600,26000000,161.9,296.6,43.32,281900000,34190000,4059000,4.019E+14,308900000,36660000,5.704E+11,11.34,0.07748,0.000157,1583,0.001097,0.04286,0.6221,28.06,-0.9631,0.5801,0.02976,0.01027,-0.1376,-0.09103,-0.004989,0.05279,-0.004523,0.07777,27.56,1449,155200,28770000,-1534,475200,46860,-2.258E+11,-22270000000,-2195000000,2.15E+17,2.013E+11,19840000000,2.057E+14,neutral
15.61,0.115,0.000192,198.3,0.001,0.03753,0.03272,33.24,0.09705,0.2518,0.355,0.2244,0.1416,0.1685,0.1112,0.1269,0.1144,0.06542,17.21,1091,153900,30220000,180.8,347.7,39.63,331200000,34780000,3721000,4.733E+14,314300000,33620000,5.24E+11,11.37,0.06958,7.20E-05,1558,0.000741,0.02887,0.6734,27.49,-0.9582,0.4984,-0.005336,0.04853,-0.06675,-0.03778,-0.04871,-0.02167,-0.002501,0.05216,31.92,1920,204200,37600000,-1590,476300,46950,-2.269E+11,-22370000000,-2204000000,2.16E+17,2.021E+11,19930000000,2.07E+14,neutral
15.9,0.1041,0.000269,209.9,0.001143,0.04301,0.05791,34.14,0.09155,0.2735,0.3433,0.2177,0.183,0.1991,0.135,0.1129,0.1256,0.07132,18.15,1139,156000,30470000,177.9,301.8,19.63,288200000,23120000,1846000,4.128E+14,210000000,16760000,2.603E+11,13.83,0.09114,8.40E-05,1544,0.000779,0.03045,0.6898,33.52,-0.95,0.5604,-0.01047,0.01411,-0.1548,-0.04598,0.01796,0.04238,-0.04781,0.05721,32.09,1746,185200,34290000,-1542,477500,47020,-2.28E+11,-22450000000,-2211000000,2.18E+17,2.029E+11,19980000000,2.079E+14,neutral
14,0.09418,0.000144,200.3,0.000946,0.03534,0.04973,31.44,0.07974,0.2472,0.2803,0.1946,0.1384,0.1372,0.08156,0.09528,0.1024,0.05666,16.96,1088,143300,27930000,134.1,306.1,35.72,292900000,31060000,3364000,4.205E+14,281000000,30410000,4.751E+11,10.23,0.06196,5.50E-05,1558,0.000806,0.03121,0.6099,25.25,-0.9657,0.5296,0.07223,-0.01676,-0.06559,-0.01042,-0.02393,0.01904,-2.90E-05,0.0513,26.92,1537,174000,32660000,-1571,478500,47100,-2.29E+11,-22540000000,-2218000000,2.19E+17,2.037E+11,20050000000,2.089E+14,sad
10.17,0.07117,8.50E-05,189.8,0.000801,0.03022,0.05212,22.99,0.05157,0.2808,0.3492,0.1803,0.1198,0.1692,0.1144,0.1072,0.1141,0.05258,13.13,1094,161800,32060000,202.2,379,42.6,363600000,38030000,4019000,5.232E+14,344500000,36390000,5.688E+11,8.534,0.05393,3.70E-05,1592,0.00082,0.03144,0.6037,21.86,-0.9765,0.5187,0.02296,0.02836,0.000734,-0.04985,-0.0651,0.001394,0.02808,0.05233,25.01,1441,169900,31660000,-1523,479700,47190,-2.301E+11,-22630000000,-2226000000,2.21E+17,2.046E+11,20120000000,2.101E+14,sad
13.89,0.08603,0.000202,178,0.000959,0.03583,0.03249,29.4,0.0816,0.2499,0.3815,0.1963,0.1539,0.1412,0.1096,0.1248,0.1099,0.06198,16.39,998.9,143000,28100000,197.4,328.1,37.23,315500000,33140000,3521000,4.552E+14,300400000,31900000,4.995E+11,10.32,0.06445,7.60E-05,1571,0.000922,0.03567,0.6323,26.67,-0.966,0.5712,-0.01255,-0.006546,-0.05358,-0.02835,-0.01292,-0.000578,0.008636,0.06155,26.03,1302,142700,27030000,-1504,480900,47300,-2.313E+11,-22750000000,-2237000000,2.22E+17,2.056E+11,20220000000,2.116E+14,sad
14.5,0.09113,0.000131,180.1,0.000858,0.03231,0.04097,32.23,0.08457,0.2756,0.3508,0.2324,0.14,0.1784,0.09607,0.1155,0.09157,0.0563,16.33,1135,160300,31130000,177.7,329.4,34.05,317600000,31500000,3227000,4.592E+14,285800000,29240000,4.586E+11,10.51,0.06423,5.20E-05,1567,0.00072,0.02778,0.6402,26.36,-0.9641,0.5093,0.05866,0.05894,-0.01888,-0.02334,-0.002934,-0.008689,-0.01124,0.04662,26.51,1588,189000,35690000,-1597,482000,47400,-2.324E+11,-22850000000,-2246000000,2.24E+17,2.065E+11,20300000000,2.129E+14,sad
12.31,0.08036,0.00011,188,0.000773,0.02904,0.06114,27.64,0.06986,0.2754,0.3597,0.1739,0.1368,0.1374,0.1085,0.0981,0.08976,0.04907,14.69,1101,161100,31510000,176.5,351.5,39.28,339700000,35340000,3729000,4.925E+14,320200000,33770000,5.311E+11,9.339,0.05915,3.90E-05,1584,0.000759,0.02913,0.6027,24.08,-0.9715,0.5266,0.0676,-0.006391,-0.004881,-0.01519,-0.04484,-0.006891,0.002569,0.04775,24.05,1365,166900,32020000,-1557,483200,47490,-2.335E+11,-22950000000,-2254000000,2.26E+17,2.074E+11,20380000000,2.141E+14,sad
25.22,0.1458,0.000464,197.6,0.00209,0.07767,0.06594,52.34,0.1892,0.2513,0.3389,0.1142,0.1738,0.09238,0.1273,0.092,0.09449,0.1157,26.33,1147,152600,28620000,227,309.5,63.11,452900000,67460000,8747000,9.94E+14,611700000,79230000,1.82E+12,17.62,0.1041,0.000252,1586,0.001999,0.07742,0.573,40.43,-0.9204,0.6057,0.1346,0.1196,-0.03794,0.03198,-0.004938,0.002777,-0.02782,0.1325,31.59,1555,153900,30340000,-1539,731800,69310,-5.36E+11,-50720000000,-4804000000,7.84E+17,4.58E+11,43420000000,6.66E+14,angry
23.16,0.1514,0.000647,192.6,0.002759,0.1032,0.08843,46.71,0.1803,0.3686,0.3638,0.1467,0.17,0.1068,0.1183,0.09506,0.1064,0.1634,24.87,1599,202400,37000000,291.8,381.9,75.98,559800000,81630000,10560000,1.231E+15,741000000,95740000,2.202E+12,16.64,0.1012,0.000358,1566,0.002428,0.09423,0.5823,39.79,-0.9259,0.518,0.04431,0.07276,-0.044,0.05325,0.02273,0.009985,-0.02865,0.171,35.46,2054,196200,38550000,-1548,733000,69520,-5.373E+11,-50960000000,-4833000000,7.88E+17,4.605E+11,43680000000,6.72E+14,angry
22.97,0.136,0.000483,163.5,0.001948,0.07299,0.0741,47.71,0.1773,0.3418,0.3406,0.138,0.1723,0.0975,0.1188,0.07302,0.08277,0.1219,23.74,1550,211100,39800000,302.7,356.2,64.35,523100000,71500000,8969000,1.152E+15,648700000,81270000,1.875E+12,15.54,0.08483,0.000254,1561,0.00173,0.06718,0.566,37.53,-0.9322,0.5458,0.1308,0.06367,-0.01069,0.06023,0.04308,0.05142,0.01358,0.1216,32.13,1859,196500,38360000,-1574,734300,69710,-5.392E+11,-51180000000,-4858000000,7.92E+17,4.625E+11,43910000000,6.772E+14,angry
20.34,0.1218,0.00081,175.1,0.002637,0.09829,0.0956,42.1,0.1499,0.2927,0.3363,0.1455,0.1611,0.1046,0.1182,0.08841,0.07507,0.1507,23.29,1365,160400,30770000,240.8,320.1,74.64,470900000,77020000,10430000,1.039E+15,697500000,94390000,2.187E+12,15.1,0.08543,0.000403,1572,0.002461,0.09504,0.5666,35.65,-0.9412,0.6149,0.117,0.0584,-0.03368,0.03315,0.007083,0.02106,0.00878,0.162,29.85,1515,148100,28630000,-1534,735500,69890,-5.409E+11,-51400000000,-4884000000,7.96E+17,4.645E+11,44140000000,6.826E+14,angry
23.09,0.1412,0.000564,192.5,0.002278,0.08454,0.04833,47.83,0.1773,0.2015,0.3094,0.1372,0.1941,0.1163,0.1226,0.08555,0.08348,0.1251,25.97,1078,114200,20250000,207.9,316,65.9,465500000,70510000,9238000,1.029E+15,639400000,83680000,1.942E+12,17.57,0.1011,0.00028,1582,0.002181,0.08426,0.5607,40.27,-0.9229,0.6419,-0.01396,0.04448,-0.01128,0.03656,0.01271,0.03108,0.008956,0.1427,33.8,1506,122900,23860000,-1538,736600,70090,-5.425E+11,-51630000000,-4912000000,7.99E+17,4.665E+11,44400000000,6.886E+14,angry
13.76,0.1127,0.001341,218.6,0.002004,0.07169,0.07843,34.68,0.09615,0.271,0.3159,0.1369,0.2192,0.1195,0.1168,0.08773,0.09231,0.1158,22.25,1189,118700,21980000,269,363.5,15.96,536400000,18150000,2239000,1.187E+15,167900000,19950000,4.71E+11,8.908,0.06605,0.000559,1539,0.001959,0.07202,0.5889,25.31,-0.9588,0.4151,-0.05167,0.01991,-0.03079,0.02598,-0.008078,-0.009341,-0.03061,0.1165,26.67,1562,143800,27360000,-1306,737700,70140,-5.442E+11,-51740000000,-4919000000,8.03E+17,4.676E+11,44460000000,6.899E+14,disgust
28.24,0.1494,0.00018,165.4,0.001161,0.04396,0.03658,56.93,0.2078,0.2025,0.3997,0.2598,0.1953,0.1214,0.1186,0.1102,0.09764,0.08051,25.6,952.7,140200,26030000,206.4,326.6,45.71,482600000,56360000,6415000,1.07E+15,511500000,58170000,1.351E+12,22.46,0.1299,9.60E-05,1548,0.000963,0.03761,0.6096,50.57,-0.894,0.6886,-0.01557,0.01702,-0.04269,0.07698,0.01289,0.002487,-0.02488,0.07375,35.59,1434,142800,27770000,-1636,738900,70180,-5.46E+11,-51860000000,-4925000000,8.07E+17,4.686E+11,44510000000,6.912E+14,disgust
29.78,0.1469,0.000144,166,0.000804,0.03074,0.05152,59.11,0.201,0.4189,0.3671,0.3071,0.1782,0.1681,0.1258,0.1126,0.1188,0.06339,27.59,1683,209900,41490000,268.7,322,28.85,476500000,43100000,4055000,1.058E+15,392900000,36900000,8.548E+11,25.55,0.1429,5.10E-05,1560,0.000599,0.02364,0.6594,59.41,-0.8703,0.517,-0.1016,0.06036,-0.001422,0.05405,0.02301,0.02873,0.01314,0.05007,43.32,2088,206200,40180000,-1741,740000,70280,-5.477E+11,-52010000000,-4938000000,8.11E+17,4.7E+11,44640000000,6.941E+14,disgust
28.91,0.1378,0.000139,158.8,0.000953,0.03564,0.08117,57.83,0.2064,0.1751,0.3286,0.2291,0.1496,0.1348,0.1367,0.09801,0.1142,0.05674,26.23,889.4,126100,23180000,219.4,351.6,41.6,521300000,55360000,5854000,1.159E+15,501900000,53050000,1.236E+12,22.69,0.1279,5.10E-05,1548,0.000834,0.03256,0.5734,52.96,-0.8908,0.6646,-0.0257,0.02241,-0.05364,0.06315,0.02023,0.03182,-0.03253,0.06076,37.9,1587,152000,28510000,-1637,741200,70360,-5.494E+11,-52150000000,-4950000000,8.14E+17,4.713E+11,44740000000,6.966E+14,disgust
29.78,0.1469,0.000144,166,0.000804,0.03074,0.05152,59.11,0.201,0.4189,0.3671,0.3071,0.1782,0.1681,0.1258,0.1126,0.1188,0.06339,27.59,1683,209900,41490000,268.7,322,28.85,478000000,43230000,4066000,1.065E+15,394100000,37000000,8.593E+11,25.55,0.1429,5.10E-05,1560,0.000599,0.02364,0.6594,59.41,-0.8703,0.517,-0.1016,0.06036,-0.001422,0.05405,0.02301,0.02873,0.01314,0.05007,43.32,2088,206200,40180000,-1741,742400,70460,-5.511E+11,-52310000000,-4964000000,8.18E+17,4.727E+11,44870000000,6.996E+14,disgust
20.81,0.1127,0.000346,190.4,0.001789,0.06596,0.07967,44.07,0.1376,0.2831,0.3844,0.1269,0.1912,0.09687,0.1537,0.09476,0.09359,0.07836,22.39,1280,170900,32770000,191.1,287.6,55.01,427700000,61040000,7764000,9.538E+14,553500000,70330000,1.644E+12,14.64,0.07964,0.000141,1587,0.00175,0.06696,0.5692,33.72,-0.9395,0.5606,0.04667,0.06474,-0.03146,0.06791,0.03232,0.04534,0.01254,0.09814,29.19,1449,141900,26890000,-1551,743400,70580,-5.527E+11,-52470000000,-4980000000,8.22E+17,4.742E+11,45020000000,7.029E+14,happy
19.97,0.09839,0.000335,155.7,0.001367,0.05098,0.03226,41.47,0.1319,0.3292,0.3763,0.1426,0.1576,0.1088,0.1291,0.1014,0.09763,0.07715,20.25,1428,199900,38700000,254.1,338.1,60.1,503500000,68310000,8502000,1.124E+15,620300000,77100000,1.804E+12,12.8,0.06824,0.000124,1570,0.001311,0.0504,0.6076,30.49,-0.9483,0.5051,0.07161,0.06575,0.003697,0.08002,0.05361,0.02817,-0.01515,0.08046,28.52,1604,175700,32870000,-1556,744500,70740,-5.543E+11,-52670000000,-5004000000,8.25E+17,4.76E+11,45230000000,7.079E+14,happy
79.87,0.342,0.000222,187.1,0.001379,0.05154,0.08579,139.7,0.6886,0.2488,0.3701,0.1602,0.2216,0.1041,0.1324,0.08777,0.08495,0.07802,68.85,1132,167100,25400000,736.5,339.6,66.85,506400000,73530000,9479000,1.133E+15,666900000,85880000,2.016E+12,48.84,0.2286,8.90E-05,1578,0.001271,0.04881,0.5702,92.72,-0.6423,0.6485,0.05553,0.07197,0.04131,0.07538,0.01245,0.01231,1.50E-05,0.08004,55.82,1329,64380,22140000,-1846,745700,70920,-5.56E+11,-52880000000,-5029000000,8.29E+17,4.779E+11,45450000000,7.132E+14,happy
20.32,0.1137,0.000266,175.4,0.001059,0.03917,0.05618,43.49,0.1343,0.3039,0.4178,0.159,0.1847,0.103,0.1214,0.1066,0.09253,0.05707,21.04,1243,179800,34410000,243.6,318.5,32.16,475700000,46320000,4570000,1.066E+15,421300000,41540000,9.739E+11,15.18,0.08741,0.000104,1571,0.001134,0.04387,0.5342,36.22,-0.9392,0.5934,-0.06158,0.05191,0.004688,0.06485,0.03806,0.01873,0.01423,0.07501,30.19,1447,140900,26820000,-1467,746800,71050,-5.577E+11,-53060000000,-5048000000,8.33E+17,4.796E+11,45630000000,7.173E+14,happy
20.55,0.1068,0.00043,171.1,0.001291,0.04831,0.02549,42.65,0.1406,0.3028,0.3912,0.1431,0.1694,0.1079,0.1505,0.09647,0.09306,0.08122,20.09,1278,188800,36530000,277.1,330.4,49.3,494200000,60030000,7017000,1.109E+15,545300000,63670000,1.498E+12,14.07,0.07836,0.000165,1575,0.001217,0.04726,0.6126,34.31,-0.9429,0.5695,0.004968,0.02543,-0.05469,0.06856,0.03294,0.02058,-0.01661,0.08608,31.22,1674,174400,32560000,-1508,747900,71170,-5.594E+11,-53230000000,-5065000000,8.37E+17,4.811E+11,45780000000,7.21E+14,happy
22.43,0.1175,0.000108,175.9,0.000889,0.03303,0.02251,44.43,0.1499,0.2878,0.2844,0.1556,0.2031,0.1553,0.1877,0.1161,0.1259,0.05407,22.57,1205,164600,32040000,244.7,298.3,25.69,446800000,40310000,3662000,1.004E+15,366800000,33320000,7.829E+11,13.81,0.07276,5.10E-05,1560,0.001083,0.04172,0.487,32.55,-0.9405,0.484,0.06033,0.1597,-0.1424,0.05654,0.1461,0.1025,0.006226,0.07229,31.35,1798,191000,34550000,-1477,749000,71280,-5.61E+11,-53390000000,-5080000000,8.40E+17,4.825E+11,45910000000,7.24E+14,neutral
24.22,0.1323,0.000178,203.5,0.001097,0.04098,0.05128,48.81,0.1639,0.347,0.2907,0.1762,0.2013,0.1248,0.1859,0.1151,0.1306,0.0662,25.13,1382,177900,34350000,231.6,290.2,45.01,435300000,53860000,6425000,9.794E+14,489000000,58240000,1.376E+12,15.69,0.08622,7.70E-05,1563,0.001157,0.04476,0.5209,36.78,-0.9295,0.5162,0.04423,0.1301,-0.1016,0.07216,0.08013,0.04873,-0.03119,0.07646,33.24,1806,178800,33370000,-1540,750000,71390,-5.626E+11,-53540000000,-5095000000,8.44E+17,4.839E+11,46050000000,7.274E+14,neutral
61.37,0.2759,0.000252,210.1,0.00131,0.04865,0.05051,108.5,0.5154,0.2643,0.2407,0.1521,0.2219,0.1335,0.1843,0.1143,0.136,0.07952,53.09,1108,171700,27960000,522.2,305.2,51.8,458500000,60320000,7408000,1.033E+15,547700000,67170000,1.589E+12,33.84,0.1662,0.000105,1554,0.001425,0.05533,0.5203,66.87,-0.7715,0.5514,0.1333,0.1581,-0.05895,0.04677,0.02338,0.0337,-0.03268,0.09759,46.64,1689,136500,30210000,-1604,751100,71520,-5.641E+11,-53720000000,-5114000000,8.47E+17,4.855E+11,46230000000,7.315E+14,neutral
22.45,0.1322,0.000193,183.7,0.001149,0.04262,0.04458,46.61,0.1555,0.3604,0.2948,0.1187,0.2008,0.1062,0.1656,0.08031,0.1232,0.06429,25.56,1601,211600,40530000,256.8,316,51.49,475300000,60810000,7379000,1.072E+15,553000000,66990000,1.586E+12,14.1,0.082,7.90E-05,1577,0.001253,0.04816,0.5161,33.96,-0.9349,0.4405,0.1372,0.1255,-0.05303,0.05367,0.05593,0.05566,-0.005317,0.07752,31.06,1834,191200,36810000,-1556,752100,71670,-5.657E+11,-53910000000,-5136000000,8.51E+17,4.872E+11,46420000000,7.362E+14,neutral
22.87,0.1254,0.000174,175.4,0.001139,0.04221,0.04888,46.3,0.1542,0.3129,0.3172,0.1289,0.1895,0.1046,0.161,0.1082,0.1214,0.06197,24.39,1329,180800,34960000,225,296.6,51.8,446900000,59930000,7438000,1.01E+15,544300000,67460000,1.602E+12,14.43,0.07939,7.30E-05,1574,0.001276,0.04914,0.5275,33.96,-0.9358,0.5281,0.1087,0.09784,-0.07532,0.06173,0.06747,0.05022,0.01088,0.08018,30.11,1617,165700,31500000,-1531,753200,71810,-5.673E+11,-54090000000,-5156000000,8.55E+17,4.888E+11,46610000000,7.405E+14,neutral
21.17,0.1087,2.10E-05,171.5,0.00045,0.01674,0.05672,43.16,0.1282,0.3492,0.3611,0.1881,0.1749,0.1283,0.1282,0.1346,0.1066,0.02549,21.84,1422,192800,37100000,185,282.6,22.43,426300000,37120000,3225000,9.645E+14,337100000,29300000,6.956E+11,13.49,0.0713,1.00E-05,1557,0.000491,0.01883,0.5624,32.36,-0.9428,0.4911,0.02754,0.03501,0.002104,0.06659,0.07971,0.04392,0.009148,0.03016,30.46,1740,194400,37400000,-1658,754200,71910,-5.688E+11,-54230000000,-5170000000,8.58E+17,4.901E+11,46730000000,7.434E+14,sad
22.12,0.1137,3.90E-05,156.7,0.000563,0.02094,0.02509,44.87,0.1361,0.3646,0.3495,0.1698,0.1581,0.09861,0.1574,0.1147,0.129,0.02996,21.93,1528,212300,40710000,219.1,265.4,21.15,400800000,34630000,3044000,9.08E+14,315600000,27740000,6.571E+11,14.12,0.07277,1.60E-05,1568,0.000557,0.02138,0.5729,34.07,-0.9373,0.4495,-0.008042,0.02069,-0.06249,0.05197,0.056,0.04881,0.004774,0.03474,33.28,1915,203000,38480000,-1620,755100,71970,-5.702E+11,-54350000000,-5180000000,8.61E+17,4.912E+11,46820000000,7.456E+14,sad
20.68,0.1106,3.60E-05,153.8,0.000606,0.02252,0.0341,42.78,0.1267,0.3241,0.3372,0.1481,0.1587,0.1175,0.1347,0.1052,0.1001,0.03137,21.75,1391,190800,36750000,212.6,304.4,25.55,460400000,40940000,3680000,1.044E+15,372500000,33480000,7.953E+11,12.77,0.06986,1.60E-05,1574,0.000626,0.02397,0.5693,29.65,-0.9466,0.484,0.05305,0.01927,-0.02379,0.06133,0.07312,0.05744,0.01475,0.03769,29.4,1666,182900,35140000,-1593,756100,72040,-5.717E+11,-54470000000,-5189000000,8.65E+17,4.923E+11,46910000000,7.476E+14,sad
22.12,0.1137,3.90E-05,156.7,0.000563,0.02094,0.02509,44.87,0.1361,0.3646,0.3495,0.1698,0.1581,0.09861,0.1574,0.1147,0.129,0.02996,21.93,1528,212300,40710000,219.1,265.4,21.15,401900000,34700000,3049000,9.128E+14,316300000,27790000,6.595E+11,14.12,0.07277,1.60E-05,1568,0.000557,0.02138,0.5729,34.07,-0.9373,0.4495,-0.008042,0.02069,-0.06249,0.05197,0.056,0.04881,0.004774,0.03474,33.28,1915,203000,38480000,-1620,757100,72110,-5.732E+11,-54590000000,-5199000000,8.68E+17,4.934E+11,46990000000,7.497E+14,sad
20.4,0.1114,3.10E-05,170.3,0.000545,0.02029,0.0432,42.35,0.1216,0.3842,0.3589,0.1892,0.1689,0.1023,0.1667,0.1355,0.1257,0.02915,21.75,1545,206900,39910000,204.1,306.1,23.79,464100000,39800000,3433000,1.055E+15,361600000,31180000,7.43E+11,13.12,0.07291,1.40E-05,1545,0.000548,0.02101,0.5642,32.19,-0.9448,0.4656,-0.006031,0.01858,-0.05616,0.07031,0.1028,0.06956,0.03688,0.03278,31.59,1875,204200,39140000,-1636,758100,72170,-5.747E+11,-54710000000,-5207000000,8.71E+17,4.945E+11,47070000000,7.516E+14,sad
23.54,0.1336,0.000805,270.7,0.002914,0.1102,0.05954,49.05,0.1542,0.1918,0.3081,0.2397,0.1823,0.1165,0.1328,0.09981,0.1314,0.2046,25.03,947.7,92830,18080000,260.2,258.9,15.22,393000000,30020000,2199000,8.95E+14,273000000,20020000,4.762E+11,16.84,0.1006,0.000355,1496,0.002645,0.1028,0.5558,40.04,-0.923,0.6109,-0.1049,0.03151,-0.05589,0.03367,-0.000855,0.01533,-0.02603,0.1981,32.67,1487,122400,22370000,-1208,759100,72210,-5.762E+11,-54820000000,-5214000000,8.75E+17,4.954E+11,47130000000,7.53E+14,angry
20.69,0.1136,0.001185,234.1,0.003192,0.1204,0.06464,41.3,0.1193,0.3055,0.3741,0.29,0.2012,0.1308,0.1194,0.1192,0.1273,0.2124,21.04,1442,190900,37230000,350.2,292,26.11,443900000,40890000,3774000,1.012E+15,370100000,34160000,8.182E+11,16.5,0.09794,0.000469,1546,0.00256,0.09904,0.5987,38.99,-0.9345,0.6167,-0.05581,-0.009058,-0.06696,0.03247,0.01323,-0.01308,-0.004183,0.1818,30.09,1414,137500,25750000,-1334,760000,72270,-5.777E+11,-54930000000,-5223000000,8.78E+17,4.964E+11,47210000000,7.548E+14,angry
21.65,0.1224,0.000544,224.5,0.00252,0.09568,0.08363,45.34,0.1392,0.3882,0.3568,0.2017,0.2149,0.1274,0.1224,0.09801,0.1106,0.1732,23.89,1693,236200,46320000,359.7,297.3,28.09,452600000,42810000,4065000,1.033E+15,387600000,36800000,8.823E+11,15.87,0.09037,0.000231,1509,0.002012,0.07801,0.5938,38.42,-0.9322,0.4909,0.0623,0.1082,-0.08348,0.008937,0.008681,0.01747,-0.02338,0.144,32.78,1827,186900,35680000,-1413,761100,72360,-5.792E+11,-55070000000,-5235000000,8.82E+17,4.977E+11,47320000000,7.575E+14,angry
18.12,0.1023,0.000566,218.3,0.002337,0.08836,0.08305,37.78,0.09758,0.1946,0.3239,0.2045,0.2106,0.1954,0.1461,0.1511,0.1196,0.1623,19.56,832.9,89680,17500000,266.4,283.2,27.38,431600000,41260000,3967000,9.867E+14,372600000,35830000,8.619E+11,17.08,0.1014,0.000242,1560,0.002173,0.08424,0.5534,40.64,-0.9373,0.7156,-0.1614,0.07765,-0.0486,-0.03891,-0.05762,-0.03438,-0.003068,0.1567,29.93,1182,94790,16510000,-1312,762100,72430,-5.807E+11,-55200000000,-5246000000,8.85E+17,4.989E+11,47420000000,7.599E+14,angry
23.11,0.1202,0.000565,203.9,0.002087,0.07866,0.07551,47.06,0.1353,0.2485,0.3536,0.1703,0.1895,0.142,0.1196,0.109,0.1242,0.1389,23.48,940.1,125400,24830000,208.3,248.3,22.7,378900000,35240000,3291000,8.672E+14,319900000,29880000,7.159E+11,19.6,0.1098,0.000235,1535,0.001953,0.07633,0.5673,44.19,-0.9197,0.6711,-0.1062,0.09687,-0.02755,0.009197,-0.02875,-0.02671,-0.02565,0.1427,31.6,1171,98740,17920000,-1331,763000,72510,-5.821E+11,-55330000000,-5258000000,8.88E+17,5E+11,47520000000,7.625E+14,angry
23.19,0.1278,0.000435,255.6,0.002747,0.1039,0.1294,48.76,0.1457,0.3058,0.3466,0.1842,0.2202,0.1301,0.1445,0.1256,0.1486,0.1815,24.96,1243,167000,32760000,305.6,339.8,51.65,519200000,63880000,7501000,1.19E+15,577500000,67810000,1.634E+12,18.48,0.1046,0.000204,1610,0.00253,0.09758,0.492,42.97,-0.9211,0.6208,-0.0137,0.1339,-0.04426,0.0188,-0.02301,-0.0297,-0.04727,0.1752,31.96,1389,126800,23800000,-1367,764000,72620,-5.837E+11,-55480000000,-5273000000,8.92E+17,5.014E+11,47660000000,7.658E+14,disgust
22.15,0.1215,0.000395,191.4,0.002555,0.09664,0.1149,46.01,0.1345,0.2215,0.3926,0.1988,0.209,0.1474,0.1154,0.1025,0.09884,0.1679,23.5,1006,125100,24620000,251.4,348.7,41.04,533700000,56550000,5971000,1.225E+15,510400000,53910000,1.303E+12,17.98,0.1064,0.000201,1590,0.002473,0.09538,0.5017,41.99,-0.9258,0.6858,-0.06457,0.05371,-0.04519,0.03991,-0.02566,-0.03989,0.002851,0.1736,29.34,1038,84080,15880000,-1301,765200,72750,-5.855E+11,-55660000000,-5291000000,8.96E+17,5.031E+11,47830000000,7.698E+14,disgust
23.57,0.1236,0.000429,216.1,0.002534,0.09598,0.05554,48.52,0.1511,0.2881,0.3672,0.1796,0.1645,0.1337,0.113,0.1023,0.1147,0.1695,24.94,1227,164600,32370000,293.4,318.5,37.74,488200000,51990000,5499000,1.122E+15,470300000,49740000,1.202E+12,18.25,0.09976,0.000192,1602,0.002307,0.08885,0.5199,40.97,-0.9204,0.6236,0.01979,0.09672,-0.05501,0.006767,-0.04007,-0.03679,-0.006846,0.1555,30.8,1255,116200,21910000,-1381,766300,72860,-5.873E+11,-55840000000,-5308000000,9.00E+17,5.047E+11,47980000000,7.735E+14,disgust
23.16,0.1235,0.000512,190.9,0.002555,0.09584,0.0615,48.33,0.1363,0.2687,0.3997,0.1946,0.162,0.1153,0.09434,0.09772,0.09885,0.1528,23.98,935.2,126100,25190000,248.3,292.7,30.67,449200000,44740000,4474000,1.034E+15,405100000,40510000,9.793E+11,19.13,0.1078,0.000235,1601,0.002444,0.09393,0.5314,42.4,-0.9209,0.6711,-0.02818,0.08961,-0.02374,0.01937,0.004146,-0.02548,-0.006583,0.1585,28.53,944.7,81840,15630000,-1333,767400,72960,-5.889E+11,-55990000000,-5322000000,9.04E+17,5.06E+11,48110000000,7.765E+14,disgust
23.57,0.1236,0.000429,216.1,0.002534,0.09598,0.05554,48.52,0.1511,0.2881,0.3672,0.1796,0.1645,0.1337,0.113,0.1023,0.1147,0.1695,24.94,1227,164600,32370000,293.4,318.5,37.74,489600000,52130000,5514000,1.129E+15,471600000,49880000,1.208E+12,18.25,0.09976,0.000192,1602,0.002307,0.08885,0.5199,40.97,-0.9204,0.6236,0.01979,0.09672,-0.05501,0.006767,-0.04007,-0.03679,-0.006846,0.1555,30.8,1255,116200,21910000,-1381,768500,73060,-5.905E+11,-56140000000,-5337000000,9.08E+17,5.074E+11,48240000000,7.797E+14,disgust
14.67,0.1179,0.000173,199.8,0.001315,0.04915,0.078,37.16,0.1038,0.2368,0.351,0.1805,0.2295,0.1574,0.1103,0.1092,0.09756,0.07831,21.68,1121,123000,24180000,227.1,281.7,13.51,433600000,30670000,1975000,1.001E+15,277800000,17900000,4.333E+11,10.93,0.07662,7.70E-05,1538,0.001427,0.05476,0.51,28.85,-0.954,0.4854,-0.03306,0.1741,-0.0083,0.009237,-0.0526,-0.02552,-0.03351,0.09287,28.05,1562,138600,25800000,-1327,769500,73130,-5.921E+11,-56270000000,-5347000000,9.11E+17,5.086E+11,48340000000,7.82E+14,happy
28.37,0.1701,0.000364,225,0.001661,0.06167,0.04139,58.1,0.2091,0.2285,0.3022,0.1518,0.1897,0.1191,0.1208,0.1167,0.09421,0.08825,28.62,1204,107700,18010000,190.5,264.1,10.3,406900000,27100000,1507000,9.406E+14,244500000,13580000,3.307E+11,17.18,0.1107,0.00013,1519,0.00162,0.06295,0.5728,41.36,-0.918,0.5491,-0.092,0.1493,0.01178,0.0318,-0.05901,-0.008061,-0.02145,0.1113,34.41,1736,125900,25170000,-1266,770400,73160,-5.936E+11,-56360000000,-5351000000,9.15E+17,5.094E+11,48370000000,7.829E+14,happy
38.38,0.1983,0.000496,228.7,0.002105,0.07877,0.03843,70.84,0.3126,0.1936,0.3124,0.1411,0.1976,0.1344,0.1576,0.1119,0.1027,0.1314,37.27,1056,89580,15900000,249.7,274.7,16.22,423800000,32540000,2374000,9.807E+14,293700000,21410000,5.213E+11,23.48,0.1415,0.000226,1540,0.002195,0.08521,0.5668,52.74,-0.87,0.6298,-0.06563,0.1013,-0.1156,-0.02211,-0.02913,0.0376,-0.008691,0.1602,37.11,1405,88030,18490000,-1237,771400,73200,-5.95E+11,-56460000000,-5357000000,9.18E+17,5.103E+11,48430000000,7.843E+14,happy
66.87,0.3078,0.000563,217.3,0.002159,0.08136,0.03304,118.6,0.5719,0.2267,0.2732,0.1426,0.226,0.1309,0.1043,0.07322,0.08138,0.1472,59.49,1309,100900,14190000,675.5,266.8,17.7,412000000,33060000,2593000,9.547E+14,300000000,23550000,5.697E+11,40.28,0.2163,0.000256,1525,0.002174,0.08451,0.5211,82.74,-0.7169,0.5912,0.01661,0.1256,-0.01303,-0.01058,-0.06275,-0.007206,-0.04439,0.1595,52.41,1653,73210,21110000,-1399,772300,73250,-5.964E+11,-56570000000,-5365000000,9.21E+17,5.113E+11,48500000000,7.859E+14,happy
66.87,0.3078,0.000563,217.3,0.002159,0.08136,0.03304,118.6,0.5719,0.2267,0.2732,0.1426,0.226,0.1309,0.1043,0.07322,0.08138,0.1472,59.49,1309,100900,14190000,675.5,266.8,17.7,412500000,33090000,2595000,9.569E+14,300300000,23570000,5.705E+11,40.28,0.2163,0.000256,1525,0.002174,0.08451,0.5211,82.74,-0.7169,0.5912,0.01661,0.1256,-0.01303,-0.01058,-0.06275,-0.007206,-0.04439,0.1595,52.41,1653,73210,21110000,-1399,773200,73300,-5.979E+11,-56680000000,-5372000000,9.25E+17,5.123E+11,48570000000,7.876E+14,happy
33.08,0.1759,0.000244,268.9,0.001358,0.05158,0.05175,65.35,0.2443,0.2528,0.2348,0.1836,0.1724,0.1263,0.1417,0.1284,0.1235,0.107,32.15,1265,135600,24750000,231.1,252.3,8.424,390600000,24720000,1235000,9.071E+14,225700000,11360000,2.718E+11,23.52,0.1356,0.000118,1478,0.00129,0.0514,0.58,52.28,-0.8785,0.525,0.003287,0.1696,-0.05767,0.002323,-0.0308,0.01805,-0.1033,0.1148,41.09,2018,160100,31790000,-1318,774100,73340,-5.992E+11,-56770000000,-5378000000,9.28E+17,5.132E+11,48620000000,7.888E+14,neutral
56.24,0.254,0.000445,265.9,0.001728,0.06605,0.03153,103.9,0.443,0.2405,0.2606,0.1602,0.1917,0.1265,0.137,0.1075,0.09293,0.1406,48.67,1109,132800,19670000,440.4,250.8,11.36,388800000,27140000,1667000,9.039E+14,247200000,15260000,3.669E+11,35.86,0.1863,0.0002,1486,0.00161,0.06339,0.5802,77.61,-0.789,0.5861,-0.02777,0.1295,-0.09734,0.03503,-0.042,0.001822,-0.07503,0.1429,50.29,1899,122200,26800000,-1365,775000,73370,-6.006E+11,-56860000000,-5382000000,9.31E+17,5.139E+11,48650000000,7.897E+14,neutral
25.04,0.146,0.000262,263.7,0.001393,0.05266,0.05003,52.9,0.1688,0.2567,0.321,0.165,0.1642,0.143,0.1327,0.118,0.1051,0.1024,27.48,1203,144700,28180000,282.2,263.6,6.402,409000000,24010000,939700,9.521E+14,218900000,8663000,2.069E+11,18.02,0.1091,0.00013,1510,0.00143,0.05627,0.5467,42,-0.914,0.5858,0.04707,0.1219,-0.06103,-0.02362,-0.03241,-0.004561,-0.03094,0.1163,33.41,1639,154100,29700000,-1343,775900,73400,-6.02E+11,-56950000000,-5386000000,9.34E+17,5.147E+11,48690000000,7.906E+14,neutral
49.3,0.2324,0.000228,246,0.001219,0.04624,0.04039,83.66,0.4006,0.241,0.2674,0.1655,0.1813,0.1178,0.1226,0.1083,0.107,0.09644,43.46,1094,140800,22730000,349.5,263,10.36,408500000,27130000,1521000,9.52E+14,247400000,13940000,3.35E+11,30.96,0.168,0.000107,1496,0.001224,0.04856,0.5638,63.68,-0.8164,0.5921,-0.03949,0.1581,-0.0662,-0.007378,0.005493,0.006218,-0.05459,0.1079,45.78,1789,121900,26490000,-1372,776800,73420,-6.034E+11,-57030000000,-5390000000,9.37E+17,5.155E+11,48720000000,7.913E+14,neutral
47.36,0.2263,0.00033,244.1,0.00158,0.06019,0.04544,85.38,0.3897,0.2185,0.2725,0.1755,0.2231,0.1193,0.1276,0.0979,0.09869,0.1259,44.38,1326,114600,20960000,355.6,251.1,7.861,390500000,23720000,1155000,9.111E+14,215900000,10580000,2.544E+11,26.73,0.1498,0.000173,1496,0.001494,0.05884,0.575,58.75,-0.8392,0.6176,0.003565,0.07664,-0.06373,-0.01031,-0.03873,-0.04225,-0.05519,0.1266,41.9,1675,114400,24890000,-1330,777700,73440,-6.048E+11,-57110000000,-5393000000,9.41E+17,5.163E+11,48760000000,7.921E+14,neutral
22.97,0.1243,0.000106,187.2,0.000994,0.03754,0.05603,48.44,0.1452,0.2555,0.3506,0.1654,0.2076,0.1251,0.1272,0.09757,0.09319,0.06957,23.05,1011,134400,26130000,216.7,296.6,11.71,461900000,30730000,1720000,1.079E+15,278700000,15630000,3.791E+11,17.39,0.1009,4.30E-05,1520,0.000945,0.03673,0.5594,40.94,-0.922,0.6141,-0.05292,0.1047,-0.03825,0.01898,-0.05604,-0.03478,-0.005977,0.0727,31.48,1444,135500,25340000,-1414,778600,73470,-6.062E+11,-57200000000,-5397000000,9.44E+17,5.171E+11,48790000000,7.929E+14,sad
25.54,0.137,9.90E-05,204.3,0.000831,0.03094,0.07235,53.4,0.1593,0.2142,0.309,0.161,0.1799,0.1269,0.1106,0.1009,0.09752,0.05413,25.36,852.9,104200,20110000,190.2,274.7,5.502,428300000,24230000,808600,1.002E+15,221200000,7484000,1.783E+11,18.67,0.1069,4.90E-05,1536,0.00097,0.03808,0.5317,42.87,-0.9121,0.605,-0.06795,0.1184,-0.03153,0.009912,-0.04372,-0.05736,-0.02945,0.07372,32.66,1387,119700,21820000,-1342,779600,73490,-6.078E+11,-57290000000,-5400000000,9.48E+17,5.179E+11,48820000000,7.937E+14,sad
36.18,0.1736,8.00E-05,221.1,0.000898,0.0337,0.07014,69.25,0.2693,0.2447,0.3095,0.1773,0.212,0.1435,0.1295,0.1292,0.1071,0.058,33.06,1011,125400,21720000,212.8,256.4,6.3,400300000,23370000,926000,9.373E+14,212800000,8486000,2.042E+11,22.23,0.1242,4.10E-05,1505,0.000916,0.03579,0.5712,50.07,-0.8842,0.5781,-0.1167,0.109,-0.02676,0.04408,-0.01575,-0.05796,-0.02648,0.06696,36.34,1511,118800,23610000,-1404,780500,73510,-6.092E+11,-57370000000,-5402000000,9.51E+17,5.186E+11,48840000000,7.941E+14,sad
21.6,0.1182,4.30E-05,201.5,0.000658,0.02469,0.05863,46.44,0.1274,0.2301,0.3284,0.1576,0.1893,0.1273,0.1243,0.1199,0.1027,0.04508,22.36,949.7,121800,23670000,198.6,277.2,4.096,433200000,23320000,602000,1.016E+15,211600000,5507000,1.328E+11,15.5,0.09088,2.20E-05,1547,0.000682,0.02658,0.5672,37.6,-0.9338,0.6061,-0.04378,0.09339,0.01444,-0.00081,-0.06016,-0.03054,-0.03103,0.05007,29.99,1417,137800,25660000,-1444,781400,73510,-6.106E+11,-57450000000,-5403000000,9.54E+17,5.193E+11,48850000000,7.944E+14,sad
32.95,0.1567,9.60E-05,178.3,0.000854,0.0319,0.05471,65.12,0.2492,0.2267,0.3847,0.1999,0.2081,0.167,0.1398,0.1212,0.09744,0.05296,30.5,915.3,119900,22270000,209.8,279.8,8.12,437800000,26740000,1194000,1.028E+15,243000000,10900000,2.634E+11,19.88,0.1094,4.60E-05,1511,0.000928,0.03597,0.5549,45.73,-0.9009,0.6428,-0.06731,0.1013,0.03951,0.02884,-0.05337,-0.05469,0.000597,0.06421,31.37,1198,104700,20550000,-1426,782400,73530,-6.122E+11,-57530000000,-5406000000,9.58E+17,5.2E+11,48870000000,7.95E+14,sad
28.17,0.1407,0.00057,228.7,0.002891,0.109,0.01818,56.99,0.1997,0.2187,0.2983,0.1907,0.1473,0.1277,0.1228,0.1064,0.1381,0.1895,26.12,895.8,123000,23590000,229.7,310.7,65.55,486800000,74030000,9654000,1.144E+15,671700000,87500000,2.133E+12,20.5,0.1104,0.000315,1594,0.0025,0.09751,0.6099,44.54,-0.9038,0.6678,0.0163,0.09055,-0.01214,0.01144,-0.07957,0.007415,0.0059,0.1944,34.9,1481,141800,26280000,-1454,783400,73650,-6.138E+11,-57700000000,-5424000000,9.62E+17,5.215E+11,49030000000,7.988E+14,angry
44.92,0.2047,0.000722,240.8,0.00256,0.09536,0.01987,84.7,0.3702,0.1917,0.2992,0.1674,0.1649,0.1252,0.1145,0.09081,0.1049,0.147,40.2,959.3,123200,21870000,284.6,304.6,64.3,477800000,72790000,9494000,1.125E+15,659600000,85960000,2.103E+12,26.17,0.1349,0.00031,1599,0.00238,0.09258,0.5797,56.39,-0.8525,0.6805,0.04944,0.06224,-0.009857,0.03214,-0.04329,0.008312,0.01633,0.171,38.68,1307,100500,20580000,-1480,784500,73830,-6.154E+11,-57920000000,-5450000000,9.66E+17,5.235E+11,49270000000,8.047E+14,angry
38.64,0.1764,0.000858,241.4,0.00316,0.1186,0.03795,73.35,0.3098,0.2487,0.327,0.1651,0.1677,0.1171,0.1295,0.09749,0.1329,0.1988,34.56,998.6,138500,25600000,247.4,305.5,59.41,479900000,68950000,8793000,1.131E+15,627000000,79800000,1.952E+12,21.86,0.1128,0.000465,1584,0.002849,0.1105,0.5737,49.31,-0.8829,0.625,0.03829,0.07302,-0.03437,0.02892,-0.03198,0.02904,0.01702,0.2079,35.97,1444,128900,25220000,-1447,785600,74010,-6.171E+11,-58140000000,-5477000000,9.70E+17,5.255E+11,49520000000,8.107E+14,angry
46.69,0.213,0.000908,205.2,0.003156,0.1188,0.0485,88.36,0.3828,0.2151,0.3043,0.1749,0.1799,0.1126,0.1238,0.09302,0.1097,0.2077,41.2,958.5,141700,25230000,348.1,323.8,70.9,509400000,79540000,10520000,1.202E+15,722300000,95380000,2.341E+12,27.27,0.1417,0.000453,1589,0.002783,0.1087,0.5623,59.66,-0.8411,0.6695,0.05953,0.07292,-0.03414,0.008141,-0.07137,-0.01142,-0.009273,0.2126,40.2,1475,127200,26240000,-1488,786600,74200,-6.188E+11,-58370000000,-5505000000,9.74E+17,5.276E+11,49760000000,8.168E+14,angry
38.64,0.1764,0.000858,241.4,0.00316,0.1186,0.03795,73.35,0.3098,0.2487,0.327,0.1651,0.1677,0.1171,0.1295,0.09749,0.1329,0.1988,34.56,998.6,138500,25600000,247.4,305.5,59.41,481300000,69190000,8837000,1.137E+15,629200000,80200000,1.972E+12,21.86,0.1128,0.000465,1584,0.002849,0.1105,0.5737,49.31,-0.8829,0.625,0.03829,0.07302,-0.03437,0.02892,-0.03198,0.02904,0.01702,0.2079,35.97,1444,128900,25220000,-1447,787700,74380,-6.205E+11,-58600000000,-5532000000,9.78E+17,5.296E+11,50010000000,8.23E+14,angry
36.27,0.1765,0.000183,221.4,0.001599,0.05934,0.04152,70.09,0.2889,0.1768,0.328,0.205,0.1904,0.1252,0.1204,0.09268,0.1159,0.08722,34.3,879.4,92790,16430000,183.1,329.5,72.25,519800000,81430000,10770000,1.23E+15,737500000,97530000,2.41E+12,23.09,0.1276,0.000107,1623,0.001821,0.07025,0.5262,50.98,-0.8814,0.7048,0.008425,0.05649,-0.03401,-0.017,-0.05819,0.01563,0.02281,0.1224,34.73,1141,82600,16680000,-1528,788800,74570,-6.223E+11,-58820000000,-5560000000,9.82E+17,5.317E+11,50260000000,8.291E+14,disgust
26.67,0.1396,0.000405,184.4,0.002359,0.0884,0.03601,54.84,0.1874,0.4008,0.3298,0.1728,0.1636,0.1116,0.1315,0.09325,0.1293,0.1384,28.14,1787,218600,42690000,268.2,340.9,88.02,538600000,94780000,13170000,1.276E+15,860400000,119400000,2.955E+12,20.18,0.1083,0.000213,1603,0.002351,0.09039,0.5459,45.38,-0.907,0.5846,0.1096,0.09127,-0.068,-0.01638,-0.03745,0.01596,0.01222,0.1577,33.88,1536,144600,28390000,-1603,790000,74820,-6.241E+11,-59110000000,-5597000000,9.86E+17,5.343E+11,50600000000,8.374E+14,disgust
26.7,0.1302,0.000474,232.8,0.002478,0.09343,0.04212,54.59,0.1786,0.2936,0.2789,0.167,0.1403,0.114,0.1211,0.09478,0.1306,0.1564,26.55,1191,158600,30380000,254,387.4,71.25,613100000,85200000,10690000,1.455E+15,771500000,96750000,2.406E+12,18.01,0.09394,0.000159,1591,0.002342,0.09016,0.5498,38.99,-0.9185,0.6125,0.1069,0.0661,-0.03897,0.02031,-0.04081,-0.001387,-0.01655,0.1613,31.36,1424,145500,27710000,-1430,791300,75040,-6.261E+11,-59370000000,-5630000000,9.91E+17,5.367E+11,50890000000,8.448E+14,disgust
27.58,0.1439,0.000541,212.5,0.00275,0.1035,0.03184,56.35,0.1903,0.214,0.2614,0.1957,0.1467,0.1343,0.1288,0.09573,0.1449,0.1818,28.87,983.8,101500,19130000,253.8,352.3,59.94,558400000,73840000,9016000,1.328E+15,667800000,81530000,2.034E+12,18.92,0.105,0.000233,1602,0.003024,0.1168,0.5166,41.37,-0.91,0.6475,0.05849,0.0664,-0.03242,-0.01142,-0.04296,0.03497,0.003722,0.214,31.65,1258,109900,20560000,-1310,792500,75220,-6.281E+11,-59610000000,-5657000000,9.96E+17,5.388E+11,51140000000,8.51E+14,disgust
27.58,0.1439,0.000541,212.5,0.00275,0.1035,0.03184,56.35,0.1903,0.214,0.2614,0.1957,0.1467,0.1343,0.1288,0.09573,0.1449,0.1818,28.87,983.8,101500,19130000,253.8,352.3,59.94,559200000,73970000,9037000,1.332E+15,669000000,81720000,2.044E+12,18.92,0.105,0.000233,1602,0.003024,0.1168,0.5166,41.37,-0.91,0.6475,0.05849,0.0664,-0.03242,-0.01142,-0.04296,0.03497,0.003722,0.214,31.65,1258,109900,20560000,-1310,793800,75390,-6.3E+11,-59840000000,-5683000000,1.00E+18,5.409E+11,51380000000,8.569E+14,disgust
18.71,0.1228,0.000158,171.4,0.001175,0.04406,0.04035,41.92,0.1323,0.2525,0.3389,0.2126,0.204,0.1507,0.1312,0.1224,0.1103,0.0729,21.12,1110,135000,25250000,242.6,280,36.06,445100000,49440000,5446000,1.061E+15,450300000,49530000,1.234E+12,13.17,0.08693,6.50E-05,1594,0.00128,0.04932,0.5268,32.48,-0.9459,0.5833,0.001662,0.0756,-0.05259,-0.01014,-0.06751,-0.02893,-0.02801,0.08605,29.69,1576,150900,27990000,-1471,794800,75530,-6.318E+11,-60040000000,-5704000000,1.00E+18,5.427E+11,51570000000,8.617E+14,happy
23.01,0.1121,0.000229,192.7,0.001516,0.0567,0.07066,45.85,0.1542,0.2189,0.2911,0.2128,0.1927,0.1432,0.1216,0.09214,0.1017,0.08841,22.14,862,121800,23140000,190.4,292.5,54.22,465600000,65200000,8202000,1.112E+15,589300000,74140000,1.861E+12,15.79,0.08465,0.000122,1623,0.001772,0.06796,0.5216,34.42,-0.937,0.6574,0.1116,0.1252,-0.003279,-0.01696,-0.07914,-0.02677,0.01155,0.1141,27.32,1187,125100,22720000,-1507,795800,75650,-6.334E+11,-60200000000,-5722000000,1.01E+18,5.442E+11,51730000000,8.657E+14,happy
80.25,0.3446,0.000869,178.6,0.001672,0.06232,0.07856,143.8,0.6892,0.2287,0.3013,0.1867,0.2301,0.1593,0.1243,0.09161,0.1124,0.1056,69.27,832.6,132700,17300000,783.4,387.6,64.65,617800000,80580000,9800000,1.477E+15,726000000,88380000,2.228E+12,52.14,0.2451,0.000199,1585,0.001587,0.06156,0.5208,99.47,-0.6165,0.6479,0.0545,0.1194,0.01881,0.003245,-0.09508,-0.00763,0.01736,0.111,58.18,1280,52850,19380000,-1744,797000,75800,-6.352E+11,-60410000000,-5744000000,1.01E+18,5.46E+11,51930000000,8.707E+14,happy
27.36,0.136,0.000166,230.3,0.001563,0.05924,0.05539,55.57,0.1998,0.2251,0.3103,0.1726,0.1981,0.1583,0.1367,0.1057,0.1231,0.113,25.53,863.1,114400,21360000,216.3,290.3,53.57,463500000,64690000,8138000,1.11E+15,587000000,73780000,1.855E+12,18.54,0.1064,0.000107,1633,0.001782,0.06917,0.5567,41.72,-0.9133,0.6632,-0.02565,0.09436,-0.0585,-0.0548,-0.09416,-0.04202,0.01297,0.1359,31.72,1276,114900,21340000,-1420,798200,75980,-6.371E+11,-60640000000,-5772000000,1.02E+18,5.481E+11,52170000000,8.769E+14,happy
23.01,0.1121,0.000229,192.7,0.001516,0.0567,0.07066,45.85,0.1542,0.2189,0.2911,0.2128,0.1927,0.1432,0.1216,0.09214,0.1017,0.08841,22.14,862,121800,23140000,190.4,292.5,54.22,467600000,65520000,8254000,1.121E+15,592100000,74600000,1.885E+12,15.79,0.08465,0.000122,1623,0.001772,0.06796,0.5216,34.42,-0.937,0.6574,0.1116,0.1252,-0.003279,-0.01696,-0.07914,-0.02677,0.01155,0.1141,27.32,1187,125100,22720000,-1507,799200,76120,-6.387E+11,-60840000000,-5794000000,1.02E+18,5.499E+11,52380000000,8.82E+14,happy
60.17,0.2672,0.000213,229.9,0.001197,0.0451,0.02599,107.9,0.5062,0.2016,0.3196,0.1791,0.2252,0.1442,0.13,0.09691,0.1103,0.08714,52.91,1000,103800,15950000,402.1,269.1,25.18,430700000,40570000,3838000,1.034E+15,366200000,34650000,8.778E+11,33.12,0.1674,8.00E-05,1581,0.00138,0.05362,0.4989,66.15,-0.7844,0.6574,0.01786,0.1133,-0.01455,-0.0188,-0.07413,-0.008183,0.008879,0.1011,41.82,1148,63480,16560000,-1446,800200,76230,-6.403E+11,-61000000000,-5811000000,1.03E+18,5.514E+11,52530000000,8.859E+14,neutral
50.06,0.2298,0.000255,221.6,0.001155,0.0437,0.03725,88.53,0.4157,0.1981,0.3152,0.2017,0.2518,0.1318,0.127,0.09145,0.1336,0.08575,44.97,887.8,93750,14760000,332.1,248.3,23.25,397800000,37470000,3549000,9.561E+14,337500000,31960000,8.125E+11,28.29,0.1495,9.00E-05,1574,0.001325,0.05157,0.5068,57.42,-0.8259,0.6458,0.001775,0.1122,-0.03861,-0.01362,-0.09929,-0.001661,-0.000147,0.1002,38.34,1144,66950,15890000,-1415,801100,76310,-6.417E+11,-61130000000,-5823000000,1.03E+18,5.526E+11,52640000000,8.887E+14,neutral
25.53,0.1443,0.000382,223.1,0.0014,0.0525,0.03491,55.02,0.1773,0.227,0.3066,0.2009,0.2317,0.1491,0.1408,0.1091,0.1385,0.1081,26.1,913.9,116800,21630000,222.5,261.2,19.99,418900000,35660000,3054000,1.008E+15,320700000,27460000,6.999E+11,17.87,0.1062,0.000151,1586,0.00156,0.06017,0.5308,41.63,-0.9134,0.6107,-0.05614,0.1013,-0.06,-0.02916,-0.08423,-0.01079,-0.01086,0.1228,31.83,1352,114000,21730000,-1333,801900,76380,-6.431E+11,-61250000000,-5833000000,1.03E+18,5.537E+11,52730000000,8.911E+14,neutral
25.36,0.1374,0.000297,226.4,0.001293,0.04911,0.02604,52.31,0.1753,0.2237,0.3173,0.2034,0.2321,0.1401,0.1305,0.1158,0.148,0.104,25.29,917.9,102200,19080000,196,258.8,28.95,415600000,42940000,4427000,1.001E+15,387500000,39950000,1.015E+12,19.04,0.111,0.00012,1602,0.001557,0.06099,0.5133,42.01,-0.9136,0.6509,-0.09337,0.08211,-0.06885,-0.02971,-0.08702,-0.01355,0.01526,0.1282,32.45,1250,95240,18030000,-1346,802800,76460,-6.445E+11,-61390000000,-5846000000,1.04E+18,5.549E+11,52850000000,8.94E+14,neutral
27.59,0.155,0.000566,205,0.001756,0.06484,0.04004,57.32,0.1951,0.2278,0.3122,0.2073,0.2261,0.1458,0.1445,0.108,0.1524,0.1239,27.09,933.6,126000,23400000,241,276.7,27.29,444800000,42970000,4178000,1.073E+15,388400000,37770000,9.596E+11,18.41,0.1079,0.000244,1590,0.00191,0.0731,0.5231,40.64,-0.9104,0.618,-0.02013,0.09982,-0.04317,-0.02364,-0.09661,-0.03517,-0.02655,0.1429,30.9,1247,106100,20670000,-1344,803800,76560,-6.46E+11,-61540000000,-5861000000,1.04E+18,5.562E+11,52980000000,8.973E+14,neutral
26.41,0.127,0.000113,176.7,0.000935,0.03488,0.04439,52.96,0.1729,0.4386,0.3568,0.2447,0.1988,0.183,0.1771,0.1129,0.123,0.05648,27.57,1994,232500,45680000,282,325.3,40.49,523600000,57460000,6208000,1.264E+15,519000000,56080000,1.428E+12,18.88,0.1016,3.90E-05,1604,0.001036,0.04,0.5505,44.27,-0.912,0.5225,0.007123,0.1517,0.03403,0.03882,-0.03193,-0.03805,-0.02485,0.06959,33.4,1654,166800,31940000,-1566,804800,76660,-6.477E+11,-61700000000,-5876000000,1.04E+18,5.577E+11,53120000000,9.009E+14,sad
26.11,0.1361,0.00013,211.3,0.001082,0.04085,0.03848,56.38,0.1654,0.2185,0.3058,0.2083,0.183,0.16,0.1272,0.1114,0.1091,0.08209,24.96,907.5,106100,20750000,180.9,318.9,55.15,514000000,68850000,8470000,1.243E+15,621300000,76470000,1.952E+12,19.01,0.1042,6.40E-05,1618,0.001437,0.05586,0.5075,42.23,-0.9177,0.6772,-0.002542,0.1341,-0.00721,-0.01935,-0.08411,-0.01436,0.02505,0.1094,30.46,1115,98750,18420000,-1446,805900,76800,-6.495E+11,-61900000000,-5898000000,1.05E+18,5.595E+11,53320000000,9.059E+14,sad
41.35,0.1891,0.000118,197.6,0.00093,0.03495,0.0434,75.61,0.3386,0.2312,0.3386,0.1803,0.2138,0.1406,0.1491,0.1071,0.1027,0.06326,35.99,946.7,142100,25590000,272.8,319.9,41.16,516300000,57770000,6334000,1.25E+15,521500000,57190000,1.462E+12,21.85,0.114,4.10E-05,1584,0.001052,0.04078,0.5135,47.85,-0.8779,0.6099,-0.01852,0.1,-0.01859,-0.006078,-0.09187,-0.03805,0.02032,0.07653,35.17,1371,118400,23410000,-1485,807000,76950,-6.513E+11,-62100000000,-5920000000,1.05E+18,5.613E+11,53520000000,9.111E+14,sad
24.33,0.1324,0.000152,195.7,0.001022,0.03808,0.04598,49.92,0.1638,0.2472,0.3406,0.1733,0.1918,0.1313,0.1272,0.1012,0.1029,0.06942,23.98,937.2,126200,24000000,195.2,313.7,31.15,507000000,49170000,4801000,1.229E+15,442000000,43170000,1.11E+12,16.6,0.09589,6.90E-05,1577,0.001246,0.04767,0.5419,37.29,-0.9236,0.5982,-0.009949,0.1006,-0.04268,-0.036,-0.07855,-0.03505,0.02022,0.08844,29.57,1222,109400,20720000,-1419,808100,77050,-6.53E+11,-62270000000,-5937000000,1.06E+18,5.628E+11,53670000000,9.148E+14,sad
41.35,0.1891,0.000118,197.6,0.00093,0.03495,0.0434,75.61,0.3386,0.2312,0.3386,0.1803,0.2138,0.1406,0.1491,0.1071,0.1027,0.06326,35.99,946.7,142100,25590000,272.8,319.9,41.16,517700000,57940000,6352000,1.257E+15,523000000,57350000,1.471E+12,21.85,0.114,4.10E-05,1584,0.001052,0.04078,0.5135,47.85,-0.8779,0.6099,-0.01852,0.1,-0.01859,-0.006078,-0.09187,-0.03805,0.02032,0.07653,35.17,1371,118400,23410000,-1485,809200,77170,-6.548E+11,-62450000000,-5955000000,1.06E+18,5.644E+11,53830000000,9.19E+14,sad
71.28,0.3156,0.000518,190,0.002618,0.09839,0.04681,127.6,0.599,0.2048,0.3043,0.1751,0.2676,0.1333,0.1377,0.0948,0.09463,0.1708,60.63,858,144800,20870000,652.9,299.6,55.63,485500000,67920000,8601000,1.18E+15,616000000,77940000,1.995E+12,48.49,0.2311,0.000323,1592,0.002359,0.09232,0.5709,94.96,-0.6606,0.6678,0.03708,0.1546,-0.04791,0.01093,-0.06789,0.02191,0.01517,0.1827,56.23,1440,72010,21640000,-1593,810300,77310,-6.565E+11,-62640000000,-5976000000,1.06E+18,5.662E+11,54020000000,9.239E+14,angry
35.84,0.1808,0.001202,209.2,0.003617,0.1359,0.06211,72.79,0.2769,0.185,0.3177,0.2171,0.1951,0.1112,0.133,0.09086,0.09995,0.2248,31.96,859.3,120500,21350000,209.2,303,50,491600000,63610000,7744000,1.196E+15,578100000,70270000,1.799E+12,26.33,0.1411,0.000611,1579,0.003019,0.118,0.6476,57.73,-0.855,0.703,0.003495,0.1218,-0.07887,-0.00404,-0.05053,0.04037,0.01253,0.2329,38.49,1392,110100,22260000,-1386,811300,77460,-6.582E+11,-62840000000,-5999000000,1.07E+18,5.68E+11,54230000000,9.293E+14,angry
79.15,0.3443,0.001023,213,0.002907,0.1091,0.05858,140.3,0.6839,0.185,0.3246,0.1582,0.2745,0.1423,0.1346,0.1046,0.09002,0.1899,67.08,807.7,136200,17810000,780.3,325,51.93,528100000,66880000,8058000,1.287E+15,607100000,73050000,1.875E+12,58.71,0.2769,0.000421,1557,0.002418,0.09473,0.5848,113.6,-0.5696,0.6972,-0.01485,0.1852,-0.02211,0.03861,-0.05167,0.01741,0.03028,0.1875,65.18,1461,50320,19380000,-1684,812400,77590,-6.6E+11,-63040000000,-6020000000,1.07E+18,5.698E+11,54420000000,9.342E+14,angry
51.46,0.234,0.000993,199.2,0.002944,0.1106,0.05378,96.8,0.414,0.2554,0.3213,0.1809,0.2232,0.1226,0.1478,0.1018,0.1186,0.1921,43.45,931.6,166900,28700000,357.1,349.8,57.19,569200000,73240000,8890000,1.389E+15,663800000,80510000,2.073E+12,31.43,0.1555,0.000396,1570,0.002432,0.0949,0.5842,66.16,-0.807,0.6241,0.03377,0.08002,-0.07499,0.02477,-0.02467,0.07276,0.02559,0.1851,42.98,1539,127000,28160000,-1482,813600,77740,-6.619E+11,-63250000000,-6043000000,1.08E+18,5.717E+11,54630000000,9.395E+14,angry
35.84,0.1808,0.001202,209.2,0.003617,0.1359,0.06211,72.79,0.2769,0.185,0.3177,0.2171,0.1951,0.1112,0.133,0.09086,0.09995,0.2248,31.96,859.3,120500,21350000,209.2,303,50,493600000,63900000,7786000,1.206E+15,580700000,70650000,1.819E+12,26.33,0.1411,0.000611,1579,0.003019,0.118,0.6476,57.73,-0.855,0.703,0.003495,0.1218,-0.07887,-0.00404,-0.05053,0.04037,0.01253,0.2329,38.49,1392,110100,22260000,-1386,814700,77880,-6.637E+11,-63450000000,-6065000000,1.08E+18,5.735E+11,54820000000,9.446E+14,angry
35.69,0.1785,0.000337,208.3,0.00193,0.07228,0.02892,70.91,0.2759,0.3871,0.3196,0.2189,0.1981,0.1452,0.1643,0.1325,0.1467,0.1184,32.04,1604,217000,41800000,223.1,348.7,76.37,568900000,89330000,11920000,1.392E+15,808200000,107800000,2.791E+12,25.35,0.1332,0.00016,1592,0.001812,0.07043,0.6029,55.39,-0.8608,0.5924,-0.01044,0.1554,-0.1109,0.01974,-0.01891,0.03048,-0.008415,0.1313,41.01,1776,159400,30880000,-1577,815800,78050,-6.656E+11,-63680000000,-6091000000,1.09E+18,5.755E+11,55060000000,9.508E+14,disgust
34.46,0.1757,0.000455,193.1,0.002263,0.08444,0.06772,68.22,0.2624,0.4241,0.3208,0.2183,0.179,0.1325,0.1644,0.1392,0.1344,0.1347,31.85,1768,229000,44110000,257.3,407,73.92,665100000,91910000,11570000,1.631E+15,831200000,104600000,2.715E+12,23.61,0.1285,0.000189,1608,0.002132,0.08294,0.5712,53.58,-0.8698,0.5339,-0.01119,0.1303,-0.09392,0.01365,-0.008884,0.04772,0.004635,0.1505,40.79,1911,170200,33180000,-1497,817100,78250,-6.677E+11,-63940000000,-6122000000,1.09E+18,5.779E+11,55340000000,9.581E+14,disgust
36.7,0.1848,0.000374,200.6,0.001762,0.06589,0.04275,73.71,0.2802,0.248,0.3102,0.2258,0.2176,0.1142,0.1687,0.1121,0.1034,0.1135,32.27,925.5,136700,25040000,178.8,369.6,58.71,605000000,76800000,9208000,1.486E+15,695900000,83380000,2.166E+12,24.72,0.1318,0.000168,1572,0.001814,0.07071,0.5792,54.91,-0.8566,0.6293,-0.05288,0.1155,-0.0668,0.0396,-0.04071,0.01371,0.02081,0.1351,38.27,1436,114600,22970000,-1445,818500,78430,-6.699E+11,-64190000000,-6151000000,1.10E+18,5.802E+11,55600000000,9.648E+14,disgust
71.63,0.316,0.000193,207.9,0.001254,0.04714,0.0506,129.3,0.6108,0.1999,0.2865,0.2021,0.2172,0.1471,0.1488,0.1191,0.1494,0.09004,60.36,863.6,125900,15680000,652.9,445,54.32,729800000,78710000,8537000,1.795E+15,713000000,77280000,2.013E+12,48.25,0.2361,8.70E-05,1567,0.001301,0.05129,0.5696,95.75,-0.6537,0.6543,-0.09963,0.1105,-0.04753,0.006408,-0.01926,0.04475,-0.01046,0.1061,59.05,1577,73960,21410000,-1622,819900,78600,-6.722E+11,-64440000000,-6177000000,1.10E+18,5.825E+11,55840000000,9.709E+14,disgust
36.7,0.1848,0.000374,200.6,0.001762,0.06589,0.04275,73.71,0.2802,0.248,0.3102,0.2258,0.2176,0.1142,0.1687,0.1121,0.1034,0.1135,32.27,925.5,136700,25040000,178.8,369.6,58.71,607100000,77080000,9245000,1.496E+15,698400000,83710000,2.184E+12,24.72,0.1318,0.000168,1572,0.001814,0.07071,0.5792,54.91,-0.8566,0.6293,-0.05288,0.1155,-0.0668,0.0396,-0.04071,0.01371,0.02081,0.1351,38.27,1436,114600,22970000,-1445,821300,78750,-6.745E+11,-64680000000,-6200000000,1.11E+18,5.846E+11,56050000000,9.765E+14,disgust
38.17,0.1936,0.000327,210.6,0.001942,0.07295,0.03978,75.91,0.3,0.4281,0.3117,0.2215,0.1695,0.1686,0.1646,0.09767,0.1357,0.1276,34.49,1852,230300,44150000,341.1,307.9,53.55,506500000,68260000,8449000,1.25E+15,615000000,76180000,2E+12,26.36,0.1397,0.000158,1562,0.001794,0.07015,0.5209,58.43,-0.8455,0.4731,0.01121,0.1733,-0.03401,0.02022,-0.07204,0.01117,-0.0372,0.1352,44.62,2254,195600,38900000,-1506,822500,78900,-6.764E+11,-64890000000,-6224000000,1.11E+18,5.865E+11,56260000000,9.82E+14,happy
36.44,0.1873,0.000467,225.7,0.002032,0.07631,0.06837,72.91,0.2816,0.4757,0.3072,0.2173,0.1775,0.1313,0.1557,0.1001,0.127,0.1484,32.46,1888,259200,49770000,351.2,307.7,47.97,506800000,63660000,7584000,1.252E+15,574800000,68480000,1.798E+12,25.49,0.1386,0.000234,1577,0.001974,0.07802,0.5316,58.08,-0.8545,0.4903,0.01706,0.1035,-0.1056,-0.01002,-0.06406,0.01111,-0.03533,0.1629,43.13,2183,201400,39910000,-1443,823500,79050,-6.782E+11,-65100000000,-6248000000,1.12E+18,5.884E+11,56470000000,9.876E+14,happy
34.5,0.1712,0.000389,212.6,0.002001,0.07541,0.05335,68.53,0.2674,0.4454,0.344,0.2652,0.2017,0.1269,0.158,0.1197,0.116,0.1374,32.5,1824,256500,48620000,284.2,260,46.04,428700000,58410000,7289000,1.06E+15,528000000,65880000,1.731E+12,23.67,0.127,0.000204,1588,0.001889,0.07339,0.5111,51.67,-0.8715,0.5807,0.07418,0.0504,-0.1494,-0.004283,-0.04093,-0.002376,-0.00423,0.1384,36.92,1694,168100,34670000,-1513,824500,79180,-6.798E+11,-65280000000,-6268000000,1.12E+18,5.9E+11,56660000000,9.925E+14,happy
76.91,0.3353,0.000563,217.7,0.00208,0.07856,0.05769,135.1,0.6586,0.1828,0.2714,0.221,0.2392,0.1614,0.1397,0.1183,0.1265,0.149,64.61,790.8,129100,14290000,729.5,300.3,61.85,495700000,74620000,9811000,1.228E+15,674800000,88700000,2.335E+12,55.4,0.2658,0.000221,1559,0.001904,0.07472,0.5449,107.6,-0.6026,0.6422,-0.07245,0.152,0.01984,0.03568,-0.09025,0.01485,-0.000319,0.1488,65.51,1628,61450,20800000,-1690,825500,79330,-6.814E+11,-65490000000,-6293000000,1.13E+18,5.919E+11,56880000000,9.984E+14,happy
66.74,0.2964,0.000469,193.2,0.001682,0.06361,0.04878,120.6,0.5626,0.2469,0.2964,0.1931,0.221,0.1431,0.1499,0.1057,0.128,0.1228,56.54,991.9,147900,23740000,494.1,297.4,53.8,491600000,67970000,8553000,1.219E+15,614400000,77300000,2.039E+12,44.73,0.213,0.000221,1566,0.001688,0.06625,0.5517,89.16,-0.6923,0.6176,-0.06903,0.1827,0.03539,0.05541,-0.09132,-0.004238,-0.007369,0.1355,55.69,1559,81760,21820000,-1530,826500,79490,-6.831E+11,-65700000000,-6318000000,1.13E+18,5.938E+11,57110000000,1.004E+15,happy
38.28,0.1928,0.000143,190.7,0.001198,0.04561,0.05773,74.63,0.3091,0.5817,0.3406,0.2805,0.1518,0.1414,0.1804,0.1188,0.1287,0.09225,33.66,2373,314500,59700000,343.7,346.8,27.91,574100000,50320000,4443000,1.425E+15,455300000,40180000,1.061E+12,26.26,0.1426,8.20E-05,1572,0.00105,0.04167,0.5656,61.17,-0.8472,0.4355,0.000733,0.08577,-0.139,-0.002254,0.04797,0.1146,-0.0046,0.09269,44.29,2468,244200,49730000,-1613,827600,79610,-6.85E+11,-65890000000,-6337000000,1.13E+18,5.955E+11,57280000000,1.009E+15,neutral
37.54,0.1988,0.000229,228.4,0.001472,0.05535,0.05077,75.58,0.2994,0.3303,0.2908,0.199,0.2021,0.1453,0.1563,0.1102,0.1577,0.108,34.53,1387,186800,34370000,269.4,278.6,30.79,461800000,47420000,4907000,1.148E+15,429500000,44430000,1.173E+12,25.53,0.1401,0.000127,1588,0.001576,0.06189,0.5148,56.67,-0.8515,0.5616,-0.04602,0.1512,-0.113,-0.02092,-0.05624,0.09515,0.04834,0.1275,41.82,1816,145800,29400000,-1407,828700,79690,-6.868E+11,-66040000000,-6349000000,1.14E+18,5.969E+11,57390000000,1.012E+15,neutral
38.73,0.2001,0.000241,205.2,0.001774,0.06701,0.04971,76.85,0.3026,0.4645,0.3102,0.2212,0.192,0.1478,0.1694,0.116,0.151,0.1252,34.31,1912,254300,48870000,329.9,307.9,43.67,510900000,60560000,6969000,1.272E+15,548500000,63090000,1.668E+12,25.9,0.1323,0.000123,1612,0.00162,0.06341,0.5528,57.64,-0.8479,0.4874,-0.003015,0.1704,-0.1172,0.01194,-0.007605,0.09738,0.03235,0.126,42.35,2078,188600,38050000,-1487,829700,79800,-6.884E+11,-66210000000,-6366000000,1.14E+18,5.984E+11,57550000000,1.016E+15,neutral
39.03,0.2032,0.000279,209.4,0.001792,0.06753,0.04558,78.93,0.3086,0.4247,0.2997,0.1707,0.1924,0.1322,0.1649,0.11,0.1507,0.1216,35.46,1751,243600,46480000,304.1,296.5,35.16,492700000,52810000,5618000,1.228E+15,477200000,50760000,1.347E+12,25.89,0.1354,0.000144,1582,0.001601,0.06251,0.5569,57.36,-0.845,0.5074,0.05585,0.2014,-0.06529,-0.001474,-0.03377,0.06629,0.01044,0.1212,40.35,1874,173700,35530000,-1489,830800,79900,-6.902E+11,-66380000000,-6383000000,1.15E+18,5.999E+11,57700000000,1.02E+15,neutral
37.2,0.1902,0.00024,219.3,0.00161,0.06077,0.04068,74.79,0.2884,0.4308,0.2945,0.2599,0.1826,0.1365,0.1458,0.1194,0.1434,0.1135,32.24,1659,240900,46220000,300.6,300.4,38.55,499700000,55940000,6168000,1.247E+15,506400000,55830000,1.48E+12,25.36,0.1322,0.000125,1574,0.001427,0.05577,0.5616,55.97,-0.8538,0.5245,-0.01875,0.1133,-0.1151,-0.01608,-0.01621,0.07819,0.0229,0.1129,41.61,1953,184900,36560000,-1503,831800,80000,-6.919E+11,-66550000000,-6400000000,1.15E+18,6.014E+11,57850000000,1.024E+15,neutral
35.54,0.183,9.40E-05,191.7,0.000917,0.03444,0.0521,70.6,0.2734,0.5027,0.3049,0.2769,0.2012,0.1415,0.1582,0.0909,0.1267,0.06019,31.59,2165,270500,51980000,291.4,370.4,46.15,617100000,67600000,7394000,1.542E+15,612100000,66920000,1.777E+12,24.9,0.132,3.90E-05,1580,0.000846,0.03308,0.5692,57.48,-0.8577,0.4504,0.01701,0.1217,-0.1476,-0.008638,0.01062,0.05751,0.01019,0.06425,43.65,2363,222100,44220000,-1629,833000,80120,-6.938E+11,-66740000000,-6418000000,1.16E+18,6.032E+11,58020000000,1.028E+15,sad
35.76,0.1766,4.30E-05,168.1,0.000749,0.02796,0.07241,70.7,0.2634,0.4474,0.2821,0.2738,0.1862,0.182,0.1512,0.09688,0.1199,0.05026,31.32,1898,239600,46760000,266.5,344.5,31.77,574700000,53350000,5096000,1.438E+15,485300000,46300000,1.226E+12,24.18,0.1232,3.10E-05,1571,0.000816,0.03192,0.5699,54.44,-0.8618,0.5027,-0.02832,0.1527,-0.1218,-0.01218,-0.03095,0.05031,0.00853,0.06316,42.13,2027,187900,36270000,-1558,834200,80220,-6.959E+11,-66920000000,-6435000000,1.16E+18,6.049E+11,58170000000,1.032E+15,sad
37.58,0.1852,8.70E-05,178.3,0.000877,0.03254,0.06583,75.8,0.2821,0.3581,0.293,0.2375,0.2202,0.1687,0.171,0.1114,0.1352,0.05647,32.72,1438,217000,41310000,249.7,317.5,25.28,530400000,46270000,4059000,1.329E+15,419600000,36790000,9.776E+11,24.58,0.1263,4.70E-05,1579,0.000958,0.03746,0.5334,54.6,-0.8529,0.5077,-0.03549,0.1499,-0.08678,0.003337,-0.05847,0.04279,0.03217,0.07137,40.78,1852,172100,33670000,-1497,835300,80290,-6.978E+11,-67070000000,-6445000000,1.17E+18,6.062E+11,58260000000,1.035E+15,sad
39.86,0.1983,5.10E-05,186.1,0.000784,0.02923,0.06745,77.96,0.3118,0.3093,0.2831,0.2579,0.2022,0.185,0.1745,0.1203,0.1559,0.05216,35.91,1536,198600,37880000,266.3,321.8,24.48,538400000,46030000,3933000,1.351E+15,417000000,35610000,9.479E+11,27.76,0.1481,3.40E-05,1590,0.000841,0.033,0.5246,62.14,-0.834,0.5768,-0.02039,0.1022,-0.1377,-0.02134,-0.004432,0.1061,0.03412,0.0663,44.38,1889,166300,32500000,-1546,836500,80350,-6.997E+11,-67210000000,-6455000000,1.17E+18,6.074E+11,58350000000,1.037E+15,sad
35.54,0.183,9.40E-05,191.7,0.000917,0.03444,0.0521,70.6,0.2734,0.5027,0.3049,0.2769,0.2012,0.1415,0.1582,0.0909,0.1267,0.06019,31.59,2165,270500,51980000,291.4,370.4,46.15,620600000,67930000,7424000,1.56E+15,615100000,67190000,1.791E+12,24.9,0.132,3.90E-05,1580,0.000846,0.03308,0.5692,57.48,-0.8577,0.4504,0.01701,0.1217,-0.1476,-0.008638,0.01062,0.05751,0.01019,0.06425,43.65,2363,222100,44220000,-1629,837700,80440,-7.017E+11,-67380000000,-6470000000,1.18E+18,6.09E+11,58490000000,1.041E+15,sad
62.66,0.2767,0.001184,247.9,0.002707,0.1025,0.05541,109.6,0.5368,0.2103,0.3595,0.1925,0.2366,0.1497,0.1615,0.1232,0.1035,0.1884,54.03,886,98980,12440000,513.7,289.2,30.33,485200000,48380000,4885000,1.221E+15,437000000,44130000,1.18E+12,32.92,0.1741,0.000445,1581,0.002255,0.08701,0.573,68.99,-0.7867,0.609,-0.123,0.1656,0.09061,0.02392,-0.07246,-0.0866,-0.03476,0.1571,45.25,1389,70490,17520000,-1455,838800,80550,-7.036E+11,-67570000000,-6488000000,1.18E+18,6.107E+11,58640000000,1.045E+15,angry
53.72,0.2428,0.001333,267.6,0.00339,0.1294,0.03511,96.16,0.4572,0.2636,0.3582,0.1916,0.2173,0.1734,0.1512,0.1328,0.09963,0.2502,47.19,920.7,115000,18920000,475.3,325,68.66,545900000,83590000,11080000,1.375E+15,756400000,100200000,2.682E+12,28.7,0.1555,0.000508,1616,0.002709,0.1047,0.6275,60.8,-0.8243,0.6235,-0.1107,0.1426,0.05675,-0.004004,-0.1079,-0.09236,-0.01625,0.1926,39.31,1237,80420,18640000,-1468,839900,80690,-7.053E+11,-67760000000,-6509000000,1.19E+18,6.124E+11,58840000000,1.05E+15,angry
57.91,0.2543,0.001284,241.5,0.003403,0.1278,0.03618,102.7,0.4937,0.1837,0.3652,0.1544,0.2199,0.1533,0.1341,0.1092,0.09429,0.2071,50.71,797.1,94180,13880000,507.3,271.7,65.83,456900000,77220000,10650000,1.152E+15,700300000,96460000,2.583E+12,31.2,0.1635,0.000584,1624,0.003268,0.1255,0.6039,64.25,-0.8054,0.6996,-0.07169,0.1247,0.049,-0.01571,-0.09323,-0.08727,-0.02347,0.2109,41.13,1122,58550,14450000,-1453,840900,80880,-7.071E+11,-68010000000,-6541000000,1.19E+18,6.147E+11,59120000000,1.058E+15,angry
13.48,0.09134,0.001234,217.4,0.003396,0.1277,0.03161,31.16,0.08886,0.2108,0.3525,0.15,0.1547,0.1309,0.1144,0.0966,0.09055,0.2006,16.33,839.9,113800,22400000,224.7,309.7,75.27,521500000,88350000,12210000,1.317E+15,800600000,110500000,2.969E+12,11.49,0.07265,0.000444,1631,0.003084,0.1179,0.567,28.32,-0.9639,0.6338,0.04745,0.09278,0.04677,0.004539,-0.05094,-0.07104,-0.03588,0.1869,24.69,1157,115500,20990000,-1419,841900,81090,-7.088E+11,-68270000000,-6575000000,1.19E+18,6.17E+11,59430000000,1.066E+15,angry
60.13,0.2664,0.000938,269.5,0.003078,0.1149,0.03573,103.9,0.5188,0.185,0.3545,0.1505,0.1966,0.1278,0.1115,0.09726,0.08522,0.1762,52.33,821.4,88530,11770000,547.6,266.5,69.44,449200000,80080000,11290000,1.136E+15,725600000,102200000,2.754E+12,31.13,0.1577,0.00045,1641,0.00326,0.1249,0.5079,61.97,-0.7995,0.6763,0.01916,0.1132,0.02331,-0.001474,-0.05748,-0.03928,4.40E-05,0.1987,39.8,1082,55850,14600000,-1504,842900,81310,-7.104E+11,-68530000000,-6610000000,1.20E+18,6.194E+11,59750000000,1.075E+15,angry
28.71,0.1378,0.000103,212.2,0.001257,0.04743,0.03726,56.63,0.1983,0.2727,0.3701,0.1862,0.1924,0.126,0.159,0.1065,0.1069,0.07901,25.69,1075,167500,31810000,261.8,327.9,34.2,553500000,55000000,5571000,1.401E+15,499000000,50500000,1.361E+12,19.48,0.1059,5.60E-05,1553,0.001022,0.03952,0.6295,44.65,-0.9028,0.5731,0.04148,0.08443,-0.01059,0.04897,-0.08196,-0.05855,-0.01934,0.07153,33.88,1605,171400,33310000,-1541,843900,81450,-7.122E+11,-68740000000,-6634000000,1.20E+18,6.213E+11,59970000000,1.081E+15,disgust
23.52,0.1225,0.000119,221.6,0.001192,0.04478,0.05336,48.93,0.1639,0.2458,0.384,0.1838,0.2106,0.1319,0.1339,0.1197,0.113,0.07059,21.37,1015,153900,29180000,238.5,304.7,35.08,514900000,54270000,5721000,1.305E+15,492000000,51850000,1.399E+12,15.34,0.08898,5.40E-05,1554,0.001057,0.04061,0.5775,36.87,-0.9299,0.5752,-0.02542,0.1116,0.04991,0.007015,-0.082,-0.07303,-0.009719,0.06894,30.15,1535,159600,30250000,-1513,845000,81540,-7.14E+11,-68900000000,-6648000000,1.21E+18,6.227E+11,60090000000,1.084E+15,disgust
25.87,0.1343,0.000171,207.5,0.001274,0.04752,0.04347,53.61,0.1787,0.2421,0.3839,0.2025,0.2118,0.1175,0.1297,0.09665,0.1123,0.07368,24.36,949.5,137600,25610000,225.2,268.4,20.56,454100000,39080000,3355000,1.152E+15,354900000,30480000,8.214E+11,17.46,0.09811,6.80E-05,1555,0.001223,0.04694,0.5732,39.96,-0.9172,0.6041,0.03846,0.08752,-0.08255,0.002414,-0.05374,-0.02257,0.02215,0.07779,28.74,1217,120000,23880000,-1443,846000,81620,-7.157E+11,-69050000000,-6661000000,1.21E+18,6.241E+11,60210000000,1.087E+15,disgust
63.18,0.2765,0.000115,222.8,0.001195,0.04481,0.05262,111.6,0.5356,0.2427,0.3777,0.191,0.238,0.1587,0.1488,0.1199,0.1065,0.07111,54.13,1004,140500,21100000,570.9,315.6,33.79,534700000,54260000,5520000,1.359E+15,490900000,49930000,1.353E+12,33.21,0.1658,5.40E-05,1562,0.001132,0.04353,0.5599,67.3,-0.7729,0.579,-0.03388,0.1053,-0.001776,0.01469,-0.0589,-0.05765,-0.008118,0.07261,44.26,1398,89240,22210000,-1587,847000,81690,-7.174E+11,-69190000000,-6673000000,1.22E+18,6.254E+11,60320000000,1.09E+15,disgust
43.52,0.2006,0.000114,230.2,0.00127,0.04766,0.0819,81.04,0.3419,0.2713,0.3826,0.2033,0.2248,0.1422,0.1366,0.1096,0.1049,0.0735,37.51,1028,155100,26370000,292.7,311.1,26.63,527600000,47690000,4355000,1.342E+15,433700000,39610000,1.068E+12,22.71,0.1223,5.30E-05,1559,0.001065,0.04089,0.5948,50.09,-0.8743,0.5816,-0.07567,0.0822,0.01204,0.01307,-0.06629,-0.03079,0.02004,0.06827,35.72,1476,129400,27350000,-1506,848100,81780,-7.192E+11,-69360000000,-6688000000,1.22E+18,6.269E+11,60450000000,1.094E+15,disgust
31.99,0.1504,0.000501,271.5,0.001895,0.07069,0.03586,53.47,0.2568,0.2086,0.3909,0.1742,0.196,0.1394,0.1171,0.1058,0.09799,0.1078,27.55,845.8,118700,21640000,195.1,329.4,83.59,559400000,97830000,13700000,1.425E+15,885400000,123900000,3.367E+12,17.91,0.1009,0.000194,1676,0.002195,0.08407,0.4696,39.08,-0.9162,0.6389,-0.0734,0.1014,-0.008144,0.01457,-0.06193,-0.06533,-0.005272,0.1351,31.81,1323,109100,20510000,-1532,849200,81950,-7.211E+11,-69590000000,-6714000000,1.23E+18,6.289E+11,60690000000,1.1E+15,happy
14.89,0.09837,0.00065,231.1,0.001806,0.06663,0.04298,34.76,0.09847,0.1874,0.3726,0.1943,0.2069,0.1593,0.1414,0.1218,0.106,0.0841,16.12,749.1,105600,20490000,120.6,305.8,64.76,520000000,80150000,10640000,1.326E+15,723300000,96080000,2.623E+12,13.18,0.08238,0.000172,1679,0.001928,0.07367,0.5427,31.57,-0.9547,0.6611,-0.05015,0.1223,0.0234,0.01083,-0.07141,-0.06804,-0.01839,0.1063,27.65,1284,119100,20660000,-1591,850300,82170,-7.23E+11,-69870000000,-6751000000,1.23E+18,6.314E+11,61020000000,1.109E+15,happy
57.97,0.2565,0.000458,256.5,0.00154,0.05684,0.03009,100.6,0.4851,0.1706,0.3896,0.1381,0.1768,0.1186,0.1157,0.1038,0.08004,0.08051,49.75,696.5,84770,8702000,376.9,278.1,56.84,473500000,71240000,9363000,1.209E+15,640500000,84300000,2.314E+12,28.38,0.1467,0.000144,1684,0.002254,0.08595,0.431,56.42,-0.8253,0.6651,-0.04549,0.1039,0.01898,0.005437,-0.03344,-0.03314,0.01731,0.1324,39.42,1188,67890,16110000,-1500,851300,82370,-7.247E+11,-70120000000,-6783000000,1.23E+18,6.337E+11,61310000000,1.117E+15,happy
82.43,0.3521,0.000295,227.5,0.001283,0.04766,0.02969,144.8,0.7147,0.1571,0.3704,0.1356,0.2108,0.147,0.1067,0.09695,0.08817,0.06919,69.68,667.8,110300,8300000,721,306,61.03,521700000,77220000,10080000,1.334E+15,696600000,90950000,2.496E+12,51.24,0.2397,9.10E-05,1635,0.001553,0.05937,0.4386,99.03,-0.6198,0.6768,-0.0548,0.1016,0.08113,0.02347,-0.04613,-0.05016,-0.007791,0.09354,59.39,1360,49500,17890000,-1776,852300,82560,-7.264E+11,-70370000000,-6816000000,1.24E+18,6.36E+11,61610000000,1.125E+15,happy
57.97,0.2565,0.000458,256.5,0.00154,0.05684,0.03009,100.6,0.4851,0.1706,0.3896,0.1381,0.1768,0.1186,0.1157,0.1038,0.08004,0.08051,49.75,696.5,84770,8702000,376.9,278.1,56.84,474600000,71460000,9406000,1.215E+15,642500000,84690000,2.335E+12,28.38,0.1467,0.000144,1684,0.002254,0.08595,0.431,56.42,-0.8253,0.6651,-0.04549,0.1039,0.01898,0.005437,-0.03344,-0.03314,0.01731,0.1324,39.42,1188,67890,16110000,-1500,853300,82750,-7.281E+11,-70610000000,-6846000000,1.24E+18,6.381E+11,61880000000,1.133E+15,happy
83.64,0.358,0.000115,257.1,0.001103,0.0412,0.04133,145.6,0.7177,0.1885,0.3246,0.1137,0.2326,0.1154,0.1337,0.09041,0.08963,0.07017,70.41,792,127000,11240000,789,260.2,24.2,444500000,42060000,4011000,1.139E+15,379300000,36180000,9.973E+11,54.18,0.2517,7.10E-05,1527,0.001259,0.04877,0.4929,104.8,-0.5942,0.6181,-0.01033,0.1334,0.04948,0.05253,-0.08344,-0.05908,-0.02931,0.08942,62.97,1525,62310,21230000,-1616,854200,82880,-7.297E+11,-70800000000,-6868000000,1.25E+18,6.399E+11,62080000000,1.138E+15,neutral
82.59,0.3544,0.000135,229.3,0.001157,0.04305,0.03562,146.6,0.7069,0.2065,0.3427,0.1064,0.2773,0.1245,0.1303,0.1015,0.1055,0.06791,69.9,913.1,132500,10840000,777.6,252.3,25.81,431500000,42830000,4282000,1.107E+15,385300000,38530000,1.065E+12,56.42,0.2676,7.60E-05,1548,0.001306,0.05055,0.5012,111.2,-0.5766,0.6065,-0.01326,0.1359,0.0205,0.05953,-0.09444,-0.07998,-0.0465,0.08995,65.57,1677,66180,23670000,-1627,855100,82950,-7.312E+11,-70930000000,-6880000000,1.25E+18,6.411E+11,62190000000,1.141E+15,neutral
72.99,0.3211,0.000176,250.3,0.001221,0.04552,0.06785,130.1,0.6238,0.2211,0.3323,0.1292,0.2484,0.1039,0.1554,0.1265,0.1106,0.07632,62.06,1094,130100,15590000,676.9,255.3,30.62,437100000,47220000,5085000,1.122E+15,422900000,45580000,1.267E+12,43.02,0.2113,8.80E-05,1553,0.001482,0.05737,0.4661,86.91,-0.6929,0.5864,-0.0245,0.1515,0.03635,0.08397,-0.09129,-0.08272,-0.01563,0.103,54.06,1632,84460,23470000,-1527,856000,83030,-7.327E+11,-71080000000,-6894000000,1.25E+18,6.424E+11,62310000000,1.145E+15,neutral
85.26,0.3704,0.000117,256.8,0.001091,0.04087,0.04823,153.4,0.7311,0.2053,0.3133,0.09903,0.2501,0.1084,0.1326,0.1004,0.09447,0.06603,72.12,1081,135000,14500000,796.8,266.6,34.54,457000000,51630000,5743000,1.175E+15,464100000,51660000,1.432E+12,57.69,0.269,6.10E-05,1551,0.001246,0.04802,0.4853,113,-0.5679,0.6089,0.01469,0.1397,0.06021,0.06251,-0.0834,-0.07532,-0.02365,0.08513,65.59,1626,61560,23220000,-1688,856900,83130,-7.343E+11,-71240000000,-6910000000,1.26E+18,6.438E+11,62460000000,1.149E+15,neutral
73.59,0.3209,0.000149,221.4,0.001206,0.04468,0.05723,130.8,0.6295,0.1958,0.3294,0.107,0.2552,0.1259,0.1464,0.09234,0.09193,0.0705,62.98,934.8,120200,13560000,633.3,238.6,30.54,409400000,45850000,5084000,1.054E+15,411400000,45660000,1.269E+12,46.26,0.225,8.40E-05,1537,0.001451,0.05613,0.4669,92.11,-0.6667,0.6164,-0.005781,0.1357,0.01965,0.03497,-0.1132,-0.05956,-0.02577,0.09972,55.48,1487,68430,20650000,-1519,857800,83230,-7.358E+11,-71390000000,-6926000000,1.26E+18,6.452E+11,62600000000,1.153E+15,neutral
68.25,0.2957,5.30E-05,233.4,0.000812,0.03027,0.05686,120.7,0.5829,0.1833,0.3377,0.1301,0.2491,0.1149,0.1251,0.1151,0.0853,0.04343,57.84,744.6,120700,13540000,547.3,310.3,30.91,532900000,52100000,5150000,1.373E+15,469500000,46420000,1.287E+12,35,0.1685,3.40E-05,1539,0.000894,0.03405,0.5526,71.33,-0.7516,0.5953,-0.03073,0.1059,0.07632,0.07498,-0.04332,-0.08885,-0.04749,0.05633,46.26,1430,92320,22950000,-1581,858700,83320,-7.374E+11,-71550000000,-6942000000,1.27E+18,6.466E+11,62740000000,1.157E+15,sad
69.55,0.3022,3.90E-05,207.4,0.000801,0.02978,0.04543,123.8,0.5939,0.1922,0.3356,0.1207,0.255,0.1241,0.1247,0.1103,0.08857,0.04021,59.49,778,120600,14390000,578.4,320.7,36.98,551500000,58410000,6170000,1.423E+15,527600000,55730000,1.544E+12,37.6,0.1826,2.30E-05,1549,0.000892,0.03419,0.5031,76.41,-0.7333,0.5976,0.008385,0.124,0.06157,0.05666,-0.04862,-0.08042,-0.05063,0.05617,47.49,1376,84670,22280000,-1605,859800,83420,-7.393E+11,-71730000000,-6959000000,1.27E+18,6.482E+11,62890000000,1.161E+15,sad
80.79,0.3467,4.80E-05,198.5,0.000803,0.02975,0.06994,143.2,0.6929,0.1897,0.3358,0.1077,0.2529,0.1156,0.1369,0.1146,0.08955,0.03895,69.17,810.7,129000,14030000,721.9,338.6,38.91,583100000,61660000,6501000,1.506E+15,557000000,58720000,1.629E+12,48.08,0.2241,2.60E-05,1545,0.000897,0.03427,0.5088,93.81,-0.6409,0.5987,0.0138,0.1138,0.09043,0.08045,-0.05565,-0.0768,-0.03431,0.05286,56.02,1380,67710,22000000,-1716,861000,83540,-7.413E+11,-71920000000,-6977000000,1.28E+18,6.5E+11,63060000000,1.166E+15,sad
82.24,0.3532,7.60E-05,203,0.000881,0.03272,0.03442,143,0.7058,0.1751,0.3357,0.1081,0.2689,0.1241,0.1301,0.1254,0.1074,0.05014,69.85,714.2,127100,12270000,733.8,313.7,29.5,540900000,51470000,4934000,1.399E+15,464900000,44560000,1.238E+12,51.77,0.2424,4.00E-05,1566,0.000893,0.03447,0.5526,98.88,-0.6147,0.635,-0.01793,0.1237,0.08923,0.06883,-0.0886,-0.1003,-0.05331,0.0598,59.72,1440,65580,22150000,-1704,862100,83630,-7.432E+11,-72100000000,-6994000000,1.28E+18,6.516E+11,63210000000,1.17E+15,sad
86.07,0.3699,6.90E-05,213.2,0.000948,0.03535,0.03829,152.8,0.7401,0.1656,0.3212,0.1419,0.261,0.1261,0.1469,0.1035,0.09464,0.04904,72.77,726.1,125500,10150000,803.4,321.7,34.44,555500000,56490000,5767000,1.438E+15,510200000,52080000,1.448E+12,55.5,0.2556,3.40E-05,1539,0.000985,0.03781,0.5123,107.5,-0.5788,0.6142,-0.04227,0.1238,0.1207,0.08516,-0.07157,-0.0798,-0.04981,0.06161,63.97,1505,56680,21350000,-1739,863200,83720,-7.451E+11,-72270000000,-7009000000,1.29E+18,6.531E+11,63350000000,1.174E+15,sad
15.76,0.1031,0.000744,274.1,0.00244,0.09229,0.0798,31.82,0.108,0.351,0.3243,0.1844,0.1702,0.1415,0.1303,0.1176,0.1117,0.1691,20,1531,181500,35630000,300.5,421.7,82.89,729100000,106800000,13910000,1.891E+15,966200000,125800000,3.5E+12,13.56,0.08499,0.00032,1631,0.00249,0.09612,0.5303,32.37,-0.9562,0.5577,0.04311,0.07087,-0.1085,-0.01288,-0.04972,-0.04097,-0.009069,0.1751,31.45,1793,183500,33370000,-1424,864500,83910,-7.473E+11,-72540000000,-7040000000,1.29E+18,6.555E+11,63630000000,1.181E+15,angry
14.95,0.1075,0.000458,268.5,0.002426,0.0918,0.0586,30.52,0.1089,0.289,0.3393,0.2031,0.1584,0.1418,0.119,0.1063,0.113,0.1632,18.31,1287,167000,33120000,317.8,454,75.74,786300000,103500000,12740000,2.043E+15,936000000,115200000,3.215E+12,12.68,0.08154,0.000238,1599,0.002309,0.08885,0.5425,30.03,-0.9579,0.5597,0.06632,0.08103,-0.07868,0.01963,-0.04256,-0.03274,-0.0181,0.1578,29.93,1764,191700,35220000,-1430,866000,84120,-7.5E+11,-72850000000,-7075000000,1.30E+18,6.583E+11,63950000000,1.19E+15,angry
11.87,0.08742,0.000657,285,0.002383,0.09018,0.06362,25.18,0.07677,0.4196,0.272,0.1822,0.1561,0.134,0.1256,0.1216,0.09858,0.1594,15.89,1713,215600,42540000,337.7,472.3,64.91,819600000,95940000,10940000,2.133E+15,866600000,98870000,2.768E+12,11.34,0.07257,0.000278,1644,0.002346,0.09019,0.491,28.13,-0.9672,0.5096,0.06472,0.0873,-0.06981,-0.02966,-0.04644,-0.03722,-0.03067,0.1591,29.33,1874,206700,37390000,-1412,867600,84300,-7.527E+11,-73140000000,-7106000000,1.31E+18,6.61E+11,64220000000,1.198E+15,angry
13.87,0.09074,0.000534,284.6,0.002555,0.09723,0.1103,28.6,0.0964,0.3469,0.3602,0.2025,0.1615,0.1177,0.121,0.1053,0.09826,0.1816,16.17,1483,201000,39610000,354.5,509.5,73.12,885800000,106100000,12360000,2.31E+15,959800000,111800000,3.132E+12,13.81,0.08794,0.000274,1609,0.002347,0.09038,0.5237,33.79,-0.9577,0.5899,0.03857,0.009362,-0.1149,-0.05189,-0.05494,-0.03723,-0.001276,0.1678,31.06,1786,198600,36330000,-1436,869300,84500,-7.557E+11,-73460000000,-7140000000,1.31E+18,6.639E+11,64530000000,1.207E+15,angry
12.05,0.07897,0.000328,296.2,0.002133,0.08081,0.05399,25.39,0.07436,0.4153,0.2986,0.2068,0.1461,0.1432,0.1215,0.1063,0.1099,0.1439,16.02,1605,206900,40890000,324.3,484.2,50.65,843400000,84850000,8574000,2.204E+15,765800000,77410000,2.177E+12,11.24,0.06886,0.000192,1605,0.002057,0.07907,0.5488,27.6,-0.968,0.52,0.01979,0.05657,-0.06048,-0.03043,-0.07417,-0.05567,-0.01756,0.1415,29.08,1774,194300,35300000,-1402,871000,84640,-7.587E+11,-73720000000,-7163000000,1.32E+18,6.663E+11,64740000000,1.213E+15,angry
73.15,0.322,6.90E-05,225.6,0.000763,0.02864,0.07174,129,0.6306,0.2156,0.2156,0.1775,0.2152,0.1706,0.1342,0.1271,0.111,0.05039,61.89,974.2,164700,21530000,639.1,395.8,47.95,690800000,74920000,8132000,1.808E+15,680300000,73770000,2.068E+12,50.39,0.2458,3.10E-05,1551,0.000645,0.02522,0.5865,98.28,-0.6474,0.6273,0.1296,0.1485,-0.04308,0.05097,-0.08558,0.007278,-0.05666,0.0497,61.94,1967,136600,32770000,-1885,872500,84800,-7.613E+11,-73990000000,-7190000000,1.33E+18,6.687E+11,64990000000,1.219E+15,disgust
66,0.2886,8.70E-05,218.8,0.000866,0.03239,0.0692,116.7,0.5654,0.2373,0.2433,0.177,0.2117,0.1246,0.1716,0.1118,0.1678,0.05465,57.28,1174,144200,19650000,567.7,326,44.63,569600000,66400000,7580000,1.493E+15,602500000,68720000,1.931E+12,43.17,0.2139,4.60E-05,1556,0.000877,0.03414,0.5398,86,-0.7067,0.6092,0.08134,0.1286,-0.03811,0.0649,-0.08468,-0.02748,-0.1118,0.06267,55.38,1826,116900,27730000,-1746,873800,84930,-7.635E+11,-74210000000,-7212000000,1.33E+18,6.707E+11,65190000000,1.225E+15,disgust
29.38,0.1484,0.000136,209.5,0.001058,0.03966,0.07512,57.18,0.2157,0.2827,0.2793,0.2445,0.1693,0.19,0.1505,0.1448,0.115,0.06723,28.52,1261,165500,31270000,205,382.3,46.22,669000000,72660000,7863000,1.756E+15,659300000,71300000,2.006E+12,22.86,0.1272,5.70E-05,1558,0.000822,0.03226,0.6125,52.89,-0.8872,0.5951,0.03583,0.1031,-0.03738,0.02023,-0.0759,-0.03655,-0.06647,0.06253,41.21,2046,199000,37140000,-1665,875000,85060,-7.656E+11,-74430000000,-7235000000,1.34E+18,6.727E+11,65390000000,1.231E+15,disgust
31.84,0.1709,9.20E-05,234.9,0.000973,0.03676,0.05265,62.98,0.2439,0.2536,0.2647,0.262,0.1671,0.1667,0.1859,0.1574,0.1442,0.07,30.15,1197,150500,26740000,235.5,377.1,53.33,661000000,78470000,9087000,1.738E+15,712900000,82470000,2.322E+12,22.88,0.1321,4.80E-05,1561,0.000895,0.03503,0.576,50.9,-0.8793,0.5583,0.01728,0.1109,-0.1201,0.01741,-0.05058,0.02929,-0.03085,0.07049,40.85,2106,193500,36850000,-1597,876300,85200,-7.679E+11,-74670000000,-7259000000,1.35E+18,6.748E+11,65610000000,1.237E+15,disgust
58.36,0.2654,0.000119,219.6,0.000931,0.03461,0.05339,104.3,0.4966,0.2499,0.3079,0.2175,0.1964,0.1574,0.09763,0.1395,0.1039,0.05945,51.58,1173,137100,20420000,475.2,339.3,41.35,595500000,65010000,7056000,1.568E+15,589300000,63920000,1.806E+12,39.11,0.2042,6.20E-05,1530,0.000902,0.03531,0.5817,77.43,-0.754,0.6522,0.03132,0.08936,-0.03921,0.006623,-0.06627,0.01567,-0.03014,0.06757,50.77,1696,114600,26400000,-1690,877600,85340,-7.701E+11,-74890000000,-7281000000,1.35E+18,6.768E+11,65810000000,1.243E+15,disgust
87.16,0.3774,0.000183,200.4,0.001379,0.05139,0.06319,154.6,0.7479,0.2515,0.2693,0.1389,0.2274,0.1324,0.1366,0.1091,0.09691,0.08503,74.1,1181,163600,18760000,849.7,331.2,42.05,582100000,64680000,7186000,1.535E+15,588500000,65300000,1.842E+12,64.93,0.2994,0.000109,1554,0.001301,0.0506,0.5252,123,-0.5037,0.5771,0.07203,0.1492,0.05517,0.07302,-0.07208,-0.03224,-0.0335,0.08922,72.12,1806,68270,27250000,-1855,878700,85460,-7.721E+11,-75100000000,-7303000000,1.36E+18,6.787E+11,66010000000,1.248E+15,happy
33.3,0.1741,0.000289,241.7,0.001763,0.06518,0.06041,68.22,0.2648,0.3031,0.2948,0.2275,0.1857,0.1444,0.1614,0.1187,0.1263,0.08508,33.84,1471,171900,30330000,226.3,285,33.68,501500000,53690000,5764000,1.324E+15,488000000,52330000,1.479E+12,21.31,0.1214,0.000148,1548,0.001643,0.0632,0.5536,48.24,-0.8812,0.5882,0.08356,0.01193,-0.09111,-0.04558,-0.1314,-0.0346,-0.01163,0.09968,35.18,1652,144500,30700000,-1468,879800,85570,-7.74E+11,-75280000000,-7321000000,1.36E+18,6.804E+11,66170000000,1.253E+15,happy
28.84,0.1557,0.000284,245.6,0.001588,0.05893,0.05961,57.53,0.213,0.2505,0.3175,0.2047,0.1565,0.1483,0.1379,0.1248,0.1256,0.08236,30.19,1328,159000,29030000,222.4,314.7,50.7,554500000,71280000,8687000,1.465E+15,646500000,78720000,2.233E+12,18.94,0.1068,0.000111,1567,0.00146,0.05613,0.5532,44.23,-0.8993,0.521,0.065,0.05849,-0.06284,0.03047,-0.06809,-0.05412,-0.05087,0.0881,37.14,1937,179700,35060000,-1573,880800,85690,-7.758E+11,-75480000000,-7342000000,1.37E+18,6.821E+11,66360000000,1.258E+15,happy
43.77,0.2011,0.00016,232.9,0.001137,0.04225,0.08971,84.13,0.3443,0.3949,0.2852,0.1519,0.1902,0.1367,0.1394,0.1176,0.1015,0.06519,39.43,1786,226600,40340000,285.5,335.4,43.31,591600000,66360000,7432000,1.565E+15,602100000,67370000,1.913E+12,25.3,0.1232,6.60E-05,1557,0.001076,0.04154,0.5382,57.55,-0.848,0.416,0.1403,0.1206,-0.03754,0.03462,-0.05726,-0.009248,-0.026,0.06799,42.8,2315,214300,44520000,-1620,882000,85820,-7.778E+11,-75690000000,-7364000000,1.37E+18,6.84E+11,66560000000,1.264E+15,happy
33.3,0.1741,0.000289,241.7,0.001763,0.06518,0.06041,68.22,0.2648,0.3031,0.2948,0.2275,0.1857,0.1444,0.1614,0.1187,0.1263,0.08508,33.84,1471,171900,30330000,226.3,285,33.68,503400000,53900000,5787000,1.333E+15,489900000,52550000,1.492E+12,21.31,0.1214,0.000148,1548,0.001643,0.0632,0.5536,48.24,-0.8812,0.5882,0.08356,0.01193,-0.09111,-0.04558,-0.1314,-0.0346,-0.01163,0.09968,35.18,1652,144500,30700000,-1468,883000,85920,-7.797E+11,-75870000000,-7381000000,1.38E+18,6.857E+11,66720000000,1.268E+15,happy
66.06,0.292,8.10E-05,262.5,0.000876,0.03258,0.02719,112.4,0.5562,0.2565,0.2527,0.1754,0.2398,0.162,0.1403,0.1327,0.1233,0.0494,55.36,1086,154900,19510000,591.3,298.4,24.56,527500000,46770000,4223000,1.399E+15,425100000,38370000,1.089E+12,38.37,0.1849,3.80E-05,1545,0.000835,0.03233,0.5304,74.73,-0.7463,0.5202,0.03831,0.2138,-0.03189,0.02751,-0.05729,0.008577,-0.04327,0.05553,53.16,2076,155400,33710000,-1662,884000,86000,-7.815E+11,-76030000000,-7395000000,1.38E+18,6.871E+11,66840000000,1.272E+15,neutral
25.48,0.1563,9.20E-05,221.3,0.000997,0.03713,0.04954,50.61,0.1769,0.3953,0.2315,0.2111,0.1849,0.134,0.1354,0.1539,0.1211,0.05536,27,1593,210000,40160000,270.3,336.6,27.06,595900000,52080000,4657000,1.582E+15,473100000,42280000,1.202E+12,17.32,0.1041,3.80E-05,1559,0.000879,0.03399,0.5589,41.29,-0.9147,0.3377,0.1386,0.2018,-0.04209,0.0519,-0.02894,0.02257,-0.05354,0.05693,38.13,2567,273700,51210000,-1570,885100,86070,-7.834E+11,-76180000000,-7407000000,1.39E+18,6.885E+11,66950000000,1.275E+15,neutral
26.42,0.1479,6.50E-05,245.3,0.000675,0.02506,0.0423,52.57,0.179,0.3481,0.2846,0.1955,0.1677,0.1508,0.1257,0.1254,0.1362,0.04095,27.14,1473,185600,35340000,242.3,327.8,18.97,581000000,44500000,3266000,1.545E+15,403300000,29610000,8.438E+11,17.96,0.1016,2.80E-05,1546,0.000659,0.02575,0.5352,42.02,-0.9121,0.3667,0.08068,0.2674,-0.05872,-0.00742,-0.01512,0.03858,-0.08308,0.04682,39.6,2517,254800,46630000,-1576,886300,86120,-7.855E+11,-76330000000,-7416000000,1.39E+18,6.898E+11,67030000000,1.277E+15,neutral
80.15,0.3482,8.10E-05,210.8,0.000883,0.0328,0.04524,143.2,0.6863,0.1983,0.2348,0.1272,0.2531,0.1389,0.1261,0.1079,0.1155,0.05099,67.43,926.1,154300,13840000,724,306,17.42,543100000,41210000,3001000,1.446E+15,373800000,27230000,7.758E+11,51.41,0.2462,4.20E-05,1532,0.000912,0.03531,0.5067,100.9,-0.6176,0.5257,0.09594,0.2023,-0.01953,0.058,-0.03981,-0.01102,-0.07749,0.06224,63.02,1984,124000,31980000,-1664,887400,86170,-7.874E+11,-76460000000,-7424000000,1.40E+18,6.91E+11,67100000000,1.279E+15,neutral
28.95,0.1622,8.40E-05,232.6,0.000851,0.03151,0.04058,58.02,0.2007,0.3361,0.226,0.1678,0.1909,0.1179,0.1125,0.1105,0.1059,0.04799,28.87,1489,176500,33350000,227.1,301.9,25.41,536500000,48240000,4381000,1.43E+15,438100000,39780000,1.133E+12,18.91,0.1031,4.30E-05,1518,0.000906,0.03519,0.5219,42.34,-0.9049,0.4233,0.1043,0.2458,-0.0315,0.006002,-0.03855,0.03964,-0.07492,0.0617,37.69,2213,218200,40110000,-1502,888400,86230,-7.893E+11,-76610000000,-7434000000,1.40E+18,6.923E+11,67190000000,1.282E+15,neutral
89.34,0.3835,2.40E-05,223.7,0.00047,0.01737,0.04847,156.7,0.7662,0.2447,0.1803,0.1416,0.2196,0.1138,0.1144,0.1073,0.1264,0.02423,73.92,991.6,187800,18350000,823,345.4,5.658,614400000,33750000,976000,1.64E+15,305000000,8802000,2.525E+11,58.14,0.2635,1.20E-05,1517,0.000496,0.01909,0.4936,109.7,-0.5468,0.4025,0.08398,0.201,0.08011,0.06868,-0.0385,0.03146,-0.03734,0.03009,69.76,2197,148700,38960000,-1858,889600,86260,-7.913E+11,-76730000000,-7440000000,1.41E+18,6.935E+11,67240000000,1.283E+15,sad
84.35,0.3636,1.40E-05,229.6,0.000383,0.01411,0.04025,148.6,0.7195,0.2507,0.2019,0.1467,0.2396,0.1063,0.1191,0.1021,0.1278,0.01983,70.23,1053,182500,18700000,737.4,349.1,10.78,622000000,38720000,1859000,1.662E+15,351400000,16910000,4.812E+11,52.22,0.2458,7.00E-06,1511,0.000436,0.01677,0.4684,101,-0.6009,0.4258,0.09888,0.2014,0.03124,0.06916,-0.04816,-0.000935,-0.02635,0.02743,64.78,2188,154900,38880000,-1813,890800,86280,-7.934E+11,-76860000000,-7444000000,1.41E+18,6.946E+11,67280000000,1.285E+15,sad
73.21,0.3248,2.90E-05,242.6,0.000479,0.01764,0.0818,129.5,0.6177,0.2468,0.2123,0.1326,0.2322,0.1224,0.1429,0.1209,0.1193,0.02794,62.57,1012,153200,15440000,619,350.9,12.99,626000000,41180000,2241000,1.675E+15,372100000,20240000,5.803E+11,40.36,0.1991,1.70E-05,1534,0.000595,0.02294,0.5041,77.95,-0.7059,0.4391,0.09677,0.194,0.002967,0.03077,-0.04258,0.00466,-0.05842,0.03916,54.15,2038,154700,36810000,-1650,892000,86310,-7.956E+11,-76990000000,-7449000000,1.42E+18,6.958E+11,67330000000,1.286E+15,sad
73.34,0.318,2.50E-05,209.1,0.000412,0.0152,0.05216,129.2,0.624,0.2625,0.2221,0.1671,0.2182,0.114,0.1305,0.1107,0.1326,0.02,61.4,1050,184000,23050000,666,333.4,5.118,595500000,32270000,883500,1.596E+15,291300000,7971000,2.288E+11,37.38,0.174,1.00E-05,1537,0.000513,0.01959,0.4422,72.23,-0.7204,0.3637,0.08651,0.1757,0.05614,0.07952,-0.02932,0.03018,-0.01872,0.02923,53.41,2284,201300,43760000,-1712,893200,86330,-7.977E+11,-77100000000,-7452000000,1.43E+18,6.968E+11,67350000000,1.287E+15,sad
95.85,0.4101,1.80E-05,208.3,0.000378,0.01398,0.0708,167.6,0.8213,0.2245,0.2108,0.1663,0.2539,0.1203,0.1221,0.09353,0.1064,0.02063,78,769.9,196800,15330000,887.4,377.2,3.959,674600000,35440000,683400,1.81E+15,320400000,6187000,1.77E+11,69.51,0.3153,9.00E-06,1517,0.000385,0.01476,0.4867,130,-0.448,0.436,0.07408,0.2055,0.06393,0.07324,-0.04536,-0.01592,-0.01015,0.02476,80.43,2284,132600,38500000,-1986,894400,86340,-7.999E+11,-77220000000,-7453000000,1.43E+18,6.979E+11,67370000000,1.287E+15,sad
63.03,0.2769,0.000922,273.8,0.003185,0.1224,0.0543,111.8,0.5333,0.1986,0.3069,0.1847,0.2018,0.1308,0.1593,0.1199,0.1137,0.2652,54.42,960.9,103500,12710000,566.9,298.5,76.74,534700000,94400000,13270000,1.437E+15,856400000,120200000,3.443E+12,37.24,0.1896,0.000458,1681,0.00305,0.1192,0.6196,72.92,-0.7622,0.6859,-0.08131,0.03373,-0.08604,0.01175,0.04579,0.06328,-0.02197,0.2466,47.95,1350,65400,18100000,-1500,895500,86480,-8.02E+11,-77450000000,-7478000000,1.44E+18,6.999E+11,67590000000,1.293E+15,angry
19.68,0.1255,0.0007,307.9,0.002976,0.1141,0.03268,42.61,0.1503,0.2417,0.3219,0.2002,0.1421,0.1199,0.1398,0.1094,0.1013,0.2466,20.89,1104,134800,26420000,225.1,315,93.61,564800000,111100000,16240000,1.519E+15,1006000000,146900000,4.224E+12,17.53,0.108,0.000391,1678,0.002925,0.1146,0.6189,39.02,-0.9328,0.6831,-0.04171,0.02943,-0.136,-0.01216,0.05078,0.05337,0.009778,0.2437,32.13,1411,127300,23470000,-1448,896600,86740,-8.039E+11,-77770000000,-7522000000,1.44E+18,7.028E+11,67990000000,1.305E+15,angry
18.25,0.1148,0.00087,287.1,0.002942,0.1131,0.07192,38.77,0.1351,0.2235,0.3605,0.1632,0.1557,0.1356,0.1393,0.1005,0.09914,0.2465,20.37,1029,128500,24980000,217,325.1,78.25,583700000,98220000,13610000,1.572E+15,891100000,123300000,3.553E+12,15.16,0.0964,0.000416,1653,0.002713,0.1064,0.6278,34.59,-0.9433,0.6676,-0.0548,0.004539,-0.1099,0.03193,0.01942,0.02418,-0.01222,0.2243,31.06,1435,134900,25200000,-1393,897700,87000,-8.059E+11,-78100000000,-7568000000,1.45E+18,7.058E+11,68410000000,1.317E+15,angry
20.28,0.1238,0.001189,270.5,0.003141,0.1206,0.04591,43.09,0.1549,0.3836,0.3698,0.2381,0.158,0.1392,0.1334,0.1149,0.1234,0.2596,22.88,1713,203000,39640000,288.3,327.5,90.5,588800000,109700000,15790000,1.588E+15,995300000,143100000,4.132E+12,17.63,0.1062,0.000548,1643,0.002843,0.1117,0.62,39.5,-0.9305,0.6371,-0.08346,0.006412,-0.134,0.02207,0.04269,0.03393,0.002676,0.2415,33.54,1626,150200,29140000,-1491,898800,87250,-8.079E+11,-78420000000,-7612000000,1.45E+18,7.088E+11,68800000000,1.328E+15,angry
20.69,0.112,0.001064,267.1,0.003549,0.1354,0.04884,42.34,0.1553,0.3179,0.353,0.198,0.1432,0.1288,0.1364,0.1002,0.1179,0.272,21.19,1387,185700,36320000,264.8,341.9,95.67,615400000,115800000,16740000,1.662E+15,1050000000,151700000,4.396E+12,17.38,0.1029,0.000551,1657,0.003435,0.1338,0.6118,38.18,-0.9342,0.6891,-0.05875,-0.01147,-0.1463,-0.006486,0.03386,0.03678,-0.002775,0.2781,31.72,1425,139200,26310000,-1458,900000,87530,-8.1E+11,-78770000000,-7660000000,1.46E+18,7.119E+11,69240000000,1.341E+15,angry
21.05,0.1106,0.000143,242.3,0.001216,0.04661,0.04742,43.08,0.1443,0.2634,0.3201,0.1837,0.1469,0.1348,0.1672,0.09825,0.1085,0.1049,20.39,955,136200,26810000,211.4,374.5,52.75,675000000,80120000,9254000,1.825E+15,726400000,83840000,2.435E+12,15.74,0.09205,9.00E-05,1581,0.001296,0.05098,0.546,35.19,-0.9384,0.6282,-0.06682,0.003951,-0.08933,0.05523,0.03838,0.04213,-0.005192,0.1079,32.26,1549,156200,28390000,-1451,901200,87730,-8.122E+11,-79070000000,-7696000000,1.46E+18,7.146E+11,69570000000,1.35E+15,disgust
21.9,0.1305,0.000281,262.6,0.001852,0.07033,0.05958,46.36,0.1666,0.2224,0.3033,0.2031,0.1699,0.133,0.1546,0.09438,0.1009,0.1398,22.77,1021,106300,20140000,180.2,350.2,68.26,632000000,92300000,12000000,1.711E+15,834100000,108400000,3.164E+12,16.29,0.09711,0.000151,1632,0.001916,0.07464,0.5721,37.84,-0.9317,0.6451,-0.0605,0.01949,-0.1033,0.03314,0.03491,0.05231,-0.000645,0.1505,31.43,1416,121700,22710000,-1406,902500,87900,-8.145E+11,-79330000000,-7726000000,1.47E+18,7.17E+11,69830000000,1.358E+15,disgust
22.5,0.1198,0.000279,234.5,0.001771,0.06734,0.03568,46.24,0.1626,0.2568,0.3375,0.1782,0.1581,0.132,0.1454,0.09748,0.1085,0.1387,22.3,979.8,125200,24240000,205,368.3,70.71,665700000,96000000,12460000,1.805E+15,869000000,112700000,3.293E+12,15.4,0.08595,0.000166,1619,0.001893,0.07386,0.5302,34.59,-0.9363,0.6316,-0.0601,0.004455,-0.06169,0.03848,0.01594,0.03216,-0.000455,0.1489,29.37,1326,127600,24090000,-1405,903700,88110,-8.167E+11,-79630000000,-7763000000,1.48E+18,7.197E+11,70170000000,1.368E+15,disgust
21.02,0.1166,0.000324,287.1,0.001905,0.07291,0.03539,43.35,0.1484,0.2401,0.3405,0.1995,0.136,0.1194,0.1636,0.0977,0.08776,0.1588,21.33,1061,127400,24790000,232,352.5,60.75,638000000,85930000,10730000,1.732E+15,779500000,97220000,2.841E+12,16.96,0.1,0.000189,1630,0.002152,0.08431,0.5292,38.18,-0.9342,0.6725,-0.08337,-0.006057,-0.09561,0.04261,0.05634,0.06206,-0.0092,0.1783,31.95,1415,128700,23560000,-1379,905000,88300,-8.19E+11,-79910000000,-7796000000,1.48E+18,7.222E+11,70460000000,1.377E+15,disgust
21.9,0.1305,0.000281,262.6,0.001852,0.07033,0.05958,46.36,0.1666,0.2224,0.3033,0.2031,0.1699,0.133,0.1546,0.09438,0.1009,0.1398,22.77,1021,106300,20140000,180.2,350.2,68.26,634600000,92750000,12080000,1.725E+15,838200000,109200000,3.206E+12,16.29,0.09711,0.000151,1632,0.001916,0.07464,0.5721,37.84,-0.9317,0.6451,-0.0605,0.01949,-0.1033,0.03314,0.03491,0.05231,-0.000645,0.1505,31.43,1416,121700,22710000,-1406,906200,88480,-8.212E+11,-80180000000,-7828000000,1.49E+18,7.247E+11,70760000000,1.385E+15,disgust
21.86,0.1053,0.000449,255.7,0.001475,0.05685,0.09438,43.13,0.1528,0.2452,0.3214,0.2151,0.1817,0.1431,0.1637,0.1261,0.1253,0.1298,20.96,899.7,124900,24550000,230.5,391.6,55.52,710800000,84930000,9845000,1.935E+15,770000000,89200000,2.619E+12,15.66,0.08619,0.000156,1632,0.00158,0.06199,0.478,36.66,-0.9367,0.616,-0.1218,0.03074,-0.09676,0.02448,0.05247,0.07367,0.001779,0.1313,31.71,1497,147700,26540000,-1406,907500,88670,-8.235E+11,-80460000000,-7861000000,1.50E+18,7.272E+11,71060000000,1.394E+15,happy
18.32,0.1004,0.000438,257.3,0.001658,0.0641,0.0751,37.47,0.123,0.2576,0.3542,0.1634,0.164,0.1549,0.1423,0.1131,0.1269,0.1531,19.01,1021,123900,24390000,225.9,353.6,58.96,642700000,84800000,10480000,1.752E+15,767000000,94720000,2.792E+12,14.85,0.08531,0.000241,1615,0.002072,0.08105,0.4613,33.12,-0.9472,0.6261,-0.1096,0.008652,-0.06934,0.05634,0.04087,0.06781,-0.004639,0.1716,29.89,1399,131700,23910000,-1345,908800,88840,-8.258E+11,-80740000000,-7892000000,1.50E+18,7.297E+11,71340000000,1.402E+15,happy
20.78,0.1099,0.000238,255.2,0.001523,0.05867,0.08637,42.61,0.148,0.2499,0.3343,0.1999,0.1579,0.1421,0.1571,0.09913,0.1253,0.1355,20.2,1068,144000,27750000,245,360.1,51.73,655300000,78880000,9207000,1.789E+15,715100000,83410000,2.458E+12,15.6,0.09117,0.000141,1611,0.001628,0.06389,0.495,37.27,-0.9371,0.6132,-0.1263,-0.01973,-0.09667,0.06251,0.07199,0.07752,-0.01704,0.1379,32.78,1606,154600,28260000,-1391,910000,89000,-8.281E+11,-80990000000,-7920000000,1.51E+18,7.32E+11,71590000000,1.41E+15,happy
53.82,0.239,0.000312,239.1,0.001387,0.05345,0.08586,94.93,0.4481,0.2513,0.3446,0.1989,0.1953,0.1328,0.152,0.1148,0.1081,0.1234,46.43,1032,125600,19570000,476.9,380.6,52.4,693700000,81580000,9342000,1.896E+15,736900000,84400000,2.498E+12,29.11,0.1518,0.000157,1590,0.001518,0.0595,0.5192,58.66,-0.8241,0.6155,-0.1393,0.03413,-0.04565,0.04099,0.01944,0.05115,0.02692,0.124,41.55,1398,91650,21080000,-1475,911300,89150,-8.304E+11,-81240000000,-7946000000,1.51E+18,7.342E+11,71820000000,1.417E+15,happy
18.32,0.1004,0.000438,257.3,0.001658,0.0641,0.0751,37.47,0.123,0.2576,0.3542,0.1634,0.164,0.1549,0.1423,0.1131,0.1269,0.1531,19.01,1021,123900,24390000,225.9,353.6,58.96,645400000,85190000,10530000,1.767E+15,770500000,95230000,2.822E+12,14.85,0.08531,0.000241,1615,0.002072,0.08105,0.4613,33.12,-0.9472,0.6261,-0.1096,0.008652,-0.06934,0.05634,0.04087,0.06781,-0.004639,0.1716,29.89,1399,131700,23910000,-1345,912500,89320,-8.327E+11,-81510000000,-7978000000,1.52E+18,7.367E+11,72110000000,1.425E+15,happy
21.63,0.1185,0.000298,250.7,0.001293,0.04963,0.03399,44.56,0.1582,0.2095,0.3444,0.1799,0.1918,0.1248,0.1058,0.09878,0.1051,0.1082,20.88,939.7,126400,24320000,202.5,336.8,42.83,615600000,69030000,7663000,1.687E+15,626300000,69480000,2.057E+12,16.91,0.1015,0.000112,1632,0.001348,0.05285,0.6103,38.99,-0.9324,0.6905,-0.08773,0.008062,-0.1034,0.007612,-0.02084,-0.009944,0.004761,0.1133,31.4,1361,123600,23200000,-1397,913700,89470,-8.349E+11,-81760000000,-8005000000,1.53E+18,7.389E+11,72350000000,1.432E+15,neutral
20.62,0.1229,0.000368,258.7,0.001554,0.0603,0.05042,44.36,0.1514,0.2294,0.3134,0.1694,0.1792,0.1537,0.1794,0.1188,0.1309,0.1477,21.18,933.9,114900,22180000,210.3,325.2,46.84,595000000,71850000,8392000,1.633E+15,650600000,75960000,2.256E+12,16.76,0.1013,0.000182,1634,0.001707,0.06758,0.5575,38.36,-0.9324,0.6464,-0.08927,0.06195,-0.1598,0.02957,0.04616,0.05691,0.008697,0.1544,32.5,1469,131300,23930000,-1360,914900,89600,-8.37E+11,-81980000000,-8028000000,1.53E+18,7.409E+11,72560000000,1.439E+15,neutral
22.97,0.1167,0.000431,272.6,0.001599,0.06219,0.06037,46.61,0.1703,0.2093,0.3127,0.2111,0.1763,0.1394,0.1587,0.1035,0.1109,0.1496,21.21,908.5,124500,23960000,229.3,338,42.74,619200000,69240000,7671000,1.702E+15,628000000,69530000,2.065E+12,18.47,0.108,0.000159,1597,0.001558,0.06194,0.5993,42.4,-0.9231,0.6646,-0.1339,0.03075,-0.156,0.04147,0.0648,0.06044,-0.007622,0.1465,35.32,1595,146500,26330000,-1393,916000,89740,-8.391E+11,-82210000000,-8053000000,1.54E+18,7.43E+11,72790000000,1.445E+15,neutral
22.51,0.12,0.000235,242.7,0.001452,0.05522,0.06995,46.82,0.1644,0.235,0.2978,0.1907,0.1723,0.1282,0.1513,0.1046,0.1112,0.1158,22.03,924.3,113700,21900000,186.1,338.1,43.69,620100000,70160000,7853000,1.706E+15,636500000,71200000,2.117E+12,15.61,0.08733,0.000114,1602,0.001582,0.06177,0.5541,34.54,-0.9364,0.6323,-0.01019,0.08167,-0.1093,0.03523,0.03793,0.04133,-0.006752,0.1252,30.37,1400,133100,24150000,-1374,917200,89880,-8.413E+11,-82430000000,-8077000000,1.54E+18,7.45E+11,73000000000,1.452E+15,neutral
22.59,0.1196,0.000297,246.9,0.001265,0.04864,0.05875,46.08,0.1627,0.2479,0.3139,0.1903,0.1667,0.1364,0.162,0.1052,0.1375,0.1093,22.79,1056,136100,25900000,203.3,317.3,37.06,582800000,62290000,6670000,1.606E+15,566300000,60590000,1.801E+12,15.96,0.0889,0.000122,1609,0.001369,0.05372,0.526,36.28,-0.9331,0.6224,-0.03857,0.01088,-0.1083,0.03318,0.05413,0.04901,-0.02557,0.114,31.39,1472,142700,26770000,-1399,918300,89990,-8.433E+11,-82640000000,-8098000000,1.55E+18,7.469E+11,73190000000,1.457E+15,neutral
77.23,0.332,6.80E-05,221.8,0.000758,0.02866,0.07959,137.1,0.6641,0.1874,0.2845,0.1553,0.2184,0.1188,0.1634,0.1086,0.1075,0.05726,65.05,820,118800,11130000,736.9,363,23.56,667600000,54130000,4244000,1.842E+15,490200000,38460000,1.147E+12,43.7,0.2056,3.80E-05,1576,0.000995,0.03854,0.4393,85.6,-0.6806,0.6317,-0.06163,-0.001714,-0.04985,0.03311,0.008118,0.06273,0.03099,0.0755,55.06,1497,80460,22550000,-1573,919500,90080,-8.455E+11,-82830000000,-8113000000,1.56E+18,7.486E+11,73330000000,1.462E+15,sad
74.41,0.3241,7.60E-05,266.9,0.000927,0.03505,0.09179,131.5,0.6437,0.1965,0.2821,0.1284,0.2302,0.131,0.1551,0.09805,0.09323,0.07154,62.86,896.2,112200,9226000,703.2,352,35.51,648300000,64310000,6403000,1.791E+15,580500000,57810000,1.732E+12,43.22,0.2144,6.30E-05,1569,0.001243,0.04863,0.4393,83.85,-0.6876,0.6242,-0.07901,0.08489,-0.0627,0.01199,0.01569,0.05958,0.000505,0.1015,55.72,1620,80210,22300000,-1504,920800,90160,-8.478E+11,-83020000000,-8128000000,1.56E+18,7.503E+11,73470000000,1.466E+15,sad
55.94,0.2459,8.40E-05,251.3,0.000757,0.02887,0.07302,98.63,0.4751,0.2128,0.2979,0.1825,0.1733,0.1251,0.1682,0.08926,0.131,0.06148,48.32,924.7,126700,20450000,495.5,383.1,37.48,706500000,69070000,6767000,1.954E+15,624300000,61170000,1.833E+12,29.25,0.1436,4.10E-05,1619,0.000943,0.03675,0.472,58.55,-0.817,0.6609,-0.05777,-0.03057,-0.06904,0.0542,0.03985,0.03881,-0.00906,0.07451,41.12,1291,93730,21490000,-1539,922000,90280,-8.501E+11,-83240000000,-8149000000,1.57E+18,7.523E+11,73660000000,1.471E+15,sad
18.71,0.1046,6.80E-05,281.3,0.000802,0.03067,0.05614,38.27,0.1248,0.236,0.2767,0.1728,0.1517,0.1437,0.1865,0.1068,0.1173,0.0692,19.65,938.6,120300,23600000,199.6,357.7,38.71,660500000,67950000,6998000,1.83E+15,615600000,63390000,1.898E+12,15.12,0.08419,4.70E-05,1601,0.001016,0.03983,0.5001,34.76,-0.9428,0.6078,-0.09023,0.0104,-0.1421,0.01842,0.08021,0.07953,0.01561,0.08457,32.99,1632,157200,28120000,-1433,923300,90400,-8.525E+11,-83470000000,-8172000000,1.57E+18,7.544E+11,73860000000,1.477E+15,sad
55.94,0.2459,8.40E-05,251.3,0.000757,0.02887,0.07302,98.63,0.4751,0.2128,0.2979,0.1825,0.1733,0.1251,0.1682,0.08926,0.131,0.06148,48.32,924.7,126700,20450000,495.5,383.1,37.48,708500000,69260000,6785000,1.965E+15,626000000,61330000,1.842E+12,29.25,0.1436,4.10E-05,1619,0.000943,0.03675,0.472,58.55,-0.817,0.6609,-0.05777,-0.03057,-0.06904,0.0542,0.03985,0.03881,-0.00906,0.07451,41.12,1291,93730,21490000,-1539,924600,90510,-8.548E+11,-83690000000,-8192000000,1.58E+18,7.564E+11,74050000000,1.483E+15,sad
23.91,0.1249,0.000417,214.8,0.001667,0.06305,0.02808,48.98,0.1644,0.2606,0.3733,0.2092,0.1842,0.1174,0.1229,0.0913,0.09332,0.1183,22.95,1026,152800,29740000,218.7,317.4,45.97,587800000,70730000,8333000,1.632E+15,641100000,75460000,2.266E+12,16.4,0.09427,0.000187,1573,0.001651,0.06411,0.5801,36.75,-0.9282,0.6214,0.01861,0.1177,-0.02535,0.006749,-0.02127,0.00334,0.004873,0.1204,30.52,1348,137400,25800000,-1472,925800,90650,-8.571E+11,-83920000000,-8216000000,1.59E+18,7.584E+11,74260000000,1.489E+15,angry
60.81,0.2665,0.000324,212.8,0.001666,0.06235,0.0349,106.4,0.5055,0.2167,0.3285,0.1995,0.199,0.131,0.1286,0.115,0.0998,0.1078,52.61,801.2,119600,19010000,528.2,315.8,59.31,585500000,83460000,10770000,1.628E+15,755300000,97400000,2.932E+12,33.96,0.1622,0.000188,1536,0.001913,0.07365,0.5504,66.48,-0.7865,0.6783,0.01028,0.1252,0.02604,0.03374,-0.003911,0.02319,0.0396,0.1301,43.36,1117,66030,16640000,-1573,926900,90790,-8.591E+11,-84150000000,-8242000000,1.59E+18,7.605E+11,74490000000,1.496E+15,angry
22.98,0.1181,0.00038,199.3,0.00177,0.06616,0.05616,46.36,0.1543,0.2405,0.3436,0.1788,0.182,0.1182,0.116,0.09846,0.09694,0.1104,21.85,890.1,141200,27970000,205.6,336.9,54.13,625400000,80320000,9846000,1.741E+15,728600000,89210000,2.686E+12,15.69,0.08604,0.000203,1565,0.00188,0.07241,0.5462,35.36,-0.9345,0.6037,0.02513,0.13,-0.004005,-0.001349,-0.01288,0.02198,0.02901,0.1263,29.65,1285,129500,23980000,-1472,928000,90960,-8.612E+11,-84410000000,-8273000000,1.60E+18,7.629E+11,74780000000,1.505E+15,angry
23.8,0.1179,0.000964,186,0.002792,0.1053,0.06171,48.18,0.1631,0.254,0.3342,0.1778,0.1491,0.1051,0.119,0.09688,0.09901,0.1852,21.91,873.4,146800,29340000,218,334.2,50.2,621100000,76610000,9145000,1.731E+15,694100000,82790000,2.499E+12,15.47,0.08202,0.000491,1560,0.002611,0.1012,0.544,34.41,-0.9331,0.5982,0.05494,0.1092,0.02298,0.03301,-0.003605,0.02458,0.02632,0.1812,29.45,1314,141400,26300000,-1448,929200,91090,-8.634E+11,-84640000000,-8296000000,1.60E+18,7.649E+11,74990000000,1.511E+15,angry
23.43,0.118,0.000327,190.7,0.001808,0.06867,0.0246,46.74,0.164,0.2208,0.3401,0.2171,0.1627,0.1221,0.1315,0.0888,0.1099,0.1358,23,934.5,128800,25240000,207.5,316,45.37,588000000,70300000,8276000,1.641E+15,636800000,74900000,2.265E+12,16.82,0.09575,0.000199,1571,0.001758,0.06873,0.593,37.75,-0.9283,0.6362,-0.008145,0.08282,-0.07903,0.03277,0.04804,0.03672,-0.01441,0.1391,32.27,1385,131100,23790000,-1440,930300,91220,-8.654E+11,-84860000000,-8320000000,1.61E+18,7.669E+11,75200000000,1.518E+15,angry
25.18,0.1344,0.000177,178.2,0.001198,0.04525,0.06981,51.97,0.1746,0.1862,0.3017,0.2173,0.1614,0.1257,0.1442,0.09795,0.1148,0.0894,23.84,785.5,104100,20110000,184.5,333.3,51.52,620900000,78240000,9411000,1.735E+15,707400000,85070000,2.579E+12,18.07,0.1009,0.000102,1552,0.001302,0.05081,0.5857,41.05,-0.9183,0.6649,-0.04102,0.103,-0.05477,0.002032,0.02057,0.06834,0.03076,0.09998,32.15,1289,112800,20460000,-1493,931400,91350,-8.675E+11,-85080000000,-8343000000,1.62E+18,7.689E+11,75410000000,1.524E+15,disgust
36.92,0.1665,0.000239,187.4,0.001531,0.05731,0.05008,67.97,0.2922,0.211,0.3344,0.1863,0.193,0.1259,0.1248,0.1077,0.1238,0.09541,32.67,751,111900,20250000,205.7,348.9,58.92,650700000,86570000,10780000,1.821E+15,783800000,97560000,2.96E+12,20.7,0.104,0.000132,1565,0.001615,0.06234,0.6044,45.28,-0.8941,0.6284,-0.007479,0.2005,0.0305,0.02984,-0.000344,0.02075,0.006123,0.1112,34.11,1326,116400,21330000,-1501,932600,91510,-8.697E+11,-85340000000,-8374000000,1.62E+18,7.713E+11,75680000000,1.533E+15,disgust
25.69,0.1279,0.000179,199.1,0.001097,0.0415,0.05535,52.73,0.1749,0.2348,0.3407,0.2113,0.175,0.1377,0.1347,0.1015,0.1174,0.08439,24.43,860.3,131000,25740000,194.1,402.2,55.2,751200000,87980000,10120000,2.105E+15,796900000,91600000,2.783E+12,17.43,0.09605,9.70E-05,1570,0.001278,0.04973,0.5078,39.21,-0.922,0.6307,0.0225,0.136,0.01233,0.02853,-0.0275,0.02511,0.003114,0.09663,30.51,1274,130400,24400000,-1508,933900,91670,-8.721E+11,-85610000000,-8403000000,1.63E+18,7.737E+11,75950000000,1.541E+15,disgust
68.85,0.297,0.000159,214.4,0.001258,0.04738,0.06608,120,0.5838,0.1776,0.3303,0.1862,0.226,0.1473,0.1738,0.1483,0.1307,0.08754,59.21,713.5,109300,14020000,570.4,401.7,59.11,751500000,91920000,10860000,2.109E+15,830500000,98060000,2.99E+12,41.79,0.2011,9.70E-05,1582,0.001408,0.05457,0.5411,82.42,-0.7223,0.6947,-0.02836,0.1837,0.0418,0.034,-0.01958,-0.003589,-0.0138,0.102,50.93,1249,65060,17390000,-1656,935300,91830,-8.748E+11,-85890000000,-8433000000,1.64E+18,7.762E+11,76220000000,1.549E+15,disgust
39.28,0.1854,0.000158,206.3,0.001149,0.04304,0.05892,76.5,0.3209,0.2132,0.3472,0.1732,0.2056,0.1283,0.1543,0.1152,0.1185,0.07305,35.32,850.9,116100,20650000,243,369.9,40.74,692800000,71820000,7495000,1.947E+15,650600000,67870000,2.068E+12,22.54,0.1235,7.90E-05,1589,0.001285,0.04961,0.5686,49.51,-0.8797,0.6474,-0.01393,0.1526,-0.005625,0.004301,-0.03027,0.00188,0.001279,0.09206,34.9,1277,103400,20440000,-1490,936600,91990,-8.773E+11,-86160000000,-8461000000,1.64E+18,7.786E+11,76470000000,1.557E+15,disgust
25.9,0.126,0.000147,195.1,0.00114,0.04235,0.03676,52.62,0.1718,0.2313,0.3746,0.2247,0.2088,0.1604,0.1931,0.1423,0.1345,0.06732,24.83,907.1,129500,25090000,180.9,289.1,47.5,542200000,71060000,8749000,1.525E+15,643300000,79180000,2.418E+12,18.94,0.104,9.30E-05,1609,0.001401,0.05386,0.4773,42.47,-0.9165,0.6802,-0.05371,0.02909,-0.02046,0.03501,-0.0196,0.001818,-0.00356,0.0896,30.95,1175,112800,21660000,-1535,937800,92110,-8.794E+11,-86380000000,-8484000000,1.65E+18,7.806E+11,76680000000,1.563E+15,happy
75.67,0.3248,0.000222,213,0.001222,0.04569,0.0239,136.1,0.6503,0.1845,0.3523,0.2392,0.2199,0.1559,0.1467,0.1289,0.1158,0.0835,64.66,915.6,129700,18490000,665.1,289.6,40.21,543700000,64260000,7417000,1.531E+15,581700000,67120000,2.052E+12,51.25,0.2359,0.000127,1547,0.001374,0.05341,0.4979,103.5,-0.6374,0.6998,-0.08666,0.1252,0.09413,0.06307,-0.04204,-0.005764,0.006203,0.09525,59.3,1269,54120,17550000,-1747,938800,92240,-8.813E+11,-86590000000,-8507000000,1.66E+18,7.825E+11,76890000000,1.569E+15,happy
66.02,0.2842,0.000351,223.9,0.001326,0.04965,0.02845,116.6,0.5625,0.1958,0.3716,0.2016,0.2255,0.1649,0.146,0.1188,0.1313,0.08903,57.25,814.2,112800,16230000,496,279.4,40.58,525100000,63760000,7495000,1.48E+15,577500000,67840000,2.076E+12,41.38,0.1968,0.00019,1580,0.001609,0.06224,0.5,84.24,-0.7231,0.7059,-0.09887,0.1591,0.08089,0.0547,-0.05044,-0.02867,0.005871,0.1058,49.92,1173,59790,16600000,-1613,939800,92360,-8.831E+11,-86790000000,-8529000000,1.66E+18,7.844E+11,77080000000,1.575E+15,happy
42.52,0.1923,0.000156,202.1,0.00101,0.03764,0.02377,82.16,0.3385,0.2443,0.3472,0.1693,0.2123,0.1523,0.1332,0.1151,0.0905,0.07021,38.13,894.9,134900,24560000,210.9,300.9,41.13,566100000,66260000,7606000,1.598E+15,599800000,68830000,2.11E+12,23.6,0.1195,9.10E-05,1581,0.001134,0.04401,0.5167,51.46,-0.8652,0.5892,0.04088,0.143,0.08969,0.07939,-0.04263,-0.03311,-0.005061,0.07549,35.33,1316,122000,24610000,-1557,940800,92470,-8.85E+11,-86990000000,-8550000000,1.67E+18,7.862E+11,77280000000,1.581E+15,happy
59.36,0.26,0.000339,210.3,0.00132,0.04889,0.03264,106.5,0.4988,0.2118,0.3048,0.2018,0.2012,0.1433,0.1552,0.1144,0.1194,0.08954,52.52,887.6,117900,17990000,451.6,283.3,47.46,533600000,70820000,8789000,1.508E+15,641900000,79600000,2.441E+12,35.88,0.1729,0.000205,1579,0.00153,0.05953,0.5121,71.7,-0.7658,0.6676,0.06836,0.1217,-0.001659,0.04542,-0.04097,-0.01628,-0.01245,0.1042,45.11,1186,77650,19200000,-1639,941800,92600,-8.869E+11,-87210000000,-8574000000,1.67E+18,7.881E+11,77490000000,1.588E+15,happy
26.8,0.1353,0.000206,205.8,0.000946,0.03635,0.04971,53.84,0.1856,0.2302,0.2997,0.2313,0.2035,0.1686,0.1445,0.09696,0.1206,0.08734,25.62,741.5,106200,19910000,158.3,311,31.74,586300000,58370000,5886000,1.658E+15,529300000,53340000,1.637E+12,17.52,0.0946,0.000106,1565,0.001126,0.04428,0.5171,39.09,-0.9161,0.5567,-0.01623,0.2761,-0.005532,0.005419,0.02179,0.01219,-0.02533,0.08781,34.02,1631,158000,27460000,-1474,942800,92720,-8.888E+11,-87420000000,-8596000000,1.68E+18,7.9E+11,77700000000,1.594E+15,neutral
31.14,0.1587,0.000168,249,0.000807,0.03062,0.03088,60.72,0.2338,0.2665,0.3189,0.2192,0.1635,0.1362,0.1498,0.1019,0.1147,0.0688,28.5,1131,133500,24900000,185.2,313.4,26.74,591700000,54040000,4963000,1.675E+15,488600000,44850000,1.381E+12,19.22,0.1088,8.50E-05,1513,0.001049,0.04107,0.4894,43.21,-0.9041,0.6176,-0.06931,0.1488,-0.05775,-0.013,0.004477,0.007368,-0.02506,0.08525,35.2,1518,124300,24710000,-1438,943900,92800,-8.909E+11,-87590000000,-8611000000,1.68E+18,7.916E+11,77820000000,1.598E+15,neutral
31.69,0.1534,0.00019,209.2,0.000788,0.03026,0.04099,61.24,0.2369,0.245,0.3127,0.218,0.1747,0.1518,0.1396,0.1224,0.1186,0.06989,28.24,847.8,141100,27310000,198.3,348.6,30.24,658800000,60340000,5617000,1.868E+15,546600000,50850000,1.565E+12,18.97,0.1016,7.50E-05,1544,0.000884,0.03484,0.5333,43.43,-0.9044,0.5605,-0.00039,0.2191,-0.01026,0.02173,0.006369,-0.003018,-0.00656,0.07215,35.8,1707,171500,31230000,-1512,945000,92890,-8.93E+11,-87780000000,-8627000000,1.69E+18,7.933E+11,77970000000,1.603E+15,neutral
26.02,0.1304,0.00021,246.5,0.000865,0.03298,0.05859,52.8,0.1814,0.2558,0.2845,0.2164,0.1737,0.1572,0.1389,0.1189,0.1049,0.07255,23.82,945.5,136200,25860000,184,335.6,28.11,635100000,56890000,5226000,1.803E+15,516200000,47380000,1.457E+12,17.72,0.0981,8.30E-05,1573,0.000915,0.03602,0.5473,40.66,-0.9182,0.575,-0.02917,0.2174,-0.02091,-0.02558,-0.001324,0.02657,-0.01782,0.07426,34.21,1646,163400,29180000,-1486,946200,92960,-8.953E+11,-87960000000,-8641000000,1.69E+18,7.949E+11,78100000000,1.606E+15,neutral
24.85,0.1286,0.000221,194.1,0.001001,0.03769,0.03473,50.74,0.1668,0.2226,0.343,0.2404,0.1712,0.1026,0.1274,0.1156,0.1062,0.07369,23.49,822.7,120500,23480000,162.3,311.2,28.71,589600000,55660000,5340000,1.676E+15,504000000,48330000,1.49E+12,16.88,0.09271,9.90E-05,1521,0.001223,0.04765,0.523,36.75,-0.9258,0.6415,-0.01656,0.1111,-0.02197,0.02804,0.02101,0.0354,0.03259,0.0897,29.81,1173,111100,20630000,-1425,947300,93030,-8.974E+11,-88130000000,-8653000000,1.70E+18,7.964E+11,78210000000,1.61E+15,neutral
80.03,0.3463,4.60E-05,166.1,0.00053,0.0198,0.03363,141.8,0.6841,0.1578,0.301,0.1504,0.2328,0.1211,0.1332,0.09583,0.1047,0.03756,67.04,594.6,127500,11580000,730.9,401,23.94,760700000,59880000,4458000,2.165E+15,541200000,40290000,1.245E+12,48.83,0.2296,2.60E-05,1535,0.000694,0.02701,0.4795,96.54,-0.638,0.6031,-0.03083,0.1858,0.04087,0.000514,-0.02415,0.02146,0.01747,0.05336,58.77,1576,83590,23630000,-1671,948600,93100,-8.997E+11,-88310000000,-8666000000,1.71E+18,7.981E+11,78330000000,1.614E+15,sad
73.51,0.3192,3.90E-05,190.7,0.000503,0.01872,0.05677,130.5,0.6299,0.1556,0.3125,0.1418,0.224,0.13,0.1252,0.09491,0.09505,0.035,61.56,649.6,126600,13530000,647.9,396.4,28.51,753100000,63820000,5313000,2.146E+15,576300000,47960000,1.485E+12,41.62,0.199,2.40E-05,1526,0.000678,0.02641,0.4754,83.78,-0.7005,0.6034,-0.06593,0.1819,0.03733,-0.005433,-0.01711,0.02302,0.01151,0.05221,53.2,1578,95470,23950000,-1615,949900,93170,-9.024E+11,-88510000000,-8680000000,1.71E+18,7.999E+11,78460000000,1.618E+15,sad
73.76,0.3218,6.60E-05,200.6,0.0006,0.02241,0.04113,128.8,0.63,0.174,0.3095,0.1446,0.2366,0.126,0.1415,0.109,0.09868,0.04175,61.91,574.1,116200,10100000,666.3,389.3,19.88,740700000,54890000,3708000,2.114E+15,495700000,33470000,1.037E+12,41.59,0.1976,3.70E-05,1539,0.000855,0.03316,0.4528,82.26,-0.6975,0.581,-0.07545,0.1896,0.04562,-0.01368,-0.01239,0.04653,0.03344,0.06369,52.6,1520,85560,22040000,-1553,951300,93240,-9.05E+11,-88700000000,-8693000000,1.72E+18,8.016E+11,78570000000,1.621E+15,sad
63.75,0.2808,0.00015,228.7,0.000755,0.02761,0.05478,115.1,0.5432,0.1979,0.3165,0.1406,0.22,0.1261,0.1159,0.08584,0.09297,0.04024,54.3,684.9,112900,12240000,556.5,397.3,9.152,757100000,44520000,1707000,2.164E+15,402400000,15440000,4.776E+11,30.3,0.1531,6.40E-05,1522,0.000971,0.03722,0.4802,63.15,-0.7867,0.5358,-0.05728,0.1558,0.03685,-0.001273,-0.03103,0.03128,0.03312,0.0657,43.97,1527,108100,24150000,-1441,952700,93270,-9.075E+11,-88850000000,-8698000000,1.73E+18,8.03E+11,78620000000,1.623E+15,sad
68.76,0.3004,4.30E-05,181.8,0.000488,0.01819,0.04265,121.4,0.5857,0.1743,0.3108,0.1542,0.2252,0.1252,0.1294,0.1094,0.1054,0.03454,57.85,610,114200,11670000,586.8,377.9,16.27,721100000,50530000,3037000,2.064E+15,456500000,27430000,8.5E+11,37.88,0.1814,2.60E-05,1528,0.000697,0.0271,0.4867,76.79,-0.7331,0.5881,-0.06808,0.175,0.03759,0.000888,-0.02141,0.02689,0.03317,0.0534,49.75,1520,97950,23240000,-1546,954000,93300,-9.101E+11,-89010000000,-8705000000,1.74E+18,8.044E+11,78680000000,1.624E+15,sad
31.24,0.1551,0.000473,192.3,0.002225,0.08328,0.03639,61.46,0.2368,0.2635,0.3691,0.2512,0.1887,0.1703,0.1493,0.1549,0.1529,0.1338,27.07,925.2,167600,32410000,299.6,330.4,60.53,631100000,88390000,11310000,1.809E+15,801700000,102500000,3.169E+12,19.68,0.1047,0.000234,1614,0.002069,0.08017,0.5843,44.95,-0.8968,0.5067,-0.004258,0.1216,-0.09968,-0.04803,-0.04648,0.03807,0.008133,0.1448,39.44,2077,213900,39970000,-1481,955200,93420,-9.124E+11,-89230000000,-8726000000,1.74E+18,8.064E+11,78870000000,1.63E+15,angry
29.22,0.1484,0.00055,210.3,0.00261,0.0976,0.07732,58.69,0.2031,0.2735,0.3088,0.2023,0.1802,0.1754,0.1343,0.1242,0.1386,0.1639,27.61,1020,144600,27980000,301.1,304.2,46.75,581800000,73070000,8749000,1.669E+15,663700000,79390000,2.456E+12,19.9,0.1055,0.000356,1583,0.002856,0.1107,0.55,44.03,-0.9033,0.5604,0.01742,0.1582,-0.1326,-0.03752,0.001688,0.02987,-0.002821,0.205,36.75,1713,165900,30310000,-1326,956300,93570,-9.145E+11,-89480000000,-8755000000,1.75E+18,8.087E+11,79130000000,1.638E+15,angry
32.82,0.1711,0.000686,204.1,0.002602,0.09767,0.067,64.76,0.2623,0.2775,0.3262,0.217,0.181,0.1571,0.183,0.1431,0.163,0.176,30.79,1086,153500,27370000,313.4,333.1,40.34,637800000,69590000,7558000,1.832E+15,633200000,68720000,2.124E+12,20.15,0.1136,0.000346,1597,0.002517,0.09805,0.5398,45.2,-0.8891,0.5269,0.0149,0.09928,-0.09714,-0.04306,-0.07573,0.0667,0.05606,0.1809,38.65,2005,190900,37110000,-1368,957400,93700,-9.166E+11,-89710000000,-8778000000,1.76E+18,8.107E+11,79340000000,1.645E+15,angry
28.67,0.1623,0.00142,211.8,0.002739,0.1026,0.04389,57.31,0.218,0.2764,0.3002,0.22,0.2139,0.1741,0.1418,0.1385,0.1357,0.1797,26.64,1127,130500,24610000,312.4,318.5,50.23,610500000,77820000,9424000,1.756E+15,707700000,85600000,2.652E+12,21.28,0.1288,0.000531,1582,0.002732,0.1064,0.5828,49.3,-0.8909,0.5571,-0.1044,0.1169,-0.1758,-0.07398,-0.02277,0.0786,0.03939,0.1992,41.19,1994,167600,30350000,-1344,958500,93830,-9.188E+11,-89940000000,-8803000000,1.76E+18,8.128E+11,79570000000,1.652E+15,angry
32.75,0.1716,0.000848,207.8,0.002377,0.08894,0.047,66.76,0.2633,0.229,0.2824,0.193,0.2064,0.1826,0.1329,0.1164,0.1306,0.1632,28.94,1031,125900,22260000,318.1,319.9,42,613900000,70250000,7893000,1.767E+15,637800000,71620000,2.225E+12,24.68,0.1477,0.000413,1562,0.002488,0.09754,0.5225,56.64,-0.866,0.57,-0.1368,0.1123,-0.1198,-0.0661,-0.03915,0.06507,0.01225,0.1943,42.54,1905,142000,26890000,-1316,959700,93970,-9.209E+11,-90170000000,-8829000000,1.77E+18,8.15E+11,79800000000,1.659E+15,angry
33.45,0.1714,0.000204,183,0.001518,0.05691,0.04417,66.62,0.2617,0.2204,0.3362,0.2135,0.2246,0.1707,0.1315,0.1305,0.1501,0.09739,28.99,849.7,130300,23200000,263.2,364.4,59.27,700200000,91050000,11160000,2.018E+15,823400000,100900000,3.149E+12,23.52,0.134,0.000114,1600,0.001615,0.06271,0.5685,52.36,-0.8715,0.5403,-0.1108,0.1896,-0.09579,-0.06153,-0.03346,0.03307,0.006078,0.1193,42.45,1961,163800,30240000,-1471,960800,94110,-9.232E+11,-90430000000,-8856000000,1.77E+18,8.173E+11,80050000000,1.667E+15,disgust
32.76,0.1764,0.000177,179.7,0.001319,0.04936,0.03128,66.29,0.2628,0.2617,0.3646,0.2355,0.2201,0.1656,0.1859,0.1819,0.1496,0.08102,31.43,1089,151900,27880000,248.3,382.4,57.57,735900000,91290000,10860000,2.124E+15,826900000,98300000,3.071E+12,20.91,0.1198,9.20E-05,1608,0.001424,0.05486,0.5758,46.72,-0.8841,0.569,-0.05523,0.08172,-0.1292,-0.08245,-0.04111,0.04431,0.06846,0.0975,37.36,1626,137800,27940000,-1515,962100,94290,-9.257E+11,-90720000000,-8889000000,1.78E+18,8.199E+11,80350000000,1.676E+15,disgust
36.14,0.183,0.000268,197.9,0.001536,0.05759,0.07253,71.26,0.2884,0.2786,0.2792,0.2118,0.2204,0.175,0.1687,0.1407,0.153,0.1075,32.36,1061,139700,24360000,264.3,383.9,69.21,739700000,102800000,13080000,2.138E+15,928700000,118200000,3.706E+12,24.29,0.1321,0.000139,1593,0.001749,0.06837,0.5606,54.35,-0.8608,0.516,-0.08276,0.2174,-0.09651,-0.06307,-0.04447,0.04216,0.008375,0.1356,44.01,2046,169300,31600000,-1465,963500,94480,-9.282E+11,-91030000000,-8925000000,1.79E+18,8.227E+11,80680000000,1.686E+15,disgust
32.78,0.1635,0.000374,188,0.00207,0.07769,0.04106,65.25,0.2576,0.277,0.3306,0.1922,0.204,0.1582,0.1229,0.122,0.1352,0.1331,28.58,1130,171400,32120000,307.2,417.2,83.55,805100000,119900000,15820000,2.33E+15,1084000000,143000000,4.495E+12,20.18,0.1043,0.000175,1584,0.002067,0.08008,0.5725,45.12,-0.8892,0.5048,-0.01413,0.1531,-0.109,-0.05086,-0.004229,0.05405,0.02923,0.1476,40.29,2107,199700,37220000,-1483,964800,94700,-9.309E+11,-91370000000,-8967000000,1.80E+18,8.258E+11,81050000000,1.698E+15,disgust
32.76,0.1764,0.000177,179.7,0.001319,0.04936,0.03128,66.29,0.2628,0.2617,0.3646,0.2355,0.2201,0.1656,0.1859,0.1819,0.1496,0.08102,31.43,1089,151900,27880000,248.3,382.4,57.57,739100000,91760000,10930000,2.142E+15,831200000,98940000,3.111E+12,20.91,0.1198,9.20E-05,1608,0.001424,0.05486,0.5758,46.72,-0.8841,0.569,-0.05523,0.08172,-0.1292,-0.08245,-0.04111,0.04431,0.06846,0.0975,37.36,1626,137800,27940000,-1515,966200,94900,-9.336E+11,-91700000000,-9006000000,1.80E+18,8.288E+11,81400000000,1.709E+15,disgust
24.14,0.1223,0.00016,182.7,0.001211,0.04617,0.08107,48.33,0.1691,0.2455,0.3265,0.208,0.1735,0.1607,0.17,0.1489,0.133,0.1002,22.02,956.3,146600,28420000,262.2,347.4,36.49,672100000,68140000,6936000,1.951E+15,616100000,62710000,1.978E+12,17.85,0.09944,0.0001,1591,0.001383,0.05413,0.5315,40.92,-0.9226,0.6231,-0.03264,0.07196,-0.1486,-0.03651,-0.0792,0.04663,0.02237,0.1119,33.6,1573,155700,28400000,-1397,967500,95040,-9.36E+11,-91950000000,-9032000000,1.81E+18,8.311E+11,81640000000,1.717E+15,happy
25.28,0.119,0.000511,215.3,0.002223,0.08319,0.04489,49.84,0.1747,0.2817,0.3044,0.2096,0.1852,0.1614,0.1673,0.1429,0.1425,0.1348,24.39,1089,159200,30900000,332.7,387.1,53.05,750000000,87910000,10100000,2.18E+15,797900000,91600000,2.884E+12,17.81,0.09427,0.000243,1594,0.002183,0.08454,0.5946,41.01,-0.9221,0.5486,0.0834,0.1268,-0.1401,-0.05796,-0.05889,0.03956,0.01647,0.1536,36.03,1922,204400,37270000,-1434,968800,95190,-9.385E+11,-92220000000,-9061000000,1.82E+18,8.335E+11,81900000000,1.725E+15,happy
31.21,0.1526,0.000397,229.7,0.001514,0.05756,0.0933,61.17,0.2388,0.3422,0.369,0.2342,0.189,0.189,0.1651,0.1377,0.1489,0.1131,29.75,1384,201600,38400000,294.4,380.8,40.29,738900000,74840000,7680000,2.15E+15,680400000,69790000,2.196E+12,21.38,0.1139,0.000144,1608,0.00148,0.05763,0.5723,47.16,-0.8916,0.5666,0.03597,0.03939,-0.154,-0.008839,0.01473,0.02818,0.02095,0.1115,36.92,1720,178900,34470000,-1522,970100,95330,-9.411E+11,-92480000000,-9087000000,1.83E+18,8.358E+11,82140000000,1.732E+15,happy
24.56,0.1206,0.00033,213,0.001615,0.06087,0.0711,48.76,0.1688,0.2461,0.293,0.2385,0.2098,0.1821,0.1557,0.1564,0.153,0.1162,24.06,910.5,133300,25490000,279.4,348.4,44.98,676800000,76640000,8585000,1.972E+15,695400000,77870000,2.458E+12,17.76,0.09695,0.000164,1600,0.001874,0.07277,0.5411,40.06,-0.9232,0.5776,0.02877,0.1548,-0.1422,-0.09123,-0.1049,0.02278,0.01875,0.1381,35.69,1849,188300,33420000,-1395,971300,95460,-9.435E+11,-92720000000,-9111000000,1.83E+18,8.38E+11,82360000000,1.739E+15,happy
26.53,0.1388,0.000617,204.7,0.001885,0.07104,0.04372,54.1,0.1754,0.2772,0.2887,0.1825,0.2194,0.1677,0.1654,0.1224,0.1382,0.1377,25.74,1015,119900,22430000,249.8,342,43.64,665200000,74830000,8343000,1.941E+15,680100000,75760000,2.392E+12,18.9,0.1012,0.000244,1582,0.002201,0.0855,0.556,41.33,-0.9103,0.5577,-0.1403,0.09185,-0.07177,0.005033,-0.05183,0.03631,0.03755,0.1591,36.44,1632,134000,23750000,-1320,972500,95590,-9.458E+11,-92970000000,-9137000000,1.84E+18,8.403E+11,82590000000,1.747E+15,happy
24.98,0.1398,0.000302,190.5,0.001604,0.06011,0.08237,50.35,0.1847,0.3023,0.2997,0.1732,0.2158,0.1477,0.1706,0.1118,0.131,0.1011,25.33,1208,159800,29840000,267.6,325.2,39.85,633300000,69370000,7628000,1.85E+15,631900000,69410000,2.19E+12,16.23,0.09367,0.000123,1627,0.001666,0.06427,0.5065,38.19,-0.9241,0.4926,0.01348,0.1726,-0.09685,-0.0207,-0.009551,0.09138,0.02677,0.1107,33.73,1819,179100,32910000,-1443,973700,95720,-9.481E+11,-93210000000,-9162000000,1.85E+18,8.424E+11,82820000000,1.754E+15,neutral
26.79,0.1616,0.000202,193.1,0.001227,0.04606,0.06514,56.28,0.1942,0.2327,0.3476,0.2207,0.2259,0.1369,0.1851,0.1355,0.1402,0.07829,26.75,1012,125000,22080000,243.8,370.9,43.69,723100000,77840000,8374000,2.115E+15,705800000,75910000,2.407E+12,20.95,0.1256,8.00E-05,1610,0.001234,0.04769,0.5359,48.44,-0.8982,0.5851,-0.09377,0.1534,-0.08608,-0.04365,-0.05103,4.60E-05,-0.0233,0.08585,37.52,1673,136300,25510000,-1495,974900,95850,-9.504E+11,-93440000000,-9186000000,1.85E+18,8.446E+11,83030000000,1.761E+15,neutral
25.75,0.1398,0.000154,200.3,0.001296,0.04888,0.06544,52.45,0.1847,0.3047,0.3563,0.1904,0.2127,0.1335,0.1382,0.1165,0.1485,0.08647,25.76,1257,173900,33170000,267.9,374.2,40.04,730600000,74310000,7684000,2.14E+15,675000000,69760000,2.212E+12,16.89,0.09482,7.70E-05,1581,0.001318,0.05089,0.5537,39.1,-0.9204,0.5386,0.04269,0.1184,-0.07734,-0.007351,0.002373,0.0247,0.009014,0.08961,31.98,1574,158900,30370000,-1485,976200,95980,-9.529E+11,-93700000000,-9212000000,1.86E+18,8.469E+11,83270000000,1.768E+15,neutral
28.64,0.156,0.000202,204.6,0.001263,0.04747,0.03861,57.87,0.2149,0.3068,0.312,0.1907,0.2007,0.1315,0.1614,0.125,0.16,0.08295,27.78,1108,166300,31240000,246.5,346,44.58,676300000,76560000,8567000,1.983E+15,695300000,77750000,2.47E+12,18.4,0.1016,9.40E-05,1613,0.001328,0.05143,0.5738,40.27,-0.908,0.5196,0.02445,0.159,-0.08068,-0.02682,0.002931,0.04674,-0.01774,0.09236,34.41,1714,170100,32100000,-1490,977400,96110,-9.554E+11,-93940000000,-9236000000,1.87E+18,8.491E+11,83490000000,1.775E+15,neutral
54.02,0.2391,0.000153,211.3,0.001243,0.04702,0.0686,97.83,0.4541,0.265,0.3567,0.2013,0.1972,0.1249,0.1327,0.1179,0.1219,0.09184,45.12,953.9,166600,28860000,445.6,347.5,40.8,680100000,73170000,7852000,1.997E+15,663400000,71180000,2.267E+12,32.93,0.1661,8.20E-05,1603,0.001214,0.04747,0.5475,68.51,-0.7993,0.6012,-0.05877,0.1599,-0.09192,0.02228,0.02073,0.03256,-0.004973,0.09833,47.78,1737,139900,28380000,-1557,978600,96230,-9.577E+11,-94180000000,-9260000000,1.88E+18,8.512E+11,83710000000,1.782E+15,neutral
23.19,0.1209,7.10E-05,198.1,0.000562,0.02117,0.03508,46.78,0.1506,0.3094,0.3909,0.2013,0.1967,0.1264,0.169,0.1287,0.129,0.04044,24.84,1279,179100,34440000,217.8,372,22.32,729000000,57400000,4299000,2.143E+15,522200000,39180000,1.242E+12,14.97,0.08522,2.60E-05,1586,0.000672,0.02587,0.5271,33.34,-0.9338,0.4862,0.03772,0.07997,-0.02528,0.02125,-0.01224,0.02648,0.02036,0.04379,29.25,1494,167800,32680000,-1558,979900,96320,-9.602E+11,-94380000000,-9277000000,1.88E+18,8.531E+11,83860000000,1.787E+15,sad
23.47,0.1259,4.80E-05,181.6,0.000514,0.0191,0.03914,46.46,0.1423,0.2996,0.3328,0.227,0.238,0.1922,0.1608,0.1394,0.1458,0.03314,21.46,1091,147900,27950000,208.1,336.9,28.02,661100000,59780000,5402000,1.946E+15,543000000,49090000,1.562E+12,16.36,0.09076,2.10E-05,1602,0.000686,0.02645,0.5312,38.68,-0.927,0.4694,-0.1654,0.2251,0.000368,-0.07264,-0.01762,0.07363,0.05307,0.04557,35.18,1872,180400,30890000,-1543,981100,96400,-9.626E+11,-94580000000,-9292000000,1.89E+18,8.549E+11,84000000000,1.792E+15,sad
22.33,0.118,6.00E-05,190,0.000721,0.02669,0.03846,45.2,0.1365,0.2461,0.3152,0.1886,0.2032,0.159,0.1549,0.1577,0.165,0.03733,21.25,928.7,139800,27370000,226.1,364.2,31.69,715500000,66100000,6115000,2.108E+15,599400000,55460000,1.77E+12,15.19,0.0855,2.40E-05,1595,0.000832,0.03194,0.5464,36.16,-0.9328,0.4888,-0.07692,0.16,-0.04253,-0.05203,-0.08498,0.05396,0.07398,0.05152,34.34,1845,186900,32690000,-1521,982300,96500,-9.649E+11,-94790000000,-9310000000,1.90E+18,8.568E+11,84160000000,1.797E+15,sad
24.94,0.1239,8.30E-05,172.9,0.00073,0.02723,0.02517,48.74,0.1586,0.292,0.3768,0.2213,0.2202,0.1885,0.1627,0.138,0.1464,0.04483,21.52,1079,174900,34260000,253.1,368.1,38.16,724100000,72870000,7372000,2.137E+15,661500000,66910000,2.136E+12,15.45,0.07978,3.00E-05,1601,0.000806,0.031,0.5747,37.53,-0.927,0.3632,-0.1191,0.2496,-0.004503,-0.0437,-0.0871,0.02181,0.0567,0.05047,38.84,2336,234200,40750000,-1580,983600,96600,-9.674E+11,-95010000000,-9331000000,1.90E+18,8.588E+11,84350000000,1.803E+15,sad
23.47,0.1259,4.80E-05,181.6,0.000514,0.0191,0.03914,46.46,0.1423,0.2996,0.3328,0.227,0.238,0.1922,0.1608,0.1394,0.1458,0.03314,21.46,1091,147900,27950000,208.1,336.9,28.02,663600000,59980000,5419000,1.961E+15,544900000,49240000,1.572E+12,16.36,0.09076,2.10E-05,1602,0.000686,0.02645,0.5312,38.68,-0.927,0.4694,-0.1654,0.2251,0.000368,-0.07264,-0.01762,0.07363,0.05307,0.04557,35.18,1872,180400,30890000,-1543,984800,96700,-9.698E+11,-95230000000,-9350000000,1.91E+18,8.608E+11,84520000000,1.808E+15,sad
26.3,0.1483,0.000769,232.9,0.002767,0.1057,0.03722,53.74,0.2165,0.2487,0.3258,0.2173,0.207,0.1764,0.1679,0.1448,0.1186,0.217,23.98,1035,136900,25500000,227,287.6,54.49,567100000,81360000,10550000,1.677E+15,739300000,95730000,3.064E+12,18.33,0.1077,0.000423,1609,0.002595,0.1017,0.5651,41.21,-0.9168,0.6241,-0.006744,0.0851,-0.1416,-0.07147,0.01468,0.1288,0.02097,0.2095,33.26,1582,147700,28660000,-1426,985900,96820,-9.72E+11,-95450000000,-9373000000,1.92E+18,8.628E+11,84730000000,1.815E+15,angry
26.3,0.1483,0.000769,232.9,0.002767,0.1057,0.03722,53.74,0.2165,0.2487,0.3258,0.2173,0.207,0.1764,0.1679,0.1448,0.1186,0.217,23.98,1035,136900,25500000,227,287.6,54.49,567700000,81460000,10570000,1.681E+15,740100000,95880000,3.074E+12,18.33,0.1077,0.000423,1609,0.002595,0.1017,0.5651,41.21,-0.9168,0.6241,-0.006744,0.0851,-0.1416,-0.07147,0.01468,0.1288,0.02097,0.2095,33.26,1582,147700,28660000,-1426,986900,96970,-9.739E+11,-95700000000,-9402000000,1.92E+18,8.65E+11,84990000000,1.823E+15,angry
31.28,0.1622,0.000738,253.6,0.002747,0.1058,0.03725,61.16,0.2684,0.2359,0.3237,0.2204,0.1726,0.1742,0.1532,0.1215,0.1209,0.2337,28.37,1055,128000,22980000,212.9,293.7,57.1,580200000,84570000,11090000,1.72E+15,769500000,100700000,3.232E+12,22.36,0.139,0.000425,1633,0.002574,0.1011,0.5741,50.47,-0.8973,0.681,-0.1331,-0.00385,-0.1542,-0.04249,0.03696,0.1128,0.001957,0.2208,37.79,1561,127300,24550000,-1446,987900,97140,-9.759E+11,-95960000000,-9435000000,1.93E+18,8.674E+11,85290000000,1.833E+15,angry
28.5,0.1466,0.000825,232.7,0.002749,0.1043,0.02537,56.3,0.2345,0.3135,0.3082,0.1964,0.191,0.1799,0.183,0.1637,0.1261,0.209,26.68,1306,166400,30940000,239.4,282.3,62.58,558200000,89140000,12180000,1.656E+15,811100000,110600000,3.555E+12,21.87,0.1237,0.000508,1633,0.00288,0.1128,0.5784,48.62,-0.8975,0.5863,0.01921,0.2041,-0.1008,-0.09164,-0.07832,0.1067,-0.01212,0.234,40.15,2071,199200,36820000,-1508,988900,97310,-9.779E+11,-96220000000,-9468000000,1.93E+18,8.698E+11,85590000000,1.842E+15,angry
26.58,0.1568,0.001015,231.8,0.002476,0.09515,0.02271,54.39,0.2177,0.2151,0.3175,0.2418,0.1888,0.1535,0.1925,0.137,0.1244,0.2129,25.41,984.3,102500,16770000,165.4,273.2,57.26,540900000,83090000,11160000,1.606E+15,754100000,101200000,3.264E+12,21.43,0.1379,0.000508,1633,0.002707,0.107,0.5773,48.17,-0.9008,0.6552,-0.1129,0.0793,-0.1739,-0.1023,-0.009125,0.1417,0.01229,0.2416,37.57,1645,130500,25280000,-1375,989800,97480,-9.798E+11,-96490000000,-9501000000,1.94E+18,8.722E+11,85890000000,1.852E+15,angry
23.51,0.1305,0.000946,203.3,0.002898,0.1108,0.0357,48.28,0.1648,0.2765,0.352,0.2404,0.2122,0.1715,0.2126,0.1378,0.1845,0.2324,24.65,1230,156500,30100000,291.1,283.6,56.4,562000000,83320000,11010000,1.671E+15,759600000,100200000,3.226E+12,21.65,0.1249,0.000482,1620,0.002587,0.1018,0.6089,48.45,-0.9108,0.6359,-0.0594,0.09955,-0.1399,0.002861,0.03351,0.1578,0.0405,0.2176,37.68,1680,153000,27730000,-1516,990800,97650,-9.817E+11,-96750000000,-9535000000,1.95E+18,8.746E+11,86200000000,1.862E+15,disgust
18.57,0.1023,0.000714,222,0.002855,0.1088,0.03688,38.11,0.1258,0.3302,0.3793,0.199,0.146,0.1199,0.1633,0.1248,0.1347,0.2143,19.82,1575,201300,39510000,281.4,332.9,77.62,660500000,109200000,15190000,1.965E+15,993000000,137800000,4.458E+12,16.19,0.09612,0.000414,1604,0.003045,0.1183,0.5573,36.16,-0.9437,0.6566,-0.04636,-0.05906,-0.1272,-0.007168,0.04714,0.1053,0.006469,0.2347,30.92,1435,139800,25720000,-1429,991900,97860,-9.838E+11,-97060000000,-9575000000,1.95E+18,8.774E+11,86560000000,1.874E+15,disgust
23.82,0.1409,0.000836,267.6,0.003474,0.133,0.04335,48.78,0.1912,0.2297,0.3305,0.2151,0.1668,0.1484,0.1853,0.1558,0.1369,0.2754,24.68,987.9,110700,21000000,225.2,295.2,67.22,586300000,95370000,13180000,1.747E+15,869000000,119800000,3.878E+12,17.2,0.1069,0.000558,1624,0.003547,0.1378,0.5582,37.72,-0.9238,0.6523,-0.1197,0.02042,-0.1324,-0.08556,0.02733,0.1407,0.07682,0.2771,32.34,1352,111000,21300000,-1375,993000,98080,-9.859E+11,-97380000000,-9618000000,1.96E+18,8.803E+11,86950000000,1.886E+15,disgust
20.73,0.123,0.00166,209.5,0.004043,0.1537,0.05564,42.86,0.1467,0.2335,0.3235,0.229,0.1644,0.1421,0.1442,0.1538,0.155,0.3064,22.4,1012,116600,22920000,257.2,307,68.18,610200000,97580000,13400000,1.82E+15,888400000,121700000,3.949E+12,16.06,0.09877,0.000932,1625,0.004341,0.1686,0.5234,36.35,-0.9364,0.6591,-0.04079,0.01348,-0.09686,0.002214,0.002245,0.1053,0.0416,0.3287,30.73,1326,118800,22070000,-1323,994000,98270,-9.88E+11,-97670000000,-9655000000,1.96E+18,8.83E+11,87290000000,1.897E+15,disgust
34.9,0.176,0.001084,236.7,0.0033,0.1254,0.03017,68.52,0.2923,0.2321,0.3096,0.2425,0.1956,0.18,0.1886,0.1325,0.1317,0.2544,30.25,904,133200,22700000,207.6,271.8,60.01,541000000,86210000,11810000,1.615E+15,783500000,107200000,3.488E+12,23.2,0.1363,0.000582,1594,0.003141,0.1234,0.5968,50.46,-0.872,0.6,-0.07265,0.1127,-0.162,-0.07719,-0.01786,0.09258,0.01912,0.2592,38.76,1682,139700,27650000,-1390,995000,98440,-9.9E+11,-97950000000,-9689000000,1.97E+18,8.854E+11,87600000000,1.907E+15,disgust
24.07,0.1305,0.000231,210.1,0.001434,0.05509,0.03608,48.47,0.1901,0.345,0.3868,0.256,0.2004,0.198,0.1931,0.1685,0.1318,0.1204,24.46,1494,193200,36820000,216,286.2,64.85,570000000,92630000,12790000,1.703E+15,839200000,115800000,3.783E+12,20.26,0.1199,0.00012,1657,0.001533,0.06002,0.614,44.79,-0.912,0.6187,-0.1016,0.05866,-0.1646,-0.0981,-0.000911,0.09352,0.0162,0.1276,35.71,1600,142100,27580000,-1553,996000,98620,-9.919E+11,-98220000000,-9724000000,1.98E+18,8.879E+11,87910000000,1.918E+15,happy
24.33,0.1406,0.000351,255.8,0.001899,0.07278,0.02666,50.06,0.1898,0.2251,0.2959,0.2397,0.1913,0.1777,0.1644,0.1285,0.1193,0.1564,23.5,964.8,94280,17240000,141.9,279.8,48.25,557800000,75570000,9532000,1.668E+15,685200000,86360000,2.824E+12,20.04,0.1239,0.000206,1614,0.001988,0.07784,0.5925,44.33,-0.9137,0.7026,-0.1428,0.02645,-0.1584,-0.1095,-0.03218,0.126,0.03313,0.1686,34.02,1345,103400,19710000,-1381,996900,98780,-9.939E+11,-98480000000,-9757000000,1.98E+18,8.902E+11,88210000000,1.927E+15,happy
61.61,0.2654,0.000348,241.4,0.00204,0.07824,0.02897,106.3,0.5401,0.1906,0.2943,0.2203,0.2323,0.1802,0.1539,0.1399,0.1215,0.1672,52.27,944.5,105500,13780000,570.6,314.1,64.07,626900000,94750000,12680000,1.877E+15,858300000,114800000,3.763E+12,38.84,0.1978,0.000213,1619,0.00208,0.08139,0.5981,76.19,-0.7554,0.7198,-0.1642,0.06027,-0.09219,-0.05324,-0.01442,0.07526,0.01769,0.1759,49.53,1328,59880,15930000,-1553,998000,98950,-9.959E+11,-98750000000,-9790000000,1.99E+18,8.927E+11,88510000000,1.937E+15,happy
62.87,0.2746,0.000394,222.8,0.001909,0.07319,0.03569,114.6,0.5465,0.2313,0.3489,0.204,0.2333,0.1795,0.1538,0.1337,0.1122,0.1557,53.89,1088,135100,21410000,607.8,306.1,58.7,611500000,88720000,11640000,1.833E+15,804800000,105500000,3.46E+12,37.16,0.1901,0.000209,1625,0.001858,0.07258,0.5865,76.87,-0.7614,0.7054,-0.09283,0.006707,-0.09394,-0.04811,-0.00921,0.08889,0.02991,0.1529,47.39,1349,81460,20570000,-1641,999000,99130,-9.981E+11,-99030000000,-9826000000,1.99E+18,8.953E+11,88830000000,1.948E+15,happy
37.44,0.1815,0.000364,259.6,0.001893,0.07238,0.0326,72.57,0.3116,0.2293,0.3389,0.2355,0.1928,0.1514,0.1597,0.1142,0.09529,0.1591,33.07,1071,102000,17190000,173.2,266.9,51.65,533700000,78010000,10260000,1.601E+15,705700000,92750000,3.054E+12,24.15,0.1391,0.000233,1620,0.002236,0.08734,0.5411,51.3,-0.8793,0.704,-0.1713,-0.001654,-0.107,-0.04024,-0.008354,0.07006,0.04294,0.1807,35.73,1180,69690,15290000,-1376,1000000,99280,-1E+12,-99280000000,-9856000000,2.00E+18,8.975E+11,89110000000,1.957E+15,happy
22.63,0.1324,0.000212,215.9,0.001543,0.05856,0.06793,46.77,0.1691,0.2234,0.3301,0.2189,0.2053,0.1432,0.1506,0.1355,0.1336,0.1176,22.89,924.8,120200,22830000,189.1,282.3,47.91,565100000,75690000,9527000,1.697E+15,687700000,86440000,2.842E+12,15.75,0.09759,0.000126,1619,0.001659,0.06454,0.5114,35.73,-0.9303,0.6212,-0.06208,0.005557,-0.1445,-0.03789,0.01434,0.06565,0.01104,0.1237,31.74,1418,126700,24050000,-1417,1001000,99440,-1.002E+12,-99530000000,-9886000000,2.01E+18,8.998E+11,89380000000,1.966E+15,neutral
39.59,0.1932,0.000417,239.5,0.001361,0.05153,0.06184,74.62,0.3288,0.2433,0.3064,0.2056,0.2026,0.1834,0.175,0.119,0.137,0.1085,35.13,993.5,122300,21350000,206.2,253.9,37.57,508700000,62520000,7480000,1.529E+15,568700000,67950000,2.234E+12,22.94,0.1282,0.000168,1567,0.001438,0.05623,0.5089,50,-0.8736,0.6122,-0.07561,0.06598,-0.1255,-0.03791,0.01135,0.09633,0.002083,0.1136,37.47,1492,115500,23140000,-1448,1002000,99560,-1.004E+12,-99750000000,-9912000000,2.01E+18,9.018E+11,89610000000,1.974E+15,neutral
21.71,0.1202,0.000442,224.7,0.001511,0.05767,0.03741,45.15,0.1543,0.1969,0.3372,0.2376,0.165,0.144,0.1618,0.1333,0.1223,0.124,21.68,865.8,95500,18030000,175.4,260.4,47.05,522200000,72870000,9379000,1.571E+15,662200000,85120000,2.805E+12,17.28,0.106,0.000208,1614,0.001811,0.07072,0.5464,37.32,-0.9313,0.7087,-0.07721,-0.02598,-0.1633,-0.05,0.03188,0.09912,0.005379,0.1463,29.76,1088,91380,17230000,-1409,1003000,99690,-1.006E+12,-99970000000,-9937000000,2.02E+18,9.038E+11,89850000000,1.981E+15,neutral
81.32,0.3452,0.000582,216.1,0.00171,0.06565,0.04026,142.8,0.6971,0.1826,0.3262,0.2248,0.2625,0.1868,0.1831,0.1239,0.09849,0.1443,68.86,864.1,103300,9755000,738.3,269.7,44.93,541400000,71790000,8970000,1.63E+15,650900000,81270000,2.686E+12,57.31,0.2781,0.000242,1601,0.001783,0.07003,0.5458,109.1,-0.602,0.7035,-0.1241,0.07897,-0.05623,-0.009204,-0.006781,0.06597,0.006777,0.1497,64.07,1318,24170,15090000,-1649,1004000,99820,-1.007E+12,-1.002E+11,-9964000000,2.02E+18,9.058E+11,90080000000,1.989E+15,neutral
25.51,0.1379,0.000565,229.3,0.001831,0.07017,0.07128,51.3,0.2085,0.2351,0.3409,0.2579,0.1632,0.1779,0.1484,0.1142,0.1148,0.1522,24.25,1039,121500,22750000,192.4,287.5,47.23,577800000,75730000,9441000,1.741E+15,688500000,85710000,2.831E+12,19.03,0.1149,0.000252,1590,0.001861,0.07296,0.5715,42.28,-0.9143,0.6544,-0.06558,0.01878,-0.1362,-0.04311,-0.005771,0.05433,-0.02127,0.1541,33,1351,111900,21510000,-1414,1005000,99970,-1.009E+12,-1.004E+11,-9992000000,2.03E+18,9.08E+11,90340000000,1.998E+15,neutral
22.82,0.1244,0.00016,228.2,0.00114,0.04284,0.07623,46.86,0.1595,0.2717,0.3422,0.2377,0.18,0.1377,0.1487,0.1258,0.1358,0.07819,23.16,1079,138500,26890000,164.7,312.4,51.95,628400000,83060000,10400000,1.896E+15,754300000,94330000,3.123E+12,15.64,0.09179,7.00E-05,1615,0.001321,0.05113,0.4529,35.59,-0.9329,0.6356,-0.08165,-0.02908,-0.1082,-0.0117,0.02693,0.09436,0.0388,0.09484,30.28,1293,120200,23100000,-1482,1006000,100100,-1.011E+12,-1.007E+11,-10020000000,2.03E+18,9.102E+11,90610000000,2.006E+15,sad
12.88,0.0906,0.000132,207.9,0.001106,0.04151,0.05747,28.71,0.07328,0.2336,0.3251,0.1796,0.1276,0.122,0.105,0.1116,0.1173,0.07182,15.69,1036,134500,26000000,181.5,330.5,57.55,665500000,90730000,11540000,2.01E+15,822700000,104500000,3.471E+12,11.31,0.06865,5.60E-05,1605,0.001251,0.04793,0.4596,28.35,-0.9657,0.6234,-0.006297,-0.01462,-0.02528,-0.01278,0.0365,0.07896,0.07005,0.0805,25.24,1181,121200,22310000,-1508,1007000,100300,-1.014E+12,-1.009E+11,-10050000000,2.04E+18,9.126E+11,90880000000,2.016E+15,sad
16.98,0.101,0.000109,218.5,0.001183,0.04465,0.04766,36.95,0.1114,0.257,0.3429,0.202,0.1613,0.1308,0.1222,0.1065,0.1081,0.07956,19.38,1104,142700,27780000,203.9,307,49.11,618900000,79840000,9861000,1.872E+15,725700000,89500000,2.97E+12,12.21,0.07007,6.00E-05,1631,0.001403,0.05394,0.474,28.82,-0.9546,0.5854,-0.006311,-0.0336,-0.05386,0.01377,0.04309,0.08196,0.06492,0.09264,25.94,1205,119200,23000000,-1461,1008000,100400,-1.016E+12,-1.012E+11,-10080000000,2.05E+18,9.151E+11,91170000000,2.025E+15,sad
30.45,0.1538,0.000151,257,0.00127,0.04828,0.05409,60.19,0.2479,0.2783,0.3679,0.1961,0.155,0.1217,0.1196,0.1306,0.1013,0.09295,28.33,1134,146200,27900000,219.2,338.5,52.4,683100000,86570000,10540000,2.068E+15,783000000,95280000,3.177E+12,15,0.08427,7.30E-05,1627,0.001343,0.05171,0.5498,33.22,-0.932,0.5891,-0.03552,-0.0374,-0.05414,0.02604,0.0544,0.06219,0.05258,0.09303,28.21,1247,122500,24430000,-1489,1009000,100500,-1.018E+12,-1.015E+11,-10110000000,2.06E+18,9.172E+11,91390000000,2.032E+15,sad
60.44,0.2627,0.000143,188,0.000919,0.0351,0.04076,104.7,0.5199,0.2125,0.3394,0.1983,0.1781,0.1123,0.1253,0.1126,0.1031,0.06885,52.29,980.4,133300,21680000,538.7,329.8,45.71,666400000,79070000,9204000,2.019E+15,718100000,83520000,2.78E+12,29.12,0.1429,5.30E-05,1607,0.000998,0.03844,0.5357,58.48,-0.8112,0.6528,0.02798,-0.01997,0.004213,-0.009498,-0.03289,0.03597,0.0407,0.06923,39.4,1153,81820,20270000,-1626,1010000,100700,-1.02E+12,-1.017E+11,-10140000000,2.06E+18,9.195E+11,91650000000,2.041E+15,sad
8.603,0.06396,0.000771,194.6,0.002467,0.09109,0.06145,20.52,0.0571,0.2796,0.3111,0.1401,0.148,0.1023,0.1028,0.08538,0.08961,0.09626,14.89,1300,171400,33300000,233.9,409.8,89,829100000,131000000,17950000,2.52E+15,1184000000,162300000,5.43E+12,8.406,0.04932,0.000258,1588,0.00223,0.08453,0.5526,20.92,-0.9807,0.5542,0.1864,0.1233,0.02032,0.04619,0.04178,0.03508,0.01468,0.1091,22.29,1391,162200,29600000,-1538,1011000,100900,-1.02E+12,-1.02E+11,-10170000000,2.07E+18,9.22E+11,91990000000,2.05E+15,angry
12.59,0.08085,0.000933,160.3,0.002558,0.09581,0.07721,28.25,0.08871,0.3054,0.3284,0.1752,0.1506,0.1158,0.1538,0.1022,0.09779,0.1397,17.11,1431,170000,33050000,252.6,490.3,106.7,993300000,157200000,21580000,3.019E+15,1423000000,195200000,6.547E+12,11.25,0.06342,0.000336,1591,0.002272,0.08677,0.5678,29.05,-0.9666,0.5878,0.04795,0.02882,-0.03385,0.04022,0.06785,0.05451,0.01975,0.1335,28.02,1593,162600,29470000,-1557,1013000,101200,-1.026E+12,-1.025E+11,-10230000000,2.08E+18,9.264E+11,92500000000,2.07E+15,angry
10.68,0.06954,0.002463,186.7,0.003169,0.1182,0.05857,22.94,0.07,0.3151,0.3154,0.1388,0.1448,0.1156,0.1119,0.07807,0.08094,0.1643,14.48,1362,180600,35270000,262.9,465.6,106.5,944900000,155000000,21620000,2.876E+15,1401000000,195400000,6.578E+12,10.3,0.0594,0.000614,1569,0.003045,0.1162,0.5583,25.35,-0.9752,0.5743,0.1158,0.05853,-0.04681,0.0378,0.04073,0.04239,0.01956,0.1782,26.76,1588,178800,32290000,-1518,1015000,101500,-1.03E+12,-1.029E+11,-10290000000,2.09E+18,9.306E+11,93040000000,2.088E+15,angry
56.75,0.2449,0.000857,186.6,0.002679,0.09914,0.05578,97.98,0.4901,0.2151,0.3007,0.1228,0.1619,0.1078,0.1122,0.08585,0.07588,0.1198,49.08,909.6,134700,22170000,519.1,413,97.99,839300000,141400000,19940000,2.559E+15,1278000000,180200000,6.085E+12,25.32,0.1203,0.000352,1587,0.002586,0.09856,0.5388,49.69,-0.8408,0.6128,0.09713,0.08872,0.02936,0.05341,0.05523,0.04348,0.03453,0.1371,36,1183,93370,20230000,-1619,1016000,101700,-1.033E+12,-1.034E+11,-10350000000,2.10E+18,9.347E+11,93580000000,2.106E+15,angry
19.43,0.143,0.000616,166.7,0.003283,0.1217,0.05192,43.51,0.1731,0.3648,0.3676,0.2173,0.1986,0.1171,0.1256,0.09014,0.1046,0.1329,22.05,1798,151900,28950000,235.3,448.9,90.12,913700000,137100000,18380000,2.79E+15,1240000000,166200000,5.625E+12,13.29,0.08148,0.000313,1601,0.002999,0.1136,0.5409,33.68,-0.9382,0.5106,-0.00351,0.0924,-0.0034,0.03905,0.06515,0.05295,0.03176,0.1525,29.16,1688,139500,26750000,-1526,1018000,102000,-1.036E+12,-1.038E+11,-10410000000,2.11E+18,9.385E+11,94080000000,2.123E+15,angry
17.3,0.09999,0.00048,199.3,0.00151,0.05596,0.03363,35.94,0.1126,0.1867,0.3388,0.1754,0.1845,0.1304,0.1225,0.1063,0.1036,0.06982,18.16,842.6,118300,22980000,185.2,399.4,66.49,814100000,108000000,13590000,2.489E+15,976500000,122900000,4.168E+12,13.89,0.08479,0.000106,1550,0.001212,0.04656,0.6297,33.41,-0.9504,0.607,0.04925,0.04345,-0.1038,0.04523,0.018,0.003648,-0.005327,0.07108,30.71,1631,175400,31350000,-1574,1019000,102200,-1.039E+12,-1.042E+11,-10450000000,2.12E+18,9.419E+11,94470000000,2.136E+15,disgust
8.538,0.0577,0.000125,151.5,0.001025,0.03803,0.04363,18.9,0.05027,0.1755,0.3287,0.1553,0.1481,0.1171,0.1188,0.1182,0.1277,0.04179,12.53,973.5,129800,24510000,207.1,497.2,59.81,1015000000,111600000,12250000,3.108E+15,1011000000,111000000,3.763E+12,9.223,0.05276,4.30E-05,1566,0.000885,0.03365,0.5778,23.38,-0.9771,0.6042,0.03258,-0.03204,0.05871,0.09383,0.09441,0.06256,0.01477,0.04655,23.7,1287,146300,26760000,-1628,1021000,102400,-1.042E+12,-1.045E+11,-10490000000,2.13E+18,9.45E+11,94810000000,2.148E+15,disgust
15.46,0.09799,0.00011,184.2,0.000879,0.03287,0.03841,31.91,0.09681,0.3587,0.4393,0.2619,0.1716,0.1609,0.1387,0.1383,0.1257,0.05318,18.58,1711,224800,43890000,296.2,435.1,67.6,889600000,113500000,13870000,2.728E+15,1027000000,125400000,4.268E+12,14.2,0.0848,5.10E-05,1580,0.000796,0.03072,0.5926,35.38,-0.9528,0.5542,0.004759,0.03451,-0.05058,0.05988,0.09609,0.03751,0.01142,0.05067,31.4,1871,209100,39730000,-1731,1022000,102600,-1.045E+12,-1.049E+11,-10520000000,2.14E+18,9.482E+11,95160000000,2.16E+15,disgust
19.53,0.1101,0.000132,170.1,0.001021,0.03763,0.08586,42.16,0.1317,0.1741,0.364,0.2076,0.1716,0.1108,0.1806,0.1319,0.1339,0.04414,20.58,959.7,126700,24020000,206.2,470.9,80.57,964400000,130200000,16570000,2.962E+15,1178000000,149800000,5.109E+12,14.1,0.08493,4.30E-05,1566,0.001026,0.03923,0.5576,34.54,-0.9449,0.6006,-0.005133,0.03894,-0.04217,0.08481,0.09387,0.05636,0.01676,0.0567,29.3,1450,146200,26700000,-1610,1024000,102800,-1.048E+12,-1.053E+11,-10570000000,2.15E+18,9.517E+11,95580000000,2.174E+15,disgust
15.46,0.09799,0.00011,184.2,0.000879,0.03287,0.03841,31.91,0.09681,0.3587,0.4393,0.2619,0.1716,0.1609,0.1387,0.1383,0.1257,0.05318,18.58,1711,224800,43890000,296.2,435.1,67.6,892300000,113900000,13930000,2.745E+15,1030000000,126000000,4.304E+12,14.2,0.0848,5.10E-05,1580,0.000796,0.03072,0.5926,35.38,-0.9528,0.5542,0.004759,0.03451,-0.05058,0.05988,0.09609,0.03751,0.01142,0.05067,31.4,1871,209100,39730000,-1731,1025000,103000,-1.052E+12,-1.056E+11,-10610000000,2.16E+18,9.55E+11,95950000000,2.187E+15,disgust
13.42,0.08168,0.000295,176.1,0.001636,0.06079,0.06635,29.02,0.08242,0.334,0.3301,0.1645,0.1499,0.08669,0.1077,0.1011,0.1062,0.07867,17.8,1503,192800,37570000,250.8,455.7,86.27,935900000,135300000,17810000,2.884E+15,1219000000,160600000,5.515E+12,11.33,0.06655,0.00013,1578,0.001553,0.05924,0.5574,28.21,-0.9658,0.5227,0.1171,0.05855,0.000517,0.06899,0.06317,0.04507,0.01408,0.08545,26.82,1582,175800,32640000,-1580,1027000,103200,-1.055E+12,-1.06E+11,-10650000000,2.17E+18,9.583E+11,96310000000,2.199E+15,happy
11.46,0.06349,0.00022,153.1,0.001299,0.04834,0.07496,24.87,0.07062,0.3335,0.3518,0.1355,0.1495,0.09372,0.1015,0.1108,0.1036,0.06563,16.31,1503,201200,38980000,252.3,428,47.67,880300000,93140000,9860000,2.716E+15,843600000,89290000,3.059E+12,8.494,0.04763,9.30E-05,1577,0.001359,0.05157,0.5456,21.44,-0.9769,0.4885,0.1454,0.09466,0.06034,0.07718,0.07109,0.04538,0.02983,0.07145,21.44,1314,158400,30060000,-1519,1029000,103400,-1.058E+12,-1.064E+11,-10700000000,2.18E+18,9.616E+11,96690000000,2.212E+15,happy
49.84,0.2193,0.000513,166.9,0.002201,0.08203,0.06895,90.44,0.4223,0.3159,0.3439,0.1438,0.1677,0.1036,0.11,0.08572,0.09008,0.1063,43.72,1570,214800,38970000,479.4,489.2,89.61,1008000000,142100000,18570000,3.115E+15,1286000000,168000000,5.772E+12,21.4,0.1054,0.0002,1571,0.001895,0.07209,0.5605,46.35,-0.8722,0.5116,0.1449,0.04585,-0.005804,0.04437,0.0341,0.03013,0.01283,0.1007,34.37,1531,152600,31880000,-1645,1030000,103600,-1.061E+12,-1.068E+11,-10740000000,2.19E+18,9.651E+11,97090000000,2.226E+15,happy
11.86,0.0814,0.00033,177.7,0.001602,0.05946,0.05263,28.54,0.07637,0.3897,0.3717,0.1352,0.17,0.09326,0.09297,0.08305,0.09356,0.07163,18.3,1763,231900,44890000,292.3,495.6,77.37,1023000000,130700000,16070000,3.165E+15,1182000000,145300000,5.004E+12,9.364,0.05603,0.000117,1562,0.001455,0.0554,0.5529,25.86,-0.9705,0.4394,0.09487,0.07503,0.006201,0.06687,0.06219,0.04737,0.02733,0.07794,26.85,1758,193700,36540000,-1555,1032000,103800,-1.065E+12,-1.071E+11,-10780000000,2.20E+18,9.686E+11,97470000000,2.239E+15,happy
9.85,0.06599,0.000351,157.5,0.001978,0.07324,0.079,24.01,0.05793,0.324,0.3507,0.1842,0.1696,0.09755,0.1052,0.1098,0.09892,0.08104,16.35,1542,201800,39410000,275.3,503.4,96.93,1041000000,152200000,20170000,3.227E+15,1373000000,182100000,6.296E+12,9.486,0.0554,0.000146,1581,0.001714,0.06508,0.5321,25.05,-0.9751,0.5112,0.13,0.07343,0.003927,0.07289,0.06735,0.03576,0.01586,0.08877,24.95,1561,176300,32740000,-1576,1034000,104100,-1.068E+12,-1.075E+11,-10830000000,2.21E+18,9.722E+11,97880000000,2.253E+15,happy
17.68,0.09489,0.000331,196.6,0.001612,0.05957,0.04875,35.74,0.1225,0.3094,0.2738,0.1369,0.1812,0.1251,0.1658,0.1095,0.1324,0.07436,20.19,1360,172500,33550000,256.9,437,62.77,904600000,109700000,13090000,2.809E+15,993500000,118500000,4.095E+12,10.25,0.05656,0.000117,1595,0.001725,0.06584,0.514,25.16,-0.9621,0.4653,0.08928,0.137,-0.04595,0.06117,0.112,0.105,0.01665,0.09482,26.39,1593,172200,30940000,-1463,1035000,104300,-1.072E+12,-1.08E+11,-10880000000,2.22E+18,9.76E+11,98340000000,2.269E+15,neutral
14.09,0.07809,0.000216,206.6,0.001408,0.05195,0.06882,28.82,0.09365,0.2504,0.269,0.1346,0.1537,0.1166,0.1341,0.09786,0.1036,0.05965,16.22,1025,134400,26430000,192.5,390.5,68.54,809600000,111200000,14320000,2.518E+15,1007000000,129700000,4.488E+12,8.752,0.04624,7.70E-05,1576,0.001659,0.06309,0.4932,20.28,-0.9741,0.5592,0.09683,0.1146,-0.02256,0.05395,0.1054,0.08961,0.04566,0.08653,22.17,1208,131100,23050000,-1454,1037000,104500,-1.075E+12,-1.083E+11,-10920000000,2.23E+18,9.792E+11,98710000000,2.282E+15,neutral
58.88,0.2553,0.000316,181.2,0.001935,0.07161,0.04478,106.3,0.5041,0.2906,0.266,0.1215,0.1834,0.1123,0.1345,0.08873,0.09334,0.07918,51.33,1296,173400,30310000,567,426.2,79.95,884800000,127000000,16740000,2.755E+15,1149000000,151400000,5.256E+12,25.01,0.1154,0.000112,1590,0.001916,0.07262,0.5093,49.78,-0.8313,0.5245,0.129,0.101,0.02195,0.0615,0.07606,0.0596,0.0202,0.09611,36.76,1375,118300,25420000,-1607,1038000,104700,-1.077E+12,-1.087E+11,-10960000000,2.24E+18,9.824E+11,99090000000,2.295E+15,neutral
13.57,0.08188,0.00023,189.2,0.001472,0.05431,0.06679,29.91,0.0893,0.2668,0.2889,0.1403,0.1495,0.0996,0.1111,0.09385,0.1121,0.05906,18.55,1306,152800,29440000,225.5,441.2,80.24,917400000,129200000,16840000,2.861E+15,1168000000,152200000,5.299E+12,8.636,0.04991,7.60E-05,1605,0.001679,0.0635,0.4799,21.03,-0.972,0.4853,0.1286,0.1192,0.02891,0.04677,0.07646,0.07474,0.03927,0.07964,22.51,1292,138300,25320000,-1526,1040000,104900,-1.081E+12,-1.091E+11,-11010000000,2.25E+18,9.86E+11,99530000000,2.31E+15,neutral
11.77,0.07253,0.000277,174.2,0.00143,0.05277,0.04517,25.85,0.07678,0.2884,0.3203,0.1243,0.1562,0.1143,0.1303,0.09163,0.09164,0.06225,16.75,1356,172400,33490000,229.1,416.7,80.94,867500000,127700000,17020000,2.709E+15,1154000000,153800000,5.367E+12,8.893,0.05077,9.10E-05,1587,0.001555,0.05917,0.5033,22.09,-0.9745,0.5404,0.09387,0.08107,-0.02404,0.04476,0.08977,0.06423,0.04402,0.08115,23.86,1374,147600,26870000,-1521,1041000,105200,-1.084E+12,-1.095E+11,-11060000000,2.26E+18,9.895E+11,99950000000,2.325E+15,neutral
41.61,0.1927,3.10E-05,175.9,0.000549,0.02038,0.05031,79.58,0.3471,0.2715,0.3173,0.2043,0.1709,0.1347,0.1262,0.1282,0.11,0.02757,37.08,1324,167900,30910000,384.8,419.4,23.68,874500000,68740000,4987000,2.735E+15,621400000,45070000,1.575E+12,18.07,0.0937,1.30E-05,1558,0.000602,0.023,0.5102,40.88,-0.8986,0.5484,0.003011,-0.02449,-0.002321,0.05968,0.08117,0.06134,0.02457,0.0345,33.53,1547,151700,30620000,-1642,1042000,105300,-1.087E+12,-1.098E+11,-11080000000,2.27E+18,9.922E+11,1.002E+11,2.334E+15,sad
12.5,0.08066,3.30E-05,171.3,0.000578,0.02139,0.03589,27.62,0.07665,0.3155,0.2999,0.1401,0.1469,0.1232,0.1385,0.1175,0.1135,0.02564,17.5,1449,178900,34750000,212.9,415,32.93,866500000,77690000,6940000,2.713E+15,702800000,62760000,2.194E+12,8.568,0.05065,1.30E-05,1580,0.000582,0.02213,0.5791,21.48,-0.9721,0.4455,0.05476,-0.001918,-0.03437,0.02702,0.08876,0.07239,0.02832,0.03012,26.86,1774,201500,38040000,-1633,1044000,105400,-1.09E+12,-1.1E+11,-11100000000,2.28E+18,9.944E+11,1.004E+11,2.34E+15,sad
13.11,0.08073,2.60E-05,166.1,0.00055,0.02041,0.07767,28.21,0.08152,0.3623,0.2832,0.1696,0.1243,0.1068,0.1342,0.09116,0.1012,0.02418,17.82,1619,206100,39920000,231.7,438.3,22.4,916400000,69340000,4723000,2.874E+15,627900000,42790000,1.494E+12,8.152,0.04719,1.00E-05,1565,0.000544,0.02064,0.5271,21.31,-0.9713,0.4141,0.0865,-0.006718,-0.006337,0.05749,0.08486,0.0849,0.0514,0.028,26.33,1857,218300,41740000,-1636,1045000,105400,-1.093E+12,-1.102E+11,-11120000000,2.29E+18,9.965E+11,1.005E+11,2.345E+15,sad
7.348,0.06081,5.60E-05,156.7,0.000733,0.02719,0.05284,17.28,0.04409,0.3493,0.309,0.164,0.1409,0.1102,0.1066,0.09017,0.08455,0.03042,15,1568,204800,39460000,216.2,432.9,28.28,906400000,74690000,5968000,2.846E+15,677500000,54150000,1.889E+12,6.397,0.03743,1.70E-05,1547,0.000687,0.02599,0.4996,16.07,-0.983,0.4221,0.1151,0.008199,0.0137,0.05997,0.08879,0.08189,0.04386,0.03385,22.52,1615,200400,38600000,-1596,1047000,105500,-1.096E+12,-1.105E+11,-11140000000,2.30E+18,9.986E+11,1.007E+11,2.35E+15,sad
12.47,0.07895,4.20E-05,159.7,0.000632,0.02343,0.07021,27.66,0.07978,0.3444,0.2973,0.1609,0.1427,0.1166,0.11,0.1064,0.106,0.02743,18.23,1636,199500,38530000,222.5,419.1,22.69,878800000,67340000,4790000,2.764E+15,610100000,43410000,1.517E+12,8.361,0.04918,1.30E-05,1574,0.000605,0.02296,0.5219,21.18,-0.972,0.4403,0.07113,-0.0244,0.003599,0.0913,0.1299,0.1111,0.063,0.0311,25.51,1726,199500,38140000,-1614,1048000,105600,-1.099E+12,-1.107E+11,-11150000000,2.30E+18,1.001E+12,1.008E+11,2.354E+15,sad
8.55,0.06525,0.001388,253.2,0.002816,0.105,0.03989,21.31,0.0557,0.2066,0.2804,0.1338,0.1458,0.07732,0.08728,0.08492,0.0739,0.1506,12.9,873.8,116500,23120000,286.2,339.5,18.25,712700000,54810000,3855000,2.244E+15,496100000,34910000,1.222E+12,7.222,0.04583,0.000391,1501,0.002666,0.1015,0.5468,18.03,-0.9808,0.5413,0.0511,0.05053,0.01378,0.03945,0.01507,0.00769,0.00962,0.1599,21.25,1143,121100,21250000,-1231,1050000,105600,-1.102E+12,-1.109E+11,-11160000000,2.31E+18,1.002E+12,1.009E+11,2.357E+15,angry
5.196,0.04986,0.002088,245.3,0.003888,0.1458,0.06594,14.04,0.02417,0.3048,0.3481,0.1764,0.1465,0.1052,0.09457,0.09165,0.08739,0.2192,10.69,1221,173100,34250000,325.4,369.3,24.11,776200000,63840000,5097000,2.447E+15,575600000,45940000,1.616E+12,7.277,0.04441,0.000603,1524,0.003502,0.1337,0.5573,18.91,-0.9847,0.5688,-0.0157,0.000722,0.03907,0.03977,0.001161,-0.01316,0.01922,0.2152,20.27,1048,113000,20400000,-1215,1051000,105700,-1.104E+12,-1.111E+11,-11170000000,2.32E+18,1.004E+12,1.01E+11,2.361E+15,angry
7.826,0.05577,0.000809,195.2,0.002644,0.09915,0.04261,19.66,0.04363,0.3682,0.3164,0.1953,0.1308,0.1204,0.1066,0.1006,0.0946,0.1505,13.84,1546,217400,42920000,319.5,395.7,34.81,832600000,78150000,7365000,2.628E+15,703300000,66270000,2.337E+12,8.092,0.04601,0.000278,1557,0.002264,0.08665,0.6014,21.33,-0.9805,0.5057,0.06866,0.009012,-0.000588,0.01161,0.01225,0.01954,0.03086,0.1339,22.55,1357,157500,29540000,-1388,1052000,105800,-1.107E+12,-1.113E+11,-11190000000,2.33E+18,1.006E+12,1.011E+11,2.367E+15,angry
12.24,0.08122,0.001,219.9,0.00294,0.1107,0.06135,27.87,0.07185,0.2569,0.3186,0.1852,0.2024,0.1482,0.1087,0.1085,0.0976,0.1824,16.18,1024,128400,25600000,254,353.5,26.89,744800000,65470000,5694000,2.354E+15,590000000,51300000,1.809E+12,10.24,0.06221,0.000365,1572,0.002702,0.1036,0.6152,24.45,-0.9693,0.6061,-0.08293,0.02565,0.04307,0.02867,-0.0102,-0.01538,0.01405,0.1684,23.51,1117,105800,18760000,-1279,1053000,105900,-1.11E+12,-1.115E+11,-11210000000,2.34E+18,1.008E+12,1.013E+11,2.373E+15,angry
4.963,0.0465,0.000988,202.5,0.002838,0.1068,0.05354,12.99,0.02092,0.2751,0.3262,0.2028,0.1287,0.1116,0.1049,0.09873,0.09307,0.1702,9.706,978.2,143300,28690000,264.4,363.8,28.81,767500000,68720000,6105000,2.428E+15,620300000,55100000,1.94E+12,7.85,0.04709,0.000379,1557,0.002608,0.1001,0.5875,19.3,-0.9846,0.6146,-0.05016,-0.000642,0.009683,0.003488,-0.01242,-0.005447,0.02831,0.1653,21.05,1012,108000,19240000,-1280,1055000,106000,-1.112E+12,-1.118E+11,-11230000000,2.35E+18,1.01E+12,1.015E+11,2.379E+15,angry
15.33,0.09558,0.00047,217.6,0.003045,0.1152,0.07141,31.95,0.1041,0.3061,0.3678,0.2387,0.1803,0.1303,0.1265,0.1223,0.1224,0.194,18.52,1307,171800,33910000,298.3,443.5,58.23,936800000,107900000,12350000,2.968E+15,973500000,111500000,3.931E+12,11.64,0.0718,0.00021,1633,0.002366,0.09031,0.5945,28.57,-0.9593,0.589,-0.03811,0.01875,-0.02025,-0.01883,-0.03364,-0.01064,0.01681,0.1509,26.69,1317,129600,24010000,-1406,1056000,106100,-1.115E+12,-1.12E+11,-11250000000,2.36E+18,1.013E+12,1.017E+11,2.387E+15,disgust
12.58,0.07985,0.000682,196.4,0.002891,0.1093,0.07554,28.07,0.07941,0.3104,0.3404,0.1746,0.1728,0.1298,0.1092,0.105,0.1085,0.1884,16.08,1243,176400,35240000,287.3,426.7,45.29,902600000,92600000,9621000,2.864E+15,836800000,86950000,3.066E+12,8.939,0.05264,0.000298,1600,0.002659,0.1017,0.5635,21.29,-0.9735,0.5611,0.05016,0.04874,0.03075,0.02576,0.01471,-0.01019,0.006699,0.1664,20.93,1074,119600,22550000,-1319,1058000,106200,-1.119E+12,-1.123E+11,-11280000000,2.37E+18,1.015E+12,1.02E+11,2.396E+15,disgust
12.87,0.08325,0.000824,184.7,0.002731,0.1028,0.06345,28.75,0.08191,0.3116,0.3411,0.1814,0.1608,0.1164,0.1213,0.1019,0.1059,0.1641,18.04,1400,179900,35500000,289.2,401.9,44.27,851400000,88800000,9415000,2.705E+15,801400000,84960000,3.004E+12,9.98,0.05768,0.000333,1596,0.002255,0.08628,0.5871,23.86,-0.9686,0.5695,0.01554,0.01103,0.00965,0.003303,-0.04287,-0.03363,0.01369,0.1364,24.5,1311,137300,25540000,-1399,1059000,106300,-1.122E+12,-1.126E+11,-11310000000,2.38E+18,1.018E+12,1.022E+11,2.405E+15,disgust
13.18,0.08266,0.000838,193.4,0.003234,0.1224,0.05145,29.45,0.08196,0.3101,0.3348,0.1899,0.1279,0.1063,0.128,0.1023,0.09176,0.2022,17.04,1299,173300,34240000,294.2,396.2,46.32,840400000,90620000,9863000,2.674E+15,815100000,88740000,3.15E+12,10.1,0.0592,0.000329,1611,0.002617,0.09991,0.6307,23.92,-0.9688,0.5689,0.06784,0.02938,-0.003735,-0.01165,-0.001179,0.02131,0.018,0.1597,22.23,1119,123300,23360000,-1383,1060000,106500,-1.125E+12,-1.129E+11,-11330000000,2.39E+18,1.021E+12,1.025E+11,2.413E+15,disgust
12.87,0.08325,0.000824,184.7,0.002731,0.1028,0.06345,28.75,0.08191,0.3116,0.3411,0.1814,0.1608,0.1164,0.1213,0.1019,0.1059,0.1641,18.04,1400,179900,35500000,289.2,401.9,44.27,853600000,89020000,9437000,2.719E+15,803400000,85160000,3.018E+12,9.98,0.05768,0.000333,1596,0.002255,0.08628,0.5871,23.86,-0.9686,0.5695,0.01554,0.01103,0.00965,0.003303,-0.04287,-0.03363,0.01369,0.1364,24.5,1311,137300,25540000,-1399,1062000,106600,-1.127E+12,-1.132E+11,-11360000000,2.39E+18,1.023E+12,1.027E+11,2.422E+15,disgust
5.548,0.05044,0.000345,215.6,0.001726,0.06435,0.05335,16.68,0.03704,0.2366,0.2979,0.1421,0.1352,0.1322,0.09534,0.0886,0.08684,0.08998,12.12,998.7,128100,25260000,239.7,373.6,18.65,794500000,59360000,3979000,2.534E+15,535800000,35910000,1.274E+12,6.803,0.04219,0.00014,1524,0.001784,0.0681,0.5724,17.75,-0.9848,0.5394,0.1197,0.111,0.03194,-0.0167,-0.0226,0.01031,0.01201,0.1035,19.78,1142,128900,23030000,-1331,1063000,106700,-1.13E+12,-1.134E+11,-11380000000,2.40E+18,1.025E+12,1.029E+11,2.428E+15,happy
13.45,0.1062,0.000235,181.2,0.00136,0.05089,0.04674,32.41,0.08664,0.2005,0.3185,0.1742,0.1535,0.1038,0.09431,0.1031,0.09217,0.07792,18.8,980,92350,17760000,232.9,392.7,21.94,836100000,65100000,4685000,2.67E+15,588400000,42340000,1.5E+12,11.53,0.07939,7.90E-05,1519,0.001446,0.05545,0.5319,30.65,-0.959,0.5823,-0.05601,0.07024,0.000752,-0.001148,-0.03867,-0.02878,-0.005937,0.09123,27.92,1390,122500,21760000,-1347,1065000,106700,-1.133E+12,-1.136E+11,-11390000000,2.41E+18,1.027E+12,1.03E+11,2.432E+15,happy
27.08,0.1258,0.000384,226.5,0.001698,0.06309,0.04218,49.26,0.2285,0.2088,0.2757,0.1452,0.134,0.09397,0.09219,0.08466,0.08585,0.09136,25.56,887,109700,20670000,246.5,348.4,18.53,742600000,56880000,3959000,2.374E+15,514800000,35850000,1.268E+12,10.52,0.05871,0.00014,1540,0.00189,0.07191,0.5381,24.32,-0.9557,0.5567,0.06345,0.03033,0.02112,0.0219,0.008314,0.01832,0.01778,0.1131,22.97,1045,104200,19380000,-1301,1066000,106800,-1.136E+12,-1.138E+11,-11410000000,2.42E+18,1.029E+12,1.031E+11,2.437E+15,happy
35.94,0.1618,0.000357,263.5,0.002169,0.08208,0.03927,66.03,0.2867,0.2331,0.2501,0.1348,0.1358,0.1016,0.09413,0.09333,0.1081,0.143,32.55,971,114900,20290000,342.2,378.6,26.93,807900000,68350000,5755000,2.586E+15,615100000,51780000,1.845E+12,14.33,0.07708,0.000209,1506,0.002503,0.09586,0.5029,32.18,-0.9332,0.5578,0.05345,0.07762,0.000426,0.00497,-0.02927,0.02483,0.0128,0.1668,28.99,1377,129100,24110000,-1244,1067000,106900,-1.139E+12,-1.14E+11,-11420000000,2.43E+18,1.031E+12,1.032E+11,2.44E+15,happy
5.548,0.05044,0.000345,215.6,0.001726,0.06435,0.05335,16.68,0.03704,0.2366,0.2979,0.1421,0.1352,0.1322,0.09534,0.0886,0.08684,0.08998,12.12,998.7,128100,25260000,239.7,373.6,18.65,798300000,59550000,3989000,2.559E+15,537500000,36000000,1.28E+12,6.803,0.04219,0.00014,1524,0.001784,0.0681,0.5724,17.75,-0.9848,0.5394,0.1197,0.111,0.03194,-0.0167,-0.0226,0.01031,0.01201,0.1035,19.78,1142,128900,23030000,-1331,1068000,106900,-1.141E+12,-1.142E+11,-11430000000,2.44E+18,1.033E+12,1.034E+11,2.445E+15,happy
12.55,0.09797,0.000313,258.2,0.001546,0.05858,0.05128,28.41,0.08897,0.2635,0.2953,0.1816,0.1526,0.1244,0.1069,0.118,0.1025,0.112,17.49,1120,132900,25650000,251.9,343.5,11.36,734900000,48420000,2431000,2.358E+15,438000000,22000000,7.8E+11,10.23,0.06699,0.000138,1490,0.001457,0.0565,0.5902,25.64,-0.9671,0.5362,-0.01998,0.08021,-0.02307,0.004021,-0.002654,-0.007594,-0.02941,0.1045,27.62,1588,157900,28300000,-1328,1070000,107000,-1.144E+12,-1.144E+11,-11440000000,2.45E+18,1.034E+12,1.034E+11,2.448E+15,neutral
8.663,0.07593,0.000349,250.6,0.001548,0.05867,0.02434,20.01,0.05012,0.2628,0.2831,0.173,0.168,0.1464,0.1158,0.1212,0.1184,0.1062,14.57,1019,117700,23310000,247.2,352.5,14.59,754900000,52960000,3123000,2.425E+15,478400000,28200000,1.002E+12,8.754,0.05671,0.000145,1504,0.001493,0.05762,0.6013,21.95,-0.976,0.5401,-0.0435,0.07284,-0.03355,0.04125,-0.008833,-0.03749,-0.01896,0.1044,25.76,1472,148400,26040000,-1315,1071000,107000,-1.147E+12,-1.146E+11,-11450000000,2.46E+18,1.036E+12,1.035E+11,2.45E+15,neutral
12.35,0.08269,0.000276,225,0.001753,0.06626,0.05141,27.73,0.07738,0.2619,0.3013,0.1843,0.1637,0.136,0.1393,0.1118,0.1123,0.1159,16.85,1131,148100,28990000,278.5,360.7,12.58,773300000,50780000,2693000,2.487E+15,457900000,24260000,8.648E+11,9.36,0.05723,0.000144,1504,0.001732,0.067,0.542,23.19,-0.9709,0.5743,0.03844,0.04041,-0.03502,0.002177,0.000929,-0.02136,-0.02322,0.1136,23.74,1311,144200,26740000,-1330,1072000,107000,-1.149E+12,-1.147E+11,-11460000000,2.46E+18,1.037E+12,1.036E+11,2.452E+15,neutral
56.91,0.2548,0.000251,245.4,0.00133,0.05066,0.03789,102.4,0.4835,0.2593,0.2908,0.1446,0.1842,0.1265,0.1106,0.09747,0.09325,0.09796,48.44,1195,160600,26430000,573.9,377.8,9.907,810900000,50210000,2121000,2.611E+15,453700000,19150000,6.813E+11,25.83,0.1298,0.000102,1507,0.001217,0.04713,0.5887,53.51,-0.8303,0.5136,0.001203,0.06399,0.004945,0.03158,-0.01051,0.000288,-0.02893,0.0865,41.16,1720,137800,29870000,-1486,1073000,107100,-1.152E+12,-1.149E+11,-11460000000,2.47E+18,1.039E+12,1.036E+11,2.454E+15,neutral
24.76,0.1209,0.00023,254,0.001375,0.05227,0.03252,48.08,0.2036,0.2416,0.3131,0.1859,0.1805,0.1346,0.1212,0.1017,0.09755,0.09887,24.11,1010,130200,24660000,266,350,12.58,752200000,50080000,2695000,2.425E+15,453000000,24400000,8.658E+11,11.68,0.06672,0.000111,1492,0.001432,0.05521,0.5861,27.78,-0.9532,0.6077,-0.03259,0.009619,0.02702,0.009828,-0.04698,-0.01396,-0.01688,0.1001,26.37,1285,128200,23850000,-1337,1075000,107100,-1.155E+12,-1.151E+11,-11470000000,2.48E+18,1.04E+12,1.037E+11,2.456E+15,neutral
12.36,0.07799,8.40E-05,203.3,0.0011,0.04117,0.03149,27.77,0.07966,0.2663,0.297,0.153,0.1569,0.1116,0.1097,0.09336,0.09267,0.06784,16.09,1206,163600,31820000,263.6,420.3,19.36,904300000,65400000,4147000,2.919E+15,590900000,37470000,1.333E+12,8.904,0.05341,3.90E-05,1533,0.001049,0.0402,0.605,22.4,-0.973,0.5419,0.09535,0.0618,0.03031,0.05973,-0.01484,-0.04221,0.001239,0.06627,24.05,1466,168400,31020000,-1451,1076000,107100,-1.158E+12,-1.153E+11,-11480000000,2.49E+18,1.042E+12,1.037E+11,2.459E+15,sad
10.7,0.06881,9.10E-05,206.9,0.000848,0.03183,0.04406,23.56,0.05984,0.2485,0.3187,0.166,0.1337,0.1056,0.09929,0.08541,0.08836,0.05274,13.39,912.5,126800,25010000,216.4,374.5,9.674,806900000,49550000,2073000,2.608E+15,449500000,18860000,6.665E+11,8.485,0.05264,3.90E-05,1535,0.000949,0.03648,0.5938,20.74,-0.9761,0.5606,-0.007775,0.0256,0.04481,0.01267,-0.0251,-0.01012,0.03176,0.05919,22.49,1197,132300,24000000,-1409,1077000,107200,-1.161E+12,-1.155E+11,-11480000000,2.50E+18,1.044E+12,1.038E+11,2.461E+15,sad
12.1,0.07337,0.000117,193.7,0.00106,0.03972,0.04155,26.72,0.07213,0.2344,0.3035,0.1583,0.1562,0.09641,0.1072,0.1125,0.1131,0.05993,14.44,826.5,110200,21810000,198.8,373.4,10.23,805400000,50570000,2193000,2.606E+15,456400000,19770000,7.05E+11,8.314,0.05,5.00E-05,1525,0.00112,0.04304,0.5787,20.11,-0.9748,0.5649,0.02877,0.06191,0.06238,0.03295,-0.02944,-0.0337,-0.001534,0.06612,20.89,1123,126700,23090000,-1389,1079000,107200,-1.163E+12,-1.156E+11,-11490000000,2.51E+18,1.045E+12,1.039E+11,2.462E+15,sad
9.029,0.05757,6.10E-05,186.6,0.000743,0.02767,0.03311,20.38,0.04726,0.2601,0.3206,0.1658,0.1297,0.1283,0.08835,0.09432,0.08702,0.03796,11.98,1061,152200,29710000,223.2,378.6,7.055,817600000,47920000,1513000,2.649E+15,433600000,13720000,4.865E+11,7.49,0.04454,2.50E-05,1532,0.000798,0.03065,0.5234,19.25,-0.982,0.5684,0.07868,0.000251,0.02279,0.01134,-0.003354,0.00611,0.024,0.04668,20.79,1212,150000,28200000,-1457,1080000,107200,-1.166E+12,-1.158E+11,-11490000000,2.52E+18,1.047E+12,1.039E+11,2.464E+15,sad
9.875,0.06023,0.00015,189.9,0.00134,0.04991,0.0418,22.51,0.06068,0.2563,0.2885,0.1323,0.1442,0.1038,0.1399,0.111,0.09328,0.06382,13.62,1059,144000,28020000,232.3,368.1,10.28,796000000,50460000,2204000,2.582E+15,456000000,19920000,7.09E+11,7.222,0.04237,7.20E-05,1519,0.00136,0.05159,0.5487,18.55,-0.9805,0.5122,0.1215,0.08991,0.1137,0.07087,-0.02232,-0.03427,0.004907,0.07226,18.5,1077,130100,24340000,-1403,1081000,107200,-1.169E+12,-1.159E+11,-11500000000,2.53E+18,1.048E+12,1.039E+11,2.466E+15,sad
14.25,0.0951,0.001185,200.6,0.003368,0.1263,0.05108,30.46,0.0855,0.2305,0.3206,0.1941,0.1657,0.1415,0.1309,0.1266,0.1172,0.1892,16.86,1019,135800,26980000,237.6,377.5,61.64,817200000,107000000,13230000,2.654E+15,970000000,119900000,4.261E+12,12.68,0.08029,0.000508,1585,0.002696,0.1033,0.5954,31,-0.9584,0.6066,0.01313,0.0449,-0.05159,0.004521,-0.02835,0.001655,0.02438,0.1675,29.26,1497,151400,27040000,-1456,1082000,107400,-1.172E+12,-1.162E+11,-11520000000,2.54E+18,1.05E+12,1.042E+11,2.474E+15,angry
11.33,0.0676,0.000896,228.8,0.003027,0.1137,0.05391,23.79,0.06621,0.2692,0.3125,0.1781,0.1555,0.1436,0.1334,0.1089,0.1174,0.1774,14.62,1149,156900,30960000,250.7,385.4,76.1,835300000,123400000,16370000,2.716E+15,1121000000,148400000,5.28E+12,9.627,0.0579,0.000386,1614,0.002646,0.1012,0.5713,23.62,-0.9729,0.5666,0.01963,0.01672,-0.01806,-0.002845,-0.03976,-0.00245,0.04107,0.1606,25.58,1359,146200,26410000,-1465,1084000,107600,-1.175E+12,-1.166E+11,-11570000000,2.55E+18,1.054E+12,1.046E+11,2.488E+15,angry
10.76,0.06897,0.001107,228.5,0.003079,0.116,0.04234,22.23,0.06237,0.2715,0.3135,0.1602,0.1352,0.1381,0.1255,0.1056,0.1113,0.1921,13.67,1171,166400,32910000,283.8,411.3,78.9,892600000,129200000,17000000,2.906E+15,1173000000,154100000,5.496E+12,9.445,0.0565,0.000419,1581,0.002621,0.1003,0.5642,23.16,-0.9742,0.537,0.03729,0.008728,-0.03783,0.006248,-0.0283,-0.01239,0.01875,0.1629,26.83,1554,171700,30820000,-1446,1085000,107800,-1.178E+12,-1.169E+11,-11610000000,2.56E+18,1.057E+12,1.05E+11,2.503E+15,angry
10.39,0.06954,0.001195,198.1,0.00344,0.1293,0.04656,22.54,0.06178,0.2597,0.3066,0.1694,0.1508,0.1329,0.1284,0.1131,0.1156,0.2069,13.4,1027,147300,29430000,275.6,398.6,89.94,866100000,140400000,19420000,2.823E+15,1270000000,175700000,6.291E+12,9.55,0.05956,0.000576,1596,0.003159,0.1211,0.5511,23.79,-0.9739,0.5686,0.007937,-0.001598,-0.03487,0.01284,-0.03438,-0.01738,0.01815,0.1991,26.53,1478,162600,29170000,-1420,1087000,108000,-1.181E+12,-1.173E+11,-11660000000,2.57E+18,1.061E+12,1.054E+11,2.518E+15,angry
10.39,0.06954,0.001195,198.1,0.00344,0.1293,0.04656,22.54,0.06178,0.2597,0.3066,0.1694,0.1508,0.1329,0.1284,0.1131,0.1156,0.2069,13.4,1027,147300,29430000,275.6,398.6,89.94,867200000,140600000,19470000,2.83E+15,1272000000,176100000,6.32E+12,9.55,0.05956,0.000576,1596,0.003159,0.1211,0.5511,23.79,-0.9739,0.5686,0.007937,-0.001598,-0.03487,0.01284,-0.03438,-0.01738,0.01815,0.1991,26.53,1478,162600,29170000,-1420,1088000,108200,-1.184E+12,-1.177E+11,-11710000000,2.58E+18,1.064E+12,1.059E+11,2.535E+15,angry
10.62,0.0634,0.000552,199.5,0.001943,0.0728,0.06595,22.25,0.06438,0.2438,0.3087,0.2075,0.181,0.1668,0.1227,0.1023,0.127,0.1061,13.9,1154,151200,29450000,229.6,458.3,90.08,998500000,147400000,19540000,3.263E+15,1333000000,176600000,6.359E+12,10.12,0.06048,0.000194,1596,0.001755,0.06714,0.571,25.12,-0.9738,0.6126,0.02193,-0.01482,-0.04461,-0.01673,-0.05118,-0.0243,0.01564,0.1049,26.51,1429,154200,27520000,-1523,1089000,108500,-1.187E+12,-1.182E+11,-11770000000,2.59E+18,1.068E+12,1.064E+11,2.553E+15,disgust
8.297,0.0579,0.000867,182,0.002859,0.1075,0.06579,19.72,0.04597,0.4788,0.2944,0.2293,0.1549,0.1228,0.1335,0.1104,0.1155,0.1639,17.14,2161,240300,48030000,303.1,441.8,107.5,963900000,164900000,23380000,3.155E+15,1491000000,211400000,7.628E+12,10.35,0.061,0.000353,1609,0.002312,0.08843,0.5929,26.31,-0.9721,0.5113,0.03357,0.01431,-0.06895,-0.03087,-0.01669,-0.0145,0.02272,0.1378,29.15,1809,183800,34080000,-1604,1091000,108700,-1.19E+12,-1.186E+11,-11820000000,2.60E+18,1.072E+12,1.069E+11,2.571E+15,disgust
8.753,0.05721,0.000432,223.4,0.002359,0.08884,0.06491,19.28,0.04835,0.2388,0.2781,0.1685,0.1148,0.1306,0.123,0.1043,0.1093,0.1385,13.57,1166,153700,30040000,270.6,521.9,107.3,1140000000,173200000,23390000,3.738E+15,1566000000,211500000,7.651E+12,8.652,0.05263,0.000166,1587,0.002297,0.08761,0.5354,21.17,-0.9792,0.5906,0.09219,-0.02109,-0.03278,0.001353,-0.04655,-0.01065,0.01612,0.1386,24.66,1374,154600,27890000,-1448,1093000,109000,-1.194E+12,-1.191E+11,-11890000000,2.61E+18,1.077E+12,1.075E+11,2.593E+15,disgust
11.17,0.06714,0.000564,206.3,0.002199,0.08246,0.04895,23.87,0.06443,0.2425,0.2809,0.1597,0.1411,0.1428,0.1327,0.1091,0.0982,0.1306,15.51,1129,147200,28680000,275,469.8,78.21,1028000000,136300000,17090000,3.376E+15,1231000000,154400000,5.602E+12,9.154,0.05492,0.000228,1586,0.002478,0.09455,0.5199,22.61,-0.9744,0.5932,0.06253,0.02197,-0.01732,-0.006783,-0.04377,-0.02023,0.01044,0.1529,24.6,1339,144300,25780000,-1364,1094000,109300,-1.198E+12,-1.196E+11,-11940000000,2.62E+18,1.081E+12,1.08E+11,2.61E+15,disgust
8.753,0.05721,0.000432,223.4,0.002359,0.08884,0.06491,19.28,0.04835,0.2388,0.2781,0.1685,0.1148,0.1306,0.123,0.1043,0.1093,0.1385,13.57,1166,153700,30040000,270.6,521.9,107.3,1144000000,173900000,23500000,3.762E+15,1572000000,212400000,7.721E+12,8.652,0.05263,0.000166,1587,0.002297,0.08761,0.5354,21.17,-0.9792,0.5906,0.09219,-0.02109,-0.03278,0.001353,-0.04655,-0.01065,0.01612,0.1386,24.66,1374,154600,27890000,-1448,1096000,109500,-1.201E+12,-1.201E+11,-12000000000,2.63E+18,1.085E+12,1.085E+11,2.628E+15,disgust
13.58,0.09692,0.000317,199.8,0.001686,0.06381,0.08011,30.39,0.0907,0.2362,0.3152,0.2025,0.1717,0.1463,0.125,0.124,0.1052,0.1234,17.18,1073,129700,25360000,263,427.1,46.28,937700000,97470000,10160000,3.088E+15,875000000,91190000,3.343E+12,11.74,0.07569,0.000159,1583,0.001713,0.066,0.5939,29.56,-0.9614,0.5917,-0.03475,0.06679,-0.01641,0.009784,-0.04702,-0.02519,-0.01129,0.1182,29.03,1501,140700,24970000,-1428,1098000,109700,-1.205E+12,-1.204E+11,-12040000000,2.65E+18,1.089E+12,1.088E+11,2.642E+15,happy
12.02,0.08266,0.000282,191.6,0.001629,0.06178,0.06097,27.71,0.08249,0.2613,0.3271,0.2225,0.1694,0.1428,0.151,0.147,0.125,0.1154,15.51,1078,129600,25190000,247.1,454.3,72.32,998800000,129000000,15900000,3.294E+15,1165000000,143600000,5.241E+12,10.85,0.07007,0.000137,1609,0.001925,0.07405,0.5192,27.09,-0.9678,0.6537,-0.009105,-0.01528,-0.07867,-0.03513,-0.08607,-0.03883,0.004767,0.1324,24.61,1181,118600,21720000,-1389,1099000,109900,-1.208E+12,-1.208E+11,-12080000000,2.66E+18,1.092E+12,1.092E+11,2.655E+15,happy
65.15,0.2804,0.000479,193.6,0.002001,0.07577,0.06411,116,0.5613,0.22,0.2729,0.2142,0.1981,0.145,0.1293,0.1136,0.1011,0.1366,55.93,909,129200,20270000,670,475.8,49.42,1048000000,103200000,10880000,3.46E+15,928500000,97980000,3.591E+12,30.65,0.1459,0.000236,1581,0.002084,0.07995,0.5531,60.58,-0.7912,0.636,0.03449,0.05168,0.009179,0.001217,-0.06254,-0.008821,0.02527,0.1361,40.56,1148,77010,18670000,-1518,1101000,110000,-1.212E+12,-1.211E+11,-12110000000,2.67E+18,1.095E+12,1.094E+11,2.664E+15,happy
10.58,0.06452,0.000384,203.4,0.001705,0.064,0.04963,22.05,0.0662,0.2201,0.2911,0.2068,0.1657,0.1688,0.1532,0.1359,0.1224,0.1099,13.42,946.5,118300,22980000,230,415.5,66.96,916100000,119400000,14760000,3.03E+15,1079000000,133300000,4.88E+12,10.4,0.06487,0.000201,1606,0.00205,0.07855,0.5194,25.25,-0.9729,0.6601,-0.02842,0.02182,-0.009075,-0.009768,-0.05256,-0.02927,0.01922,0.1308,25.08,1217,122800,21100000,-1435,1102000,110200,-1.215E+12,-1.215E+11,-12150000000,2.68E+18,1.098E+12,1.098E+11,2.677E+15,happy
65.15,0.2804,0.000479,193.6,0.002001,0.07577,0.06411,116,0.5613,0.22,0.2729,0.2142,0.1981,0.145,0.1293,0.1136,0.1011,0.1366,55.93,909,129200,20270000,670,475.8,49.42,1051000000,103500000,10910000,3.479E+15,931100000,98250000,3.611E+12,30.65,0.1459,0.000236,1581,0.002084,0.07995,0.5531,60.58,-0.7912,0.636,0.03449,0.05168,0.009179,0.001217,-0.06254,-0.008821,0.02527,0.1361,40.56,1148,77010,18670000,-1518,1104000,110300,-1.219E+12,-1.218E+11,-12170000000,2.69E+18,1.101E+12,1.101E+11,2.686E+15,happy
68.91,0.2963,0.00017,200.2,0.001303,0.04921,0.05997,121.4,0.589,0.2038,0.2934,0.1984,0.2052,0.1755,0.1287,0.1229,0.1068,0.0924,59.13,947.1,113400,15530000,641.5,399.8,26.66,883900000,73460000,5889000,2.931E+15,661900000,53030000,1.951E+12,34.49,0.1682,7.60E-05,1590,0.001504,0.0579,0.5184,68.38,-0.7629,0.6459,-0.01753,0.0572,-0.01231,-0.02722,-0.06377,-0.007406,0.03764,0.1044,44.13,1180,62390,17340000,-1494,1105000,110500,-1.222E+12,-1.221E+11,-12200000000,2.70E+18,1.104E+12,1.103E+11,2.695E+15,neutral
29.46,0.1366,0.000222,216.7,0.001306,0.04924,0.05623,54.98,0.2465,0.1966,0.3096,0.2069,0.1675,0.1621,0.1277,0.1078,0.1154,0.09009,26.97,863.9,107700,20010000,250.3,382.5,33.41,846800000,79130000,7387000,2.812E+15,713200000,66580000,2.45E+12,13,0.07396,9.40E-05,1573,0.001543,0.05939,0.5059,30.39,-0.9438,0.6506,0.002116,0.02273,-0.0165,-0.03615,-0.0635,-0.01024,0.0319,0.1035,25.82,1077,102500,19210000,-1361,1107000,110500,-1.225E+12,-1.223E+11,-12220000000,2.71E+18,1.106E+12,1.105E+11,2.702E+15,neutral
9.689,0.07045,0.00024,212.6,0.001353,0.0512,0.06691,21.24,0.05492,0.2219,0.3057,0.2044,0.1833,0.141,0.1289,0.1157,0.1188,0.09399,13.12,948.8,131000,25740000,260.4,405.8,37.6,899400000,86360000,8320000,2.99E+15,777600000,74920000,2.762E+12,8.777,0.05297,0.0001,1594,0.001474,0.05682,0.5282,21.8,-0.9774,0.5916,-0.02667,0.03753,-0.01068,-0.001833,-0.05644,-0.02155,0.03823,0.09916,25.19,1397,148600,26150000,-1379,1108000,110600,-1.228E+12,-1.226E+11,-12240000000,2.72E+18,1.108E+12,1.107E+11,2.709E+15,neutral
8.428,0.05404,0.00016,196.3,0.001224,0.04598,0.06811,17.05,0.04495,0.2146,0.3179,0.2262,0.16,0.1584,0.1265,0.1191,0.1158,0.08134,11.89,922.5,124600,24430000,232.2,387.6,35.11,860000000,81770000,7778000,2.863E+15,737200000,70120000,2.584E+12,8.205,0.04733,7.40E-05,1597,0.001477,0.05662,0.4899,20.08,-0.9801,0.6068,-0.01762,0.04132,0.01065,0.000653,-0.06095,-0.0235,0.02861,0.09543,23.1,1217,130100,22810000,-1365,1110000,110800,-1.231E+12,-1.229E+11,-12270000000,2.73E+18,1.111E+12,1.109E+11,2.717E+15,neutral
8.479,0.05841,0.000359,196.3,0.00162,0.06104,0.0346,18.55,0.0523,0.2128,0.3165,0.1997,0.1576,0.16,0.1432,0.106,0.1045,0.1064,12.29,946.9,128200,25050000,259.6,444.7,45.53,988100000,99760000,10100000,3.293E+15,900300000,91130000,3.358E+12,8.522,0.05144,0.000122,1584,0.001715,0.06582,0.5094,21.2,-0.9796,0.6093,0.009732,0.02351,0.008458,-0.002432,-0.05639,-0.02959,0.02528,0.1099,23.14,1201,130600,23380000,-1380,1111000,110900,-1.234E+12,-1.232E+11,-12290000000,2.74E+18,1.113E+12,1.111E+11,2.726E+15,neutral
10.37,0.07334,0.000116,207.9,0.001032,0.03867,0.05883,23.58,0.05394,0.3936,0.3179,0.2684,0.1684,0.1668,0.1588,0.1365,0.117,0.05947,17.25,1881,216600,43180000,279.1,419.3,78.14,932900000,133300000,17350000,3.114E+15,1202000000,156600000,5.781E+12,10.21,0.06125,3.90E-05,1653,0.001136,0.04331,0.5504,25.73,-0.9712,0.5211,0.01853,0.06192,0.02695,0.008815,-0.02501,-0.01542,0.03255,0.06681,26.22,1593,169500,31740000,-1615,1112000,111000,-1.238E+12,-1.235E+11,-12330000000,2.75E+18,1.117E+12,1.115E+11,2.738E+15,sad
10.2,0.06997,0.000107,192.3,0.001107,0.04175,0.06139,22.12,0.06113,0.2127,0.2925,0.1972,0.1411,0.1578,0.1247,0.1075,0.1006,0.07153,13.76,946.2,118400,22930000,203.4,474.8,58.91,1058000000,118300000,13110000,3.535E+15,1069000000,118400000,4.376E+12,9.046,0.0531,4.40E-05,1619,0.001305,0.04985,0.5222,21.76,-0.9761,0.6281,0.03161,0.01058,-0.01658,-0.01954,-0.03965,-0.00821,0.03781,0.08154,23.16,1166,123200,22130000,-1444,1114000,111300,-1.241E+12,-1.239E+11,-12380000000,2.77E+18,1.12E+12,1.119E+11,2.755E+15,sad
37.35,0.1655,8.10E-05,193.5,0.000919,0.03458,0.07847,67.13,0.3025,0.2308,0.2925,0.1879,0.1663,0.1479,0.134,0.1158,0.104,0.05969,32.64,984.8,140600,25530000,321.6,438.6,55.31,978600000,110400000,12330000,3.275E+15,997200000,111300000,4.12E+12,14.7,0.07643,3.70E-05,1585,0.001104,0.0422,0.4836,32.12,-0.93,0.5986,0.02964,0.03586,0.02196,-0.003524,-0.07372,-0.03716,0.01715,0.07069,29.14,1307,128900,24810000,-1489,1116000,111400,-1.245E+12,-1.243E+11,-12420000000,2.78E+18,1.124E+12,1.122E+11,2.767E+15,sad
52.33,0.2268,0.000118,206.4,0.001134,0.04278,0.04012,90.77,0.4492,0.1918,0.2614,0.1809,0.1735,0.1427,0.1268,0.1135,0.108,0.07643,45.14,870.5,116000,18660000,493.6,415.9,55.4,929200000,108200000,12370000,3.114E+15,976200000,111600000,4.14E+12,21.91,0.1091,5.10E-05,1601,0.001405,0.05378,0.5043,44.03,-0.8642,0.6448,0.02105,0.03247,0.009899,-0.01206,-0.07996,-0.03961,0.02498,0.09138,33.83,1137,89790,18700000,-1490,1117000,111600,-1.248E+12,-1.247E+11,-12450000000,2.79E+18,1.127E+12,1.126E+11,2.78E+15,sad
52.33,0.2268,0.000118,206.4,0.001134,0.04278,0.04012,90.77,0.4492,0.1918,0.2614,0.1809,0.1735,0.1427,0.1268,0.1135,0.108,0.07643,45.14,870.5,116000,18660000,493.6,415.9,55.4,930400000,108400000,12390000,3.122E+15,977500000,111700000,4.153E+12,21.91,0.1091,5.10E-05,1601,0.001405,0.05378,0.5043,44.03,-0.8642,0.6448,0.02105,0.03247,0.009899,-0.01206,-0.07996,-0.03961,0.02498,0.09138,33.83,1137,89790,18700000,-1490,1118000,111800,-1.251E+12,-1.25E+11,-12490000000,2.80E+18,1.13E+12,1.129E+11,2.793E+15,sad
25.83,0.1358,0.000717,248.5,0.003109,0.1174,0.02936,51.54,0.2115,0.2254,0.3506,0.2242,0.1783,0.1348,0.1205,0.1028,0.1024,0.2003,23.92,922.5,131400,24240000,243.6,399.3,87.4,894400000,142400000,19580000,3.005E+15,1287000000,176900000,6.578E+12,14.86,0.08799,0.000324,1643,0.002659,0.1023,0.6378,34.8,-0.9374,0.6572,-0.08339,0.00032,-0.05049,0.01723,-0.00019,0.02317,-0.006991,0.1774,30.33,1360,127500,23720000,-1446,1120000,112000,-1.254E+12,-1.254E+11,-12550000000,2.81E+18,1.134E+12,1.134E+11,2.81E+15,angry
17.95,0.1035,0.001192,240.1,0.003554,0.1349,0.05033,36.91,0.1294,0.2409,0.3796,0.2236,0.1775,0.1205,0.1157,0.08124,0.09683,0.2408,17.33,949.9,150800,29760000,251.2,439.4,90.62,985400000,150200000,20350000,3.315E+15,1361000000,184200000,6.852E+12,13.16,0.07871,0.000491,1589,0.002771,0.107,0.6349,31.35,-0.9538,0.6015,-0.04009,0.04571,-0.03431,0.02,-0.008385,0.01079,-0.006899,0.1943,30.42,1566,162900,29710000,-1450,1121000,112300,-1.257E+12,-1.259E+11,-12610000000,2.82E+18,1.138E+12,1.139E+11,2.83E+15,angry
47.6,0.213,0.00079,246.3,0.003474,0.1309,0.0395,86.88,0.4056,0.2325,0.3609,0.1943,0.1848,0.1224,0.1144,0.09043,0.1035,0.2138,40.49,938.8,150500,26640000,428.2,425.6,89.64,955700000,148000000,20170000,3.219E+15,1340000000,182600000,6.808E+12,22.53,0.1174,0.000378,1590,0.002761,0.1061,0.6453,48.52,-0.8699,0.6068,-0.03134,0.05967,-0.01195,0.02517,-0.01615,0.007907,-0.001569,0.185,37.75,1494,126900,25460000,-1503,1123000,112500,-1.261E+12,-1.263E+11,-12660000000,2.83E+18,1.142E+12,1.144E+11,2.849E+15,angry
17.5,0.09958,0.000659,216.4,0.002816,0.1059,0.03429,35.95,0.1255,0.2342,0.3436,0.2046,0.16,0.121,0.116,0.08993,0.1048,0.168,16.8,894.1,138100,27270000,226.9,411.3,78.79,924900000,134700000,17760000,3.119E+15,1217000000,160500000,6.007E+12,12.3,0.06942,0.000314,1572,0.002479,0.09515,0.6364,29.81,-0.9565,0.6165,-0.02808,0.02405,-0.04746,0.005074,-0.01433,0.0192,0.01576,0.165,28.67,1427,145400,26120000,-1416,1124000,112700,-1.264E+12,-1.267E+11,-12710000000,2.84E+18,1.146E+12,1.149E+11,2.865E+15,angry
17.5,0.09958,0.000659,216.4,0.002816,0.1059,0.03429,35.95,0.1255,0.2342,0.3436,0.2046,0.16,0.121,0.116,0.08993,0.1048,0.168,16.8,894.1,138100,27270000,226.9,411.3,78.79,926000000,134900000,17800000,3.127E+15,1218000000,160800000,6.03E+12,12.3,0.06942,0.000314,1572,0.002479,0.09515,0.6364,29.81,-0.9565,0.6165,-0.02808,0.02405,-0.04746,0.005074,-0.01433,0.0192,0.01576,0.165,28.67,1427,145400,26120000,-1416,1126000,113000,-1.267E+12,-1.272E+11,-12760000000,2.85E+18,1.149E+12,1.153E+11,2.882E+15,angry
19.04,0.1071,0.000237,199.4,0.001938,0.07252,0.07095,38.76,0.1338,0.4741,0.3347,0.2116,0.1612,0.1424,0.1158,0.102,0.1014,0.105,21.1,2060,249300,49660000,271,468.6,97.89,1056000000,163200000,22160000,3.573E+15,1473000000,200100000,7.525E+12,13.47,0.075,0.000105,1604,0.001685,0.0645,0.6151,33.52,-0.9484,0.4869,-0.04177,0.1049,-0.03734,-0.004056,0.02153,0.01936,0.01995,0.1011,33.87,2053,202000,37380000,-1616,1127000,113200,-1.271E+12,-1.276E+11,-12810000000,2.87E+18,1.153E+12,1.158E+11,2.9E+15,disgust
18.42,0.1076,0.00058,234.6,0.00269,0.1005,0.07323,37.91,0.1339,0.4392,0.3095,0.248,0.1625,0.1355,0.1533,0.1415,0.1296,0.1421,20.64,1867,236800,46560000,293,515.6,115.1,1164000000,188200000,26130000,3.942E+15,1695000000,235600000,8.895E+12,13.53,0.07881,0.000197,1612,0.002354,0.08969,0.5858,32.42,-0.9495,0.5143,-0.008716,0.04495,-0.04253,0.002471,-0.006094,0.00893,0.01537,0.1344,32.28,1915,194100,35830000,-1563,1129000,113500,-1.274E+12,-1.281E+11,-12880000000,2.88E+18,1.158E+12,1.164E+11,2.923E+15,disgust
19.35,0.1021,0.000348,215.7,0.001902,0.07087,0.05971,38.6,0.1372,0.2721,0.3258,0.2096,0.172,0.1245,0.1118,0.08836,0.09129,0.1009,17.61,994.4,155200,30560000,217,485.4,80.78,1098000000,146200000,18380000,3.723E+15,1317000000,165700000,6.272E+12,11.7,0.06536,0.000126,1578,0.001692,0.06486,0.5789,27.7,-0.9554,0.5558,-0.02002,0.03657,-0.01145,0.01648,0.007856,0.029,0.02094,0.1014,28.14,1500,161500,29430000,-1482,1131000,113800,-1.278E+12,-1.286E+11,-12940000000,2.89E+18,1.163E+12,1.17E+11,2.944E+15,disgust
79.74,0.3457,0.000195,207.1,0.001444,0.05398,0.09055,139.8,0.6862,0.2093,0.2548,0.1799,0.2098,0.1393,0.1324,0.1093,0.1108,0.07768,66.74,863.3,146600,19170000,754.9,538.6,77.5,1220000000,148900000,17670000,4.144E+15,1343000000,159400000,6.041E+12,45.21,0.2085,7.30E-05,1574,0.001346,0.05173,0.561,88.33,-0.6654,0.6089,-0.0275,0.07944,0.01698,0.03008,0.01178,0.04574,0.009682,0.08275,56.6,1578,92650,24620000,-1733,1132000,114000,-1.282E+12,-1.291E+11,-12990000000,2.91E+18,1.167E+12,1.174E+11,2.961E+15,disgust
79.74,0.3457,0.000195,207.1,0.001444,0.05398,0.09055,139.8,0.6862,0.2093,0.2548,0.1799,0.2098,0.1393,0.1324,0.1093,0.1108,0.07768,66.74,863.3,146600,19170000,754.9,538.6,77.5,1222000000,149100000,17700000,4.158E+15,1345000000,159700000,6.065E+12,45.21,0.2085,7.30E-05,1574,0.001346,0.05173,0.561,88.33,-0.6654,0.6089,-0.0275,0.07944,0.01698,0.03008,0.01178,0.04574,0.009682,0.08275,56.6,1578,92650,24620000,-1733,1134000,114200,-1.287E+12,-1.295E+11,-13040000000,2.92E+18,1.171E+12,1.179E+11,2.979E+15,disgust
24.59,0.1384,0.000357,203.7,0.002164,0.08103,0.05942,48.53,0.187,0.2603,0.2926,0.2066,0.1779,0.1461,0.1376,0.1138,0.1301,0.1295,23.96,1126,152900,29900000,288,373.3,63.7,848100000,115000000,14580000,2.89E+15,1035000000,131400000,5.003E+12,16.7,0.09438,0.00015,1581,0.002076,0.08003,0.598,38.49,-0.9233,0.5412,-0.03885,0.1053,-0.06912,0.02806,-0.04688,-0.01268,-0.04324,0.137,37.13,1934,174900,31380000,-1410,1136000,114400,-1.29E+12,-1.3E+11,-13090000000,2.93E+18,1.175E+12,1.183E+11,2.995E+15,happy
22.69,0.135,0.000676,204.5,0.002671,0.09964,0.1048,45.12,0.1598,0.2085,0.3404,0.2035,0.2045,0.1679,0.1336,0.1445,0.132,0.142,24.91,1350,169500,33340000,317.6,392.9,83.35,893700000,139700000,19110000,3.049E+15,1258000000,172300000,6.571E+12,17.65,0.1073,0.000218,1567,0.002292,0.08805,0.5874,40.12,-0.9204,0.5965,-0.02084,0.02937,-0.1112,-0.01148,-0.04373,0.006123,-0.02802,0.1393,37.43,1942,173100,32440000,-1518,1137000,114600,-1.293E+12,-1.304E+11,-13140000000,2.94E+18,1.178E+12,1.188E+11,3.012E+15,happy
17.63,0.1164,0.001089,226.9,0.003269,0.1226,0.06885,38.39,0.1354,0.375,0.3282,0.2247,0.1814,0.1341,0.1431,0.1039,0.09691,0.1915,23.07,1744,203100,38830000,261.2,338.3,87.99,770300000,138900000,20220000,2.631E+15,1250000000,182200000,6.967E+12,13.13,0.07875,0.000464,1635,0.003014,0.1156,0.6034,31.79,-0.9514,0.5783,-0.0011,-0.03177,-0.06036,0.009684,0.01542,0.05329,0.01453,0.1865,29.46,1569,149000,28900000,-1500,1138000,114900,-1.296E+12,-1.308E+11,-13200000000,2.95E+18,1.182E+12,1.193E+11,3.032E+15,happy
47.57,0.219,0.000366,204.4,0.002403,0.09004,0.03586,86.52,0.3918,0.3569,0.3444,0.2229,0.19,0.1341,0.1402,0.1024,0.1205,0.1412,39.95,1487,214500,38690000,411.1,352.8,67.59,804100000,117300000,15560000,2.749E+15,1062000000,140800000,5.373E+12,25.03,0.1301,0.00018,1566,0.00195,0.07543,0.6629,54.27,-0.8571,0.5082,-0.05959,0.1275,-0.06046,0.03051,-0.007136,0.04566,0.0273,0.1308,43.74,2038,167700,34410000,-1535,1140000,115100,-1.299E+12,-1.312E+11,-13250000000,2.96E+18,1.186E+12,1.198E+11,3.051E+15,happy
21.99,0.1361,0.000507,245.7,0.002332,0.08745,0.0716,45.67,0.1449,0.4414,0.3561,0.197,0.1823,0.1444,0.1364,0.1205,0.1402,0.1411,23.97,1882,233300,45690000,323.5,382.4,71.72,872500000,125700000,16540000,2.987E+15,1136000000,149500000,5.721E+12,16.14,0.09856,0.000202,1619,0.002114,0.08163,0.5885,38.86,-0.9326,0.4797,-0.09307,0.08495,-0.0701,0.01357,-0.02356,0.01713,0.003438,0.1431,37.89,2122,186500,35700000,-1455,1141000,115300,-1.302E+12,-1.316E+11,-13290000000,2.97E+18,1.189E+12,1.202E+11,3.066E+15,happy
16.61,0.09662,0.000195,205.2,0.001671,0.06328,0.04402,34.06,0.1126,0.5011,0.3353,0.2478,0.1699,0.1549,0.1328,0.1377,0.1339,0.1119,19.33,2102,265100,52370000,320,443.3,48.81,1013000000,106400000,11270000,3.471E+15,963400000,102000000,3.905E+12,12.81,0.07422,8.60E-05,1616,0.001305,0.05046,0.6474,31.49,-0.9549,0.4955,-0.01623,0.01136,-0.09912,-0.02236,0.0522,0.05801,0.003632,0.09019,31.71,1988,218800,41670000,-1544,1142000,115500,-1.305E+12,-1.319E+11,-13340000000,2.98E+18,1.192E+12,1.205E+11,3.08E+15,neutral
19.22,0.1258,0.000267,219.2,0.001578,0.05921,0.06435,39.97,0.1322,0.4162,0.3344,0.2405,0.163,0.1359,0.1198,0.1166,0.1392,0.09252,22.47,1797,229400,45010000,321.7,399.3,49.6,913400000,102700000,11470000,3.134E+15,926100000,103500000,3.977E+12,14,0.08767,7.80E-05,1605,0.001375,0.05286,0.6103,34.05,-0.9411,0.4414,-0.05907,0.08962,-0.1332,-0.03554,-0.01632,0.06578,0.04973,0.08868,36.44,2246,216800,40570000,-1501,1144000,115600,-1.308E+12,-1.322E+11,-13360000000,2.99E+18,1.195E+12,1.208E+11,3.089E+15,neutral
17.69,0.1038,0.000362,248.3,0.001969,0.07423,0.06517,35.53,0.1244,0.3543,0.2774,0.2433,0.2056,0.1757,0.1444,0.1145,0.1293,0.1255,20.07,1560,183700,36550000,280.6,394.2,54.56,903000000,108000000,12630000,3.102E+15,975500000,114100000,4.385E+12,13.36,0.07707,0.000129,1618,0.00168,0.06462,0.6265,31.73,-0.9495,0.5429,-0.05293,0.079,-0.1008,-0.01766,-0.005846,0.06206,0.0284,0.1082,32.22,1750,164000,29440000,-1445,1145000,115700,-1.311E+12,-1.326E+11,-13400000000,3.00E+18,1.198E+12,1.211E+11,3.101E+15,neutral
17.58,0.112,0.000333,212.3,0.001878,0.0707,0.04128,37.54,0.1204,0.374,0.3523,0.2042,0.169,0.1337,0.1305,0.1164,0.1292,0.1177,21.96,1715,216700,42530000,312.7,403.6,51.17,925500000,105300000,11860000,3.183E+15,949800000,107000000,4.124E+12,12.71,0.07766,0.000115,1618,0.001646,0.06308,0.605,31.95,-0.9504,0.5022,-0.002969,0.05349,-0.08274,-0.02783,0.002382,0.05418,0.02039,0.1033,32.14,1868,183900,34720000,-1487,1147000,115900,-1.315E+12,-1.329E+11,-13430000000,3.02E+18,1.201E+12,1.214E+11,3.113E+15,neutral
15.49,0.09314,0.000229,220.3,0.001738,0.0656,0.04614,31.55,0.1045,0.4642,0.3416,0.2384,0.1523,0.1284,0.1199,0.1134,0.1308,0.1117,18.71,1947,244100,48400000,327.1,408.8,61.2,938500000,117400000,14210000,3.232E+15,1060000000,128200000,4.946E+12,12.4,0.07422,0.000109,1607,0.001555,0.05989,0.6087,31.72,-0.9565,0.4832,-0.04768,0.03257,-0.1011,-0.01424,0.03066,0.06829,0.01924,0.1033,33.78,2112,216600,39980000,-1517,1148000,116100,-1.318E+12,-1.332E+11,-13470000000,3.03E+18,1.204E+12,1.217E+11,3.126E+15,neutral
20.4,0.1122,0.000103,181.4,0.001088,0.04047,0.05355,41.68,0.1492,0.4682,0.3229,0.1985,0.1628,0.1188,0.1356,0.07921,0.1159,0.05561,22.68,2076,255800,50900000,300.5,454.1,56.52,1044000000,117500000,13140000,3.6E+15,1060000000,118600000,4.581E+12,12.01,0.06504,3.90E-05,1562,0.001031,0.0394,0.5705,31.72,-0.9475,0.3777,-0.003572,0.1373,-0.04081,-0.006054,0.02145,0.03235,0.009396,0.05975,33.7,2270,233700,43580000,-1567,1149000,116200,-1.321E+12,-1.336E+11,-13510000000,3.04E+18,1.207E+12,1.221E+11,3.14E+15,sad
18.54,0.1045,7.00E-05,185.9,0.000952,0.03551,0.08271,38.3,0.1278,0.4805,0.3116,0.2398,0.179,0.1357,0.133,0.0978,0.1065,0.05001,21.66,2179,260300,51880000,296.8,450,53.72,1036000000,113800000,12500000,3.578E+15,1029000000,113000000,4.365E+12,11.46,0.06362,2.60E-05,1614,0.00087,0.03328,0.5675,30,-0.9528,0.4075,-0.02899,0.07721,-0.0538,-0.05226,-0.009503,0.01561,0.02435,0.05126,33.74,2262,230300,43520000,-1602,1151000,116400,-1.325E+12,-1.34E+11,-13540000000,3.05E+18,1.211E+12,1.224E+11,3.152E+15,sad
18.06,0.1033,7.40E-05,174.1,0.000984,0.03656,0.1063,37.33,0.1217,0.4143,0.3179,0.2258,0.1774,0.1539,0.1303,0.1009,0.1159,0.04804,21.02,1867,223100,44660000,292.1,421.4,45.05,971400000,100800000,10500000,3.359E+15,911400000,94910000,3.669E+12,11.68,0.06603,2.80E-05,1607,0.000952,0.03633,0.5426,30.19,-0.9537,0.4447,-0.04984,0.06526,-0.05515,-0.03607,0.02337,0.06228,0.02729,0.05424,32.98,2091,209700,38780000,-1554,1153000,116500,-1.328E+12,-1.343E+11,-13570000000,3.06E+18,1.214E+12,1.227E+11,3.163E+15,sad
18.4,0.1124,0.000118,182.8,0.001086,0.04042,0.05639,38.52,0.1369,0.4343,0.2892,0.1842,0.1773,0.153,0.1483,0.1059,0.1279,0.05321,21.97,2015,233900,46750000,302.2,461.9,47.03,1066000000,107800000,10970000,3.691E+15,974600000,99190000,3.838E+12,11.1,0.06359,3.60E-05,1604,0.000991,0.03781,0.5809,29.34,-0.9516,0.3645,-0.02506,0.09599,-0.04804,-0.007902,0.01502,0.05924,0.02464,0.05611,34,2388,240000,44730000,-1568,1154000,116600,-1.332E+12,-1.346E+11,-13600000000,3.07E+18,1.216E+12,1.229E+11,3.173E+15,sad
18.54,0.1045,7.00E-05,185.9,0.000952,0.03551,0.08271,38.3,0.1278,0.4805,0.3116,0.2398,0.179,0.1357,0.133,0.0978,0.1065,0.05001,21.66,2179,260300,51880000,296.8,450,53.72,1040000000,114200000,12550000,3.606E+15,1032000000,113400000,4.395E+12,11.46,0.06362,2.60E-05,1614,0.00087,0.03328,0.5675,30,-0.9528,0.4075,-0.02899,0.07721,-0.0538,-0.05226,-0.009503,0.01561,0.02435,0.05126,33.74,2262,230300,43520000,-1602,1156000,116800,-1.336E+12,-1.349E+11,-13630000000,3.09E+18,1.22E+12,1.232E+11,3.184E+15,sad
72.19,0.3106,0.001222,247,0.00383,0.1436,0.05455,126.9,0.6203,0.1823,0.2804,0.1187,0.1444,0.108,0.1131,0.1012,0.0931,0.2159,62.26,704.8,94270,11020000,654.7,416.7,121.7,964300000,189400000,28480000,3.347E+15,1710000000,257200000,9.996E+12,34.88,0.1604,0.000489,1655,0.004161,0.1579,0.4534,66.85,-0.7488,0.5948,0.05441,0.09246,0.1269,0.07986,-0.001351,-0.02261,0.002663,0.227,42.67,985.6,43360,13400000,-1560,1157000,117000,-1.339E+12,-1.354E+11,-13690000000,3.10E+18,1.224E+12,1.237E+11,3.204E+15,angry
40.98,0.1805,0.000649,238.3,0.002644,0.09881,0.04228,74.64,0.3457,0.2436,0.3084,0.1515,0.1342,0.1254,0.1181,0.1016,0.0848,0.1474,35.88,966.4,147900,27520000,396.4,417.8,100.8,968200000,165500000,23640000,3.365E+15,1497000000,213900000,8.322E+12,14.99,0.07575,0.000279,1636,0.00286,0.1087,0.471,32.95,-0.9184,0.5473,0.05015,0.04629,0.045,0.03412,-0.01438,-0.04289,-0.01736,0.1595,28.61,1235,122300,23990000,-1451,1159000,117300,-1.342E+12,-1.359E+11,-13770000000,3.11E+18,1.229E+12,1.244E+11,3.231E+15,angry
59.55,0.2564,0.001066,245.7,0.00301,0.1129,0.02837,103.5,0.5121,0.2035,0.3082,0.1493,0.1409,0.1132,0.1021,0.08467,0.07408,0.1777,51.33,719.7,96280,14370000,493.7,375,97.92,870100000,157500000,23040000,3.028E+15,1426000000,208500000,8.129E+12,25.09,0.1151,0.000408,1637,0.00302,0.115,0.5305,48.66,-0.834,0.6189,0.02766,0.07276,0.09545,0.03513,-0.008208,0.002418,0.03027,0.1681,33.96,888,54030,13590000,-1500,1160000,117600,-1.346E+12,-1.365E+11,-13840000000,3.12E+18,1.233E+12,1.251E+11,3.255E+15,angry
9.571,0.05723,0.001363,237.7,0.003573,0.1342,0.05227,20.72,0.05122,0.2274,0.2968,0.1476,0.1306,0.1036,0.111,0.09873,0.08449,0.2178,11.32,730.1,105400,21090000,227.5,377.7,103.8,877100000,164900000,24480000,3.056E+15,1495000000,221700000,8.662E+12,8.321,0.04588,0.000605,1655,0.003758,0.1434,0.5169,19.63,-0.9808,0.6072,0.02304,0.03702,0.04182,0.02092,-0.01817,-0.0248,0.007958,0.2178,20.92,924.5,95360,16660000,-1358,1161000,117900,-1.349E+12,-1.37E+11,-13910000000,3.13E+18,1.238E+12,1.257E+11,3.281E+15,angry
62.01,0.2665,0.001382,227.7,0.003433,0.1287,0.03485,110.7,0.5348,0.1763,0.3212,0.1467,0.1502,0.1117,0.1017,0.09199,0.07884,0.196,53.4,689,92730,12780000,501,369.6,100.7,859400000,160700000,23820000,2.997E+15,1453000000,215300000,8.449E+12,27.56,0.1295,0.000548,1634,0.003261,0.1245,0.5568,54.99,-0.8167,0.6698,-0.001976,0.0499,0.05583,0.02522,-0.008145,0.008834,0.05509,0.1869,36.9,917.6,49140,12880000,-1524,1163000,118200,-1.352E+12,-1.375E+11,-13980000000,3.14E+18,1.242E+12,1.264E+11,3.306E+15,angry
12.7,0.08302,7.00E-05,182.3,0.000972,0.03645,0.07012,28.67,0.07613,0.2467,0.3041,0.2447,0.155,0.1061,0.1235,0.1181,0.09243,0.05297,16.03,1214,164500,31660000,253.8,445,35.26,1036000000,93030000,8352000,3.618E+15,838900000,75300000,2.967E+12,10.04,0.06544,3.30E-05,1550,0.000774,0.02955,0.5977,26.32,-0.9679,0.534,0.1066,-0.07803,-0.06211,0.006495,-0.02343,-0.007208,-0.003935,0.04451,26.82,1682,203000,38810000,-1585,1164000,118400,-1.355E+12,-1.379E+11,-14030000000,3.15E+18,1.246E+12,1.268E+11,3.322E+15,disgust
60.99,0.2623,0.000132,191.7,0.001517,0.05678,0.05331,108.2,0.522,0.2656,0.3086,0.1823,0.1801,0.1335,0.1039,0.1163,0.1056,0.07944,52.26,1135,161700,25940000,564.2,452.3,48.56,1054000000,109500000,11510000,3.687E+15,986400000,103700000,4.094E+12,27.39,0.1324,6.30E-05,1556,0.001119,0.0426,0.6395,57.08,-0.8156,0.5437,0.03233,0.05804,0.07298,0.04637,-0.02118,-0.01041,0.05242,0.06117,40.17,1514,131700,28990000,-1668,1166000,118500,-1.358E+12,-1.382E+11,-14050000000,3.17E+18,1.249E+12,1.27E+11,3.33E+15,disgust
7.669,0.05631,0.00013,208.2,0.001265,0.0471,0.06578,17.17,0.04122,0.274,0.2718,0.1571,0.1462,0.1188,0.1098,0.07489,0.07736,0.05966,14.63,1312,174200,33580000,253.8,442.1,38.2,1032000000,95900000,9066000,3.613E+15,867900000,82010000,3.227E+12,6.805,0.03951,5.10E-05,1554,0.00112,0.04254,0.5575,17.28,-0.9829,0.4223,0.159,0.06084,-0.004511,0.04326,0.01613,0.022,0.0107,0.05702,21.92,1476,181500,34090000,-1508,1167000,118700,-1.362E+12,-1.385E+11,-14080000000,3.18E+18,1.252E+12,1.273E+11,3.342E+15,disgust
38.74,0.18,9.70E-05,199.1,0.001104,0.04108,0.06658,71.85,0.3253,0.2423,0.3383,0.1899,0.1718,0.1126,0.1121,0.1013,0.09668,0.05583,35.04,1154,146000,26970000,339.6,424.4,37.56,991900000,94020000,8922000,3.477E+15,850400000,80700000,3.178E+12,15.45,0.08291,4.80E-05,1548,0.001048,0.0399,0.5491,34.66,-0.9149,0.5198,0.04776,0.02029,0.0357,0.05256,0.01578,-0.009627,0.001104,0.05617,28.62,1326,133000,26920000,-1520,1169000,118800,-1.366E+12,-1.388E+11,-14100000000,3.19E+18,1.254E+12,1.275E+11,3.35E+15,disgust
58.2,0.251,0.000117,206.5,0.001225,0.04599,0.03301,100.5,0.4986,0.257,0.2901,0.163,0.1818,0.1204,0.1073,0.1018,0.0831,0.07201,50.38,1144,160700,26420000,528,365.4,38.34,854900000,88080000,9113000,3.001E+15,793900000,82160000,3.249E+12,25.34,0.1235,5.50E-05,1540,0.001088,0.04164,0.5762,51.27,-0.8343,0.5625,0.06679,0.04355,0.04741,0.0641,3.10E-05,0.004471,0.02356,0.06407,37.46,1374,119900,26160000,-1613,1170000,118900,-1.369E+12,-1.391E+11,-14130000000,3.20E+18,1.257E+12,1.277E+11,3.358E+15,disgust
32.79,0.1471,0.000262,247.9,0.001798,0.067,0.06229,60.35,0.2798,0.1998,0.286,0.1431,0.1375,0.1034,0.1061,0.09216,0.0809,0.1003,29.29,749.6,104400,19860000,208.8,394.6,102.6,924400000,166900000,24430000,3.248E+15,1510000000,221000000,8.729E+12,12.31,0.06306,0.000144,1657,0.002258,0.08577,0.4701,26.15,-0.9437,0.6054,0.04656,0.07885,0.06385,0.01128,-0.0363,-0.02483,0.03001,0.122,25.01,1030,96470,17510000,-1518,1171000,119100,-1.372E+12,-1.395E+11,-14180000000,3.21E+18,1.26E+12,1.282E+11,3.377E+15,happy
63.1,0.2722,0.000238,240,0.00154,0.05766,0.02641,111.8,0.5452,0.1567,0.2833,0.1738,0.172,0.1376,0.1178,0.1059,0.08852,0.09276,53.66,792.7,104600,15360000,570.1,420.8,111,986800000,180300000,26500000,3.472E+15,1625000000,239100000,9.492E+12,28.76,0.1385,0.000112,1680,0.001958,0.07458,0.4885,55.51,-0.8111,0.6722,0.005155,0.06061,0.03334,0.00429,-0.02309,-0.01825,0.01484,0.1135,39.81,1114,68090,16010000,-1698,1173000,119400,-1.375E+12,-1.4E+11,-14260000000,3.23E+18,1.265E+12,1.288E+11,3.404E+15,happy
64.84,0.2792,0.00026,231,0.001392,0.0521,0.03442,115.1,0.5562,0.1618,0.28,0.1512,0.1651,0.1288,0.1105,0.09541,0.07481,0.08581,54.82,735.6,104500,12310000,541.7,443.8,79.4,1042000000,146200000,19010000,3.671E+15,1321000000,171700000,6.826E+12,29.81,0.1424,0.00012,1640,0.001764,0.06737,0.5038,58.34,-0.8032,0.6776,-0.003607,0.07224,0.06276,0.01183,-0.03005,-0.02239,-0.005301,0.1088,40.86,1216,82830,19430000,-1572,1174000,119700,-1.379E+12,-1.405E+11,-14330000000,3.24E+18,1.27E+12,1.295E+11,3.43E+15,happy
83.74,0.3575,0.000208,229.4,0.001344,0.05022,0.04895,147.8,0.7243,0.1558,0.2805,0.128,0.1814,0.1328,0.1061,0.09062,0.08327,0.07391,71.09,698.8,112100,9615000,767.6,459.6,82.38,1081000000,151800000,19760000,3.812E+15,1366000000,178000000,7.109E+12,47.7,0.2173,7.90E-05,1629,0.001607,0.06103,0.5017,89.94,-0.6415,0.6552,0.04783,0.08782,0.09744,0.03314,-0.04026,-0.03118,0.004657,0.0927,55.22,1222,49690,18050000,-1758,1176000,119900,-1.382E+12,-1.41E+11,-14380000000,3.25E+18,1.274E+12,1.3E+11,3.45E+15,happy
64.84,0.2792,0.00026,231,0.001392,0.0521,0.03442,115.1,0.5562,0.1618,0.28,0.1512,0.1651,0.1288,0.1105,0.09541,0.07481,0.08581,54.82,735.6,104500,12310000,541.7,443.8,79.4,1045000000,146700000,19090000,3.69E+15,1325000000,172400000,6.881E+12,29.81,0.1424,0.00012,1640,0.001764,0.06737,0.5038,58.34,-0.8032,0.6776,-0.003607,0.07224,0.06276,0.01183,-0.03005,-0.02239,-0.005301,0.1088,40.86,1216,82830,19430000,-1572,1177000,120200,-1.386E+12,-1.415E+11,-14440000000,3.26E+18,1.279E+12,1.305E+11,3.472E+15,happy
85.14,0.3645,9.20E-05,203.7,0.00102,0.03792,0.04535,150.1,0.7296,0.175,0.2331,0.1403,0.1816,0.1191,0.1033,0.1001,0.08664,0.05332,72.03,703.9,129400,12330000,825,394.3,30.6,929600000,83170000,7364000,3.287E+15,747000000,66080000,2.659E+12,48.06,0.214,4.50E-05,1535,0.001154,0.04396,0.438,90.19,-0.632,0.5847,0.0709,0.09115,0.09884,0.06553,-0.03009,-0.03836,-0.008,0.06721,56.31,1359,68640,21800000,-1673,1179000,120300,-1.389E+12,-1.418E+11,-14480000000,3.28E+18,1.282E+12,1.309E+11,3.485E+15,neutral
83.56,0.3587,0.00013,218,0.001203,0.04482,0.058,147.4,0.7112,0.1903,0.271,0.1524,0.1963,0.1197,0.1275,0.1152,0.1183,0.06574,70.38,760.1,129700,12310000,804.3,386.5,35.55,912200000,88100000,8564000,3.229E+15,792900000,77070000,3.094E+12,47.08,0.2107,5.90E-05,1554,0.001413,0.0539,0.4628,88.89,-0.6459,0.5752,0.01912,0.1114,0.09108,0.06524,-0.01147,-0.04075,-0.02909,0.08217,56.64,1465,75500,22660000,-1630,1180000,120400,-1.393E+12,-1.421E+11,-14500000000,3.29E+18,1.284E+12,1.311E+11,3.494E+15,neutral
78.16,0.3384,0.000163,215.7,0.001285,0.04804,0.0401,138.9,0.6715,0.1749,0.2676,0.14,0.1727,0.115,0.1105,0.1204,0.0989,0.07469,66.25,784.7,121200,12720000,742.8,393.5,40.14,929700000,94330000,9679000,3.295E+15,846800000,86890000,3.501E+12,40.65,0.1876,7.20E-05,1567,0.001512,0.05779,0.4696,78.9,-0.6972,0.5978,0.0304,0.08975,0.07829,0.04722,-0.02649,-0.0309,0.005553,0.09014,50.6,1375,79360,21870000,-1577,1181000,120600,-1.396E+12,-1.424E+11,-14530000000,3.30E+18,1.287E+12,1.313E+11,3.504E+15,neutral
73.84,0.3198,0.000113,223.9,0.001124,0.04176,0.04248,129,0.6282,0.1935,0.2687,0.1417,0.1683,0.1156,0.113,0.1132,0.09614,0.05993,62.63,795.3,122700,13780000,671.6,379.9,36.67,898600000,88890000,8849000,3.188E+15,798400000,79470000,3.204E+12,37.02,0.1713,5.30E-05,1567,0.001367,0.05217,0.4701,70.49,-0.7335,0.5875,0.01877,0.08262,0.09207,0.04167,-0.05485,-0.04996,0.00237,0.07994,47.05,1340,81030,21740000,-1554,1183000,120700,-1.399E+12,-1.427E+11,-14560000000,3.31E+18,1.29E+12,1.316E+11,3.515E+15,neutral
84.11,0.3608,0.000126,219.4,0.001408,0.05241,0.06385,147.6,0.717,0.1731,0.2461,0.1496,0.1864,0.1251,0.09434,0.1288,0.09462,0.07266,71.6,689.7,122300,12060000,821.8,393.1,43,930900000,98080000,10390000,3.307E+15,881300000,93370000,3.765E+12,46.91,0.2106,6.30E-05,1575,0.001605,0.06114,0.4432,87.55,-0.6486,0.6241,0.06978,0.1035,0.08309,0.05015,-0.03821,-0.04449,0.00136,0.09219,54.51,1275,63490,20270000,-1633,1184000,120800,-1.402E+12,-1.43E+11,-14590000000,3.32E+18,1.293E+12,1.319E+11,3.526E+15,neutral
81.46,0.3502,7.20E-05,209.9,0.00089,0.03307,0.04524,145,0.6938,0.2012,0.2542,0.1261,0.1838,0.1027,0.1181,0.09895,0.07064,0.04186,69.83,709.8,131700,14470000,743.2,434.2,47.41,1029000000,108200000,11470000,3.661E+15,977000000,103500000,4.161E+12,42.83,0.1916,3.20E-05,1556,0.000977,0.03707,0.4847,81.01,-0.6767,0.5622,0.1106,0.09815,0.1074,0.07472,-0.02299,-0.04095,-0.001778,0.05121,50.41,1267,80140,23590000,-1717,1186000,121000,-1.405E+12,-1.434E+11,-14630000000,3.33E+18,1.296E+12,1.322E+11,3.539E+15,sad
84.67,0.364,6.10E-05,200.3,0.000863,0.0321,0.05611,149.8,0.7242,0.192,0.2347,0.1181,0.1869,0.102,0.1108,0.1101,0.08058,0.04036,71.99,814.4,143400,15010000,782.5,444.1,46.42,1054000000,108400000,11240000,3.755E+15,977800000,101400000,4.083E+12,47.39,0.2117,2.50E-05,1542,0.000877,0.03333,0.4991,89.59,-0.6405,0.5881,0.08788,0.08934,0.1257,0.0754,-0.02633,-0.04229,-0.01207,0.04727,55.31,1397,80340,24890000,-1771,1187000,121100,-1.409E+12,-1.437E+11,-14660000000,3.35E+18,1.299E+12,1.325E+11,3.55E+15,sad
72.31,0.3137,4.90E-05,198.8,0.000875,0.03238,0.06929,127.7,0.6184,0.1778,0.2468,0.1235,0.172,0.1079,0.1044,0.09268,0.0768,0.03792,61.6,823.6,126700,14810000,641.3,441.7,44.7,1050000000,106000000,10840000,3.744E+15,957700000,97880000,3.94E+12,33.58,0.1536,2.40E-05,1556,0.000908,0.03444,0.4915,64.55,-0.7526,0.5517,0.06238,0.07516,0.1161,0.07467,-0.01089,-0.03062,0.001755,0.04735,44.18,1370,102100,25140000,-1639,1189000,121200,-1.413E+12,-1.441E+11,-14690000000,3.36E+18,1.302E+12,1.328E+11,3.562E+15,sad
91.88,0.396,7.30E-05,202.4,0.000865,0.03221,0.07079,161.5,0.7851,0.1791,0.2676,0.1397,0.1963,0.1061,0.1083,0.1011,0.0724,0.04024,77.68,818.1,152200,15040000,866.1,457.8,37.94,1090000000,100200000,9205000,3.891E+15,904400000,83030000,3.35E+12,57.05,0.2527,3.00E-05,1531,0.000812,0.03092,0.525,106.8,-0.5554,0.557,0.06726,0.09609,0.1622,0.107,-0.02299,-0.03324,-0.004675,0.04343,63.85,1490,69340,25630000,-1854,1190000,121300,-1.416E+12,-1.444E+11,-14720000000,3.37E+18,1.305E+12,1.33E+11,3.572E+15,sad
89.01,0.3832,7.50E-05,208,0.001017,0.03769,0.04814,157.5,0.7621,0.1951,0.2464,0.1276,0.1882,0.1072,0.1127,0.1015,0.07882,0.04356,75.07,723.8,142800,13440000,831.6,456.6,38.96,1088000000,101100000,9462000,3.891E+15,910800000,85200000,3.447E+12,52.01,0.2312,3.20E-05,1533,0.000922,0.03497,0.5378,98.09,-0.593,0.5446,0.05222,0.09314,0.1481,0.09355,-0.02737,-0.03902,0.003617,0.04743,60.15,1476,77940,25030000,-1804,1192000,121400,-1.42E+12,-1.447E+11,-14750000000,3.39E+18,1.308E+12,1.333E+11,3.582E+15,sad
15,0.1041,0.000927,257.5,0.001994,0.07422,0.04348,32.26,0.1082,0.3013,0.2661,0.2592,0.1898,0.1402,0.1293,0.117,0.1067,0.1174,20.63,1404,153200,29880000,230.2,351.3,57.17,838200000,110600000,13900000,3E+15,1002000000,125800000,5.071E+12,11.64,0.07198,0.000298,1578,0.00206,0.07927,0.5554,29.11,-0.9564,0.5052,0.09711,0.1258,-0.1159,-0.00282,-0.04001,-0.004365,0.001809,0.1254,29.68,1838,190800,34270000,-1447,1193000,121600,-1.424E+12,-1.451E+11,-14780000000,3.40E+18,1.311E+12,1.336E+11,3.594E+15,angry
11.78,0.08579,0.000806,286,0.002155,0.08117,0.06538,25.53,0.07322,0.2328,0.2986,0.2017,0.1762,0.1407,0.1246,0.1254,0.09854,0.1418,17.13,1151,128000,25180000,256,381,66.09,910000000,124900000,16090000,3.261E+15,1131000000,145600000,5.879E+12,12.68,0.08277,0.000322,1613,0.00213,0.08222,0.5312,30.08,-0.964,0.6395,0.04664,0.07502,-0.05815,-0.02477,-0.06737,-0.01392,-0.000284,0.1458,28.03,1462,147900,25970000,-1430,1194000,121800,-1.427E+12,-1.454E+11,-14830000000,3.41E+18,1.314E+12,1.34E+11,3.611E+15,angry
14.76,0.1013,0.000764,262.2,0.002254,0.08471,0.05936,29.91,0.1024,0.2629,0.2818,0.2444,0.1746,0.1341,0.13,0.1216,0.1007,0.1466,18.8,1260,134000,25080000,236,360.4,59.01,861800000,113800000,14390000,3.091E+15,1033000000,130500000,5.265E+12,13.89,0.09155,0.000372,1595,0.002471,0.09555,0.5517,33.09,-0.954,0.6145,0.03532,0.09549,-0.117,-0.04915,-0.06937,0.003556,-0.008504,0.1711,29.76,1534,147900,25590000,-1352,1196000,122000,-1.43E+12,-1.458E+11,-14870000000,3.42E+18,1.318E+12,1.344E+11,3.628E+15,angry
13.71,0.09538,0.000551,270.6,0.002314,0.08711,0.06626,28.42,0.1019,0.4178,0.2815,0.2176,0.1372,0.1509,0.1199,0.1422,0.1058,0.145,18.34,1720,208300,41010000,325.4,422,61.06,1010000000,124300000,14910000,3.628E+15,1125000000,135000000,5.464E+12,11.33,0.07085,0.00027,1614,0.002172,0.0837,0.5899,27.14,-0.9618,0.5073,0.07648,0.1175,-0.1022,-0.05632,-0.0424,0.01185,0.01403,0.1443,29.16,1861,200400,36690000,-1433,1197000,122100,-1.433E+12,-1.462E+11,-14920000000,3.43E+18,1.321E+12,1.348E+11,3.643E+15,angry
14.39,0.09767,0.000481,253.9,0.001863,0.06964,0.04252,29.64,0.09482,0.3718,0.2988,0.2232,0.1522,0.1305,0.1278,0.105,0.1082,0.1149,17.87,1511,189000,36800000,274,390,51.61,934700000,108900000,12620000,3.36E+15,988600000,114500000,4.63E+12,10.92,0.06739,0.000221,1611,0.002023,0.07787,0.5136,26.6,-0.9644,0.497,0.06422,0.117,-0.0737,0.002018,-0.04453,-0.01125,0.03048,0.13,27.91,1749,191500,34300000,-1395,1198000,122300,-1.436E+12,-1.466E+11,-14950000000,3.44E+18,1.324E+12,1.351E+11,3.658E+15,angry
31.19,0.1463,7.10E-05,245.5,0.000885,0.03325,0.06588,58.43,0.2586,0.209,0.2526,0.3093,0.2085,0.1627,0.1076,0.1416,0.1222,0.05639,29.29,1039,124600,22620000,258.2,487.9,69.26,1171000000,142300000,16960000,4.215E+15,1290000000,153600000,6.231E+12,20.19,0.1272,3.30E-05,1596,0.000855,0.03291,0.5088,46.25,-0.9132,0.6751,0.02604,-0.05114,-0.1735,-0.01166,-0.05705,-0.01318,-0.000601,0.05763,35.99,1757,177900,32850000,-1641,1200000,122500,-1.44E+12,-1.469E+11,-15000000000,3.46E+18,1.328E+12,1.355E+11,3.673E+15,disgust
73.18,0.3144,8.60E-05,230.1,0.000915,0.03459,0.04951,128.2,0.6332,0.232,0.2706,0.2333,0.2366,0.1705,0.1176,0.1255,0.1031,0.06119,62.16,1170,148800,19500000,657.7,535.3,83.46,1287000000,165800000,20470000,4.638E+15,1498000000,185000000,7.535E+12,41.8,0.2104,4.40E-05,1580,0.000925,0.03552,0.5232,80.76,-0.7085,0.6405,0.04097,0.06002,-0.0755,-0.02853,-0.08267,-0.0389,-0.02026,0.06217,53.35,1649,107800,26820000,-1790,1202000,122700,-1.444E+12,-1.474E+11,-15050000000,3.47E+18,1.332E+12,1.36E+11,3.692E+15,disgust
16.22,0.1013,0.000169,210.4,0.00112,0.04201,0.07117,33.19,0.1074,0.2721,0.2631,0.2392,0.1725,0.1572,0.1205,0.117,0.1144,0.07192,19.15,1226,137700,26540000,209.7,511.3,73.74,1231000000,151500000,18130000,4.444E+15,1368000000,163700000,6.683E+12,14.76,0.09115,8.40E-05,1567,0.001042,0.04034,0.5635,34.79,-0.9498,0.5896,0.03619,0.09186,-0.108,-0.02853,-0.05892,-0.02567,-0.0349,0.07292,33.3,1828,182700,32110000,-1578,1204000,122900,-1.448E+12,-1.479E+11,-15100000000,3.49E+18,1.337E+12,1.365E+11,3.712E+15,disgust
11.39,0.0712,0.00014,238.5,0.001192,0.04498,0.09238,23.49,0.06687,0.364,0.2943,0.209,0.192,0.1589,0.1317,0.1301,0.1065,0.07623,15.62,1507,204600,40590000,289.6,604.8,83.08,1458000000,174200000,20460000,5.273E+15,1576000000,185000000,7.557E+12,10.77,0.06411,6.30E-05,1579,0.00107,0.04111,0.5381,26.77,-0.9696,0.4751,0.09747,0.0704,-0.06503,0.01082,-0.02758,-0.02858,-0.01615,0.07178,30.59,2139,249600,45880000,-1596,1205000,123100,-1.453E+12,-1.484E+11,-15160000000,3.50E+18,1.341E+12,1.37E+11,3.734E+15,disgust
21.95,0.1139,0.000126,239.4,0.001061,0.03987,0.06809,42.85,0.1578,0.2889,0.2915,0.201,0.1858,0.1593,0.115,0.09722,0.09909,0.07098,22.25,1260,157400,29810000,231,511.2,72.71,1234000000,150700000,17940000,4.471E+15,1361000000,162100000,6.638E+12,13.04,0.07834,5.60E-05,1549,0.001125,0.04318,0.518,30,-0.9559,0.5855,0.0662,0.03218,-0.07702,-0.001363,-0.02579,-0.02889,-0.00526,0.07546,29.23,1580,165100,30400000,-1537,1207000,123400,-1.458E+12,-1.489E+11,-15220000000,3.52E+18,1.346E+12,1.375E+11,3.754E+15,disgust
56.94,0.2604,0.000158,224.4,0.001256,0.04675,0.06367,102.6,0.4888,0.363,0.2641,0.1685,0.1955,0.1302,0.1239,0.1218,0.1225,0.06548,49.82,1709,207400,35710000,521.4,420.3,40.98,1016000000,101100000,10120000,3.686E+15,915800000,91670000,3.751E+12,27.25,0.1399,6.20E-05,1582,0.001196,0.04578,0.573,55.48,-0.8156,0.4595,0.09838,0.08251,-0.03172,0.004646,-0.05457,-0.008823,0.002943,0.06787,41.86,1933,160700,36120000,-1603,1209000,123500,-1.462E+12,-1.493E+11,-15260000000,3.53E+18,1.349E+12,1.379E+11,3.769E+15,happy
17.26,0.1218,0.00017,250.6,0.001172,0.04371,0.05713,32.81,0.1362,0.3644,0.2939,0.2008,0.1816,0.1544,0.1378,0.1122,0.1132,0.06293,23.87,1660,179900,34480000,241.7,390,29.54,944100000,83630000,7304000,3.428E+15,754900000,65910000,2.708E+12,12.44,0.08005,8.10E-05,1572,0.001237,0.04742,0.5522,28.37,-0.9461,0.4838,0.06944,0.05196,-0.04851,0.000199,-0.05036,-0.02529,-0.009946,0.07073,28.53,1724,171300,33400000,-1490,1210000,123600,-1.465E+12,-1.496E+11,-15280000000,3.55E+18,1.352E+12,1.381E+11,3.777E+15,happy
16.79,0.1043,0.000175,251.5,0.001485,0.05511,0.04318,32,0.1067,0.4019,0.2673,0.202,0.1635,0.1247,0.1301,0.1286,0.1115,0.06729,22.53,1848,208100,40770000,261.6,429.3,52.14,1040000000,115600000,12900000,3.782E+15,1043000000,116400000,4.787E+12,10.95,0.06283,7.40E-05,1581,0.001331,0.05068,0.5759,26.5,-0.9566,0.3882,0.08988,0.07529,-0.03667,0.01834,-0.05317,-0.02633,-0.01645,0.07139,31.06,2143,224800,42290000,-1551,1212000,123700,-1.468E+12,-1.499E+11,-15300000000,3.56E+18,1.355E+12,1.383E+11,3.786E+15,happy
15.57,0.1072,0.000154,248.4,0.001075,0.03976,0.04642,30.38,0.1016,0.39,0.2646,0.2186,0.1769,0.127,0.1193,0.1246,0.09686,0.053,22.9,1872,203400,39890000,261.5,424.3,48.37,1030000000,110800000,11980000,3.748E+15,997100000,107900000,4.45E+12,10.99,0.06684,6.70E-05,1554,0.001084,0.04147,0.5508,26.95,-0.9567,0.4051,0.09744,0.07086,-0.05896,0.02245,-0.0351,-0.01785,-0.01247,0.05978,30.83,2064,210600,39960000,-1568,1213000,123800,-1.472E+12,-1.502E+11,-15330000000,3.57E+18,1.358E+12,1.386E+11,3.797E+15,happy
17.26,0.1218,0.00017,250.6,0.001172,0.04371,0.05713,32.81,0.1362,0.3644,0.2939,0.2008,0.1816,0.1544,0.1378,0.1122,0.1132,0.06293,23.87,1660,179900,34480000,241.7,390,29.54,947500000,83880000,7323000,3.453E+15,757200000,66090000,2.723E+12,12.44,0.08005,8.10E-05,1572,0.001237,0.04742,0.5522,28.37,-0.9461,0.4838,0.06944,0.05196,-0.04851,0.000199,-0.05036,-0.02529,-0.009946,0.07073,28.53,1724,171300,33400000,-1490,1215000,123900,-1.475E+12,-1.505E+11,-15360000000,3.59E+18,1.36E+12,1.388E+11,3.807E+15,happy
81.87,0.3568,8.30E-05,258.6,0.000877,0.03248,0.06453,145,0.7002,0.2241,0.2315,0.2074,0.2168,0.1445,0.112,0.09585,0.08914,0.04544,69.19,1005,147400,14980000,766.1,388.7,18.44,945200000,70450000,4573000,3.448E+15,636700000,41340000,1.701E+12,46.66,0.2169,4.20E-05,1570,0.000964,0.0368,0.4596,87.56,-0.6547,0.512,0.07705,0.1889,0.04381,0.0329,-0.03517,-0.01701,-0.01152,0.05523,57.12,1678,100800,26850000,-1705,1216000,124000,-1.479E+12,-1.508E+11,-15380000000,3.60E+18,1.363E+12,1.389E+11,3.813E+15,neutral
11.16,0.07595,9.00E-05,249.2,0.000847,0.03153,0.04712,23.98,0.0713,0.409,0.2601,0.1907,0.2087,0.146,0.1329,0.1194,0.1069,0.04517,19.18,1886,212900,42010000,300,417.4,13.93,1016000000,68450000,3456000,3.712E+15,619400000,31310000,1.286E+12,8.904,0.04917,3.60E-05,1566,0.000889,0.03388,0.4908,25.06,-0.968,0.3175,0.104,0.185,-0.02471,0.009275,-0.01598,-0.01936,-0.02116,0.05055,31.41,2498,273900,49720000,-1540,1217000,124000,-1.482E+12,-1.51E+11,-15390000000,3.61E+18,1.365E+12,1.39E+11,3.817E+15,neutral
14.43,0.1019,5.10E-05,215.2,0.000626,0.0233,0.04726,30.34,0.1006,0.3942,0.2488,0.2053,0.1942,0.1516,0.1337,0.1284,0.1086,0.03321,20.08,1804,196600,38970000,274.2,448.9,11.44,1094000000,69530000,2839000,4.002E+15,628900000,25720000,1.057E+12,9.67,0.05869,2.30E-05,1564,0.000697,0.02672,0.4937,26.13,-0.9622,0.3378,0.05881,0.1558,-0.04903,0.02625,-0.01405,0.001387,-0.001568,0.03991,31.98,2418,254500,46250000,-1548,1219000,124100,-1.486E+12,-1.512E+11,-15390000000,3.62E+18,1.367E+12,1.391E+11,3.82E+15,neutral
81.42,0.3492,9.20E-05,264.4,0.00092,0.03421,0.05314,143.2,0.6997,0.2427,0.1827,0.1783,0.2312,0.1455,0.1182,0.09145,0.07814,0.05064,68.73,930.4,153800,15780000,774.1,406.3,16.91,991800000,70450000,4198000,3.631E+15,637000000,37970000,1.563E+12,43.26,0.1949,4.00E-05,1548,0.001091,0.04159,0.4546,82.71,-0.6699,0.5079,0.1129,0.1515,0.006246,0.004014,-0.05695,-0.02751,-0.00842,0.06172,53.95,1684,122700,30500000,-1650,1220000,124100,-1.489E+12,-1.515E+11,-15410000000,3.64E+18,1.369E+12,1.392E+11,3.824E+15,neutral
13.34,0.09159,7.70E-05,234.6,0.00079,0.02953,0.0475,27.81,0.07662,0.406,0.2779,0.2419,0.1683,0.1512,0.1213,0.1045,0.09239,0.04715,17.62,1665,212300,41970000,289.3,416.1,17.13,1017000000,72250000,4253000,3.727E+15,653500000,38490000,1.584E+12,10.47,0.06273,3.90E-05,1553,0.000889,0.03418,0.5121,27.97,-0.9662,0.4358,0.07485,0.144,-0.1043,-0.06294,-0.06197,-0.02547,-0.001645,0.05639,30.8,2129,236400,42720000,-1482,1222000,124200,-1.493E+12,-1.517E+11,-15420000000,3.65E+18,1.371E+12,1.393E+11,3.828E+15,neutral
86.22,0.3726,3.90E-05,192.4,0.000518,0.0193,0.07473,151.9,0.7364,0.2086,0.1743,0.1498,0.1986,0.1108,0.09661,0.07765,0.08441,0.0279,71.89,882.9,160400,14050000,814,499,1.898,1221000000,62070000,471400,4.482E+15,561000000,4265000,1.756E+11,49.15,0.2247,1.80E-05,1521,0.000596,0.02276,0.4593,93.35,-0.6178,0.4741,0.09715,0.172,0.08917,0.04846,-0.03946,-0.009895,-0.0167,0.0351,60.43,1883,131400,33610000,-1764,1223000,124200,-1.497E+12,-1.519E+11,-15420000000,3.66E+18,1.373E+12,1.394E+11,3.83E+15,sad
91.42,0.3926,2.00E-05,195.6,0.000382,0.01424,0.07164,162,0.7815,0.2209,0.1579,0.1489,0.2165,0.1415,0.09018,0.08384,0.08628,0.02072,76.51,879.2,180000,17630000,848.7,502.1,3.636,1230000000,66370000,902900,4.522E+15,600200000,8202000,3.364E+11,54.89,0.2421,7.00E-06,1535,0.000465,0.01761,0.429,103.4,-0.5672,0.4799,0.16,0.1464,0.09224,0.0357,-0.04607,-0.01835,-0.000424,0.02613,63.86,1841,132300,36460000,-1885,1225000,124200,-1.501E+12,-1.522E+11,-15420000000,3.68E+18,1.375E+12,1.394E+11,3.831E+15,sad
84.64,0.3635,1.80E-05,225.7,0.000409,0.01528,0.07634,147.7,0.7199,0.2555,0.1421,0.146,0.1964,0.1239,0.1004,0.08625,0.08493,0.02276,70.41,884.6,189800,21100000,779.2,533,3.268,1308000000,67060000,811600,4.814E+15,605600000,7365000,3.024E+11,45.55,0.2035,7.00E-06,1537,0.000478,0.01812,0.4512,84.62,-0.6464,0.3934,0.1422,0.1792,0.084,0.04229,-0.02401,-0.009588,-0.0115,0.02688,57.6,2049,178900,42300000,-1814,1227000,124200,-1.505E+12,-1.524E+11,-15420000000,3.69E+18,1.377E+12,1.394E+11,3.831E+15,sad
76.87,0.3333,1.50E-05,210,0.000399,0.01483,0.08752,135.1,0.6499,0.2537,0.1752,0.128,0.1847,0.1276,0.1075,0.09049,0.08021,0.02105,64.52,1073,178200,21580000,665.4,430.2,5.717,1057000000,59930000,1420000,3.896E+15,542000000,12870000,5.291E+11,37.57,0.1719,7.00E-06,1536,0.000526,0.01994,0.4425,71.14,-0.7185,0.3914,0.1336,0.1736,0.08512,0.06755,-0.03484,-0.01218,0.007381,0.02911,50.75,2015,180300,40870000,-1711,1229000,124200,-1.51E+12,-1.526E+11,-15430000000,3.71E+18,1.379E+12,1.394E+11,3.832E+15,sad
84.89,0.3647,1.50E-05,234.1,0.000403,0.01497,0.09965,149.5,0.7242,0.2447,0.1797,0.1641,0.1927,0.1235,0.107,0.1026,0.09319,0.01985,70.62,954.2,185200,19430000,767.1,474.2,2.621,1167000000,57030000,651300,4.306E+15,516400000,5821000,2.427E+11,46.03,0.2064,7.00E-06,1534,0.000505,0.01908,0.4209,86.11,-0.6411,0.3949,0.1127,0.2134,0.09804,0.0347,-0.02647,0.00076,-0.0214,0.02669,58.49,2097,173300,41040000,-1799,1230000,124200,-1.513E+12,-1.528E+11,-15430000000,3.72E+18,1.381E+12,1.394E+11,3.833E+15,sad
15.54,0.09294,0.000348,203.2,0.001698,0.06364,0.06948,32.16,0.1052,0.22,0.3459,0.1913,0.156,0.1402,0.1236,0.1063,0.09987,0.1028,16.48,913.6,132300,26120000,223.8,457.8,72.87,1128000000,146400000,18120000,4.168E+15,1323000000,163700000,6.758E+12,11.54,0.07051,0.000152,1583,0.001663,0.06413,0.5436,27.83,-0.9599,0.6219,0.01254,0.06745,-0.01695,-0.01698,-0.02458,0.02716,0.03308,0.1091,26.18,1253,129600,23510000,-1448,1232000,124300,-1.517E+12,-1.531E+11,-15460000000,3.74E+18,1.384E+12,1.397E+11,3.843E+15,angry
46.67,0.2064,0.000472,222.3,0.001743,0.06521,0.06626,83.4,0.3955,0.1732,0.3303,0.2064,0.162,0.1189,0.1024,0.09304,0.08726,0.1096,40.81,746.3,106400,18310000,415.9,425.7,78.47,1050000000,149700000,19550000,3.885E+15,1349000000,176300000,7.302E+12,21.54,0.1089,0.000206,1567,0.002044,0.07832,0.4823,44.14,-0.8776,0.6764,0.01309,0.02227,0.003117,0.01448,0.01485,0.03018,0.03547,0.1332,32.4,990.9,76280,16000000,-1461,1233000,124500,-1.521E+12,-1.536E+11,-15510000000,3.75E+18,1.388E+12,1.401E+11,3.863E+15,angry
15.22,0.08531,0.000369,210.3,0.001779,0.06669,0.07149,31.54,0.09907,0.2392,0.3243,0.1846,0.1287,0.129,0.1067,0.09602,0.08849,0.1084,15.78,978.6,144100,28510000,221.5,454.2,92.98,1122000000,171200000,23210000,4.156E+15,1545000000,209500000,8.687E+12,10.51,0.06057,0.000159,1579,0.001796,0.06889,0.5496,25.04,-0.9662,0.5911,0.0439,0.07573,0.004859,0.000313,-0.002712,0.0235,0.0386,0.1149,25.17,1255,135900,24390000,-1471,1235000,124800,-1.525E+12,-1.541E+11,-15570000000,3.77E+18,1.392E+12,1.407E+11,3.886E+15,angry
58.6,0.2569,0.00063,222.2,0.002106,0.07914,0.07153,106.5,0.5025,0.2121,0.3181,0.1852,0.1743,0.1404,0.11,0.09672,0.09035,0.131,50.24,929.9,131300,22930000,592,464.9,82.46,1150000000,159700000,20620000,4.264E+15,1442000000,186200000,7.734E+12,28.52,0.1425,0.000288,1577,0.002092,0.08068,0.5212,59.07,-0.8191,0.6537,0.01032,0.0662,0.03125,0.000398,-0.01217,0.01423,0.03062,0.1399,39.24,1168,83830,19340000,-1549,1236000,125000,-1.529E+12,-1.546E+11,-15630000000,3.78E+18,1.397E+12,1.413E+11,3.909E+15,angry
46.75,0.2077,0.000431,195,0.002051,0.07729,0.1031,82.65,0.3878,0.2217,0.3245,0.1923,0.1803,0.1462,0.1243,0.1061,0.1071,0.1311,40.11,861.5,128300,22140000,432.7,475.6,58.5,1178000000,131500000,14650000,4.374E+15,1183000000,131900000,5.504E+12,21.25,0.1146,0.000208,1568,0.001837,0.07095,0.5737,44.79,-0.8819,0.6344,-0.03522,0.06072,-0.06637,-0.01852,0.01891,0.04914,0.03066,0.13,35.19,1348,115000,23010000,-1442,1238000,125200,-1.533E+12,-1.55E+11,-15680000000,3.80E+18,1.401E+12,1.417E+11,3.926E+15,angry
15.26,0.08801,0.000199,193.5,0.001401,0.0524,0.06141,31.91,0.1002,0.2171,0.3091,0.1936,0.1454,0.12,0.1009,0.1042,0.09182,0.07825,16.51,846.9,116200,23270000,184.7,521.6,88.95,1293000000,175500000,22320000,4.811E+15,1582000000,201300000,8.398E+12,10.46,0.05897,8.50E-05,1569,0.001492,0.05708,0.5335,24.93,-0.9655,0.595,0.01737,0.04542,0.00011,0.007882,-8.30E-05,0.03282,0.05308,0.08962,25.4,1271,134200,24140000,-1506,1240000,125400,-1.537E+12,-1.555E+11,-15730000000,3.81E+18,1.405E+12,1.422E+11,3.948E+15,disgust
50.35,0.2234,0.000317,189.6,0.00176,0.06601,0.06947,90.36,0.4269,0.2261,0.3117,0.1695,0.1557,0.1444,0.1154,0.1031,0.09858,0.1001,43.35,989.8,142200,25150000,466.7,551.8,90.61,1370000000,181500000,22780000,5.104E+15,1637000000,205500000,8.59E+12,21.64,0.1089,0.000119,1562,0.001696,0.06482,0.5247,45.59,-0.8701,0.5755,0.03608,0.09914,0.05454,0.02269,-0.01656,0.02323,0.03545,0.1023,35.22,1393,122400,24870000,-1560,1242000,125700,-1.542E+12,-1.561E+11,-15800000000,3.83E+18,1.41E+12,1.428E+11,3.973E+15,disgust
14.13,0.07944,0.000249,215,0.001384,0.05165,0.03751,29.67,0.08786,0.2251,0.334,0.181,0.1401,0.1464,0.115,0.09295,0.09443,0.07931,15.39,863.4,126200,25100000,191.8,528.2,93.45,1314000000,182600000,23540000,4.9E+15,1647000000,212500000,8.898E+12,10.73,0.06136,0.000104,1598,0.001535,0.05877,0.5366,24.76,-0.9685,0.6347,0.04847,0.06647,0.005187,-0.01115,-0.004374,0.03671,0.04951,0.09397,23.95,1149,127700,23260000,-1518,1244000,126000,-1.546E+12,-1.567E+11,-15870000000,3.85E+18,1.416E+12,1.434E+11,3.999E+15,disgust
23.46,0.1226,0.000221,197.7,0.001375,0.05142,0.06282,46.69,0.1677,0.2283,0.3291,0.1659,0.1663,0.1463,0.1294,0.1022,0.09452,0.07909,22.24,889,126800,24550000,210.6,543.6,81.78,1354000000,170200000,20650000,5.059E+15,1535000000,186200000,7.82E+12,12.78,0.07281,9.00E-05,1597,0.00144,0.05516,0.5041,30.23,-0.9517,0.6048,0.03042,0.1199,0.01961,-0.001231,-0.01158,0.02051,0.03669,0.09097,26.69,1280,129800,24070000,-1478,1245000,126200,-1.551E+12,-1.572E+11,-15940000000,3.86E+18,1.421E+12,1.44E+11,4.024E+15,disgust
15.75,0.09111,0.000276,189.6,0.001414,0.05284,0.06845,33.14,0.1017,0.2394,0.3327,0.1746,0.1575,0.1485,0.1306,0.1052,0.09041,0.08007,16.8,925.7,137400,27340000,205.9,524.1,73.24,1307000000,157200000,18520000,4.892E+15,1417000000,167000000,7.028E+12,11.05,0.06775,9.40E-05,1591,0.001484,0.05667,0.5469,26.6,-0.9632,0.6084,0.03796,0.09762,-0.008575,-0.01409,-0.01678,-0.006356,0.02155,0.09346,25.12,1221,131100,23660000,-1470,1247000,126500,-1.556E+12,-1.577E+11,-16000000000,3.88E+18,1.425E+12,1.445E+11,4.046E+15,disgust
11.22,0.06098,0.00014,199.2,0.001105,0.04098,0.04697,24.18,0.06714,0.2306,0.3106,0.2057,0.1722,0.1221,0.1281,0.1089,0.113,0.05374,14.37,999.8,134900,26560000,181.8,443.5,66.98,1108000000,139600000,16970000,4.151E+15,1258000000,153000000,6.449E+12,8.277,0.04272,6.60E-05,1581,0.00122,0.04639,0.5254,20.23,-0.9778,0.5418,0.08241,0.09443,0.07229,0.07122,0.002658,0.009486,0.02952,0.06308,22.19,1284,147700,26910000,-1556,1249000,126700,-1.56E+12,-1.582E+11,-16050000000,3.90E+18,1.43E+12,1.45E+11,4.066E+15,happy
14.78,0.07871,0.000562,209.8,0.001505,0.05627,0.03076,30.6,0.09303,0.2197,0.3353,0.2017,0.1525,0.1318,0.1131,0.09834,0.08954,0.09372,16.03,912.5,128100,25270000,200,390,67.57,975300000,133800000,17150000,3.659E+15,1206000000,154600000,6.527E+12,9.996,0.05564,0.000187,1578,0.0016,0.06136,0.5231,24.03,-0.9683,0.5906,0.04019,0.0516,0.03415,0.01843,-0.02139,0.002301,0.04036,0.09475,23.92,1170,127900,23400000,-1507,1250000,126900,-1.563E+12,-1.587E+11,-16100000000,3.91E+18,1.433E+12,1.455E+11,4.086E+15,happy
13.59,0.07832,0.000272,232.9,0.001553,0.05791,0.05373,33.74,0.08494,0.2259,0.3089,0.1916,0.153,0.1281,0.1071,0.1022,0.09024,0.08689,16.13,997.6,129200,25140000,209.9,417.6,79.27,1045000000,152100000,20150000,3.926E+15,1371000000,181800000,7.683E+12,9.633,0.05542,0.000147,1599,0.001846,0.07023,0.4888,24.1,-0.9706,0.5635,0.04941,0.06835,0.05204,0.04482,0.004738,0.003426,0.02874,0.1024,23.03,1172,126100,22760000,-1490,1252000,127100,-1.567E+12,-1.591E+11,-16150000000,3.92E+18,1.437E+12,1.46E+11,4.106E+15,happy
13.13,0.07715,0.000176,199.3,0.00115,0.04284,0.06045,27.19,0.08114,0.2274,0.3144,0.1943,0.173,0.1346,0.1307,0.1179,0.1186,0.06383,15.53,968.6,131700,26020000,209.3,416.2,61.27,1043000000,129500000,15600000,3.922E+15,1169000000,140800000,5.957E+12,9.156,0.05326,7.80E-05,1570,0.001346,0.05136,0.4923,21.96,-0.9722,0.5522,0.02906,0.07842,0.0665,0.04361,-0.009645,0.007493,0.02823,0.07603,23.31,1286,142200,25820000,-1492,1253000,127300,-1.57E+12,-1.595E+11,-16200000000,3.94E+18,1.441E+12,1.464E+11,4.126E+15,happy
48.61,0.2117,0.00023,216,0.00138,0.05123,0.03878,87.86,0.4122,0.2236,0.2805,0.1755,0.1491,0.1384,0.1207,0.09808,0.09928,0.06947,42.87,1026,149300,25970000,417.3,466,66.52,1169000000,142500000,16960000,4.401E+15,1285000000,152900000,6.486E+12,20.47,0.1006,0.000107,1577,0.001357,0.05168,0.5344,41.95,-0.877,0.5561,0.1492,0.08821,0.05883,0.04452,-0.008979,0.01654,0.02738,0.07064,31.78,1272,129800,26810000,-1634,1255000,127500,-1.574E+12,-1.6E+11,-16250000000,3.95E+18,1.445E+12,1.468E+11,4.144E+15,happy
53.74,0.235,0.00023,200.2,0.001086,0.04042,0.09761,92.62,0.4492,0.2118,0.2785,0.1599,0.1845,0.1468,0.1238,0.1094,0.1186,0.06579,46.4,877.8,127400,19470000,479.8,447,35.61,1123000000,101200000,9090000,4.233E+15,914900000,82210000,3.48E+12,23.06,0.1115,8.10E-05,1571,0.001217,0.0467,0.5191,45.51,-0.8591,0.5678,0.04571,0.1569,0.06306,0.03055,-0.009085,0.002033,0.01105,0.07401,35.46,1386,119800,24260000,-1517,1256000,127600,-1.578E+12,-1.603E+11,-16290000000,3.97E+18,1.449E+12,1.472E+11,4.157E+15,neutral
11.93,0.07043,0.000174,219,0.00115,0.04299,0.06366,24.9,0.07509,0.2176,0.2833,0.161,0.1392,0.132,0.1175,0.1055,0.1108,0.07138,14.21,835.3,115000,22980000,198.5,451.4,35.52,1136000000,101900000,9072000,4.285E+15,921200000,82020000,3.476E+12,9.273,0.05424,8.50E-05,1568,0.001331,0.05119,0.5296,22.74,-0.9745,0.6122,0.04022,0.06441,-0.02574,-0.02324,-0.01154,0.02332,0.0303,0.08626,24.34,1257,134200,23490000,-1388,1258000,127700,-1.582E+12,-1.607E+11,-16310000000,3.98E+18,1.452E+12,1.474E+11,4.167E+15,neutral
14.72,0.08656,0.000228,208.6,0.00101,0.03779,0.07234,30.5,0.0912,0.2305,0.2978,0.2121,0.1627,0.145,0.1244,0.1251,0.1192,0.06183,15.75,870.5,127100,25660000,199.4,478.7,32.96,1206000000,101700000,8426000,4.556E+15,919000000,76100000,3.231E+12,10.27,0.05925,7.10E-05,1545,0.00107,0.04115,0.5288,24.94,-0.9673,0.5621,0.02727,0.1196,-0.003749,-0.01562,-0.02059,0.001978,0.01368,0.07088,26.62,1472,161700,28520000,-1440,1259000,127800,-1.586E+12,-1.61E+11,-16340000000,4.00E+18,1.454E+12,1.476E+11,4.176E+15,neutral
61.44,0.2665,0.00013,203.1,0.001032,0.0385,0.08634,107.5,0.5258,0.2002,0.2865,0.1794,0.2033,0.1593,0.1384,0.1125,0.105,0.05704,52.8,805.1,122300,18200000,578.4,462.2,28.14,1166000000,93940000,7198000,4.41E+15,850800000,65230000,2.762E+12,28.27,0.1345,5.70E-05,1568,0.001014,0.03901,0.5738,55.7,-0.8108,0.6226,0.04182,0.1084,0.01513,-0.01705,-0.01233,0.02884,0.03311,0.06383,39,1261,99040,22120000,-1580,1261000,127900,-1.59E+12,-1.613E+11,-16360000000,4.01E+18,1.457E+12,1.478E+11,4.184E+15,neutral
13.96,0.07539,0.000228,199.4,0.001181,0.04422,0.06031,28.48,0.08648,0.2431,0.3137,0.1989,0.1338,0.1292,0.1141,0.08893,0.09464,0.06965,15.3,882.8,130500,26020000,187.5,467.1,30.21,1180000000,97500000,7731000,4.469E+15,881000000,69850000,2.968E+12,9.461,0.05483,8.30E-05,1562,0.001201,0.04621,0.5984,22.45,-0.9717,0.6223,0.06026,0.0149,-0.01807,-0.003485,0.01377,0.0378,0.02532,0.07517,22.43,1092,125800,23410000,-1422,1263000,128000,-1.594E+12,-1.616E+11,-16380000000,4.03E+18,1.46E+12,1.48E+11,4.191E+15,neutral
83.26,0.3574,8.00E-05,190.6,0.00074,0.02763,0.08428,146.7,0.7139,0.1721,0.2487,0.1355,0.1915,0.1169,0.09785,0.08336,0.07782,0.04188,70.51,638.1,129200,11860000,803.8,578.4,31.53,1463000000,113400000,8074000,5.549E+15,1023000000,72810000,3.102E+12,45.71,0.2067,3.30E-05,1526,0.000869,0.03324,0.4718,86.38,-0.6488,0.5754,0.06537,0.1384,0.1072,0.03835,-0.03242,0.006444,0.04101,0.05327,54.24,1405,82830,23840000,-1694,1264000,128100,-1.599E+12,-1.619E+11,-16400000000,4.04E+18,1.463E+12,1.482E+11,4.2E+15,sad
79.76,0.3432,8.80E-05,175.4,0.000741,0.0276,0.07311,140.7,0.6833,0.1779,0.2501,0.1525,0.1643,0.1196,0.1076,0.09157,0.08356,0.04201,67.29,653.8,122600,11520000,766.5,608.8,30.92,1542000000,116700000,7925000,5.859E+15,1053000000,71450000,3.047E+12,42.15,0.1913,3.70E-05,1529,0.000866,0.03311,0.4843,80.42,-0.683,0.5777,0.03004,0.1344,0.115,0.02255,-0.03444,0.01577,0.03561,0.05431,51.49,1402,87850,23530000,-1650,1267000,128200,-1.604E+12,-1.623E+11,-16420000000,4.06E+18,1.466E+12,1.484E+11,4.209E+15,sad
72.06,0.3114,9.50E-05,197.2,0.000793,0.0296,0.08881,128.7,0.6161,0.1743,0.2549,0.1362,0.1975,0.1159,0.1192,0.09487,0.09703,0.0456,61.21,595.4,114400,11890000,672,529.2,20.55,1343000000,93430000,5270000,5.109E+15,843300000,47540000,2.027E+12,34.79,0.1582,4.00E-05,1544,0.000976,0.03729,0.4647,68.11,-0.7455,0.582,0.04216,0.1196,0.05926,0.01631,-0.000804,0.04721,0.06152,0.06175,44.75,1314,92000,22500000,-1550,1269000,128200,-1.609E+12,-1.627E+11,-16440000000,4.08E+18,1.47E+12,1.486E+11,4.217E+15,sad
75.11,0.3228,8.70E-05,192.9,0.000778,0.02901,0.08851,133,0.6427,0.1647,0.2588,0.1562,0.1681,0.1156,0.1202,0.1132,0.091,0.04578,63.08,544.6,115100,10510000,712.2,526.2,24.63,1337000000,98500000,6321000,5.095E+15,889100000,57030000,2.433E+12,36.73,0.167,4.10E-05,1532,0.000932,0.03566,0.4784,72.22,-0.7266,0.586,-0.04094,0.08117,0.07058,0.02701,0.01016,0.05844,0.07257,0.05996,48.09,1402,92520,22750000,-1571,1270000,128300,-1.614E+12,-1.63E+11,-16460000000,4.10E+18,1.473E+12,1.487E+11,4.223E+15,sad
71.48,0.3075,6.60E-05,179.2,0.000648,0.02401,0.07142,126.1,0.6108,0.1676,0.2541,0.1459,0.1591,0.1015,0.11,0.08051,0.09157,0.03369,60.36,593,117600,11780000,644.8,521.4,16.52,1327000000,87540000,4242000,5.063E+15,790400000,38260000,1.633E+12,33.37,0.1529,2.90E-05,1530,0.000777,0.0296,0.4948,65.51,-0.7551,0.5477,0.01024,0.1216,0.1322,0.04496,-0.01315,0.04285,0.07796,0.04754,44.34,1417,105500,24730000,-1572,1272000,128400,-1.618E+12,-1.633E+11,-16480000000,4.12E+18,1.475E+12,1.489E+11,4.23E+15,sad
12.64,0.08326,0.000943,197.2,0.002836,0.1057,0.04695,27.21,0.09079,0.2458,0.3463,0.2323,0.211,0.176,0.148,0.1417,0.1289,0.1531,15.92,1115,158000,30950000,322.5,420,68.06,1070000000,140100000,17490000,4.089E+15,1264000000,157800000,6.741E+12,11.09,0.0701,0.000347,1607,0.002525,0.09675,0.5706,28.45,-0.9655,0.5653,-0.00395,0.0237,-0.07507,-0.08667,-0.0556,0.0816,0.06796,0.1482,29.91,1785,193900,35030000,-1444,1274000,128500,-1.623E+12,-1.637E+11,-16510000000,4.13E+18,1.479E+12,1.492E+11,4.243E+15,angry
14.23,0.08608,0.000865,203.7,0.003408,0.1277,0.06618,29.9,0.09817,0.2917,0.3458,0.2175,0.1864,0.1415,0.1432,0.1337,0.1167,0.1934,16.57,1283,177700,34770000,367.4,462.6,65.25,1180000000,141900000,16790000,4.514E+15,1282000000,151600000,6.48E+12,12.12,0.07337,0.000398,1589,0.00279,0.1067,0.5789,30.55,-0.9611,0.5333,0.04709,0.02121,-0.1003,-0.06114,-0.04686,0.01399,0.02354,0.166,30.3,1828,202700,36800000,-1424,1275000,128700,-1.626E+12,-1.641E+11,-16550000000,4.15E+18,1.483E+12,1.496E+11,4.26E+15,angry
54.32,0.2393,0.001149,232.6,0.00316,0.1176,0.05998,95.54,0.464,0.2269,0.2819,0.1761,0.2057,0.1784,0.1615,0.1486,0.1401,0.1626,46.47,1017,144200,22640000,538.8,417,51.54,1065000000,119200000,13280000,4.079E+15,1077000000,120000000,5.132E+12,23.92,0.1138,0.000415,1603,0.002981,0.114,0.585,49.43,-0.8433,0.5381,-0.02236,0.06503,-0.05675,-0.0512,-0.0219,0.0841,0.06324,0.1711,39.74,1658,136700,27760000,-1414,1277000,128800,-1.63E+12,-1.645E+11,-16590000000,4.16E+18,1.486E+12,1.499E+11,4.275E+15,angry
12.38,0.07789,0.001269,235.4,0.003654,0.1367,0.04812,24.29,0.08189,0.243,0.3068,0.1823,0.1874,0.1568,0.1112,0.1189,0.1169,0.2037,14.99,1092,150500,29740000,328.4,440.4,69.31,1126000000,144500000,17880000,4.318E+15,1306000000,161600000,6.919E+12,9.994,0.06008,0.000553,1590,0.003404,0.1302,0.5621,24.02,-0.9682,0.5252,0.003839,0.04074,-0.1165,-0.05893,-0.007297,0.07903,0.06559,0.2024,29.52,1772,187600,32720000,-1324,1278000,129000,-1.634E+12,-1.649E+11,-16640000000,4.18E+18,1.49E+12,1.503E+11,4.293E+15,angry
12,0.08049,0.001899,202.7,0.003898,0.1442,0.04005,24.81,0.08418,0.228,0.3104,0.1927,0.1866,0.1629,0.1168,0.1097,0.1048,0.193,14.94,966,127100,25160000,283.9,348.7,66.9,892500000,130400000,17280000,3.426E+15,1176000000,156000000,6.698E+12,9.833,0.06043,0.000716,1581,0.003824,0.1468,0.5684,25.01,-0.9698,0.5611,-0.072,0.05504,-0.09765,-0.05632,-0.001986,0.07265,0.04742,0.2251,29.36,1632,159100,27210000,-1257,1280000,129200,-1.638E+12,-1.653E+11,-16690000000,4.19E+18,1.493E+12,1.508E+11,4.311E+15,angry
19.14,0.116,0.00031,188.5,0.002062,0.07669,0.07776,39.97,0.1473,0.235,0.2878,0.2131,0.2236,0.171,0.1387,0.1356,0.1505,0.1003,21.12,1046,136000,26440000,244.8,494.4,83.53,1267000000,170600000,21620000,4.868E+15,1541000000,195300000,8.391E+12,11.62,0.06921,0.000124,1632,0.002046,0.0778,0.5681,28.06,-0.953,0.5141,-0.01168,0.1346,-0.08196,-0.08247,-0.02374,0.09972,0.08982,0.1106,29.77,1706,169100,29820000,-1446,1281000,129400,-1.641E+12,-1.658E+11,-16740000000,4.21E+18,1.498E+12,1.513E+11,4.333E+15,disgust
15.74,0.0908,0.000218,193.5,0.001424,0.05334,0.09273,33.6,0.1072,0.258,0.3455,0.2449,0.1875,0.17,0.1568,0.1575,0.1349,0.08207,17.94,1130,146200,28430000,230.6,486.2,72.32,1247000000,155300000,18750000,4.801E+15,1402000000,169300000,7.29E+12,11.69,0.06613,8.50E-05,1628,0.00142,0.05428,0.5607,28.48,-0.9596,0.5735,-0.07043,0.02483,-0.05495,-0.07604,-0.01188,0.06458,0.06589,0.08325,28.41,1459,145500,26390000,-1532,1283000,129600,-1.646E+12,-1.663E+11,-16800000000,4.22E+18,1.502E+12,1.518E+11,4.356E+15,disgust
18.46,0.1076,0.000527,214.6,0.002107,0.0787,0.0851,37.83,0.1318,0.2616,0.2959,0.2287,0.2003,0.1586,0.1386,0.1469,0.145,0.1241,19.91,1092,138700,26630000,228.8,478.7,99.97,1230000000,190000000,25970000,4.739E+15,1718000000,234700000,1.012E+13,12.23,0.06797,0.000208,1608,0.002146,0.08216,0.5392,28.77,-0.9511,0.4922,-0.04847,0.08948,-0.07781,-0.05369,-0.02652,0.08335,0.08152,0.1265,32.07,1854,180900,31500000,-1505,1284000,129900,-1.65E+12,-1.668E+11,-16870000000,4.24E+18,1.507E+12,1.524E+11,4.383E+15,disgust
16.15,0.09133,0.000611,193.1,0.002516,0.09414,0.09419,33.63,0.1259,0.3063,0.3534,0.1805,0.1904,0.1548,0.1304,0.1398,0.1175,0.1406,18.53,1405,208500,41270000,362.4,620.4,117.2,1596000000,230600000,30500000,6.16E+15,2081000000,275300000,1.191E+13,11.08,0.06355,0.00022,1578,0.002225,0.08501,0.5547,28.83,-0.9597,0.4098,0.09088,0.06418,-0.1381,-0.02351,0.01828,0.03791,0.04884,0.1299,34.13,2321,257100,47150000,-1546,1286000,130200,-1.655E+12,-1.674E+11,-16940000000,4.26E+18,1.513E+12,1.531E+11,4.41E+15,disgust
15.74,0.0908,0.000218,193.5,0.001424,0.05334,0.09273,33.6,0.1072,0.258,0.3455,0.2449,0.1875,0.17,0.1568,0.1575,0.1349,0.08207,17.94,1130,146200,28430000,230.6,486.2,72.32,1253000000,156100000,18860000,4.842E+15,1409000000,170300000,7.381E+12,11.69,0.06613,8.50E-05,1628,0.00142,0.05428,0.5607,28.48,-0.9596,0.5735,-0.07043,0.02483,-0.05495,-0.07604,-0.01188,0.06458,0.06589,0.08325,28.41,1459,145500,26390000,-1532,1288000,130400,-1.66E+12,-1.68E+11,-17010000000,4.28E+18,1.518E+12,1.537E+11,4.438E+15,disgust
9.266,0.06271,0.000195,191.5,0.001405,0.05291,0.05036,21.07,0.05814,0.2764,0.3732,0.1789,0.1826,0.1358,0.1339,0.1191,0.09283,0.09159,12.82,1242,187700,37290000,313.5,465.4,61.94,1201000000,140400000,16180000,4.647E+15,1268000000,146100000,6.34E+12,9.107,0.05455,0.000105,1587,0.001462,0.05604,0.5377,23.5,-0.9761,0.5289,0.04887,0.005262,-0.1165,-0.03211,-0.03844,0.02458,0.05889,0.09258,27.19,1667,193300,35140000,-1481,1290000,130600,-1.664E+12,-1.685E+11,-17060000000,4.29E+18,1.522E+12,1.541E+11,4.456E+15,happy
16.34,0.09622,0.0004,221.6,0.002203,0.08229,0.0605,31.94,0.1172,0.3011,0.3006,0.2366,0.1908,0.1587,0.1842,0.1375,0.1286,0.1215,18.22,1238,158200,30610000,327.1,484.5,59.19,1252000000,139500000,15480000,4.85E+15,1261000000,140000000,6.075E+12,11.84,0.06885,0.000176,1599,0.00221,0.08464,0.5143,29.16,-0.9583,0.4756,0.0142,0.08997,-0.1539,-0.05759,-0.06704,0.05923,0.06831,0.1349,33.56,2197,232400,40870000,-1412,1292000,130800,-1.668E+12,-1.689E+11,-17110000000,4.31E+18,1.526E+12,1.546E+11,4.475E+15,happy
14.26,0.07956,0.000304,196.7,0.001739,0.06489,0.0635,29.14,0.1018,0.2764,0.3252,0.1966,0.185,0.1436,0.1462,0.1272,0.1197,0.1008,17.1,1214,175000,34300000,285.3,478.5,64.2,1238000000,145400000,16820000,4.802E+15,1314000000,151900000,6.607E+12,9.982,0.055,0.000133,1608,0.001927,0.07373,0.4886,24.78,-0.9681,0.5576,0.06432,-0.02676,-0.1434,-0.05593,-0.01647,0.04995,0.08146,0.1138,26.05,1457,168300,31140000,-1457,1293000,131000,-1.673E+12,-1.694E+11,-17150000000,4.33E+18,1.53E+12,1.55E+11,4.493E+15,happy
18.43,0.09971,0.000397,209.4,0.001808,0.06776,0.07204,36.46,0.1321,0.2659,0.2949,0.1842,0.2131,0.1718,0.1664,0.1507,0.1323,0.1125,19.93,1077,153600,30330000,261,465.5,68.75,1206000000,149500000,18030000,4.683E+15,1350000000,162900000,7.095E+12,11.83,0.06732,0.000179,1605,0.001878,0.072,0.5457,28.36,-0.9548,0.4894,0.07226,0.1528,-0.1129,-0.07458,-0.09379,0.0582,0.05943,0.1158,30.59,1878,207400,36990000,-1463,1295000,131200,-1.677E+12,-1.698E+11,-17200000000,4.34E+18,1.534E+12,1.554E+11,4.512E+15,happy
9.921,0.06404,0.000531,209.2,0.002191,0.08154,0.06779,22.74,0.05429,0.2461,0.2852,0.1409,0.1677,0.1384,0.1436,0.1378,0.1191,0.1196,13.92,1095,148800,29830000,284,450.1,90.97,1167000000,176300000,23900000,4.54E+15,1594000000,216000000,9.418E+12,8.765,0.04954,0.000196,1609,0.002408,0.09211,0.5068,22.07,-0.9752,0.4619,-0.004322,0.07107,-0.05466,-0.01927,-0.0539,0.01714,0.06259,0.1425,29.89,1908,202300,34750000,-1381,1296000,131400,-1.681E+12,-1.703E+11,-17260000000,4.36E+18,1.539E+12,1.559E+11,4.535E+15,happy
10.83,0.07042,0.000379,195.4,0.001885,0.07001,0.04501,22.8,0.07125,0.2692,0.2773,0.1772,0.1675,0.1439,0.1257,0.1102,0.1156,0.09726,14.58,1171,154700,30410000,286.3,480.1,52.78,1246000000,131500000,13890000,4.854E+15,1190000000,125600000,5.48E+12,8.72,0.04766,0.000154,1627,0.002107,0.08029,0.4551,20.92,-0.9764,0.5449,0.07372,0.07651,-0.07492,-0.06048,0.02562,0.09394,0.03003,0.1175,24.43,1421,159200,28340000,-1398,1298000,131600,-1.685E+12,-1.708E+11,-17310000000,4.38E+18,1.543E+12,1.564E+11,4.554E+15,neutral
13.77,0.09386,0.000215,194.9,0.001153,0.04301,0.03637,30.19,0.09382,0.2387,0.3604,0.2486,0.1944,0.1407,0.1557,0.1338,0.1358,0.0693,16.91,967.2,112300,21140000,207.2,447.3,40.98,1163000000,112000000,10790000,4.534E+15,1013000000,97600000,4.264E+12,12.03,0.07535,7.30E-05,1603,0.001242,0.04777,0.5366,28.93,-0.9611,0.6292,-0.119,0.0233,-0.06104,-0.05553,0.02773,0.06094,0.03394,0.07772,27.78,1329,124000,21980000,-1470,1300000,131700,-1.689E+12,-1.712E+11,-17350000000,4.39E+18,1.547E+12,1.567E+11,4.569E+15,neutral
12.87,0.07699,0.000202,180.1,0.001364,0.0509,0.05891,27.43,0.09043,0.3062,0.3421,0.2023,0.1579,0.1321,0.1206,0.1195,0.1189,0.07281,15.83,1326,187500,36650000,275,511,48.25,1330000000,129900000,12720000,5.192E+15,1174000000,115000000,5.032E+12,9.861,0.05455,7.80E-05,1596,0.001435,0.05487,0.4918,23.77,-0.9711,0.5641,0.05486,-0.002883,-0.0595,-0.00835,0.02889,0.05072,0.04046,0.08454,24.7,1356,152400,28350000,-1473,1301000,131800,-1.694E+12,-1.716E+11,-17380000000,4.41E+18,1.55E+12,1.57E+11,4.583E+15,neutral
11.94,0.07116,0.000381,201.1,0.001655,0.06169,0.0375,25.2,0.07953,0.2884,0.3677,0.1968,0.1729,0.1403,0.1291,0.1259,0.1283,0.09162,14.94,1243,176400,34520000,281.5,482.3,51.64,1257000000,130800000,13630000,4.914E+15,1182000000,123200000,5.397E+12,10.16,0.05608,0.000139,1616,0.001753,0.06708,0.4907,24.73,-0.9698,0.5533,-0.02219,0.04133,-0.09285,-0.03096,0.02161,0.05524,0.04513,0.1056,27.74,1558,163300,28950000,-1431,1303000,132000,-1.698E+12,-1.72E+11,-17420000000,4.43E+18,1.554E+12,1.574E+11,4.598E+15,neutral
13.49,0.09382,0.000153,208.9,0.001069,0.0403,0.03246,28.92,0.09541,0.248,0.397,0.2385,0.1688,0.1505,0.1505,0.1436,0.1314,0.07286,15.53,1010,146200,28900000,242.5,510.7,58.81,1333000000,144100000,15540000,5.217E+15,1301000000,140300000,6.162E+12,12.95,0.08743,6.30E-05,1618,0.001148,0.04434,0.5298,30.81,-0.9577,0.6155,-0.1184,-0.007396,-0.08638,-0.02698,0.04393,0.06306,0.03188,0.07964,30.43,1530,152300,27610000,-1506,1305000,132200,-1.702E+12,-1.724E+11,-17460000000,4.44E+18,1.558E+12,1.578E+11,4.616E+15,neutral
7.52,0.05438,6.80E-05,182.7,0.000792,0.02942,0.05914,18.65,0.04136,0.2831,0.3344,0.2441,0.206,0.1329,0.1266,0.1242,0.1116,0.03972,13.26,1137,155200,30330000,227.5,489.1,28.75,1278000000,101700000,7605000,5.01E+15,920700000,68890000,3.018E+12,7.033,0.03938,3.10E-05,1588,0.001027,0.03879,0.472,18.37,-0.9838,0.4739,0.0617,0.08982,0.0455,-0.007383,-0.006778,0.05331,0.04291,0.05104,20.68,1334,163600,29970000,-1502,1307000,132300,-1.707E+12,-1.728E+11,-17500000000,4.46E+18,1.561E+12,1.581E+11,4.63E+15,sad
10.64,0.07032,5.80E-05,176.2,0.0009,0.03343,0.08461,22.52,0.06051,0.2625,0.3191,0.2523,0.1994,0.1603,0.1155,0.1176,0.1251,0.04211,15.02,1171,151000,29510000,227.7,478.5,43.92,1252000000,120400000,11630000,4.914E+15,1089000000,105200000,4.618E+12,8.264,0.0473,2.80E-05,1577,0.001027,0.03888,0.5393,20.77,-0.9756,0.4179,-0.02072,0.1417,0.004168,-0.06214,0.01142,0.09161,0.1025,0.05161,25.98,1690,181000,31050000,-1530,1308000,132400,-1.711E+12,-1.732E+11,-17530000000,4.48E+18,1.565E+12,1.583E+11,4.64E+15,sad
12.42,0.0758,4.90E-05,180,0.000763,0.02826,0.06372,25.88,0.07192,0.2256,0.3082,0.2281,0.1974,0.1325,0.1417,0.1318,0.1266,0.03595,14.5,978.2,144100,29350000,251.1,533.4,38.55,1397000000,121100000,10220000,5.491E+15,1093000000,92230000,4.061E+12,9.093,0.05169,1.90E-05,1596,0.000954,0.03615,0.4539,23.36,-0.9712,0.3699,0.003959,0.1885,-0.0114,-0.007718,-0.08324,0.0408,0.1045,0.04901,30.34,2215,249600,42880000,-1531,1310000,132500,-1.716E+12,-1.736E+11,-17550000000,4.50E+18,1.568E+12,1.586E+11,4.652E+15,sad
7.655,0.05892,0.000119,185.5,0.001145,0.04263,0.08331,16.94,0.03933,0.251,0.3036,0.2144,0.1721,0.1692,0.1208,0.1274,0.1208,0.05577,12.83,1128,158800,31770000,264.6,502.1,47.01,1317000000,127800000,12470000,5.183E+15,1155000000,112700000,4.962E+12,7.116,0.03945,4.40E-05,1604,0.001229,0.04656,0.5116,19.54,-0.9816,0.3925,-0.008553,0.1431,-0.03881,-0.05951,-0.006,0.07648,0.1099,0.06194,27.76,1965,213500,36690000,-1496,1312000,132600,-1.721E+12,-1.74E+11,-17590000000,4.51E+18,1.572E+12,1.589E+11,4.666E+15,sad
7.52,0.05438,6.80E-05,182.7,0.000792,0.02942,0.05914,18.65,0.04136,0.2831,0.3344,0.2441,0.206,0.1329,0.1266,0.1242,0.1116,0.03972,13.26,1137,155200,30330000,227.5,489.1,28.75,1285000000,102100000,7631000,5.063E+15,924500000,69120000,3.039E+12,7.033,0.03938,3.10E-05,1588,0.001027,0.03879,0.472,18.37,-0.9838,0.4739,0.0617,0.08982,0.0455,-0.007383,-0.006778,0.05331,0.04291,0.05104,20.68,1334,163600,29970000,-1502,1313000,132700,-1.725E+12,-1.743E+11,-17620000000,4.53E+18,1.575E+12,1.592E+11,4.677E+15,sad
49.91,0.2178,0.00055,260.1,0.002347,0.08986,0.03411,84.46,0.433,0.1683,0.2874,0.2285,0.1934,0.1561,0.1483,0.1633,0.1354,0.1909,42.04,764,91620,11390000,448,368,92.73,967900000,170700000,24650000,3.818E+15,1542000000,222600000,9.828E+12,27.69,0.1551,0.000301,1652,0.002559,0.09975,0.5091,56.92,-0.8482,0.7222,-0.1897,0.04457,-0.1436,-0.0865,-0.04557,0.09644,0.04113,0.207,42.48,1459,104000,20140000,-1493,1315000,132900,-1.729E+12,-1.748E+11,-17660000000,4.55E+18,1.579E+12,1.596E+11,4.696E+15,angry
53.53,0.2328,0.000629,256.8,0.002489,0.09481,0.05168,93.48,0.4628,0.2333,0.3155,0.2437,0.1957,0.1555,0.1572,0.1443,0.1195,0.1894,45.21,931.3,141100,23430000,486.2,407,101.2,1071000000,187300000,26950000,4.23E+15,1690000000,243300000,1.077E+13,26.55,0.1417,0.000322,1616,0.002542,0.09868,0.5579,53.79,-0.8409,0.6674,-0.07978,-0.001599,-0.1315,-0.05731,0.000897,0.113,0.07198,0.1922,39.98,1381,109600,22830000,-1541,1316000,133200,-1.733E+12,-1.753E+11,-17740000000,4.56E+18,1.584E+12,1.603E+11,4.726E+15,angry
14.57,0.09415,0.000332,230.3,0.002036,0.07797,0.03522,30.72,0.1082,0.1954,0.3237,0.25,0.17,0.1739,0.1669,0.1287,0.1142,0.1637,14.84,781.2,103700,20120000,152.8,387.8,97.14,1022000000,179700000,25940000,4.04E+15,1622000000,234200000,1.039E+13,14.78,0.09761,0.00021,1655,0.002175,0.08458,0.5825,35.51,-0.9533,0.6973,-0.1361,0.05682,-0.1666,-0.08596,0.02331,0.1063,0.03503,0.1707,30.91,1359,125800,21420000,-1472,1318000,133500,-1.736E+12,-1.759E+11,-17820000000,4.58E+18,1.589E+12,1.61E+11,4.758E+15,angry
15.9,0.1005,0.000726,244.5,0.002491,0.09498,0.03289,31.96,0.1174,0.2386,0.2951,0.3022,0.1843,0.1695,0.1443,0.1818,0.126,0.1913,17.3,1120,146200,28710000,252.5,425.6,114.8,1123000000,208200000,30720000,4.443E+15,1881000000,277500000,1.233E+13,18.49,0.1217,0.000385,1663,0.002443,0.09554,0.5414,44.62,-0.9364,0.6472,-0.1291,0.0691,-0.1787,-0.1181,-0.07495,0.08673,0.05715,0.1992,38.58,1950,182800,31790000,-1564,1319000,133800,-1.74E+12,-1.765E+11,-17910000000,4.59E+18,1.595E+12,1.618E+11,4.793E+15,angry
49.91,0.2178,0.00055,260.1,0.002347,0.08986,0.03411,84.46,0.433,0.1683,0.2874,0.2285,0.1934,0.1561,0.1483,0.1633,0.1354,0.1909,42.04,764,91620,11390000,448,368,92.73,971900000,171700000,24880000,3.85E+15,1551000000,224700000,1.001E+13,27.69,0.1551,0.000301,1652,0.002559,0.09975,0.5091,56.92,-0.8482,0.7222,-0.1897,0.04457,-0.1436,-0.0865,-0.04557,0.09644,0.04113,0.207,42.48,1459,104000,20140000,-1493,1320000,134100,-1.744E+12,-1.771E+11,-17990000000,4.60E+18,1.6E+12,1.625E+11,4.826E+15,angry
11.58,0.09264,0.000344,239.4,0.001962,0.07452,0.05953,27.2,0.06774,0.4079,0.346,0.2898,0.2053,0.1587,0.1575,0.1459,0.1539,0.1385,19.51,1936,208900,41300000,315.1,407.6,82.26,1077000000,163000000,22110000,4.272E+15,1474000000,199900000,8.911E+12,15.36,0.1012,0.00015,1647,0.001863,0.07186,0.4897,38.75,-0.9495,0.5613,-0.1282,-0.02132,-0.09007,-0.0159,0.06343,0.104,0.06089,0.1308,34.78,1944,179900,33370000,-1571,1322000,134400,-1.747E+12,-1.776E+11,-18060000000,4.62E+18,1.605E+12,1.631E+11,4.852E+15,disgust
15.85,0.1103,0.000289,237.2,0.001649,0.06272,0.05826,35.38,0.1085,0.4132,0.3552,0.2574,0.1431,0.1416,0.1531,0.1122,0.1388,0.1204,20.73,1915,215500,42690000,322.3,492.1,98.35,1302000000,196100000,26480000,5.17E+15,1772000000,239300000,1.069E+13,14.71,0.09641,0.000121,1634,0.001779,0.06872,0.5151,36.72,-0.9461,0.5578,-0.08733,-0.05232,-0.1225,-0.005966,0.04753,0.07938,0.02952,0.1285,32.73,1753,163500,30780000,-1510,1323000,134600,-1.751E+12,-1.782E+11,-18120000000,4.64E+18,1.609E+12,1.637E+11,4.88E+15,disgust
10.58,0.08002,0.000809,251.1,0.002781,0.1059,0.05583,22.77,0.07927,0.2181,0.352,0.1981,0.1639,0.1472,0.1351,0.1559,0.139,0.2023,13.03,887,112700,21970000,231,432,96.26,1145000000,185400000,25980000,4.55E+15,1677000000,234900000,1.051E+13,11.05,0.07528,0.000345,1638,0.002925,0.1126,0.5189,27.16,-0.9679,0.6496,-0.1166,-0.0259,-0.1119,-0.03032,0.04072,0.101,0.06385,0.2046,27.09,1287,123500,21450000,-1401,1325000,134900,-1.755E+12,-1.788E+11,-18210000000,4.65E+18,1.615E+12,1.645E+11,4.914E+15,disgust
13.77,0.08011,0.00115,263.7,0.003757,0.1415,0.05647,28.41,0.09877,0.2369,0.3088,0.2072,0.1419,0.1457,0.1147,0.1282,0.1498,0.2469,14.71,984.7,145100,28780000,260.3,454.2,109,1205000000,205700000,29490000,4.794E+15,1861000000,266600000,1.197E+13,9.614,0.05841,0.000527,1654,0.003657,0.1395,0.5196,24.32,-0.9698,0.5903,0.007992,-0.01354,-0.06765,-0.003421,0.006448,0.06145,0.06165,0.2309,25.03,1328,146500,26340000,-1415,1326000,135200,-1.759E+12,-1.794E+11,-18290000000,4.67E+18,1.621E+12,1.652E+11,4.947E+15,disgust
16.17,0.09914,0.00071,271.6,0.002623,0.0992,0.05932,33.35,0.1234,0.2323,0.272,0.2285,0.205,0.1478,0.168,0.1369,0.1253,0.1873,17.35,908.2,102600,19260000,191.6,394.3,100.8,1047000000,186900000,27320000,4.172E+15,1690000000,246900000,1.111E+13,12.54,0.07934,0.000327,1663,0.002801,0.1083,0.5008,30.23,-0.9564,0.6216,-0.1491,0.0281,-0.1201,-0.08866,-0.01801,0.1029,0.06746,0.1982,30.23,1448,130800,22430000,-1420,1328000,135600,-1.763E+12,-1.8E+11,-18380000000,4.68E+18,1.626E+12,1.66E+11,4.982E+15,disgust
16.35,0.1045,0.00028,249.1,0.001469,0.0558,0.04551,35.25,0.1213,0.3542,0.3372,0.3054,0.1928,0.1744,0.1809,0.1458,0.1397,0.1075,18.62,1512,178400,34730000,220.6,419.1,89.09,1114000000,175100000,24200000,4.443E+15,1581000000,218500000,9.86E+12,14.73,0.09134,0.000117,1703,0.001527,0.05909,0.5828,36.04,-0.9482,0.6161,-0.1477,0.05865,-0.1819,-0.1454,-0.01912,0.1089,0.05657,0.1111,31.54,1572,145500,26550000,-1551,1329000,135800,-1.767E+12,-1.806E+11,-18450000000,4.70E+18,1.631E+12,1.667E+11,5.012E+15,happy
15.95,0.1047,0.000231,245,0.001181,0.04457,0.0684,34.49,0.1234,0.2263,0.2956,0.2308,0.1645,0.1607,0.1476,0.126,0.1251,0.08541,16.88,913.6,101700,18990000,157.9,399.6,72.04,1064000000,150100000,19600000,4.246E+15,1354000000,176900000,8.002E+12,13.22,0.08788,9.30E-05,1641,0.00137,0.05308,0.565,30.84,-0.9542,0.6468,-0.15,0.0151,-0.1368,-0.1027,-0.05346,0.08103,0.05816,0.1012,30.37,1400,122500,21350000,-1451,1331000,136100,-1.771E+12,-1.811E+11,-18510000000,4.71E+18,1.636E+12,1.673E+11,5.038E+15,happy
21.03,0.1112,0.000266,249.5,0.001582,0.06026,0.03271,44.48,0.1719,0.1972,0.2927,0.2369,0.1613,0.1736,0.1533,0.1314,0.127,0.1229,20.19,944.1,92620,17620000,174.2,390.6,82.64,1041000000,163200000,22530000,4.159E+15,1471000000,203300000,9.212E+12,14.93,0.09501,0.000148,1664,0.001832,0.07113,0.5293,36.57,-0.9479,0.695,-0.1991,0.01201,-0.1242,-0.1053,-0.02643,0.07768,0.05353,0.1402,31.17,1269,101100,17410000,-1408,1332000,136300,-1.774E+12,-1.816E+11,-18580000000,4.73E+18,1.64E+12,1.678E+11,5.065E+15,happy
50.61,0.2215,0.000157,256.1,0.001366,0.0519,0.0572,88.13,0.4386,0.2021,0.3392,0.2406,0.1929,0.1553,0.1461,0.1436,0.1436,0.101,43.32,876.2,110200,17320000,435.2,419.8,83.92,1120000000,168900000,22920000,4.479E+15,1526000000,207100000,9.391E+12,27.32,0.1497,8.90E-05,1678,0.00151,0.0586,0.5848,56.16,-0.8446,0.7147,-0.1692,0.004315,-0.1307,-0.1108,-0.04531,0.09053,0.03025,0.1146,40.37,1276,88470,18610000,-1566,1333000,136600,-1.778E+12,-1.821E+11,-18650000000,4.74E+18,1.645E+12,1.685E+11,5.096E+15,happy
47.95,0.2129,0.000191,213.1,0.001527,0.0577,0.05948,84.8,0.4106,0.2096,0.3243,0.2269,0.185,0.1434,0.1243,0.1219,0.1006,0.1078,41.02,818.5,116200,20060000,425.2,415.9,81.02,1110000000,164900000,22170000,4.447E+15,1488000000,200100000,9.1E+12,22.07,0.1224,0.00012,1633,0.001771,0.06827,0.5233,46.69,-0.8715,0.6606,-0.1021,0.008774,-0.06936,-0.0908,-0.04635,0.04415,0.06812,0.124,35.31,1165,84970,17830000,-1486,1335000,136800,-1.782E+12,-1.827E+11,-18720000000,4.76E+18,1.65E+12,1.691E+11,5.123E+15,happy
14.41,0.08814,0.000192,229.2,0.001424,0.05353,0.07608,30.47,0.09004,0.2293,0.3174,0.2152,0.1464,0.1617,0.136,0.1126,0.1302,0.09343,15.75,879.1,124300,24390000,221,432,71.9,1155000000,154800000,19710000,4.629E+15,1398000000,178000000,8.103E+12,11.46,0.07152,0.000103,1614,0.001704,0.06554,0.4996,27.45,-0.963,0.6273,-0.08665,-0.04185,-0.1082,-0.03406,0.02434,0.06811,0.03345,0.1139,27.78,1281,126800,22410000,-1421,1336000,137100,-1.786E+12,-1.832E+11,-18780000000,4.77E+18,1.655E+12,1.697E+11,5.149E+15,neutral
9.581,0.07501,0.000286,203.9,0.001299,0.04873,0.08613,22.24,0.05931,0.2343,0.3386,0.2377,0.1641,0.1288,0.1164,0.1034,0.1055,0.08232,12.8,876.5,125600,24740000,179.2,382.6,56.87,1024000000,127800000,15610000,4.109E+15,1155000000,141000000,6.425E+12,9.508,0.06503,0.0001,1608,0.001295,0.04995,0.5247,23.85,-0.9743,0.6261,-0.05424,-0.07371,-0.08871,-0.03735,0.01253,0.06125,0.05166,0.08382,24.85,1200,127700,23580000,-1477,1338000,137200,-1.79E+12,-1.836E+11,-18830000000,4.79E+18,1.659E+12,1.701E+11,5.169E+15,neutral
15.04,0.09189,0.000155,220.9,0.001143,0.04313,0.07352,31.98,0.1165,0.2424,0.3584,0.2666,0.1663,0.1324,0.1419,0.1253,0.1191,0.07633,15.35,945.1,123200,23930000,178,406.1,57.55,1088000000,131800000,15810000,4.369E+15,1194000000,143200000,6.517E+12,10.96,0.07227,7.30E-05,1625,0.00128,0.04919,0.5287,26.13,-0.9618,0.6371,-0.09438,-0.09808,-0.1323,-0.03795,0.03422,0.07034,0.03599,0.08509,25.49,1185,122700,22990000,-1473,1339000,137400,-1.793E+12,-1.84E+11,-18880000000,4.80E+18,1.662E+12,1.705E+11,5.187E+15,neutral
61.68,0.2679,0.000134,226.2,0.001016,0.03831,0.05821,109.6,0.5328,0.2204,0.3115,0.237,0.2098,0.167,0.1408,0.1207,0.1073,0.0715,52,920.6,125500,19430000,512.6,419.1,65.89,1124000000,145400000,18130000,4.52E+15,1314000000,163700000,7.48E+12,30.61,0.156,6.40E-05,1628,0.001174,0.04535,0.5141,62.52,-0.7986,0.6394,-0.1293,0.0336,-0.05538,-0.06494,-0.006255,0.08332,0.06915,0.08239,44.08,1368,89610,20330000,-1584,1341000,137600,-1.797E+12,-1.844E+11,-18920000000,4.82E+18,1.666E+12,1.71E+11,5.207E+15,neutral
15.42,0.093,0.000202,212.6,0.001187,0.0449,0.06309,32.15,0.1099,0.2274,0.3395,0.2565,0.1609,0.141,0.1405,0.1039,0.1144,0.08512,15.88,931.8,118800,22770000,197.3,403.3,50.16,1082000000,122200000,13820000,4.358E+15,1106000000,125100000,5.709E+12,12.1,0.0807,9.60E-05,1591,0.001343,0.05184,0.5112,28.86,-0.9586,0.6406,-0.09166,-0.001606,-0.1015,-0.06135,-0.007759,0.04416,0.02656,0.09313,27.68,1296,124200,22260000,-1421,1342000,137700,-1.801E+12,-1.849E+11,-18970000000,4.83E+18,1.67E+12,1.714E+11,5.227E+15,neutral
7.966,0.06158,6.20E-05,190.9,0.000728,0.02712,0.07277,19.13,0.0442,0.2412,0.3025,0.2067,0.1499,0.1234,0.1087,0.1188,0.119,0.04066,11.88,1007,148300,29380000,186,481.3,56.49,1293000000,141500000,15580000,5.213E+15,1280000000,140900000,6.444E+12,7.202,0.04062,2.20E-05,1601,0.000907,0.03449,0.4432,17.77,-0.9819,0.5339,0.036,-0.04438,-0.0598,-0.02572,-0.004382,0.06917,0.09148,0.05045,23.3,1366,161700,30000000,-1523,1344000,137900,-1.805E+12,-1.853E+11,-19020000000,4.85E+18,1.674E+12,1.718E+11,5.245E+15,sad
7.866,0.0578,8.10E-05,182.6,0.000881,0.03293,0.06495,18.06,0.04462,0.2383,0.2834,0.1796,0.1177,0.113,0.09773,0.101,0.1087,0.05369,11.4,1006,140200,27420000,197.9,468.5,69.84,1260000000,158400000,19280000,5.086E+15,1431000000,174200000,7.988E+12,7.54,0.0422,3.30E-05,1590,0.001097,0.04181,0.4521,18.71,-0.982,0.5549,0.03628,-0.0434,-0.02976,-0.02541,0.007224,0.0641,0.07967,0.06423,22.52,1201,136200,25130000,-1504,1345000,138100,-1.81E+12,-1.857E+11,-19060000000,4.87E+18,1.678E+12,1.722E+11,5.265E+15,sad
11.63,0.07613,0.0001,206.4,0.001198,0.04512,0.0626,24.34,0.06868,0.2501,0.2997,0.204,0.1409,0.1189,0.1038,0.1101,0.119,0.07549,14.5,1046,137900,27190000,208.3,420.5,63.12,1133000000,142900000,17450000,4.576E+15,1290000000,157600000,7.239E+12,8.856,0.05332,5.50E-05,1608,0.00144,0.0549,0.4866,21,-0.9757,0.5963,0.01471,-0.06922,-0.05991,-0.01059,0.03,0.06815,0.06593,0.08613,22.57,1111,121900,22790000,-1450,1347000,138300,-1.814E+12,-1.862E+11,-19120000000,4.89E+18,1.682E+12,1.727E+11,5.286E+15,sad
50.46,0.2171,9.10E-05,324.6,0.00106,0.04005,0.05542,85.6,0.4347,0.2754,0.3459,0.2289,0.1749,0.1271,0.1194,0.106,0.098,0.0698,43.37,1057,152100,25910000,454.9,446,71.51,1203000000,157700000,19800000,4.864E+15,1424000000,178900000,8.225E+12,19.89,0.1019,4.80E-05,1631,0.001242,0.04739,0.4924,39.92,-0.8781,0.5958,-0.01437,-0.01283,-0.0189,-0.003232,0.01868,0.05609,0.03797,0.07663,33.5,1343,128600,26460000,-1582,1348000,138500,-1.818E+12,-1.867E+11,-19170000000,4.90E+18,1.686E+12,1.732E+11,5.31E+15,sad
35,0.1588,5.30E-05,194.5,0.000823,0.03106,0.06748,64.3,0.299,0.251,0.3101,0.1921,0.1641,0.1325,0.1087,0.1164,0.09199,0.05266,31.34,1124,136700,24760000,299.6,490.7,67.6,1325000000,158700000,18750000,5.364E+15,1435000000,169400000,7.798E+12,13.34,0.07571,2.70E-05,1617,0.000966,0.03683,0.4937,29.98,-0.937,0.6025,0.02067,-0.02281,-0.006225,-0.04511,-0.009845,0.05572,0.06489,0.05938,26.45,1184,122100,24120000,-1555,1350000,138700,-1.822E+12,-1.872E+11,-19230000000,4.92E+18,1.691E+12,1.737E+11,5.334E+15,sad
6.667,0.05299,0.001201,260.2,0.003146,0.1204,0.09136,19.12,0.03285,0.2685,0.2658,0.1394,0.1347,0.1336,0.1225,0.1221,0.08614,0.2473,14.69,1346,146000,28510000,454,254.9,8.166,812200000,53440000,2633000,3.88E+15,482600000,23800000,1.27E+12,10.32,0.05823,0.000652,1541,0.002817,0.1091,0.5218,29.17,-0.9733,0.4929,-0.007623,0.08848,-0.04511,0.06484,0.06768,-0.000888,-0.01063,0.222,31.83,2064,211700,37040000,-1304,1593000,161200,-2.54E+12,-2.57E+11,-25990000000,8.08E+18,2.32E+12,2.35E+11,8.38E+15,angry
5.464,0.04366,0.001532,245.8,0.003337,0.1279,0.05365,15.82,0.02585,0.2446,0.2116,0.2103,0.1442,0.1193,0.1213,0.09801,0.0906,0.2586,14.2,1306,130100,25670000,453.8,255.4,15.51,814200000,64930000,5003000,3.893E+15,588600000,45430000,2.42E+12,10.21,0.05509,0.00078,1554,0.002764,0.1072,0.5611,29.86,-0.9722,0.4459,-0.05535,0.09386,-0.0304,0.1086,0.05346,0.003875,0.003029,0.2167,35.09,2343,226800,38970000,-1351,1594000,161200,-2.54E+12,-2.57E+11,-26000000000,8.10E+18,2.321E+12,2.349E+11,8.384E+15,angry
3.86,0.02288,0.001674,298,0.003133,0.1208,0.06304,13.01,0.01504,0.2741,0.3017,0.1739,0.1238,0.1321,0.1231,0.1072,0.09116,0.263,13.37,1356,151500,29980000,443,232,13.71,740000000,57800000,4421000,3.54E+15,525600000,40260000,2.139E+12,9.523,0.04702,0.000906,1550,0.00299,0.1166,0.5166,25.49,-0.9788,0.4812,-0.01283,0.1221,0.009121,0.1238,0.08217,0.001629,0.002864,0.2452,31.3,2065,209800,36220000,-1285,1595000,161300,-2.543E+12,-2.572E+11,-26010000000,8.11E+18,2.323E+12,2.35E+11,8.391E+15,angry
3.899,0.02344,0.001171,266.7,0.002994,0.1152,0.0723,11.26,0.01448,0.2723,0.3076,0.1714,0.139,0.1063,0.1119,0.1095,0.103,0.2363,13,1360,157400,30870000,430.9,226.8,12.8,723600000,56230000,4130000,3.463E+15,507900000,37310000,1.999E+12,9.109,0.04495,0.000706,1582,0.002868,0.1116,0.4976,23.97,-0.9801,0.4692,-0.000465,0.1419,0.01181,0.1321,0.07471,0.003725,0.005658,0.2235,30.32,2004,208400,36130000,-1304,1595000,161300,-2.545E+12,-2.574E+11,-26020000000,8.12E+18,2.325E+12,2.351E+11,8.396E+15,angry
5.464,0.04366,0.001532,245.8,0.003337,0.1279,0.05365,15.82,0.02585,0.2446,0.2116,0.2103,0.1442,0.1193,0.1213,0.09801,0.0906,0.2586,14.2,1306,130100,25670000,453.8,255.4,15.51,815500000,65000000,5007000,3.905E+15,589200000,45460000,2.423E+12,10.21,0.05509,0.00078,1554,0.002764,0.1072,0.5611,29.86,-0.9722,0.4459,-0.05535,0.09386,-0.0304,0.1086,0.05346,0.003875,0.003029,0.2167,35.09,2343,226800,38970000,-1351,1596000,161400,-2.548E+12,-2.576E+11,-26040000000,8.14E+18,2.327E+12,2.352E+11,8.402E+15,angry
9.562,0.06056,0.000129,232.9,0.001014,0.0385,0.1457,21.7,0.04618,0.2686,0.2451,0.2088,0.1419,0.1211,0.1176,0.129,0.09772,0.07496,15.03,1290,140000,27470000,401.6,336.9,5.006,1076000000,50760000,1616000,5.158E+15,458000000,14570000,7.821E+11,12.71,0.07548,7.50E-05,1490,0.000834,0.0324,0.5751,34.49,-0.9622,0.4842,0.02883,0.04214,0.001744,0.1102,0.01219,-0.01693,0.03083,0.06392,35.71,2382,252700,44790000,-1542,1597000,161400,-2.551E+12,-2.578E+11,-26040000000,8.15E+18,2.328E+12,2.352E+11,8.404E+15,disgust
8.744,0.05956,0.000252,231.3,0.001792,0.06763,0.07331,23.53,0.04546,0.2565,0.2012,0.1734,0.1362,0.1003,0.1121,0.08616,0.09129,0.1108,16.44,1408,147500,29280000,434.5,312.2,3.596,997900000,53110000,1161000,4.785E+15,483800000,10700000,5.619E+11,10.63,0.06349,0.00015,1504,0.001351,0.05225,0.5623,32.55,-0.9673,0.3661,0.05854,0.0997,-0.01837,0.1019,0.02892,-0.008225,-0.0103,0.09424,36.8,2703,279100,49490000,-1486,1598000,161400,-2.555E+12,-2.579E+11,-26040000000,8.17E+18,2.33E+12,2.352E+11,8.404E+15,disgust
8.331,0.06336,0.000178,249.6,0.001372,0.05246,0.1095,23.18,0.04673,0.2327,0.1881,0.2166,0.1223,0.1138,0.09305,0.1128,0.1142,0.09936,15.65,1275,136900,27590000,430.1,347.3,6.705,1111000000,62630000,2164000,5.332E+15,568500000,19670000,1.048E+12,10.47,0.06366,0.000116,1523,0.001145,0.04477,0.5359,32.44,-0.9649,0.3482,0.0334,0.0558,-0.05918,0.1261,0.03513,0.02086,0.01197,0.08643,38.37,2819,287700,51210000,-1498,1600000,161400,-2.559E+12,-2.581E+11,-26040000000,8.19E+18,2.332E+12,2.352E+11,8.405E+15,disgust
7.813,0.0522,0.000392,281.8,0.001997,0.07647,0.08852,21.11,0.03749,0.2783,0.2095,0.1779,0.1295,0.119,0.112,0.1017,0.1115,0.1493,14.59,1322,152500,30200000,422.5,316.2,9.867,1012000000,46930000,3184000,4.861E+15,432300000,28270000,1.542E+12,9.896,0.05678,0.000235,1524,0.001664,0.06465,0.5394,27.51,-0.9726,0.3806,0.08092,0.1123,-0.04666,0.1149,0.02628,0.01116,-0.003852,0.1259,34,2530,278100,49270000,-1409,1601000,161400,-2.562E+12,-2.583E+11,-26040000000,8.20E+18,2.333E+12,2.353E+11,8.405E+15,disgust
10.48,0.07235,0.00019,271.8,0.00121,0.04567,0.06928,25.95,0.05827,0.2399,0.2181,0.1464,0.131,0.09682,0.1064,0.09794,0.1204,0.08743,15.93,1187,135600,26910000,354.8,294.5,12.44,943400000,53560000,4016000,4.533E+15,493100000,36080000,1.944E+12,9.604,0.05678,0.000115,1517,0.00123,0.04763,0.4957,27.31,-0.969,0.3442,0.007697,0.1072,-0.01319,0.1443,0.07091,0.0277,-0.005775,0.09008,33.49,2433,258500,45520000,-1403,1602000,161400,-2.566E+12,-2.585E+11,-26040000000,8.22E+18,2.335E+12,2.352E+11,8.403E+15,disgust
4.877,0.03156,0.000555,306.8,0.002205,0.08285,0.07686,13.08,0.02088,0.2929,0.1627,0.1668,0.1395,0.1069,0.1048,0.08942,0.08681,0.1533,13.69,1412,163900,31570000,336.1,209.7,6.268,672100000,43330000,2023000,3.231E+15,389000000,18040000,9.79E+11,8.628,0.04521,0.000414,1423,0.00227,0.08705,0.5497,21.38,-0.984,0.5193,0.2126,0.1213,0.008036,0.0835,0.04991,0.03987,0.04445,0.1581,24.37,1696,203800,36600000,-1314,1603000,161400,-2.569E+12,-2.586E+11,-26030000000,8.23E+18,2.336E+12,2.352E+11,8.4E+15,happy
3.901,0.02721,0.000522,310.6,0.00214,0.08109,0.09864,14.46,0.01883,0.3777,0.2303,0.1496,0.1054,0.1156,0.1055,0.09506,0.1014,0.151,16.03,1805,194100,37640000,376.3,259.5,8.822,832100000,55510000,2847000,4.003E+15,501800000,25740000,1.378E+12,9.165,0.04866,0.000379,1456,0.002118,0.08151,0.471,24.37,-0.9803,0.4948,0.1338,-0.01427,-0.02796,0.1037,0.08632,0.05055,0.02764,0.1505,27.35,1891,213900,39420000,-1372,1603000,161400,-2.571E+12,-2.588E+11,-26040000000,8.25E+18,2.337E+12,2.352E+11,8.403E+15,happy
4.479,0.02616,0.000416,285.3,0.001434,0.05371,0.06801,14.38,0.01978,0.3304,0.1909,0.1463,0.09789,0.1243,0.0821,0.1112,0.09697,0.1001,14.97,1579,172200,33280000,312.6,221.3,6.236,710200000,27010000,2013000,3.418E+15,243000000,18330000,9.743E+11,7.775,0.04358,0.000293,1433,0.0017,0.06465,0.4344,19.97,-0.9844,0.5489,0.1864,0.004073,-0.02396,0.06045,0.06337,0.05263,0.04641,0.1142,21.2,1385,165500,30930000,-1340,1604000,161400,-2.574E+12,-2.589E+11,-26040000000,8.26E+18,2.339E+12,2.352E+11,8.404E+15,happy
4.075,0.03269,0.000335,313.7,0.001634,0.06306,0.04878,15.14,0.01671,0.3811,0.2315,0.141,0.11,0.1014,0.08583,0.1165,0.1099,0.1173,14.57,1711,196000,37810000,329.9,246.6,7.868,791700000,29690000,2539000,3.812E+15,265000000,23380000,1.229E+12,8.057,0.04504,0.000211,1534,0.001547,0.06069,0.4904,22.78,-0.9843,0.4961,0.1428,-0.0112,-0.03179,0.07117,0.05607,0.04366,0.03179,0.1103,25.32,1817,217700,40510000,-1384,1605000,161300,-2.576E+12,-2.59E+11,-26030000000,8.27E+18,2.339E+12,2.351E+11,8.399E+15,happy
87.59,0.3723,0.000349,302.8,0.00178,0.06853,0.1073,159.8,0.761,0.26,0.1992,0.1545,0.198,0.1141,0.1183,0.1149,0.09091,0.1309,74.47,1177,195100,27180000,892.4,272.5,6.744,875400000,33820000,2176000,4.218E+15,306100000,19610000,1.053E+12,53.29,0.2381,0.000228,1480,0.001542,0.05978,0.4805,103.4,-0.5975,0.6267,0.1619,0.03752,0.04524,0.08435,-0.000859,0.02585,0.03195,0.114,60.47,1543,99780,29740000,-1726,1606000,161300,-2.579E+12,-2.591E+11,-26020000000,8.29E+18,2.34E+12,2.351E+11,8.396E+15,happy
8.213,0.06702,0.000332,276.8,0.001625,0.06135,0.1029,21.81,0.04088,0.3088,0.2442,0.1925,0.1183,0.11,0.1352,0.08013,0.1261,0.1173,18.23,1540,156400,30120000,332.7,248.7,18.52,799300000,13170000,5974000,3.853E+15,121400000,53760000,2.891E+12,9.033,0.05731,0.000233,1474,0.001672,0.06462,0.5246,24.73,-0.9744,0.4988,-0.01539,-0.01349,-0.03021,0.0336,0.02692,0.05352,0.03876,0.1171,27.1,1686,167200,30380000,-1287,1607000,161300,-2.582E+12,-2.592E+11,-26010000000,8.30E+18,2.341E+12,2.35E+11,8.39E+15,neutral
5.004,0.03895,0.00056,243.2,0.0023,0.08714,0.1056,15.53,0.02547,0.3026,0.2256,0.1797,0.1098,0.09817,0.09335,0.08763,0.1175,0.1608,16.3,1610,175400,33520000,390.2,279.8,19.45,899900000,18990000,6271000,4.34E+15,168000000,57030000,3.033E+12,8.524,0.04874,0.000332,1458,0.002016,0.07744,0.4978,22.9,-0.9803,0.5291,0.08223,-0.01988,0.01975,0.03623,0.0381,0.04383,0.01343,0.1393,26.56,1742,189700,34720000,-1349,1608000,161200,-2.585E+12,-2.592E+11,-25990000000,8.31E+18,2.342E+12,2.348E+11,8.38E+15,neutral
3.33,0.02129,0.000401,323.4,0.001821,0.06968,0.08194,14.75,0.01728,0.3596,0.2429,0.193,0.1103,0.1658,0.1141,0.1124,0.1113,0.1285,15.32,1783,208600,40870000,406.3,272.5,19.01,876800000,16950000,6126000,4.232E+15,154200000,55270000,2.962E+12,7.701,0.04245,0.000275,1440,0.001844,0.07136,0.4521,21.83,-0.9831,0.4923,0.1311,-0.01855,-0.0211,0.06188,0.06623,0.028,0.01401,0.1268,24.58,1697,197300,36770000,-1348,1609000,161200,-2.588E+12,-2.593E+11,-25970000000,8.33E+18,2.342E+12,2.347E+11,8.373E+15,neutral
5.562,0.04401,0.000361,311.6,0.001696,0.0648,0.09167,20.21,0.02942,0.349,0.2862,0.1839,0.1252,0.1462,0.1193,0.1004,0.1321,0.116,18.12,1892,214800,41810000,427.6,303.8,17.61,978100000,25520000,5674000,4.724E+15,229500000,51330000,2.743E+12,8.6,0.04781,0.000214,1462,0.001674,0.0647,0.4696,24.58,-0.978,0.4495,0.1206,-0.0106,0.02022,0.08626,0.05747,0.02882,-0.01058,0.1117,26.87,1899,212300,39760000,-1396,1610000,161100,-2.591E+12,-2.594E+11,-25960000000,8.34E+18,2.343E+12,2.345E+11,8.365E+15,neutral
5.671,0.03809,0.000317,303.2,0.001385,0.05256,0.06938,19.68,0.02926,0.325,0.2139,0.2123,0.1193,0.155,0.1214,0.1083,0.1016,0.1011,17.19,1744,190800,37150000,378.2,284.3,19.45,915800000,17410000,6267000,4.425E+15,157400000,56620000,3.028E+12,8.633,0.05001,0.000194,1408,0.001377,0.05311,0.4831,24.02,-0.9775,0.4826,0.1328,0.009542,-0.007697,0.0167,0.02793,0.04737,0.01311,0.09693,26.17,1762,195700,36330000,-1383,1611000,161100,-2.595E+12,-2.595E+11,-25940000000,8.36E+18,2.344E+12,2.344E+11,8.358E+15,neutral
6.166,0.04428,7.20E-05,210.6,0.000678,0.02531,0.116,21.31,0.02873,0.2485,0.1637,0.1972,0.1339,0.109,0.1055,0.08041,0.07799,0.03965,17.51,1390,135900,25930000,305.4,281.5,14.46,907400000,22770000,4658000,4.387E+15,208700000,41750000,2.25E+12,7.694,0.04813,4.50E-05,1490,0.000729,0.02769,0.4702,23.99,-0.9794,0.4237,0.09466,0.08468,0.02081,0.09031,0.04449,-0.01603,-0.02279,0.04398,27.14,1961,213900,38260000,-1484,1612000,161000,-2.598E+12,-2.595E+11,-25930000000,8.37E+18,2.345E+12,2.342E+11,8.351E+15,sad
4.426,0.03287,7.20E-05,217.8,0.000676,0.02561,0.09112,15.19,0.02004,0.2815,0.208,0.2052,0.142,0.1175,0.0995,0.09244,0.09357,0.03912,16.32,1514,153100,29420000,280.8,321,11.93,1035000000,34410000,3842000,5.009E+15,310400000,34790000,1.855E+12,7.084,0.04294,3.40E-05,1502,0.000661,0.02538,0.5423,22.07,-0.9824,0.4451,0.06892,0.06085,0.03061,0.08121,0.03998,-0.03413,-0.03095,0.04056,27.21,1949,210900,37890000,-1504,1613000,161000,-2.601E+12,-2.596E+11,-25910000000,8.39E+18,2.345E+12,2.341E+11,8.342E+15,sad
4.426,0.03287,7.20E-05,217.8,0.000676,0.02561,0.09112,15.19,0.02004,0.2815,0.208,0.2052,0.142,0.1175,0.0995,0.09244,0.09357,0.03912,16.32,1514,153100,29420000,280.8,321,11.93,1036000000,34390000,3841000,5.016E+15,310100000,34780000,1.854E+12,7.084,0.04294,3.40E-05,1502,0.000661,0.02538,0.5423,22.07,-0.9824,0.4451,0.06892,0.06085,0.03061,0.08121,0.03998,-0.03413,-0.03095,0.04056,27.21,1949,210900,37890000,-1504,1614000,160900,-2.605E+12,-2.597E+11,-25900000000,8.41E+18,2.346E+12,2.34E+11,8.335E+15,sad
72.33,0.3105,6.50E-05,234.8,0.000741,0.0278,0.06586,127.3,0.6131,0.2546,0.1977,0.1754,0.1744,0.1059,0.1313,0.08811,0.0875,0.04343,61.37,1172,170700,24500000,712.5,294.3,10.47,950500000,31390000,3370000,4.605E+15,286900000,30130000,1.627E+12,33.26,0.1531,4.30E-05,1521,0.000803,0.03063,0.4729,65.68,-0.7574,0.4559,0.09303,0.1374,0.07584,0.1045,0.04295,-0.01798,-0.01855,0.04798,45.76,1712,141500,31310000,-1634,1615000,160900,-2.608E+12,-2.598E+11,-25890000000,8.42E+18,2.347E+12,2.339E+11,8.33E+15,sad
72.33,0.3105,6.50E-05,234.8,0.000741,0.0278,0.06586,127.3,0.6131,0.2546,0.1977,0.1754,0.1744,0.1059,0.1313,0.08811,0.0875,0.04343,61.37,1172,170700,24500000,712.5,294.3,10.47,951100000,31370000,3369000,4.611E+15,286800000,30120000,1.626E+12,33.26,0.1531,4.30E-05,1521,0.000803,0.03063,0.4729,65.68,-0.7574,0.4559,0.09303,0.1374,0.07584,0.1045,0.04295,-0.01798,-0.01855,0.04798,45.76,1712,141500,31310000,-1634,1616000,160900,-2.611E+12,-2.6E+11,-25880000000,8.44E+18,2.348E+12,2.338E+11,8.325E+15,sad
11.38,0.06262,0.000376,302.9,0.002108,0.08097,0.0789,22.88,0.06875,0.5004,0.2746,0.1431,0.139,0.1156,0.1072,0.08432,0.1038,0.1624,14.85,1881,268300,53380000,380.4,506.3,13.06,1638000000,98860000,4201000,7.947E+15,892200000,37930000,2.027E+12,8.775,0.04759,0.000202,1461,0.001958,0.07573,0.581,21.55,-0.9769,0.3984,0.1219,0.1225,0.008249,0.02374,0.03265,0.03818,0.01251,0.1467,26.13,1989,251300,47190000,-1397,1617000,160800,-2.616E+12,-2.601E+11,-25870000000,8.46E+18,2.35E+12,2.337E+11,8.321E+15,angry
13.25,0.06939,0.000597,305,0.002566,0.09955,0.0807,27.52,0.08642,0.4171,0.3191,0.1776,0.1616,0.1085,0.1144,0.1013,0.1132,0.2136,14.74,1510,231100,46300000,366.5,457.3,12.63,1481000000,90560000,4064000,7.192E+15,817400000,36550000,1.961E+12,10.03,0.05424,0.000348,1472,0.00252,0.09858,0.5942,24.07,-0.9713,0.4992,0.05932,0.08521,-0.008652,0.03832,0.04749,0.05872,0.01806,0.1983,25.42,1681,210100,39220000,-1319,1619000,160800,-2.621E+12,-2.604E+11,-25870000000,8.49E+18,2.352E+12,2.337E+11,8.321E+15,angry
13.35,0.0744,0.000505,286.6,0.002168,0.08515,0.08706,27.92,0.09233,0.3737,0.274,0.2591,0.1775,0.1248,0.1005,0.09077,0.09229,0.1907,16.41,1593,217700,43710000,400.2,514.4,15.98,1667000000,100500000,5141000,8.107E+15,906900000,46210000,2.48E+12,9.403,0.0514,0.000203,1534,0.001734,0.06849,0.6167,24.83,-0.9694,0.4388,0.06201,-0.0105,-0.01437,0.06545,0.05005,0.01713,-0.01785,0.1416,30.87,2199,256700,48200000,-1449,1621000,160800,-2.627E+12,-2.607E+11,-25870000000,8.52E+18,2.355E+12,2.337E+11,8.32E+15,angry
13.55,0.0762,0.0004,312.2,0.002114,0.07973,0.06899,27.83,0.09156,0.4501,0.3153,0.1506,0.1258,0.1031,0.104,0.09748,0.1031,0.1698,16.31,1715,246400,48970000,366.9,488.1,14.61,1584000000,99410000,4700000,7.709E+15,897500000,42370000,2.267E+12,9.407,0.05362,0.000226,1464,0.002038,0.07883,0.5604,23.71,-0.9709,0.4429,0.1107,0.1279,0.001355,0.03422,0.02418,0.02536,0.01019,0.1546,25.62,1798,223300,41730000,-1365,1622000,160800,-2.632E+12,-2.609E+11,-25860000000,8.54E+18,2.357E+12,2.336E+11,8.318E+15,angry
13.25,0.06939,0.000597,305,0.002566,0.09955,0.0807,27.52,0.08642,0.4171,0.3191,0.1776,0.1616,0.1085,0.1144,0.1013,0.1132,0.2136,14.74,1510,231100,46300000,366.5,457.3,12.63,1485000000,90610000,4064000,7.237E+15,817800000,36540000,1.961E+12,10.03,0.05424,0.000348,1472,0.00252,0.09858,0.5942,24.07,-0.9713,0.4992,0.05932,0.08521,-0.008652,0.03832,0.04749,0.05872,0.01806,0.1983,25.42,1681,210100,39220000,-1319,1624000,160800,-2.638E+12,-2.612E+11,-25860000000,8.57E+18,2.359E+12,2.336E+11,8.319E+15,angry
9.513,0.0631,0.000103,209.7,0.001477,0.05558,0.05402,21.8,0.04825,0.293,0.2835,0.171,0.1533,0.1374,0.1079,0.1157,0.0982,0.08835,16.41,1499,181800,35750000,335.9,312.7,9.923,1017000000,65960000,3192000,4.957E+15,595200000,28760000,1.54E+12,9.558,0.05803,7.70E-05,1526,0.001333,0.05097,0.602,26.61,-0.975,0.4844,0.1168,0.1195,0.06684,0.0925,0.04396,-0.01808,-0.06499,0.08619,27.84,1881,209700,37830000,-1458,1625000,160800,-2.642E+12,-2.614E+11,-25860000000,8.59E+18,2.361E+12,2.337E+11,8.319E+15,disgust
10.44,0.06482,0.000161,199.4,0.001449,0.05432,0.08049,22.15,0.04317,0.4224,0.2854,0.1896,0.1678,0.1504,0.1233,0.1076,0.1186,0.07878,16.84,1762,224800,43980000,318.9,369.2,14.72,1201000000,81950000,4735000,5.861E+15,742400000,42920000,2.285E+12,10.31,0.06017,7.50E-05,1535,0.001176,0.04476,0.578,26.79,-0.9732,0.4536,0.1408,0.1182,0.03836,0.05921,0.004356,-0.04382,-0.04326,0.0704,28.14,1986,234200,43310000,-1538,1627000,160900,-2.646E+12,-2.616E+11,-25870000000,8.61E+18,2.364E+12,2.337E+11,8.323E+15,disgust
11,0.07609,0.000125,204.4,0.001424,0.05376,0.06317,24.06,0.05333,0.3975,0.3424,0.19,0.1745,0.1486,0.1388,0.1176,0.1264,0.085,16.8,1720,226900,44810000,328.7,369.5,12.12,1203000000,77940000,3900000,5.875E+15,704400000,35280000,1.882E+12,10.29,0.06306,7.20E-05,1530,0.00111,0.04267,0.6317,28.89,-0.971,0.4251,0.097,0.09373,0.04288,0.1067,0.04515,-0.009743,-0.05416,0.07308,29.54,2127,249100,46210000,-1537,1628000,160900,-2.65E+12,-2.619E+11,-25880000000,8.63E+18,2.366E+12,2.338E+11,8.325E+15,disgust
9.786,0.06258,0.00016,190.9,0.001554,0.0586,0.149,21.74,0.04768,0.4944,0.2492,0.1291,0.1343,0.1442,0.1108,0.1194,0.1173,0.0922,16.72,2016,267300,52660000,370.4,420.5,9.923,1370000000,80330000,3193000,6.697E+15,726300000,28780000,1.541E+12,8.67,0.04844,8.10E-05,1539,0.001188,0.04541,0.5815,25.13,-0.9762,0.275,0.2063,0.1139,0.01849,0.09917,0.0375,-0.02413,-0.0338,0.07511,30.21,2588,320400,60440000,-1594,1629000,160900,-2.654E+12,-2.621E+11,-25880000000,8.65E+18,2.368E+12,2.338E+11,8.328E+15,disgust
9.67,0.07166,0.000136,200.5,0.001749,0.06579,0.09049,20.93,0.04826,0.4633,0.2766,0.1407,0.1526,0.1253,0.1054,0.1037,0.09826,0.09343,17.22,1965,259700,50870000,345.1,466.9,9.819,1523000000,84320000,3159000,7.45E+15,761400000,28520000,1.525E+12,8.44,0.0526,6.50E-05,1546,0.001136,0.04319,0.6555,24.77,-0.9757,0.2817,0.2023,0.103,0.03926,0.07401,0.004837,-0.03487,-0.04391,0.06807,29.86,2542,315400,59930000,-1621,1631000,160900,-2.659E+12,-2.623E+11,-25880000000,8.67E+18,2.37E+12,2.338E+11,8.326E+15,disgust
6.127,0.03873,0.000502,216.3,0.002226,0.08331,0.08041,15.68,0.02693,0.4403,0.2775,0.1085,0.1221,0.1041,0.09199,0.1038,0.08088,0.1338,13.98,1824,243300,47700000,380,292,5.549,953300000,54660000,1785000,4.668E+15,493300000,16110000,8.615E+11,7.453,0.03975,0.000217,1520,0.001987,0.07551,0.5164,19.41,-0.9855,0.433,0.2072,0.1512,0.06818,0.09282,0.06752,0.02324,-0.01997,0.1205,21.92,1680,216500,40730000,-1426,1632000,160900,-2.664E+12,-2.626E+11,-25880000000,8.70E+18,2.372E+12,2.338E+11,8.325E+15,happy
7.358,0.04358,0.000342,206.1,0.002027,0.07688,0.06833,17.63,0.03334,0.3816,0.2429,0.14,0.1244,0.09192,0.1062,0.09281,0.1005,0.1316,13.52,1560,211700,41520000,315.1,301.7,3.575,985300000,49580000,1150000,4.827E+15,445300000,10560000,5.55E+11,7.099,0.04164,0.000174,1543,0.001698,0.06477,0.554,18.56,-0.9846,0.4547,0.2065,0.1508,0.05927,0.07256,0.03909,0.006503,-0.03038,0.1048,20.02,1458,188900,35330000,-1382,1633000,160900,-2.667E+12,-2.627E+11,-25880000000,8.71E+18,2.373E+12,2.338E+11,8.325E+15,happy
6.887,0.04318,0.000181,198.8,0.002171,0.08209,0.05089,15.93,0.03074,0.4594,0.2653,0.1337,0.1045,0.1014,0.08887,0.1158,0.07842,0.1307,14.27,1838,243600,47550000,345,269.4,1.55,880500000,43920000,498800,4.316E+15,396200000,4527000,2.407E+11,7.586,0.04197,0.000107,1538,0.001738,0.06639,0.6066,19.88,-0.9847,0.4614,0.1951,0.1324,0.06591,0.06884,0.02863,0.008663,-0.01512,0.1032,21.4,1617,208600,39400000,-1443,1634000,160900,-2.67E+12,-2.629E+11,-25880000000,8.73E+18,2.375E+12,2.338E+11,8.324E+15,happy
6.128,0.03871,0.000502,222.6,0.002226,0.08331,0.08041,16.07,0.02691,0.4449,0.2783,0.109,0.123,0.1055,0.09323,0.1027,0.08225,0.1338,14.13,1850,245500,48110000,380,292,5.539,955000000,54650000,1782000,4.685E+15,493300000,16080000,8.599E+11,7.465,0.03975,0.000217,1532,0.001987,0.07551,0.5164,19.63,-0.9854,0.4289,0.2063,0.1553,0.06369,0.09582,0.06679,0.02244,-0.01818,0.1205,22.06,1700,218400,41100000,-1426,1635000,160900,-2.674E+12,-2.63E+11,-25880000000,8.74E+18,2.376E+12,2.338E+11,8.325E+15,happy
7.363,0.04358,0.000342,210.8,0.002027,0.07688,0.06833,17.45,0.03336,0.3791,0.2456,0.1379,0.1265,0.08909,0.1059,0.09178,0.1005,0.1316,13.44,1545,212700,41830000,315.1,301.7,3.574,987100000,49570000,1150000,4.845E+15,445200000,10560000,5.548E+11,7.098,0.04164,0.000174,1535,0.001698,0.06477,0.554,18.24,-0.9847,0.4551,0.2084,0.1475,0.06248,0.07004,0.04032,0.006509,-0.03166,0.1048,19.97,1454,189300,35470000,-1382,1636000,160900,-2.677E+12,-2.632E+11,-25880000000,8.76E+18,2.378E+12,2.338E+11,8.325E+15,happy
9.609,0.07203,0.000148,249.5,0.001139,0.04426,0.1369,20.67,0.0495,0.4908,0.2961,0.206,0.1243,0.1222,0.1128,0.1012,0.09875,0.0712,16.14,2000,259300,50930000,361.4,357.2,5.978,1170000000,52790000,1923000,5.745E+15,477200000,17400000,9.279E+11,8.902,0.05245,7.60E-05,1529,0.001072,0.0423,0.5291,25.39,-0.9765,0.3941,0.1306,0.0638,-0.000935,0.08969,0.05885,-0.007242,-0.0477,0.07062,27.86,2182,262400,49470000,-1523,1637000,160800,-2.681E+12,-2.633E+11,-25870000000,8.78E+18,2.379E+12,2.337E+11,8.322E+15,neutral
9.424,0.07357,0.000113,239.1,0.001069,0.04029,0.0844,21.8,0.04367,0.4256,0.2588,0.2323,0.1328,0.1233,0.1157,0.09516,0.1189,0.06742,15.71,1773,236300,46520000,355.1,352.5,8.865,1155000000,46940000,2851000,5.678E+15,422500000,25970000,1.376E+12,8.973,0.05675,5.90E-05,1511,0.001044,0.04021,0.5057,24.54,-0.9767,0.4243,0.1366,0.05718,-0.00999,0.07884,0.07629,0.006862,-0.03866,0.06861,26.85,2014,244800,45890000,-1512,1638000,160800,-2.685E+12,-2.635E+11,-25860000000,8.80E+18,2.38E+12,2.336E+11,8.317E+15,neutral
7.457,0.05082,0.000116,226.1,0.001222,0.04638,0.09332,18.66,0.03403,0.4436,0.2518,0.1962,0.1245,0.1233,0.1221,0.1222,0.1125,0.08068,16.77,2026,253400,49790000,384.5,371.9,7.04,1220000000,51080000,2264000,6E+15,461900000,20390000,1.092E+12,8.397,0.04838,6.20E-05,1500,0.001106,0.04249,0.5362,25.21,-0.9785,0.3703,0.1865,0.07535,-0.007721,0.09076,0.04741,-0.03433,-0.08544,0.07255,28.7,2307,272800,50890000,-1535,1640000,160800,-2.689E+12,-2.637E+11,-25850000000,8.82E+18,2.382E+12,2.336E+11,8.313E+15,neutral
11.44,0.07954,9.40E-05,207.6,0.001085,0.04102,0.1026,24.26,0.07079,0.4782,0.2568,0.1623,0.1283,0.1209,0.1344,0.1371,0.115,0.06987,18.77,2130,270600,52640000,373.7,359.9,9.019,1181000000,45970000,2900000,5.816E+15,415100000,26250000,1.398E+12,9.176,0.05405,5.50E-05,1512,0.001002,0.03839,0.536,25.7,-0.9718,0.3578,0.1886,0.08041,0.007168,0.113,0.05853,-0.0285,-0.06566,0.06501,28.74,2328,274400,52260000,-1564,1641000,160800,-2.693E+12,-2.638E+11,-25840000000,8.84E+18,2.383E+12,2.335E+11,8.309E+15,neutral
10.08,0.07223,8.80E-05,202.4,0.001171,0.04256,0.1102,21.32,0.05208,0.4936,0.2548,0.1929,0.1442,0.1286,0.1211,0.09528,0.08832,0.07773,18.45,2213,268000,52250000,369.9,364.3,5.692,1197000000,51860000,1830000,5.895E+15,469100000,16460000,8.824E+11,9.253,0.05461,5.40E-05,1485,0.001014,0.03801,0.5331,26.9,-0.9729,0.3211,0.1562,0.06163,-0.003181,0.121,0.08751,-0.003809,-0.05873,0.06775,29.33,2359,274200,52100000,-1568,1642000,160700,-2.697E+12,-2.64E+11,-25830000000,8.86E+18,2.385E+12,2.334E+11,8.305E+15,neutral
12.23,0.08946,6.30E-05,241.7,0.000722,0.02684,0.09559,25.88,0.06383,0.3576,0.2452,0.1988,0.1463,0.1407,0.1233,0.1306,0.1196,0.04345,18.12,1563,195800,38350000,287.9,330,24.4,1085000000,15690000,7840000,5.348E+15,143300000,70670000,3.779E+12,8.329,0.05547,3.30E-05,1507,0.000827,0.03177,0.5142,21.7,-0.9739,0.4447,0.0945,0.09867,-0.02144,0.02143,0.0149,-0.02867,-0.07259,0.05185,25.65,1792,202100,37490000,-1422,1643000,160700,-2.701E+12,-2.641E+11,-25820000000,8.88E+18,2.386E+12,2.332E+11,8.296E+15,sad
12.75,0.08968,2.80E-05,206.7,0.000496,0.01871,0.1448,29.64,0.08207,0.374,0.2276,0.2216,0.1485,0.1135,0.119,0.1144,0.09154,0.02912,19.42,1788,215700,42020000,325.5,352.4,32.29,1159000000,7093000,10370000,5.718E+15,64970000,93520000,4.996E+12,8.111,0.05381,1.30E-05,1499,0.000534,0.0204,0.4533,23.73,-0.9687,0.3147,0.0833,0.05721,-0.000267,0.06786,0.04933,-0.006801,-0.0642,0.03267,29.07,2254,253600,47620000,-1543,1645000,160600,-2.705E+12,-2.641E+11,-25790000000,8.90E+18,2.386E+12,2.33E+11,8.282E+15,sad
14.59,0.1133,2.70E-05,197.6,0.000517,0.01929,0.1091,32.48,0.09886,0.3884,0.2574,0.2091,0.182,0.1433,0.1205,0.1251,0.149,0.03019,20.89,1810,221100,42720000,310.3,316,26.25,1040000000,12020000,8425000,5.136E+15,107700000,76120000,4.056E+12,9.424,0.06551,1.40E-05,1489,0.000547,0.0209,0.508,26.07,-0.9618,0.3651,0.08716,0.1049,-0.02814,0.0336,0.05268,0.01622,-0.05318,0.0344,29.55,2178,237200,44810000,-1540,1646000,160500,-2.709E+12,-2.641E+11,-25760000000,8.92E+18,2.386E+12,2.327E+11,8.268E+15,sad
7.643,0.05109,4.30E-05,201.6,0.00062,0.02344,0.1087,19.31,0.03696,0.4718,0.2766,0.1821,0.1588,0.1105,0.1039,0.1055,0.09726,0.03742,17.24,2031,267600,52450000,340.7,336.3,20.79,1108000000,21160000,6670000,5.473E+15,190900000,60280000,3.21E+12,6.851,0.04224,1.90E-05,1515,0.000559,0.02149,0.568,20.72,-0.9792,0.268,0.1498,0.1258,0.02752,0.09403,0.05355,-0.03464,-0.07191,0.03512,28.49,2490,304400,57580000,-1587,1647000,160400,-2.712E+12,-2.642E+11,-25730000000,8.93E+18,2.387E+12,2.325E+11,8.257E+15,sad
18.19,0.1165,3.10E-05,213,0.000584,0.02174,0.09694,35.22,0.1329,0.462,0.2634,0.1785,0.1615,0.1171,0.1332,0.09379,0.1144,0.03501,21.79,1921,259100,50170000,321.9,340.4,25.38,1122000000,14060000,8138000,5.548E+15,128500000,73370000,3.915E+12,10.53,0.06662,1.80E-05,1500,0.000598,0.02287,0.521,27.22,-0.9507,0.3021,0.1206,0.1628,-0.005998,0.0361,0.007599,2.10E-05,-0.05258,0.03854,30.03,2283,262100,50050000,-1530,1648000,160400,-2.716E+12,-2.643E+11,-25710000000,8.95E+18,2.387E+12,2.323E+11,8.245E+15,sad
17.34,0.0984,0.000375,238.7,0.002178,0.08264,0.09494,30.25,0.1469,0.3249,0.2972,0.2216,0.176,0.09959,0.118,0.1253,0.09317,0.1361,22.07,1686,192300,37580000,427.5,293.4,11.79,967900000,63200000,3779000,4.789E+15,575400000,34440000,1.817E+12,12.08,0.06913,0.000191,1535,0.001739,0.06713,0.5264,31.36,-0.946,0.3545,0.1051,0.0983,0.006824,0.08175,0.04568,0.0418,-0.002609,0.114,35.15,2498,261600,48610000,-1499,1649000,160300,-2.72E+12,-2.644E+11,-25700000000,8.97E+18,2.388E+12,2.322E+11,8.24E+15,angry
5.467,0.04137,0.000668,248.5,0.003149,0.1195,0.1093,17.84,0.02895,0.3539,0.2165,0.1616,0.1302,0.08079,0.06603,0.08676,0.08877,0.2008,17.56,1796,203000,40470000,463.4,285.1,14.13,940900000,67570000,4532000,4.658E+15,614700000,41290000,2.18E+12,8.304,0.04645,0.000387,1558,0.002778,0.1065,0.5049,24.45,-0.9785,0.3667,0.1768,0.06176,0.01269,0.1098,0.05264,0.03768,0.02013,0.1807,30.19,2324,260700,47780000,-1394,1650000,160300,-2.723E+12,-2.646E+11,-25710000000,8.99E+18,2.39E+12,2.322E+11,8.243E+15,angry
6.293,0.05574,0.000483,228,0.002792,0.1055,0.1337,17.92,0.02996,0.2969,0.253,0.1863,0.1703,0.09911,0.1141,0.09358,0.08029,0.1852,15.27,1469,177900,35800000,446.2,260,5.756,858700000,48160000,1846000,4.254E+15,437200000,16660000,8.879E+11,8.447,0.0516,0.000315,1512,0.002378,0.09064,0.4957,25.76,-0.9779,0.3882,0.1044,0.05654,0.01177,0.1202,0.05195,0.03887,-0.005137,0.1635,30.83,2331,264100,47860000,-1374,1651000,160400,-2.726E+12,-2.648E+11,-25710000000,9.00E+18,2.392E+12,2.323E+11,8.245E+15,angry
6.596,0.05349,0.000356,211.8,0.002445,0.09215,0.1408,20.14,0.02995,0.3535,0.2786,0.1841,0.1474,0.09708,0.1021,0.1012,0.07725,0.1627,16.17,1633,198900,39670000,458.9,290.9,3.916,961100000,45000000,1256000,4.763E+15,410200000,11130000,6.041E+11,8.86,0.05486,0.000213,1498,0.001978,0.07545,0.5117,29.29,-0.9755,0.3544,0.1201,0.0579,0.003468,0.1149,0.02989,0.05357,-0.001548,0.1371,32.13,2489,283000,51800000,-1437,1652000,160300,-2.729E+12,-2.649E+11,-25710000000,9.02E+18,2.393E+12,2.323E+11,8.244E+15,angry
9.443,0.07378,0.000435,255.4,0.002349,0.08953,0.1295,22.33,0.04509,0.3172,0.2766,0.2176,0.1521,0.1026,0.114,0.09636,0.1127,0.1588,16.75,1515,171900,34610000,443.7,251.8,2.199,832600000,42290000,705200,4.129E+15,382300000,6369000,3.392E+11,10.25,0.06285,0.000267,1518,0.002018,0.07795,0.5322,30.51,-0.9694,0.4353,0.03208,0.02136,-0.0298,0.08175,0.02881,0.06176,0.0221,0.1471,32.93,2324,247000,44630000,-1363,1653000,160300,-2.733E+12,-2.65E+11,-25700000000,9.03E+18,2.394E+12,2.322E+11,8.242E+15,angry
12.7,0.07636,9.40E-05,214.5,0.001198,0.04498,0.05885,29.52,0.06663,0.2501,0.2652,0.1818,0.1744,0.123,0.1187,0.09613,0.1123,0.07199,17.27,1189,157300,31160000,317,277.8,5.871,919100000,49080000,1883000,4.56E+15,448400000,17330000,9.056E+11,11.25,0.06739,7.40E-05,1554,0.001266,0.04842,0.5267,28.95,-0.9657,0.5289,0.1019,0.06906,0.02934,0.09158,-0.002761,0.02235,-0.02693,0.08284,29.14,1810,201000,36040000,-1404,1654000,160300,-2.736E+12,-2.652E+11,-25710000000,9.05E+18,2.396E+12,2.323E+11,8.244E+15,disgust
12.65,0.08004,9.70E-05,187.1,0.001211,0.04525,0.08091,28.19,0.06643,0.2886,0.2948,0.1664,0.1457,0.1091,0.1184,0.09011,0.1019,0.06092,17.36,1302,181100,36220000,309.9,357.4,3.307,1183000000,58210000,1060000,5.873E+15,527400000,9561000,5.1E+11,9.854,0.05851,6.00E-05,1517,0.001088,0.04142,0.5552,26.7,-0.9684,0.4002,0.1191,0.119,0.03194,0.1069,0.04459,0.03063,-0.01519,0.06368,29.86,2132,247000,44970000,-1508,1655000,160300,-2.739E+12,-2.654E+11,-25710000000,9.07E+18,2.397E+12,2.322E+11,8.243E+15,disgust
11.8,0.07317,0.000165,201.6,0.001477,0.05535,0.08877,25.8,0.06399,0.2916,0.282,0.152,0.1395,0.09674,0.1072,0.1024,0.09832,0.08729,17.64,1386,187400,36840000,334,331.3,6.501,1097000000,58370000,2085000,5.453E+15,533200000,19110000,1.003E+12,9.924,0.05853,8.50E-05,1535,0.001236,0.04714,0.5738,27.38,-0.9691,0.4142,0.1412,0.09308,0.02246,0.09862,-0.00135,0.03686,0.004383,0.07889,29.77,2078,239000,43960000,-1484,1656000,160300,-2.743E+12,-2.656E+11,-25710000000,9.09E+18,2.399E+12,2.323E+11,8.244E+15,disgust
12.05,0.07406,0.000147,180.2,0.001107,0.04137,0.08612,26.86,0.0654,0.3014,0.3239,0.1722,0.1602,0.1218,0.1065,0.08631,0.08271,0.05933,16.1,1355,198100,39270000,298.3,417.7,15.22,1385000000,90810000,4881000,6.886E+15,823900000,44390000,2.348E+12,10.08,0.06067,6.80E-05,1538,0.000835,0.03192,0.5981,27.59,-0.9696,0.4,0.1724,0.08396,0.03238,0.1224,0.03102,0.03569,-0.00512,0.0506,30.35,2238,275500,51310000,-1616,1658000,160400,-2.747E+12,-2.658E+11,-25710000000,9.11E+18,2.401E+12,2.323E+11,8.247E+15,disgust
9.503,0.06151,0.000432,196.9,0.001576,0.05942,0.0788,22.35,0.05328,0.2818,0.3051,0.1719,0.1491,0.1048,0.1071,0.08882,0.0955,0.09611,13.5,1218,179800,36090000,332.6,325.1,8.354,1078000000,64850000,2680000,5.367E+15,589200000,24440000,1.289E+12,8.257,0.04793,0.000167,1526,0.001325,0.05117,0.5848,23.35,-0.9772,0.4439,0.1058,0.06422,0.003391,0.08974,0.01862,0.03607,0.01694,0.08718,27.59,1945,231400,42170000,-1426,1659000,160400,-2.752E+12,-2.66E+11,-25720000000,9.13E+18,2.403E+12,2.324E+11,8.25E+15,disgust
3.964,0.03834,0.000896,199,0.00308,0.1161,0.09727,11.83,0.01574,0.3367,0.3224,0.1318,0.1283,0.07678,0.06937,0.08032,0.07557,0.1683,10.52,1344,202400,40470000,389.1,280.3,7.263,930500000,52120000,2330000,4.634E+15,475800000,21180000,1.121E+12,7.092,0.04375,0.000372,1541,0.00242,0.09251,0.5692,19.81,-0.9869,0.4867,0.1488,0.06831,0.01973,0.06955,0.02972,0.0216,-0.00386,0.1481,24.19,1733,220100,40530000,-1368,1660000,160400,-2.755E+12,-2.662E+11,-25730000000,9.15E+18,2.405E+12,2.324E+11,8.252E+15,happy
6.78,0.05168,0.000363,193.4,0.002332,0.08804,0.1043,17.21,0.02844,0.279,0.2887,0.175,0.131,0.09492,0.07992,0.07295,0.08567,0.1411,11.62,1156,157100,31190000,347.4,267,9.43,886900000,55850000,3025000,4.419E+15,509500000,27710000,1.456E+12,8.433,0.05071,0.000217,1556,0.001971,0.07544,0.6025,23.75,-0.9809,0.5484,0.04399,0.01162,-0.007816,0.05676,0.02568,0.02813,0.004766,0.1278,26.06,1669,191100,34030000,-1358,1661000,160400,-2.758E+12,-2.664E+11,-25730000000,9.16E+18,2.407E+12,2.325E+11,8.255E+15,happy
5.585,0.04367,0.000726,247.2,0.002542,0.09596,0.08044,11.56,0.02246,0.3435,0.311,0.1667,0.1264,0.07641,0.08101,0.09389,0.08597,0.1566,10.79,1381,203800,40570000,401.5,297.4,10.43,988400000,60720000,3346000,4.928E+15,553900000,30540000,1.61E+12,7.278,0.04464,0.000305,1526,0.002124,0.08138,0.5602,19.55,-0.9856,0.502,0.1474,0.003,-0.02772,0.05523,0.02508,0.05599,0.05346,0.141,24.33,1778,228800,42340000,-1381,1662000,160400,-2.762E+12,-2.666E+11,-25740000000,9.18E+18,2.409E+12,2.325E+11,8.258E+15,happy
6.78,0.05168,0.000363,193.4,0.002332,0.08804,0.1043,17.21,0.02844,0.279,0.2887,0.175,0.131,0.09492,0.07992,0.07295,0.08567,0.1411,11.62,1156,157100,31190000,347.4,267,9.43,887900000,55880000,3026000,4.429E+15,509800000,27710000,1.457E+12,8.433,0.05071,0.000217,1556,0.001971,0.07544,0.6025,23.75,-0.9809,0.5484,0.04399,0.01162,-0.007816,0.05676,0.02568,0.02813,0.004766,0.1278,26.06,1669,191100,34030000,-1358,1663000,160500,-2.765E+12,-2.668E+11,-25740000000,9.20E+18,2.41E+12,2.326E+11,8.261E+15,happy
6.78,0.05168,0.000363,193.4,0.002332,0.08804,0.1043,17.21,0.02844,0.279,0.2887,0.175,0.131,0.09492,0.07992,0.07295,0.08567,0.1411,11.62,1156,157100,31190000,347.4,267,9.43,888400000,55890000,3027000,4.434E+15,509900000,27720000,1.457E+12,8.433,0.05071,0.000217,1556,0.001971,0.07544,0.6025,23.75,-0.9809,0.5484,0.04399,0.01162,-0.007816,0.05676,0.02568,0.02813,0.004766,0.1278,26.06,1669,191100,34030000,-1358,1664000,160500,-2.768E+12,-2.67E+11,-25750000000,9.21E+18,2.412E+12,2.327E+11,8.265E+15,happy
8.418,0.06688,0.000155,253.4,0.001445,0.05523,0.07222,20.58,0.04721,0.2753,0.3007,0.1295,0.1602,0.08407,0.1561,0.1114,0.1209,0.09019,15.27,1346,183900,36430000,332.1,269.2,6.621,896200000,33350000,2125000,4.475E+15,301100000,19230000,1.023E+12,8.653,0.05351,9.40E-05,1487,0.001373,0.05299,0.5523,22.18,-0.9789,0.4876,0.216,0.1557,-0.005053,0.06315,-0.03161,0.02186,0.05505,0.08866,24.76,1734,213400,39520000,-1436,1665000,160500,-2.771E+12,-2.671E+11,-25750000000,9.23E+18,2.413E+12,2.326E+11,8.263E+15,neutral
7.8,0.05483,0.000212,259.8,0.001603,0.05995,0.05521,19.32,0.04242,0.2662,0.2922,0.1542,0.148,0.09123,0.09829,0.1065,0.1245,0.1017,15.02,1258,164800,32490000,324.5,262.6,10.13,874600000,27420000,3250000,4.37E+15,246700000,29440000,1.564E+12,8.913,0.05174,0.000109,1451,0.001529,0.05868,0.5896,23.22,-0.9782,0.5164,0.1423,0.09605,-0.02081,0.05338,0.009027,0.0659,0.07097,0.1001,25.09,1647,192500,35130000,-1394,1666000,160400,-2.774E+12,-2.672E+11,-25740000000,9.24E+18,2.414E+12,2.326E+11,8.259E+15,neutral
9.106,0.07019,0.000132,277.2,0.00135,0.04968,0.1024,21.56,0.05038,0.2545,0.2866,0.2045,0.1563,0.09117,0.09604,0.1099,0.1076,0.09186,14.77,1296,180600,35760000,356,271.9,7.264,906300000,32080000,2331000,4.531E+15,291800000,20860000,1.122E+12,9.525,0.06137,7.90E-05,1422,0.001211,0.04574,0.5159,25.82,-0.9746,0.4956,0.1528,0.03281,-0.06444,0.01642,-0.008691,0.04076,0.04316,0.08568,27.8,1871,220100,40510000,-1455,1666000,160400,-2.777E+12,-2.673E+11,-25730000000,9.26E+18,2.415E+12,2.325E+11,8.256E+15,neutral
6.847,0.04238,0.000243,271,0.001673,0.06273,0.1132,16.56,0.03468,0.2908,0.3062,0.1528,0.1217,0.08853,0.08386,0.103,0.1138,0.1066,13,1373,195400,38480000,379.2,333.6,8.086,1112000000,42340000,2594000,5.565E+15,381800000,23480000,1.248E+12,8.701,0.04944,0.000107,1469,0.001342,0.05125,0.5859,23.93,-0.9801,0.4566,0.1741,0.07522,-0.05484,0.04181,0.0176,0.04532,0.04227,0.08869,28.12,2032,248600,45470000,-1490,1668000,160400,-2.781E+12,-2.675E+11,-25720000000,9.27E+18,2.416E+12,2.324E+11,8.252E+15,neutral
7.8,0.05483,0.000212,259.8,0.001603,0.05995,0.05521,19.32,0.04242,0.2662,0.2922,0.1542,0.148,0.09123,0.09829,0.1065,0.1245,0.1017,15.02,1258,164800,32490000,324.5,262.6,10.13,876200000,27380000,3248000,4.386E+15,246300000,29420000,1.563E+12,8.913,0.05174,0.000109,1451,0.001529,0.05868,0.5896,23.22,-0.9782,0.5164,0.1423,0.09605,-0.02081,0.05338,0.009027,0.0659,0.07097,0.1001,25.09,1647,192500,35130000,-1394,1669000,160400,-2.784E+12,-2.676E+11,-25720000000,9.29E+18,2.417E+12,2.323E+11,8.248E+15,neutral
13.52,0.07899,4.40E-05,176.6,0.000666,0.02473,0.0876,29.32,0.06961,0.245,0.2736,0.2576,0.1767,0.1215,0.1156,0.1033,0.1144,0.04138,17.28,1254,172600,34140000,290.8,293.9,4.614,981300000,43270000,1480000,4.915E+15,389400000,13480000,7.118E+11,11.06,0.06446,2.30E-05,1521,0.000615,0.02369,0.5435,29.26,-0.9647,0.443,0.1392,0.09216,-0.09514,0.03618,0.02714,0.05264,0.05106,0.04127,31.57,2187,252800,46010000,-1554,1670000,160400,-2.787E+12,-2.677E+11,-25710000000,9.31E+18,2.418E+12,2.323E+11,8.245E+15,sad
13.26,0.08064,6.60E-05,214.8,0.000684,0.02602,0.07632,29.22,0.07411,0.2728,0.2951,0.1923,0.1393,0.1037,0.1049,0.1105,0.1285,0.04809,17.82,1207,167800,33000000,271.5,259.7,15.23,867500000,19270000,4885000,4.347E+15,174200000,44130000,2.349E+12,9.748,0.05943,4.20E-05,1533,0.000736,0.02865,0.552,25.58,-0.9686,0.4971,0.1167,0.07414,-0.09568,0.0373,0.007159,0.04515,0.04069,0.05242,27.44,1786,207600,38150000,-1438,1670000,160300,-2.791E+12,-2.678E+11,-25700000000,9.32E+18,2.419E+12,2.322E+11,8.241E+15,sad
13.04,0.07641,3.40E-05,223.3,0.00046,0.01731,0.09533,27.8,0.06908,0.2351,0.272,0.2125,0.1529,0.1416,0.1239,0.1244,0.1012,0.03313,15.55,955.7,145000,29790000,295.4,270.3,19.56,903500000,15600000,6270000,4.53E+15,142000000,56440000,3.015E+12,10.5,0.06306,1.90E-05,1510,0.000547,0.02116,0.4918,28.83,-0.9658,0.4118,0.06017,0.1989,-0.09476,0.04228,-0.01393,0.03133,0.01791,0.04009,32.59,2260,253100,44420000,-1487,1671000,160300,-2.794E+12,-2.679E+11,-25690000000,9.34E+18,2.42E+12,2.321E+11,8.233E+15,sad
17.03,0.1072,6.50E-05,217.3,0.000765,0.02832,0.05745,35.24,0.1074,0.2811,0.3064,0.1937,0.1861,0.1318,0.1337,0.1334,0.1485,0.04931,21.45,1346,172800,33800000,316.7,275.4,9.007,921200000,29920000,2886000,4.622E+15,272300000,25910000,1.387E+12,12.62,0.0763,3.90E-05,1519,0.00085,0.03256,0.4874,31.53,-0.9519,0.4601,0.05351,0.116,-0.06975,0.07374,0.02323,0.04249,0.04044,0.05883,31.11,1919,198900,36890000,-1461,1672000,160200,-2.797E+12,-2.68E+11,-25670000000,9.35E+18,2.421E+12,2.319E+11,8.227E+15,sad
13.75,0.08709,0.000116,201.1,0.000707,0.02637,0.1115,30.81,0.07874,0.227,0.2939,0.1717,0.1394,0.1373,0.1144,0.1116,0.1301,0.04619,17.94,1135,162700,32840000,335.5,270,11.51,903500000,24870000,3687000,4.535E+15,228500000,32960000,1.772E+12,10.65,0.06788,3.50E-05,1525,0.000748,0.02886,0.4966,29.43,-0.9627,0.3938,0.1015,0.1335,-0.04909,0.05498,-0.03384,0.04614,0.01625,0.05226,32.98,2331,262100,47410000,-1468,1673000,160200,-2.8E+12,-2.681E+11,-25660000000,9.37E+18,2.422E+12,2.319E+11,8.223E+15,sad
4.34,0.04262,0.000276,271.2,0.002604,0.09748,0.08005,13.21,0.01815,0.3645,0.3009,0.207,0.1217,0.1302,0.09949,0.08969,0.1213,0.1735,13.99,1683,209700,41320000,389.6,396.8,6.207,1329000000,59430000,1988000,6.675E+15,536000000,18120000,9.554E+11,7.927,0.0451,0.000192,1474,0.002064,0.07892,0.6042,22.57,-0.9836,0.5055,0.07576,-0.06372,-0.01211,0.05285,0.0462,0.04385,0.04324,0.1411,25.67,1770,207000,38950000,-1442,1674000,160200,-2.804E+12,-2.682E+11,-25650000000,9.39E+18,2.423E+12,2.318E+11,8.218E+15,angry
85.11,0.3646,0.00047,286.3,0.002923,0.1118,0.08578,149.2,0.7336,0.2123,0.2748,0.1838,0.2101,0.1261,0.1167,0.1082,0.1098,0.2012,73.43,982.7,148700,21320000,915.8,386.8,16.57,1296000000,42050000,5305000,6.517E+15,376200000,48320000,2.549E+12,49.27,0.2211,0.000313,1441,0.002517,0.09706,0.5865,92.16,-0.6334,0.6776,0.08429,0.000579,0.01273,0.0343,-0.003744,0.02911,0.07599,0.1777,54.62,1141,48990,19620000,-1592,1676000,160100,-2.808E+12,-2.683E+11,-25640000000,9.41E+18,2.424E+12,2.317E+11,8.211E+15,angry
3.081,0.02627,0.000539,268,0.00294,0.1123,0.09669,10.06,0.01235,0.3682,0.2216,0.1801,0.1382,0.1322,0.1029,0.07379,0.114,0.2095,13.76,1783,211500,41580000,405.8,362.9,19.99,1217000000,27220000,6401000,6.124E+15,244100000,58140000,3.074E+12,7.177,0.03832,0.000282,1436,0.002415,0.09254,0.5974,20.29,-0.9863,0.499,0.08227,-0.04529,-0.02021,0.03274,0.02431,0.01997,0.04969,0.1693,24.67,1674,187700,34530000,-1330,1677000,160100,-2.813E+12,-2.685E+11,-25620000000,9.43E+18,2.425E+12,2.315E+11,8.204E+15,angry
4.266,0.03741,0.000427,263.6,0.002978,0.113,0.08622,10.98,0.01486,0.3947,0.2687,0.1907,0.1362,0.1607,0.1227,0.07314,0.1286,0.2002,13.93,1818,225600,44790000,425,370.2,15.47,1243000000,35270000,4949000,6.256E+15,315900000,45120000,2.376E+12,7.213,0.03931,0.000229,1482,0.002228,0.0858,0.5751,19.28,-0.9866,0.4621,0.1108,-0.03391,-0.02084,0.07463,0.06263,0.03307,0.01785,0.1527,25.16,1894,230400,43510000,-1421,1678000,160000,-2.817E+12,-2.686E+11,-25600000000,9.46E+18,2.426E+12,2.313E+11,8.194E+15,angry
2.951,0.02809,0.000699,297,0.00373,0.1411,0.08609,9.197,0.01257,0.3947,0.2958,0.1737,0.135,0.1033,0.08066,0.0767,0.0991,0.2571,12.34,1680,226100,44800000,466.9,380.3,20.26,1278000000,36560000,6481000,6.438E+15,326000000,59070000,3.11E+12,7.196,0.03997,0.000376,1445,0.002943,0.1127,0.601,19.64,-0.9876,0.5094,0.1617,-0.01399,-0.06369,0.001798,0.01572,0.04152,0.07502,0.2034,23,1647,209800,39670000,-1353,1680000,160000,-2.821E+12,-2.687E+11,-25580000000,9.48E+18,2.427E+12,2.311E+11,8.184E+15,angry
8.304,0.06243,0.000168,226.3,0.001325,0.05019,0.0811,17.96,0.03529,0.4294,0.3224,0.2504,0.1558,0.1323,0.1067,0.1132,0.1344,0.09612,12.54,1565,220400,44040000,350.5,460.3,23.73,1548000000,36640000,7587000,7.805E+15,331500000,68490000,3.639E+12,8.543,0.05546,0.000108,1496,0.001294,0.04992,0.5375,23.74,-0.9788,0.4129,-0.009199,0.02155,-0.105,0.01519,0.03018,0.03593,0.06564,0.09535,26.94,1962,235400,43200000,-1402,1681000,159900,-2.826E+12,-2.688E+11,-25560000000,9.50E+18,2.428E+12,2.31E+11,8.174E+15,disgust
7.705,0.07043,0.000336,193.9,0.001794,0.06789,0.1009,22.62,0.04033,0.5534,0.2853,0.2625,0.2138,0.1835,0.1252,0.11,0.1367,0.1083,21.34,2764,279000,59330000,492.7,449.7,11.7,1513000000,59540000,3739000,7.639E+15,544100000,33210000,1.793E+12,9.258,0.0514,0.000193,1524,0.001562,0.06022,0.5736,27.15,-0.9716,0.2787,0.05158,0.1395,-0.05241,0.0202,0.03152,0.02777,0.01765,0.1033,33.36,2983,317100,61690000,-1540,1683000,159800,-2.831E+12,-2.69E+11,-25550000000,9.53E+18,2.43E+12,2.308E+11,8.168E+15,disgust
6.324,0.04438,0.00016,216.6,0.001463,0.0551,0.0807,13.92,0.02652,0.3872,0.3661,0.2256,0.1775,0.1327,0.1101,0.1108,0.1338,0.09302,11.46,1476,214700,43140000,337.4,463.8,34.59,1562000000,22810000,11050000,7.894E+15,206000000,99880000,5.296E+12,7.123,0.04043,9.10E-05,1510,0.001418,0.05419,0.5693,18.72,-0.9846,0.4372,0.07826,0.03962,-0.07733,0.0176,0.03544,0.03784,0.06275,0.09217,24,1806,231200,42850000,-1411,1684000,159700,-2.837E+12,-2.691E+11,-25520000000,9.56E+18,2.431E+12,2.305E+11,8.152E+15,disgust
6.324,0.04438,0.00016,216.6,0.001463,0.0551,0.0807,13.92,0.02652,0.3872,0.3661,0.2256,0.1775,0.1327,0.1101,0.1108,0.1338,0.09302,11.46,1476,214700,43140000,337.4,463.8,34.59,1564000000,22730000,11040000,7.909E+15,205400000,99800000,5.289E+12,7.123,0.04043,9.10E-05,1510,0.001418,0.05419,0.5693,18.72,-0.9846,0.4372,0.07826,0.03962,-0.07733,0.0176,0.03544,0.03784,0.06275,0.09217,24,1806,231200,42850000,-1411,1686000,159600,-2.842E+12,-2.691E+11,-25480000000,9.58E+18,2.431E+12,2.302E+11,8.134E+15,disgust
8.304,0.06243,0.000168,226.3,0.001325,0.05019,0.0811,17.96,0.03529,0.4294,0.3224,0.2504,0.1558,0.1323,0.1067,0.1132,0.1344,0.09612,12.54,1565,220400,44040000,350.5,460.3,23.73,1553000000,36350000,7570000,7.864E+15,328900000,68340000,3.623E+12,8.543,0.05546,0.000108,1496,0.001294,0.04992,0.5375,23.74,-0.9788,0.4129,-0.009199,0.02155,-0.105,0.01519,0.03018,0.03593,0.06564,0.09535,26.94,1962,235400,43200000,-1402,1687000,159500,-2.848E+12,-2.692E+11,-25450000000,9.61E+18,2.432E+12,2.299E+11,8.119E+15,disgust
7.286,0.04873,0.000215,263.9,0.00142,0.05477,0.09866,16.23,0.03161,0.4193,0.2889,0.1657,0.1596,0.1155,0.112,0.08507,0.102,0.1183,10.64,1408,214000,43100000,324.3,441.1,25.87,1490000000,29520000,8250000,7.55E+15,268100000,74540000,3.946E+12,7.515,0.04546,0.000157,1472,0.001299,0.05043,0.5416,20.41,-0.984,0.4874,0.08432,-0.002456,-0.09262,0.01597,0.01555,0.008175,0.07302,0.09842,22.55,1630,219200,41510000,-1394,1689000,159400,-2.853E+12,-2.693E+11,-25420000000,9.64E+18,2.433E+12,2.296E+11,8.105E+15,happy
5.987,0.04557,0.000178,246.2,0.001341,0.05104,0.1072,13.65,0.02534,0.4029,0.3235,0.1795,0.1428,0.1219,0.1045,0.107,0.1205,0.09947,11.47,1544,212000,42000000,328.1,447,14,1511000000,50200000,4462000,7.665E+15,454800000,40170000,2.133E+12,7.715,0.04585,0.000131,1473,0.001272,0.04923,0.5249,20.03,-0.9846,0.5264,0.04264,-0.06757,-0.04871,0.02102,0.01711,0.04214,0.08419,0.09303,23.13,1587,203000,38670000,-1430,1691000,159400,-2.858E+12,-2.694E+11,-25390000000,9.66E+18,2.434E+12,2.294E+11,8.093E+15,happy
7.238,0.04942,0.000282,273.3,0.001448,0.05436,0.1213,16.64,0.03311,0.3549,0.2937,0.1537,0.2257,0.1192,0.1191,0.08051,0.1271,0.1046,10.24,1221,190800,38600000,330.5,392.1,12.11,1327000000,51390000,3857000,6.735E+15,460100000,35300000,1.843E+12,7.956,0.04665,0.000219,1437,0.001571,0.0607,0.4766,19.23,-0.9832,0.5268,0.124,0.05302,-0.1399,0.02185,0.04847,0.0229,0.08965,0.1128,22.09,1519,204100,38140000,-1378,1692000,159300,-2.863E+12,-2.695E+11,-25370000000,9.69E+18,2.435E+12,2.292E+11,8.083E+15,happy
5.987,0.04557,0.000178,246.2,0.001341,0.05104,0.1072,13.65,0.02534,0.4029,0.3235,0.1795,0.1428,0.1219,0.1045,0.107,0.1205,0.09947,11.47,1544,212000,42000000,328.1,447,14,1514000000,50120000,4459000,7.691E+15,454000000,40140000,2.13E+12,7.715,0.04585,0.000131,1473,0.001272,0.04923,0.5249,20.03,-0.9846,0.5264,0.04264,-0.06757,-0.04871,0.02102,0.01711,0.04214,0.08419,0.09303,23.13,1587,203000,38670000,-1430,1693000,159200,-2.868E+12,-2.697E+11,-25360000000,9.71E+18,2.436E+12,2.291E+11,8.076E+15,happy
7.286,0.04873,0.000215,263.9,0.00142,0.05477,0.09866,16.23,0.03161,0.4193,0.2889,0.1657,0.1596,0.1155,0.112,0.08507,0.102,0.1183,10.64,1408,214000,43100000,324.3,441.1,25.87,1495000000,29270000,8236000,7.603E+15,265900000,74410000,3.932E+12,7.515,0.04546,0.000157,1472,0.001299,0.05043,0.5416,20.41,-0.984,0.4874,0.08432,-0.002456,-0.09262,0.01597,0.01555,0.008175,0.07302,0.09842,22.55,1630,219200,41510000,-1394,1695000,159200,-2.873E+12,-2.698E+11,-25330000000,9.74E+18,2.437E+12,2.288E+11,8.063E+15,happy
6.571,0.05253,0.000276,239.9,0.001225,0.04611,0.09863,15.97,0.03382,0.3674,0.339,0.2045,0.1545,0.1299,0.1228,0.1074,0.1254,0.08742,13.7,1574,203800,40180000,364.7,392.7,25.34,1332000000,28090000,8063000,6.78E+15,250400000,73070000,3.848E+12,8.909,0.05427,0.000217,1459,0.001318,0.05113,0.4833,24.18,-0.9777,0.5098,0.01299,-0.03177,-0.08138,0.0093,0.006147,0.005115,0.03861,0.09568,27.45,1808,204700,37370000,-1402,1696000,159100,-2.878E+12,-2.698E+11,-25300000000,9.77E+18,2.438E+12,2.286E+11,8.048E+15,neutral
7.495,0.05437,0.000186,211.5,0.000999,0.03739,0.1065,16.51,0.03326,0.4128,0.3496,0.2104,0.1574,0.1444,0.1072,0.1141,0.1291,0.06744,12.14,1557,230400,45700000,312.5,393.7,15.57,1337000000,44830000,4953000,6.809E+15,401900000,45140000,2.363E+12,7.685,0.04729,0.000148,1487,0.001094,0.04227,0.497,20.27,-0.9827,0.4744,0.04869,0.03078,-0.02273,-0.000597,-0.0171,0.006876,0.05817,0.07483,23.25,1641,208500,39190000,-1449,1698000,159000,-2.883E+12,-2.7E+11,-25280000000,9.79E+18,2.439E+12,2.284E+11,8.039E+15,neutral
7.456,0.04855,0.000209,231,0.001091,0.04094,0.09466,17.41,0.03311,0.3621,0.3125,0.1667,0.1586,0.1261,0.1024,0.1105,0.1356,0.07717,13.81,1424,184300,36790000,323,393.5,11.12,1337000000,50230000,3536000,6.817E+15,450700000,32290000,1.686E+12,8.247,0.046,0.000169,1493,0.001194,0.04626,0.5183,21.7,-0.9802,0.4742,0.01513,0.04731,-0.07593,0.04255,0.01659,0.03166,0.09566,0.08495,25.78,1750,202000,36870000,-1416,1699000,159000,-2.887E+12,-2.701E+11,-25270000000,9.81E+18,2.44E+12,2.283E+11,8.032E+15,neutral
8.3,0.06298,0.000197,220.3,0.000987,0.03699,0.1035,19.27,0.03978,0.3355,0.3364,0.1937,0.1623,0.134,0.1426,0.1387,0.1317,0.06935,13.67,1444,195100,38350000,313.7,409.2,14.47,1392000000,47970000,4598000,7.1E+15,429800000,41920000,2.192E+12,8.407,0.05037,0.000156,1484,0.001114,0.04302,0.4869,21.55,-0.9794,0.5471,0.002048,-0.04893,-0.06395,0.006439,0.02144,0.04794,0.1081,0.07674,23.68,1531,183200,34400000,-1447,1701000,158900,-2.892E+12,-2.702E+11,-25250000000,9.84E+18,2.441E+12,2.281E+11,8.025E+15,neutral
7.113,0.05231,0.000183,248.7,0.001055,0.03968,0.1028,15.18,0.03058,0.3061,0.2498,0.2419,0.1576,0.1308,0.1186,0.1231,0.1326,0.07443,12.39,1337,181800,36300000,340.2,427.4,23.24,1455000000,38100000,7385000,7.429E+15,340100000,67010000,3.519E+12,8.312,0.05017,0.000156,1457,0.0012,0.04625,0.5173,21.43,-0.9809,0.5522,0.05499,-0.04263,-0.07977,0.01808,0.006722,0.0139,0.06814,0.08285,24.72,1637,196200,35770000,-1417,1702000,158800,-2.897E+12,-2.704E+11,-25230000000,9.86E+18,2.443E+12,2.28E+11,8.016E+15,neutral
9.633,0.06724,4.90E-05,226.4,0.000605,0.02278,0.09768,20.54,0.05075,0.341,0.2695,0.1938,0.152,0.1356,0.1063,0.1192,0.138,0.04292,15.34,1404,187300,37420000,271.5,389.5,28.35,1327000000,21480000,9004000,6.782E+15,191900000,81490000,4.289E+12,7.856,0.04537,3.60E-05,1492,0.000671,0.02577,0.546,21.83,-0.978,0.4286,0.03328,0.1225,0.04245,0.07281,-0.005223,-0.04314,0.03703,0.04408,25.54,1834,213900,38920000,-1494,1703000,158800,-2.902E+12,-2.705E+11,-25210000000,9.89E+18,2.443E+12,2.277E+11,8.004E+15,sad
8.095,0.05615,7.00E-05,195.2,0.000625,0.02321,0.1015,19.36,0.04223,0.3611,0.2629,0.1844,0.1579,0.108,0.09466,0.09359,0.08944,0.03494,16.24,1668,218500,43210000,271.9,466.8,27.96,1592000000,29880000,8874000,8.142E+15,270500000,80160000,4.225E+12,6.813,0.03959,4.90E-05,1516,0.000618,0.0237,0.5284,20.14,-0.9818,0.3556,0.1814,0.1038,0.04915,0.0775,0.001051,-0.03595,-0.006898,0.03622,25.87,2066,255300,47950000,-1571,1705000,158700,-2.907E+12,-2.705E+11,-25180000000,9.91E+18,2.444E+12,2.275E+11,7.991E+15,sad
61.21,0.2626,0.000122,229.6,0.0007,0.02602,0.09583,108.5,0.5228,0.1952,0.2863,0.2457,0.2437,0.1793,0.1434,0.1367,0.1632,0.04714,52.51,895,139700,21290000,581.6,378.8,21.42,1293000000,31140000,6793000,6.618E+15,281300000,61370000,3.232E+12,28.65,0.1433,8.70E-05,1451,0.000815,0.03165,0.5128,58.05,-0.8154,0.6668,0.04447,0.04106,-0.1116,0.004791,-0.04045,-0.02275,0.05378,0.05679,40.36,1492,134800,28600000,-1579,1706000,158600,-2.912E+12,-2.706E+11,-25150000000,9.94E+18,2.445E+12,2.273E+11,7.979E+15,sad
10.55,0.07163,4.60E-05,205.4,0.000702,0.02622,0.07085,22.98,0.06071,0.313,0.2302,0.1845,0.1441,0.1186,0.1004,0.09746,0.11,0.04076,16.73,1385,181500,35810000,237.7,412.2,21.3,1408000000,34050000,6755000,7.212E+15,305600000,61270000,3.213E+12,7.948,0.04593,3.80E-05,1494,0.000806,0.03076,0.5076,19.76,-0.9775,0.4509,0.1892,0.1113,-0.01006,0.05546,0.02121,-0.005515,0.01256,0.04736,23.74,1671,205800,38490000,-1512,1708000,158500,-2.916E+12,-2.707E+11,-25130000000,9.96E+18,2.446E+12,2.27E+11,7.967E+15,sad
61.21,0.2626,0.000122,229.6,0.0007,0.02602,0.09583,108.5,0.5228,0.1952,0.2863,0.2457,0.2437,0.1793,0.1434,0.1367,0.1632,0.04714,52.51,895,139700,21290000,581.6,378.8,21.42,1295000000,31060000,6787000,6.64E+15,280600000,61320000,3.227E+12,28.65,0.1433,8.70E-05,1451,0.000815,0.03165,0.5128,58.05,-0.8154,0.6668,0.04447,0.04106,-0.1116,0.004791,-0.04045,-0.02275,0.05378,0.05679,40.36,1492,134800,28600000,-1579,1709000,158500,-2.921E+12,-2.708E+11,-25110000000,9.99E+18,2.447E+12,2.269E+11,7.957E+15,sad
7.171,0.05433,0.000646,236.9,0.002985,0.1121,0.1384,17.34,0.02804,0.3608,0.2588,0.1737,0.141,0.09802,0.1011,0.1027,0.08397,0.1813,14.83,1557,187400,37760000,388,243.5,3.747,832800000,35570000,1187000,4.273E+15,320100000,10770000,5.642E+11,6.811,0.04112,0.000414,1499,0.003035,0.1153,0.5046,18.98,-0.9831,0.3875,0.009662,0.09504,0.04181,0.04703,0.03131,0.03655,0.03006,0.1889,23.52,1618,178700,32280000,-1216,1710000,158400,-2.925E+12,-2.709E+11,-25100000000,1.00E+19,2.448E+12,2.268E+11,7.952E+15,angry
6.954,0.05301,0.000536,240.1,0.002796,0.1053,0.1066,16.21,0.03325,0.292,0.2641,0.1538,0.1198,0.1888,0.1493,0.0957,0.09898,0.155,12.41,1330,167500,33140000,324.1,239.8,8.859,820600000,27830000,2807000,4.212E+15,252600000,25230000,1.334E+12,6.29,0.03824,0.00033,1541,0.002997,0.1141,0.5222,16.79,-0.985,0.4827,0.00766,0.08946,0.05842,-0.009545,-0.02037,0.01551,0.005298,0.1753,21.08,1305,140900,24750000,-1166,1711000,158400,-2.928E+12,-2.71E+11,-25090000000,1.00E+19,2.449E+12,2.267E+11,7.947E+15,angry
9.045,0.05794,0.000439,239.9,0.002653,0.09988,0.1372,19.79,0.0448,0.2878,0.2803,0.1544,0.1248,0.1123,0.1022,0.09879,0.1002,0.1557,12.3,1104,162600,32690000,321.9,226.1,5.699,774200000,27160000,1805000,3.976E+15,246000000,16270000,8.575E+11,6.624,0.03806,0.000345,1520,0.00316,0.121,0.4688,16.83,-0.9833,0.4767,0.03995,0.1263,0.04885,0.07742,0.04911,0.01434,-0.01053,0.1921,20.39,1224,139600,24600000,-1130,1712000,158400,-2.93E+12,-2.711E+11,-25080000000,1.00E+19,2.449E+12,2.266E+11,7.942E+15,angry
7.965,0.05872,0.000569,239,0.002558,0.09625,0.09786,17.53,0.03561,0.2981,0.2804,0.1737,0.1457,0.1191,0.1102,0.1186,0.09685,0.155,12.84,1132,161500,32570000,329.9,218.4,7.008,748200000,23490000,2219000,3.844E+15,213300000,19980000,1.054E+12,6.931,0.04097,0.000374,1517,0.003195,0.1227,0.4823,17.87,-0.9837,0.4715,-0.009216,0.1511,0.04258,0.06475,0.03747,0.01355,-0.003731,0.1974,21.88,1341,146000,25120000,-1118,1713000,158300,-2.933E+12,-2.712E+11,-25070000000,1.01E+19,2.45E+12,2.265E+11,7.939E+15,angry
6.954,0.05301,0.000536,240.1,0.002796,0.1053,0.1066,16.21,0.03325,0.292,0.2641,0.1538,0.1198,0.1888,0.1493,0.0957,0.09898,0.155,12.41,1330,167500,33140000,324.1,239.8,8.859,821700000,27800000,2805000,4.224E+15,252400000,25220000,1.332E+12,6.29,0.03824,0.00033,1541,0.002997,0.1141,0.5222,16.79,-0.985,0.4827,0.00766,0.08946,0.05842,-0.009545,-0.02037,0.01551,0.005298,0.1753,21.08,1305,140900,24750000,-1166,1713000,158300,-2.936E+12,-2.713E+11,-25060000000,1.01E+19,2.451E+12,2.264E+11,7.934E+15,angry
10.03,0.06466,0.000185,199.4,0.002041,0.07664,0.06362,22.84,0.04901,0.4521,0.2647,0.1954,0.1451,0.1231,0.1119,0.1142,0.08664,0.1086,20.53,2246,253500,50250000,413.5,357.4,8.179,1225000000,66580000,2589000,6.303E+15,603700000,23470000,1.229E+12,7.482,0.04278,9.20E-05,1531,0.001472,0.05592,0.5684,22.45,-0.9751,0.2428,0.1187,0.05396,0.01684,0.07379,0.02882,-0.001424,-0.01139,0.08162,31.35,2597,286800,54590000,-1548,1714000,158300,-2.939E+12,-2.714E+11,-25050000000,1.01E+19,2.452E+12,2.264E+11,7.931E+15,disgust
8.733,0.06111,0.000274,221.5,0.002286,0.08575,0.1042,21.72,0.0411,0.4643,0.2444,0.1985,0.1688,0.1811,0.095,0.12,0.07909,0.1166,19.68,2279,254700,51110000,436.8,312.8,8.197,1073000000,37250000,2595000,5.524E+15,338500000,23240000,1.232E+12,6.763,0.03781,0.000153,1531,0.00191,0.07268,0.5493,20.37,-0.9782,0.2701,0.08303,0.08064,-0.005293,0.04073,0.04073,0.04003,0.01358,0.1033,27.47,2284,252400,48070000,-1419,1716000,158300,-2.943E+12,-2.715E+11,-25050000000,1.01E+19,2.453E+12,2.263E+11,7.928E+15,disgust
8.743,0.05907,0.000377,207.5,0.002439,0.09171,0.05325,20.89,0.04174,0.5026,0.2376,0.1727,0.1308,0.1233,0.09248,0.1016,0.08201,0.1405,18.29,2290,265700,53270000,443.7,289.1,5.438,992500000,51600000,1721000,5.112E+15,472200000,15860000,8.17E+11,7.397,0.04452,0.000156,1539,0.001887,0.07185,0.5926,22.84,-0.9775,0.2772,0.09866,0.1099,0.03381,0.06238,0.02439,0.001303,-0.01652,0.1123,29.64,2444,272400,50960000,-1434,1717000,158300,-2.947E+12,-2.717E+11,-25040000000,1.01E+19,2.454E+12,2.263E+11,7.926E+15,disgust
10.07,0.06725,0.000474,228.6,0.002057,0.07793,0.1008,22.13,0.04933,0.5346,0.2845,0.1606,0.1191,0.08792,0.106,0.1106,0.07698,0.1122,18.98,2408,296200,58830000,410.2,334.7,17.98,1150000000,79530000,5692000,5.925E+15,725100000,51920000,2.702E+12,7.002,0.03875,0.000187,1528,0.001663,0.06371,0.5249,20.29,-0.9779,0.1901,0.07363,0.1413,0.05227,0.09126,0.04386,0.007445,0.01291,0.09452,29.89,2655,306800,58400000,-1528,1718000,158300,-2.951E+12,-2.719E+11,-25050000000,1.01E+19,2.456E+12,2.263E+11,7.927E+15,disgust
8.733,0.06111,0.000274,221.5,0.002286,0.08575,0.1042,21.72,0.0411,0.4643,0.2444,0.1985,0.1688,0.1811,0.095,0.12,0.07909,0.1166,19.68,2279,254700,51110000,436.8,312.8,8.197,1075000000,37220000,2594000,5.545E+15,338200000,23230000,1.232E+12,6.763,0.03781,0.000153,1531,0.00191,0.07268,0.5493,20.37,-0.9782,0.2701,0.08303,0.08064,-0.005293,0.04073,0.04073,0.04003,0.01358,0.1033,27.47,2284,252400,48070000,-1419,1719000,158300,-2.955E+12,-2.72E+11,-25040000000,1.02E+19,2.458E+12,2.263E+11,7.926E+15,disgust
60.93,0.2684,0.000294,260.1,0.001806,0.06803,0.07779,106.2,0.519,0.3251,0.2329,0.1807,0.1732,0.1053,0.1011,0.08677,0.07726,0.1176,54.74,1609,177000,32850000,600.2,247.7,9.967,852100000,55450000,3154000,4.396E+15,499300000,28310000,1.497E+12,24.9,0.1175,0.000191,1531,0.00195,0.07409,0.4645,47.42,-0.8311,0.5164,0.1885,0.08369,0.06478,0.07353,0.04464,0.04935,0.04358,0.1155,32.63,1125,83220,24500000,-1478,1720000,158200,-2.958E+12,-2.722E+11,-25040000000,1.02E+19,2.459E+12,2.262E+11,7.925E+15,happy
6.78,0.04866,0.000126,230.2,0.001421,0.05336,0.1056,16.4,0.03203,0.4692,0.2409,0.139,0.1081,0.08703,0.09575,0.08337,0.07386,0.08881,15.29,1989,258600,51020000,384.5,280.9,5.638,966800000,50050000,1784000,4.991E+15,449200000,16030000,8.471E+11,6.812,0.0388,8.80E-05,1537,0.001519,0.05761,0.4909,17.77,-0.9845,0.3556,0.09835,0.08088,0.04402,0.09439,0.06421,0.03867,0.01629,0.09156,23.46,1808,218000,40970000,-1425,1721000,158200,-2.961E+12,-2.723E+11,-25040000000,1.02E+19,2.46E+12,2.263E+11,7.925E+15,happy
3.659,0.03102,0.000211,247.8,0.001669,0.06329,0.06401,11.02,0.01346,0.3168,0.2738,0.1772,0.1145,0.08711,0.08311,0.09229,0.08339,0.09957,11.07,1187,170400,34510000,312.6,248.6,9.197,856200000,54030000,2911000,4.422E+15,487400000,26200000,1.382E+12,5.991,0.0343,0.000131,1524,0.00186,0.07118,0.5661,14.75,-0.9899,0.4789,0.1153,0.1148,0.0591,0.08464,0.06613,0.04567,0.02234,0.1093,18.56,1219,153300,28280000,-1329,1722000,158300,-2.964E+12,-2.725E+11,-25050000000,1.02E+19,2.462E+12,2.263E+11,7.927E+15,happy
60.93,0.2684,0.000294,260.1,0.001806,0.06803,0.07779,106.2,0.519,0.3251,0.2329,0.1807,0.1732,0.1053,0.1011,0.08677,0.07726,0.1176,54.74,1609,177000,32850000,600.2,247.7,9.967,853400000,55490000,3155000,4.41E+15,499600000,28320000,1.498E+12,24.9,0.1175,0.000191,1531,0.00195,0.07409,0.4645,47.42,-0.8311,0.5164,0.1885,0.08369,0.06478,0.07353,0.04464,0.04935,0.04358,0.1155,32.63,1125,83220,24500000,-1478,1723000,158300,-2.967E+12,-2.726E+11,-25050000000,1.02E+19,2.463E+12,2.263E+11,7.93E+15,happy
3.659,0.03102,0.000211,247.8,0.001669,0.06329,0.06401,11.02,0.01346,0.3168,0.2738,0.1772,0.1145,0.08711,0.08311,0.09229,0.08339,0.09957,11.07,1187,170400,34510000,312.6,248.6,9.197,857000000,54050000,2912000,4.431E+15,487700000,26200000,1.383E+12,5.991,0.0343,0.000131,1524,0.00186,0.07118,0.5661,14.75,-0.9899,0.4789,0.1153,0.1148,0.0591,0.08464,0.06613,0.04567,0.02234,0.1093,18.56,1219,153300,28280000,-1329,1723000,158300,-2.97E+12,-2.728E+11,-25060000000,1.02E+19,2.465E+12,2.264E+11,7.933E+15,happy
6.588,0.0435,0.000249,217.1,0.002116,0.07924,0.107,16.64,0.02716,0.3807,0.215,0.1813,0.1315,0.09952,0.08139,0.0819,0.07988,0.131,15.05,1749,223100,44210000,385.9,315.5,5.942,1088000000,48450000,1881000,5.629E+15,439000000,16670000,8.934E+11,6.143,0.0346,0.000159,1460,0.002087,0.07851,0.5218,16.46,-0.9863,0.3827,0.1715,0.05608,0.01882,0.03399,0.01046,0.004467,-0.004095,0.1272,21.66,1601,198000,37540000,-1370,1724000,158300,-2.974E+12,-2.73E+11,-25060000000,1.03E+19,2.466E+12,2.264E+11,7.933E+15,neutral
5.72,0.04183,0.000198,245.4,0.001798,0.06733,0.08451,14.31,0.02337,0.5103,0.2083,0.1446,0.1211,0.08712,0.06462,0.1061,0.09272,0.1136,16.32,2287,276000,55130000,395.7,282.3,6.625,974100000,53600000,2097000,5.042E+15,483200000,18860000,9.957E+11,6.553,0.03667,0.000132,1480,0.001854,0.07081,0.5443,18.17,-0.986,0.3506,0.1379,0.1316,0.04119,0.04034,0.02613,0.01694,0.01958,0.1183,24.15,1939,223900,42160000,-1365,1725000,158300,-2.977E+12,-2.731E+11,-25050000000,1.03E+19,2.467E+12,2.263E+11,7.93E+15,neutral
5.341,0.03344,0.000293,258.1,0.002045,0.07684,0.09448,12.48,0.02169,0.356,0.2285,0.1369,0.1061,0.09241,0.09379,0.1067,0.1007,0.1265,12.64,1494,188800,37390000,297.4,253,3.496,873400000,42900000,1107000,4.523E+15,389000000,9875000,5.254E+11,6.427,0.03563,0.000171,1467,0.002471,0.09405,0.5112,14.69,-0.9883,0.5084,0.147,0.08941,0.06307,0.03815,0.009572,0.01713,0.03324,0.1518,18.1,1104,130500,24080000,-1232,1726000,158300,-2.98E+12,-2.733E+11,-25050000000,1.03E+19,2.469E+12,2.263E+11,7.93E+15,neutral
3.347,0.02407,0.000329,253.8,0.00185,0.06996,0.0784,8.19,0.007787,0.4392,0.225,0.158,0.1262,0.116,0.09599,0.09274,0.07457,0.1187,10.89,1699,241300,48070000,351.1,280.9,4.256,970300000,41660000,1347000,5.028E+15,379300000,11820000,6.396E+11,5.36,0.03127,0.000185,1485,0.002131,0.08105,0.5317,13.43,-0.9919,0.4301,0.1598,0.1498,0.06554,0.01014,-0.01,0.004991,0.02782,0.1324,19.03,1443,187800,35100000,-1297,1727000,158300,-2.984E+12,-2.734E+11,-25050000000,1.03E+19,2.47E+12,2.263E+11,7.929E+15,neutral
7.133,0.05054,0.000245,289,0.002049,0.0772,0.1003,16.16,0.02941,0.3321,0.24,0.1995,0.1457,0.1199,0.1145,0.1233,0.1077,0.1263,14.31,1495,169400,33740000,309.5,265.8,3.147,918600000,41630000,996100,4.763E+15,376300000,8901000,4.729E+11,7.721,0.04644,0.000179,1474,0.002401,0.09153,0.525,17.92,-0.9832,0.5447,0.08988,0.09572,0.03288,-0.00924,-0.02542,0.003643,0.01845,0.1525,21.43,1232,130000,23190000,-1224,1728000,158300,-2.987E+12,-2.735E+11,-25040000000,1.03E+19,2.471E+12,2.263E+11,7.926E+15,neutral
8.075,0.0602,0.000101,203.2,0.000972,0.03662,0.07438,17.25,0.03892,0.2574,0.2558,0.1997,0.1433,0.1716,0.1129,0.1648,0.0937,0.06152,15.35,1410,172700,34070000,321.6,340.3,15.56,1177000000,27270000,4924000,6.107E+15,248300000,44320000,2.337E+12,6.129,0.0384,6.50E-05,1474,0.001059,0.04031,0.5237,15.8,-0.9844,0.4227,0.1092,0.08639,0.05268,-0.004219,0.04737,0.0868,0.02718,0.063,21.14,1501,178900,33340000,-1411,1729000,158200,-2.99E+12,-2.736E+11,-25030000000,1.03E+19,2.472E+12,2.262E+11,7.921E+15,sad
52.29,0.2326,0.000103,210.6,0.001233,0.04642,0.1148,90.9,0.4451,0.3766,0.2359,0.1654,0.1295,0.1144,0.1169,0.1039,0.07981,0.07263,46.17,1693,228600,41850000,548.2,400.5,8.515,1386000000,49980000,2694000,7.196E+15,452300000,24270000,1.278E+12,19.7,0.09723,5.80E-05,1509,0.001102,0.04184,0.5588,40.23,-0.8731,0.4075,0.198,0.1281,0.1129,0.0784,0.03442,0.02325,0.00249,0.06372,32.51,1696,189500,39960000,-1578,1731000,158200,-2.995E+12,-2.737E+11,-25020000000,1.04E+19,2.473E+12,2.26E+11,7.914E+15,sad
7.395,0.04806,6.90E-05,217.5,0.000916,0.03462,0.1302,19.66,0.03527,0.5882,0.2111,0.1423,0.1023,0.09337,0.0753,0.06977,0.08535,0.05625,21.57,2867,310600,61870000,394.9,451.7,10.31,1565000000,66810000,3262000,8.131E+15,606500000,29070000,1.548E+12,6.071,0.03097,3.60E-05,1479,0.000719,0.02743,0.5547,20.52,-0.9798,0.05001,0.1199,0.1221,0.03909,0.05626,0.05714,0.03103,0.01683,0.04317,33.34,3350,373600,72860000,-1685,1732000,158200,-3E+12,-2.739E+11,-25010000000,1.04E+19,2.475E+12,2.26E+11,7.911E+15,sad
7.396,0.05502,5.40E-05,228.4,0.000883,0.03346,0.1019,19.18,0.0336,0.4224,0.2551,0.1691,0.1271,0.1072,0.09068,0.1046,0.1019,0.05652,15.64,1800,240000,48270000,340.9,418.8,8.883,1452000000,53700000,2809000,7.551E+15,483000000,25670000,1.332E+12,5.998,0.03742,2.80E-05,1495,0.000741,0.02828,0.5994,17.5,-0.9841,0.2761,0.1117,0.06385,0.02905,0.0595,0.0551,0.06028,0.0475,0.04673,25.55,2149,270200,51680000,-1542,1734000,158100,-3.005E+12,-2.741E+11,-24990000000,1.04E+19,2.476E+12,2.258E+11,7.903E+15,sad
52.29,0.2326,0.000103,210.6,0.001233,0.04642,0.1148,90.9,0.4451,0.3766,0.2359,0.1654,0.1295,0.1144,0.1169,0.1039,0.07981,0.07263,46.17,1693,228600,41850000,548.2,400.5,8.515,1390000000,49900000,2692000,7.232E+15,451600000,24250000,1.276E+12,19.7,0.09723,5.80E-05,1509,0.001102,0.04184,0.5588,40.23,-0.8731,0.4075,0.198,0.1281,0.1129,0.0784,0.03442,0.02325,0.00249,0.06372,32.51,1696,189500,39960000,-1578,1735000,158100,-3.01E+12,-2.742E+11,-24980000000,1.04E+19,2.478E+12,2.257E+11,7.898E+15,sad
4.141,0.03266,0.000816,221,0.003046,0.1161,0.102,10.47,0.01646,0.3705,0.2975,0.1386,0.1331,0.08662,0.06836,0.06455,0.05712,0.199,9.842,1468,227900,45480000,434.9,292.3,15.7,1015000000,72960000,4962000,5.286E+15,660200000,44910000,2.353E+12,7.3,0.042,0.000376,1516,0.002303,0.08847,0.5743,21.03,-0.9868,0.4317,0.2456,0.1066,0.009003,0.03058,-0.004278,0.01039,0.007195,0.1583,24.67,1921,260300,48880000,-1456,1736000,158100,-3.014E+12,-2.744E+11,-24990000000,1.05E+19,2.479E+12,2.258E+11,7.899E+15,angry
4.085,0.0338,0.000544,192.6,0.002779,0.1059,0.1053,10.21,0.01598,0.3762,0.2962,0.1433,0.1332,0.09479,0.08145,0.07198,0.07882,0.1742,10.93,1510,224800,44370000,431.4,264.4,5.671,918500000,51420000,1793000,4.787E+15,464800000,16230000,8.504E+11,7.53,0.04472,0.000314,1538,0.00238,0.09166,0.4836,20.27,-0.9871,0.515,0.2094,0.096,0.02805,0.03286,-0.01327,0.001687,0.02206,0.155,22.84,1633,214800,40170000,-1391,1737000,158100,-3.018E+12,-2.746E+11,-24990000000,1.05E+19,2.481E+12,2.258E+11,7.902E+15,angry
5.695,0.04428,0.000508,218.4,0.002393,0.09103,0.1319,12.72,0.02638,0.3238,0.2983,0.1559,0.1388,0.08694,0.06704,0.06944,0.07517,0.148,11.07,1367,206900,41140000,384.4,253.5,7.969,881200000,53640000,2520000,4.595E+15,485900000,22870000,1.195E+12,7.255,0.04306,0.000315,1517,0.00228,0.08773,0.4757,18.9,-0.9859,0.4834,0.1942,0.1029,0.03717,0.03381,0.004402,0.01807,0.04409,0.1448,21.92,1495,192400,35690000,-1347,1738000,158100,-3.021E+12,-2.748E+11,-25000000000,1.05E+19,2.483E+12,2.259E+11,7.905E+15,angry
4.777,0.0362,0.000841,197.2,0.003476,0.1307,0.1008,12.35,0.02253,0.3613,0.3127,0.1342,0.1069,0.07313,0.07091,0.07109,0.07715,0.2067,10.96,1495,228100,45250000,422.8,248.3,10.43,863500000,55360000,3298000,4.505E+15,503900000,30040000,1.565E+12,6.882,0.04029,0.000452,1535,0.002812,0.107,0.5449,18.8,-0.9869,0.4556,0.2214,0.08129,0.01516,0.02268,0.007575,0.01766,0.03463,0.1749,22.54,1664,222100,41920000,-1376,1739000,158100,-3.024E+12,-2.75E+11,-25010000000,1.05E+19,2.484E+12,2.259E+11,7.909E+15,angry
4.098,0.03083,0.000773,238.2,0.003868,0.1464,0.0706,9.42,0.01582,0.3155,0.3004,0.1152,0.0924,0.08964,0.07093,0.06884,0.05903,0.2459,9.553,1312,199000,39310000,401.1,219.6,16.7,764200000,63650000,5282000,3.988E+15,574600000,47680000,2.506E+12,7.81,0.04479,0.000477,1554,0.003684,0.1399,0.4848,18.78,-0.9876,0.558,0.2322,0.1234,0.06819,0.02292,-0.001818,0.01414,0.01434,0.2386,19.97,1254,167300,31430000,-1292,1740000,158200,-3.027E+12,-2.752E+11,-25020000000,1.05E+19,2.486E+12,2.26E+11,7.913E+15,angry
7.259,0.05451,0.000264,216.7,0.001415,0.05329,0.09669,18.35,0.04196,0.3388,0.3271,0.1158,0.1353,0.07833,0.0817,0.08134,0.08165,0.08842,11.82,1345,209700,41830000,342.4,316.3,8.818,1101000000,64770000,2790000,5.749E+15,586600000,25300000,1.324E+12,7.639,0.04563,0.000149,1535,0.001477,0.05652,0.4847,20.55,-0.9828,0.4689,0.172,0.1463,0.05378,0.02241,-0.02187,7.00E-05,0.05123,0.09558,22.33,1542,198100,36920000,-1405,1741000,158200,-3.03E+12,-2.754E+11,-25030000000,1.06E+19,2.488E+12,2.261E+11,7.918E+15,disgust
5.497,0.04234,0.000245,218.4,0.001484,0.0557,0.08975,13.46,0.02872,0.322,0.3072,0.1453,0.1476,0.1107,0.101,0.06544,0.08735,0.08949,10.5,1221,190100,38140000,307.8,303.9,10.15,1059000000,64180000,3213000,5.531E+15,584500000,29330000,1.525E+12,7.442,0.04472,0.000127,1540,0.001492,0.05706,0.5513,19.46,-0.9853,0.5096,0.1728,0.1468,0.06172,0.03163,-0.03065,0.01936,0.06136,0.09447,21.93,1515,196700,36200000,-1414,1742000,158200,-3.034E+12,-2.756E+11,-25030000000,1.06E+19,2.49E+12,2.262E+11,7.922E+15,disgust
9.643,0.0603,0.000183,226.3,0.001431,0.05341,0.1216,21.49,0.05289,0.3413,0.3301,0.1455,0.1361,0.09584,0.08243,0.08369,0.09434,0.0863,13.05,1290,196800,39210000,313.6,306.4,11.21,1068000000,67120000,3548000,5.584E+15,608500000,32200000,1.684E+12,8.7,0.04936,0.00011,1535,0.001404,0.05358,0.5144,22.26,-0.9794,0.4972,0.1432,0.1642,0.03558,0.03468,-0.00582,0.008276,0.04597,0.08982,22.77,1493,189700,35050000,-1423,1743000,158300,-3.037E+12,-2.758E+11,-25040000000,1.06E+19,2.492E+12,2.263E+11,7.926E+15,disgust
9.643,0.0603,0.000183,226.3,0.001431,0.05341,0.1216,21.49,0.05289,0.3413,0.3301,0.1455,0.1361,0.09584,0.08243,0.08369,0.09434,0.0863,13.05,1290,196800,39210000,313.6,306.4,11.21,1069000000,67140000,3549000,5.591E+15,608600000,32200000,1.685E+12,8.7,0.04936,0.00011,1535,0.001404,0.05358,0.5144,22.26,-0.9794,0.4972,0.1432,0.1642,0.03558,0.03468,-0.00582,0.008276,0.04597,0.08982,22.77,1493,189700,35050000,-1423,1744000,158300,-3.041E+12,-2.76E+11,-25050000000,1.06E+19,2.494E+12,2.263E+11,7.93E+15,disgust
7.259,0.05451,0.000264,216.7,0.001415,0.05329,0.09669,18.35,0.04196,0.3388,0.3271,0.1158,0.1353,0.07833,0.0817,0.08134,0.08165,0.08842,11.82,1345,209700,41830000,342.4,316.3,8.818,1104000000,64830000,2792000,5.777E+15,587200000,25310000,1.326E+12,7.639,0.04563,0.000149,1535,0.001477,0.05652,0.4847,20.55,-0.9828,0.4689,0.172,0.1463,0.05378,0.02241,-0.02187,7.00E-05,0.05123,0.09558,22.33,1542,198100,36920000,-1405,1745000,158300,-3.045E+12,-2.762E+11,-25060000000,1.06E+19,2.496E+12,2.264E+11,7.933E+15,disgust
2.913,0.02543,0.000583,212.7,0.002508,0.09527,0.1331,8.935,0.0081,0.3193,0.3119,0.1419,0.1268,0.08416,0.08588,0.08118,0.0797,0.1628,9.665,1429,220100,43570000,391.4,359.8,25.88,1256000000,101200000,8196000,6.582E+15,916900000,74310000,3.893E+12,7.76,0.04651,0.000367,1551,0.002264,0.08712,0.5203,19.84,-0.9881,0.5444,0.2512,0.04357,-0.0163,0.01628,0.002875,-0.004391,0.01512,0.1456,21.68,1437,195100,36900000,-1430,1746000,158400,-3.049E+12,-2.765E+11,-25070000000,1.07E+19,2.498E+12,2.266E+11,7.941E+15,happy
4.504,0.03934,0.000327,185.7,0.001967,0.07422,0.113,12.35,0.01996,0.2319,0.3207,0.1922,0.1304,0.1175,0.09281,0.1013,0.08595,0.1193,10.46,1121,164700,32330000,314.3,354.3,34.19,1238000000,112100000,10830000,6.491E+15,1020000000,98430000,5.149E+12,8.092,0.05116,0.000223,1564,0.001984,0.07567,0.4861,21.13,-0.9853,0.6034,0.1565,-0.00187,0.01562,0.045,-0.003583,0.007569,0.01161,0.1215,20.97,1202,152700,28370000,-1423,1747000,158400,-3.053E+12,-2.768E+11,-25100000000,1.07E+19,2.501E+12,2.268E+11,7.954E+15,happy
4.077,0.03485,0.00054,194.8,0.002244,0.08476,0.1245,11.7,0.01391,0.2567,0.337,0.1781,0.1274,0.1028,0.07844,0.09132,0.08387,0.1385,10.16,1199,179500,35370000,333.2,366.4,19.2,1281000000,89420000,6085000,6.722E+15,815000000,55580000,2.893E+12,8.336,0.04897,0.000328,1533,0.002054,0.07896,0.5186,21.38,-0.9858,0.6053,0.1709,0.01914,0.01831,0.03974,0.01197,0.01797,0.02348,0.1289,21.08,1231,161100,30380000,-1422,1749000,158500,-3.057E+12,-2.771E+11,-25120000000,1.07E+19,2.504E+12,2.27E+11,7.963E+15,happy
67.9,0.2888,0.000547,179.1,0.002134,0.08083,0.1299,119.3,0.5796,0.197,0.2991,0.1732,0.1776,0.1033,0.08301,0.0764,0.07825,0.1293,58.09,1020,173600,28650000,703.8,367.8,36.53,1287000000,120300000,11580000,6.757E+15,1092000000,105100000,5.51E+12,32.87,0.1554,0.000305,1566,0.001868,0.07199,0.5347,64.04,-0.7839,0.6507,0.1652,0.06302,0.0305,0.02678,-0.01666,-0.002151,0.03523,0.1178,42.07,1267,104300,25250000,-1614,1750000,158600,-3.062E+12,-2.775E+11,-25140000000,1.07E+19,2.507E+12,2.272E+11,7.974E+15,happy
4.496,0.03429,0.000342,200.3,0.001757,0.06659,0.1196,11.39,0.01321,0.3886,0.3102,0.1658,0.116,0.1041,0.07588,0.099,0.09994,0.1158,12.47,1672,225600,44130000,368,371.8,16.13,1302000000,86460000,5117000,6.841E+15,781100000,46240000,2.435E+12,7.971,0.04711,0.000204,1518,0.00146,0.05594,0.5704,22,-0.9849,0.4986,0.1527,0.01369,0.01142,0.01959,-0.001779,0.01509,0.03403,0.09767,24.04,1639,205500,38800000,-1489,1751000,158600,-3.066E+12,-2.778E+11,-25160000000,1.07E+19,2.51E+12,2.273E+11,7.982E+15,happy
6.005,0.04567,0.000476,251.7,0.001478,0.05568,0.1489,13.81,0.03126,0.3918,0.3467,0.1553,0.1446,0.08092,0.09152,0.08943,0.08519,0.1024,11.85,1586,230100,44720000,354.6,284.4,2.911,996700000,40300000,923700,5.239E+15,362800000,8454000,4.396E+11,7.803,0.0442,0.000272,1459,0.001271,0.04935,0.5263,20.08,-0.9845,0.4698,0.1874,0.06711,0.03058,0.01847,0.00599,0.05388,0.05269,0.0879,23.07,1695,228200,43640000,-1493,1752000,158600,-3.07E+12,-2.78E+11,-25160000000,1.08E+19,2.511E+12,2.274E+11,7.984E+15,neutral
6.116,0.04347,0.000309,216,0.001425,0.05383,0.1655,13.12,0.02935,0.3958,0.3266,0.1755,0.1034,0.08189,0.07942,0.09026,0.08772,0.09743,11.58,1622,238200,46510000,359.1,374.8,3.146,1314000000,62690000,998000,6.914E+15,564600000,8913000,4.749E+11,7.973,0.04638,0.000171,1477,0.001028,0.03988,0.5643,22.61,-0.983,0.39,0.2356,0.03991,-0.01877,0.03474,0.0192,0.03519,0.03777,0.07127,27.28,2184,292400,55730000,-1608,1753000,158600,-3.074E+12,-2.781E+11,-25160000000,1.08E+19,2.513E+12,2.273E+11,7.982E+15,neutral
61.91,0.2639,0.0004,248.3,0.001579,0.05956,0.1589,106.6,0.5217,0.3163,0.3444,0.1954,0.1801,0.107,0.09595,0.09879,0.08929,0.1118,52.94,1304,214000,37440000,605.8,268,2.799,940500000,46210000,888000,4.95E+15,416800000,7949000,4.226E+11,28.2,0.1337,0.000269,1457,0.001369,0.05318,0.4953,57.21,-0.8216,0.5866,0.1378,0.02742,0.0209,0.02445,-0.000949,0.02294,0.04519,0.09752,39.15,1473,148800,33230000,-1577,1754000,158600,-3.078E+12,-2.783E+11,-25160000000,1.08E+19,2.515E+12,2.274E+11,7.983E+15,neutral
7.979,0.04774,0.000314,229.4,0.001367,0.05138,0.1013,17.48,0.03929,0.3556,0.3306,0.1499,0.1121,0.09468,0.09491,0.08511,0.08516,0.09237,12.76,1454,211700,41410000,340.5,286.2,3.192,1005000000,50730000,1013000,5.292E+15,458100000,9108000,4.82E+11,8.88,0.05102,0.000203,1486,0.00122,0.04733,0.5214,22.3,-0.9799,0.5104,0.1891,0.08932,0.0238,0.03259,0.0129,0.01973,0.03167,0.08387,24.19,1641,210700,39600000,-1493,1755000,158600,-3.082E+12,-2.785E+11,-25160000000,1.08E+19,2.516E+12,2.274E+11,7.984E+15,neutral
8.253,0.05187,0.000328,217.4,0.001379,0.05206,0.157,16.1,0.04129,0.3823,0.3592,0.1985,0.1423,0.1055,0.08123,0.08516,0.08459,0.092,12.56,1527,221300,43270000,332.8,293.5,3.351,1031000000,49880000,1063000,5.433E+15,452000000,9569000,5.059E+11,8.901,0.05103,0.000202,1481,0.001163,0.04496,0.5171,23.24,-0.979,0.5013,0.145,0.04543,0.01826,0.02226,0.007591,0.03762,0.04112,0.07868,24.88,1732,225200,42890000,-1523,1756000,158600,-3.085E+12,-2.786E+11,-25170000000,1.08E+19,2.518E+12,2.274E+11,7.985E+15,neutral
7.09,0.04939,0.000125,196.7,0.000898,0.03352,0.1174,16.38,0.03316,0.3732,0.3287,0.1422,0.1307,0.08594,0.08259,0.08422,0.0828,0.05659,12.87,1559,232500,45710000,329.3,353.5,5.123,1243000000,50690000,1625000,6.552E+15,456800000,14780000,7.735E+11,7.419,0.04678,4.70E-05,1483,0.00068,0.02585,0.5734,20.73,-0.9826,0.36,0.2162,0.09036,0.01729,0.03381,-8.80E-05,0.009404,0.02051,0.04443,25.97,2104,282700,53860000,-1604,1758000,158600,-3.089E+12,-2.788E+11,-25160000000,1.09E+19,2.519E+12,2.273E+11,7.982E+15,sad
4.662,0.04438,0.000112,200,0.000895,0.03359,0.1084,14.71,0.02163,0.3301,0.3317,0.1073,0.1194,0.07701,0.08411,0.06899,0.08072,0.05754,12.55,1470,217200,42670000,312.2,295.3,7.5,1039000000,34930000,2379000,5.48E+15,315000000,21560000,1.132E+12,6.49,0.04191,5.50E-05,1488,0.0008,0.03038,0.5716,18.89,-0.9862,0.4022,0.2036,0.08132,0.01893,0.02011,0.008257,0.003008,0.02655,0.05233,23.03,1747,230000,43900000,-1510,1759000,158600,-3.093E+12,-2.789E+11,-25160000000,1.09E+19,2.52E+12,2.273E+11,7.98E+15,sad
5.193,0.03742,7.90E-05,202.7,0.000777,0.03003,0.06951,13.1,0.02593,0.3852,0.3278,0.1576,0.1085,0.08792,0.07438,0.08957,0.09376,0.05327,11.27,1485,219000,42710000,284,292.7,9.099,1030000000,31800000,2886000,5.438E+15,289700000,25870000,1.373E+12,6.717,0.04142,4.50E-05,1536,0.000813,0.03173,0.5652,18.78,-0.9869,0.4916,0.1988,0.05037,-0.001094,0.01894,0.02182,0.02534,0.0349,0.05314,20.39,1470,201600,38650000,-1495,1760000,158600,-3.097E+12,-2.791E+11,-25150000000,1.09E+19,2.521E+12,2.272E+11,7.976E+15,sad
8.319,0.05676,0.000101,194.6,0.000739,0.02737,0.09074,17.69,0.04458,0.3653,0.3429,0.161,0.1041,0.1133,0.102,0.1024,0.09593,0.04255,13.06,1453,216900,42620000,289.5,370.4,9.435,1304000000,44890000,2992000,6.891E+15,404300000,27140000,1.423E+12,7.615,0.0487,4.10E-05,1516,0.000615,0.02339,0.5815,20.75,-0.9808,0.44,0.1843,0.05811,0.01887,0.01464,-0.005876,0.004812,0.02839,0.0383,24.48,1860,250500,47960000,-1591,1761000,158600,-3.101E+12,-2.792E+11,-25140000000,1.09E+19,2.522E+12,2.271E+11,7.971E+15,sad
4.662,0.04438,0.000112,200,0.000895,0.03359,0.1084,14.71,0.02163,0.3301,0.3317,0.1073,0.1194,0.07701,0.08411,0.06899,0.08072,0.05754,12.55,1470,217200,42670000,312.2,295.3,7.5,1041000000,34890000,2378000,5.5E+15,314600000,21550000,1.131E+12,6.49,0.04191,5.50E-05,1488,0.0008,0.03038,0.5716,18.89,-0.9862,0.4022,0.2036,0.08132,0.01893,0.02011,0.008257,0.003008,0.02655,0.05233,23.03,1747,230000,43900000,-1510,1762000,158500,-3.105E+12,-2.793E+11,-25130000000,1.09E+19,2.524E+12,2.271E+11,7.967E+15,sad
5.38,0.044,0.000633,215,0.002544,0.09749,0.05523,17.17,0.02733,0.4079,0.2794,0.171,0.1452,0.117,0.1143,0.09451,0.08797,0.1863,16.15,1824,207900,41890000,422.2,282.8,15.15,997300000,28880000,4803000,5.275E+15,266000000,42620000,2.284E+12,7.664,0.04428,0.000351,1514,0.002093,0.08089,0.5556,21.03,-0.9821,0.5002,0.1443,0.04924,-0.01552,0.03683,0.01417,0.009203,-0.008703,0.147,24.24,1693,195300,37070000,-1379,1763000,158500,-3.108E+12,-2.794E+11,-25120000000,1.10E+19,2.525E+12,2.27E+11,7.964E+15,angry
11.06,0.0816,0.001189,321,0.003225,0.1232,0.09965,18.56,0.05742,0.4775,0.2923,0.1537,0.1179,0.1197,0.1094,0.1183,0.1403,0.2436,19.04,2055,240300,47760000,423.8,276.4,17.94,975200000,16190000,5683000,5.161E+15,149900000,50680000,2.701E+12,9.849,0.05796,0.000642,1474,0.002655,0.1029,0.5534,24.96,-0.9706,0.4208,0.04601,-0.005143,-0.04903,0.00419,-0.005888,0.0263,0.04238,0.1984,29.31,2068,222400,42840000,-1330,1764000,158400,-3.112E+12,-2.795E+11,-25100000000,1.10E+19,2.525E+12,2.268E+11,7.954E+15,angry
7.141,0.05367,0.001193,250.1,0.002626,0.1003,0.0482,16.48,0.03182,0.4377,0.3316,0.1469,0.1007,0.1146,0.1092,0.1146,0.115,0.1981,15.9,2046,260500,51530000,424.9,278.1,14.16,981700000,31540000,4486000,5.198E+15,287200000,40000000,2.131E+12,9.242,0.05749,0.00049,1519,0.001938,0.07497,0.5868,26.04,-0.9778,0.4626,0.1706,0.02732,-0.04362,0.03522,0.01242,-0.01959,-0.03785,0.1411,29.13,2191,258100,48550000,-1419,1765000,158400,-3.115E+12,-2.795E+11,-25080000000,1.10E+19,2.526E+12,2.266E+11,7.945E+15,angry
8.053,0.06049,0.000922,269.4,0.002889,0.1107,0.08521,20.06,0.03964,0.3022,0.3599,0.1757,0.1302,0.1039,0.1017,0.1383,0.1456,0.2086,14.47,1465,201300,39410000,407,252.5,12.03,891700000,34310000,3810000,4.724E+15,315100000,33680000,1.81E+12,9.878,0.06458,0.000484,1506,0.002425,0.09341,0.5324,25.94,-0.9752,0.56,0.1152,0.04309,-0.05345,0.01902,-0.02095,-0.0159,-0.01386,0.1736,26.8,1748,209800,38750000,-1332,1766000,158300,-3.118E+12,-2.796E+11,-25070000000,1.10E+19,2.526E+12,2.265E+11,7.94E+15,angry
10.51,0.0767,0.001143,326,0.003147,0.1231,0.09532,18.44,0.05499,0.5139,0.3131,0.1704,0.1231,0.1213,0.1309,0.1403,0.1496,0.2362,18.91,2147,252900,50260000,431.9,276.8,18.19,978200000,17190000,5757000,5.185E+15,159200000,51260000,2.734E+12,9.299,0.05435,0.000646,1501,0.002616,0.1029,0.5482,24.04,-0.9726,0.4182,-0.019,-0.01812,-0.0549,0.02071,0.01939,0.05406,0.0461,0.1951,28.77,2100,227900,44010000,-1332,1767000,158300,-3.121E+12,-2.797E+11,-25050000000,1.10E+19,2.527E+12,2.264E+11,7.931E+15,angry
9.742,0.07106,0.000256,226.7,0.001407,0.05199,0.07972,19.87,0.06969,0.3644,0.2967,0.1565,0.1332,0.1527,0.1224,0.1056,0.09591,0.09241,16.88,1682,216300,41820000,375,307.4,18.12,1087000000,22380000,5734000,5.763E+15,201100000,51820000,2.722E+12,8.115,0.05062,0.000138,1472,0.001036,0.03978,0.6281,23.3,-0.974,0.427,0.1425,0.04933,0.01718,0.06817,0.04753,0.03939,-0.02169,0.06886,26.85,1999,235600,44370000,-1501,1768000,158200,-3.125E+12,-2.797E+11,-25030000000,1.11E+19,2.527E+12,2.262E+11,7.92E+15,disgust
10.01,0.06889,0.00051,209,0.001968,0.07415,0.1001,22,0.04709,0.3719,0.2624,0.2585,0.1531,0.1293,0.1215,0.09346,0.1019,0.1189,16.21,1664,223700,44080000,419,334.5,9.622,1183000000,37000000,3044000,6.28E+15,334100000,27530000,1.444E+12,9.716,0.05959,0.000239,1495,0.001273,0.04894,0.6352,28.42,-0.9713,0.4,0.1422,-0.02558,-0.03955,0.09291,0.06025,0.03888,0.02815,0.08087,30.72,2319,280100,52760000,-1568,1769000,158200,-3.129E+12,-2.798E+11,-25020000000,1.11E+19,2.528E+12,2.261E+11,7.914E+15,disgust
10.69,0.07421,0.000613,238.4,0.001833,0.07057,0.03252,24.41,0.0524,0.371,0.2898,0.1981,0.1401,0.1548,0.1114,0.1073,0.08478,0.1169,17.88,1696,214900,42060000,385.4,308.1,11.86,1091000000,29060000,3752000,5.791E+15,266700000,33500000,1.78E+12,10.81,0.06811,0.000214,1507,0.001131,0.04427,0.6467,30.8,-0.9665,0.4239,0.1058,0.05959,-0.01795,0.09783,0.02092,-0.005217,0.02286,0.07693,31.21,2173,244800,45630000,-1538,1770000,158100,-3.133E+12,-2.799E+11,-25010000000,1.11E+19,2.529E+12,2.26E+11,7.91E+15,disgust
9.293,0.06287,0.000525,227.7,0.002154,0.08126,0.06941,21.07,0.04413,0.3902,0.275,0.1915,0.09238,0.1615,0.09984,0.1036,0.1007,0.14,15.78,1684,223600,43960000,411.9,303,11.01,1073000000,30850000,3480000,5.703E+15,277700000,31550000,1.651E+12,8.941,0.05205,0.000238,1485,0.001391,0.05351,0.6351,25.83,-0.975,0.4045,0.1303,0.04549,0.01122,0.1103,0.03694,-0.002669,0.002127,0.09432,29.1,2173,259500,48380000,-1507,1771000,158100,-3.137E+12,-2.8E+11,-25000000000,1.11E+19,2.53E+12,2.259E+11,7.904E+15,disgust
11.14,0.08288,0.000555,244.2,0.001806,0.06833,0.1063,25.32,0.06627,0.3951,0.2923,0.1853,0.1371,0.1467,0.1039,0.09498,0.08424,0.1298,18.62,1785,233400,45340000,411.2,326.8,17.64,1158000000,26290000,5576000,6.158E+15,237400000,50300000,2.644E+12,9.838,0.06198,0.000246,1459,0.001349,0.05238,0.5786,27.98,-0.9688,0.3986,0.1617,0.049,-0.01725,0.08892,0.03554,-0.00108,-0.003501,0.09576,29.51,2129,245600,46380000,-1484,1772000,158100,-3.141E+12,-2.801E+11,-24980000000,1.11E+19,2.531E+12,2.257E+11,7.897E+15,disgust
5.767,0.04306,0.000744,241.8,0.002084,0.07962,0.06275,15.03,0.02445,0.422,0.2683,0.1668,0.133,0.1266,0.1142,0.0953,0.1078,0.1632,14.51,1678,218000,43480000,346.1,244.9,22.35,868600000,14540000,7063000,4.621E+15,131000000,62900000,3.348E+12,7.128,0.04086,0.000344,1514,0.001654,0.06407,0.6035,19.62,-0.9836,0.4297,0.04846,0.03191,-0.05149,0.02799,0.0167,0.05883,0.02648,0.123,25.95,1896,223700,41720000,-1359,1773000,158000,-3.144E+12,-2.802E+11,-24970000000,1.12E+19,2.532E+12,2.256E+11,7.891E+15,happy
5.306,0.04369,0.000852,238.7,0.002619,0.1001,0.05723,16.03,0.02641,0.3464,0.2592,0.2074,0.1421,0.1838,0.1265,0.1265,0.1541,0.1909,14.76,1680,199500,39010000,378.1,244.3,17.11,866900000,11850000,5406000,4.614E+15,111000000,48300000,2.561E+12,8.513,0.05191,0.000434,1479,0.002338,0.08987,0.5381,24.55,-0.9809,0.5639,0.06405,-0.0402,-0.07385,0.02791,0.03684,0.02975,-0.001047,0.1672,25.38,1616,179100,32920000,-1295,1774000,158000,-3.147E+12,-2.802E+11,-24950000000,1.12E+19,2.532E+12,2.254E+11,7.881E+15,happy
5.477,0.04839,0.000561,229.9,0.001633,0.062,0.05687,15.66,0.02344,0.3805,0.3089,0.1515,0.129,0.1037,0.07949,0.08728,0.09781,0.1153,13.49,1600,206500,40430000,316.4,261.4,17.96,928000000,13330000,5672000,4.941E+15,122600000,50910000,2.687E+12,7.796,0.04794,0.000216,1505,0.001363,0.05283,0.5312,21.78,-0.9835,0.5239,0.04603,0.01986,0.005947,0.01884,0.03627,0.006998,0.005936,0.0933,24.88,1649,190800,35320000,-1404,1775000,157900,-3.15E+12,-2.802E+11,-24930000000,1.12E+19,2.532E+12,2.252E+11,7.871E+15,happy
5.83,0.04681,0.000874,275.2,0.002605,0.09963,0.08508,15.83,0.02823,0.3125,0.2637,0.1895,0.1484,0.1722,0.1091,0.1231,0.1571,0.1892,13.84,1500,188800,36860000,374.9,248.8,18.68,883500000,10420000,5897000,4.707E+15,98120000,52750000,2.792E+12,8.44,0.05236,0.000432,1503,0.002283,0.08841,0.5577,23.3,-0.9811,0.5514,0.07778,-0.02225,-0.05502,0.03179,0.02351,0.02612,-0.006852,0.163,24.73,1554,177700,32680000,-1304,1776000,157800,-3.153E+12,-2.803E+11,-24910000000,1.12E+19,2.532E+12,2.251E+11,7.862E+15,happy
5.889,0.04334,0.000695,220.6,0.002016,0.07819,0.07182,15.36,0.02298,0.4821,0.2483,0.1511,0.131,0.1276,0.1203,0.08571,0.1138,0.1552,15.56,1926,244600,48870000,386.9,269,23.26,955700000,16260000,7338000,5.094E+15,147500000,65350000,3.473E+12,7.015,0.03904,0.000289,1515,0.001512,0.05895,0.5874,21.04,-0.9838,0.3576,0.07816,0.03987,-0.06848,0.03089,0.02237,0.04947,0.01879,0.1119,27.91,2215,261600,49290000,-1420,1777000,157800,-3.157E+12,-2.803E+11,-24890000000,1.12E+19,2.533E+12,2.249E+11,7.853E+15,happy
10.48,0.07295,0.0005,265.4,0.001589,0.05986,0.08404,25.36,0.05661,0.4792,0.3131,0.15,0.1183,0.1121,0.08406,0.08905,0.08646,0.1064,19.09,2188,252000,49730000,339.4,309.2,17.39,1099000000,20500000,5484000,5.863E+15,188800000,49060000,2.594E+12,9.497,0.05586,0.000293,1478,0.001448,0.056,0.533,25.65,-0.9723,0.4486,0.1604,0.09114,-0.01421,0.01286,-0.01705,-0.004209,0.01394,0.09734,26.28,1866,208500,40180000,-1434,1778000,157700,-3.16E+12,-2.803E+11,-24860000000,1.12E+19,2.533E+12,2.247E+11,7.841E+15,neutral
10.64,0.07823,0.000486,263.8,0.001283,0.0481,0.07865,26.15,0.06065,0.4413,0.3321,0.1378,0.1108,0.1233,0.09906,0.1049,0.1071,0.09263,18.62,1946,230800,44940000,311.1,291.1,16.29,1035000000,18550000,5135000,5.525E+15,171300000,46000000,2.428E+12,10.1,0.06428,0.0003,1435,0.001269,0.0496,0.5345,25.82,-0.9703,0.5011,0.08565,0.05541,-0.02895,0.002228,0.009591,0.02734,0.02081,0.09144,26.54,1688,180500,34170000,-1401,1779000,157600,-3.164E+12,-2.804E+11,-24840000000,1.13E+19,2.533E+12,2.245E+11,7.832E+15,neutral
6.158,0.04931,0.000321,244.8,0.001458,0.05476,0.06142,16.03,0.03022,0.4927,0.3088,0.1357,0.1065,0.1009,0.0962,0.08189,0.07261,0.09312,16.59,2087,254100,50330000,324.9,306.8,30.55,1092000000,11440000,9625000,5.831E+15,99270000,86440000,4.549E+12,7.269,0.04241,0.000221,1474,0.001458,0.05591,0.5555,19.86,-0.9836,0.4253,0.1287,0.09401,0.005955,0.01626,0.01616,0.01405,0.003669,0.09315,23.06,1701,199200,38340000,-1387,1780000,157500,-3.167E+12,-2.804E+11,-24820000000,1.13E+19,2.533E+12,2.243E+11,7.82E+15,neutral
8.021,0.06223,0.000225,263,0.001236,0.04653,0.09062,19.04,0.03701,0.4639,0.2859,0.1491,0.1236,0.1177,0.09806,0.1085,0.1191,0.08589,18.56,2031,231000,45760000,322.1,331.9,29.23,1182000000,21160000,9204000,6.315E+15,189100000,82020000,4.347E+12,7.836,0.0479,0.000162,1471,0.001248,0.04808,0.4948,21.32,-0.9796,0.3938,0.0847,0.0637,-0.0388,-0.0085,-0.005955,0.02224,0.01126,0.08491,25.42,1847,205700,39310000,-1410,1781000,157400,-3.171E+12,-2.804E+11,-24790000000,1.13E+19,2.533E+12,2.24E+11,7.806E+15,neutral
11.38,0.07955,0.000434,276.2,0.001473,0.05499,0.1047,26.3,0.06098,0.2932,0.3668,0.1803,0.1297,0.1175,0.09429,0.1066,0.1084,0.09577,16.69,1426,199100,39080000,310.3,308.4,22.22,1099000000,12580000,6991000,5.876E+15,116900000,62550000,3.3E+12,11.44,0.07215,0.000291,1466,0.001408,0.05445,0.4959,27.78,-0.9675,0.601,0.1439,0.1001,-0.01029,0.02117,-0.01349,-0.01532,-0.002096,0.09516,24.56,1401,165400,31360000,-1400,1782000,157300,-3.175E+12,-2.804E+11,-24760000000,1.13E+19,2.533E+12,2.237E+11,7.791E+15,neutral
11.31,0.08574,4.40E-05,177.7,0.000803,0.03039,0.1026,27.19,0.06242,0.3445,0.2815,0.1908,0.1223,0.1136,0.08747,0.1114,0.09238,0.05313,18.6,1682,207900,39820000,289,314.8,15.87,1122000000,23100000,4990000,6.004E+15,210600000,44860000,2.354E+12,9.578,0.06426,2.50E-05,1502,0.00083,0.03194,0.4883,25.38,-0.9708,0.4986,0.1697,0.03053,-0.01017,0.03482,-0.02831,-0.03169,-0.01501,0.05541,25.7,1669,193800,37160000,-1496,1783000,157300,-3.179E+12,-2.804E+11,-24730000000,1.13E+19,2.534E+12,2.235E+11,7.779E+15,sad
9.493,0.0662,6.60E-05,233.2,0.001069,0.04112,0.08467,22.05,0.0435,0.388,0.308,0.1821,0.131,0.1157,0.1309,0.1336,0.1137,0.07242,18.05,1770,209900,40800000,306.4,282,18.18,1006000000,12990000,5716000,5.385E+15,119100000,51480000,2.695E+12,9.958,0.06151,4.60E-05,1488,0.001022,0.03957,0.5184,26.21,-0.9736,0.5328,0.1235,0.0137,-0.03136,0.0162,-0.01218,0.002916,0.0156,0.06859,25.53,1624,186400,35660000,-1455,1784000,157200,-3.183E+12,-2.805E+11,-24710000000,1.14E+19,2.534E+12,2.233E+11,7.769E+15,sad
11.2,0.08519,7.40E-05,213.6,0.000733,0.02773,0.08748,27.09,0.06392,0.483,0.3021,0.1498,0.165,0.09147,0.08677,0.07181,0.07388,0.04746,21.51,2134,253700,49440000,301.3,304.4,31.41,1087000000,10450000,9868000,5.82E+15,89620000,88740000,4.651E+12,8.396,0.05565,4.20E-05,1496,0.000614,0.02369,0.5535,25.09,-0.9698,0.3088,0.1613,0.04422,-0.02514,0.03835,0.008291,0.003883,0.009413,0.03942,28.65,2291,263900,52350000,-1569,1785000,157100,-3.186E+12,-2.805E+11,-24680000000,1.14E+19,2.534E+12,2.231E+11,7.756E+15,sad
8.181,0.06102,6.00E-05,213.8,0.000684,0.02554,0.0716,21.47,0.04291,0.2727,0.303,0.2073,0.1622,0.1194,0.1272,0.1291,0.1035,0.04468,15.47,1249,156500,30590000,211.4,253.4,16.25,905000000,12590000,5104000,4.849E+15,117900000,45660000,2.404E+12,8.657,0.05469,4.30E-05,1541,0.000763,0.02936,0.4672,22.56,-0.9768,0.5723,0.125,0.04718,-0.024,-0.013,-0.01668,-0.006122,0.02851,0.04853,22.34,1295,152200,29190000,-1459,1786000,157000,-3.19E+12,-2.805E+11,-24660000000,1.14E+19,2.534E+12,2.228E+11,7.744E+15,sad
12.08,0.09374,7.80E-05,211.4,0.000726,0.02719,0.08162,29.02,0.07381,0.4132,0.3245,0.1609,0.1686,0.0949,0.08946,0.07254,0.08585,0.04765,20.31,1711,209300,41110000,253.8,256.2,25.76,915700000,8597000,8085000,4.909E+15,73040000,72610000,3.807E+12,9.658,0.06644,4.30E-05,1486,0.000679,0.02611,0.5209,25.94,-0.9653,0.4488,0.0714,0.04493,0.007923,0.03978,-0.002252,-0.005333,-0.001413,0.04527,27.05,1794,199000,39170000,-1488,1787000,157000,-3.193E+12,-2.805E+11,-24630000000,1.14E+19,2.534E+12,2.226E+11,7.733E+15,sad
13.36,0.1116,0.000596,201.9,0.002656,0.09963,0.0502,32.83,0.08181,0.2435,0.2984,0.1624,0.1252,0.09905,0.1242,0.1259,0.108,0.158,19.76,1142,129900,24740000,348.1,310.4,22.55,1110000000,87560000,7076000,5.95E+15,787700000,63680000,3.33E+12,10.01,0.07034,0.000318,1582,0.002201,0.08496,0.59,27.32,-0.9601,0.3833,0.004696,0.1117,-0.008912,0.07579,0.03834,0.0149,-0.04163,0.1439,32.19,2195,228300,41620000,-1340,1788000,156900,-3.2E+12,-2.81E+11,-24620000000,1.14E+19,2.54E+12,2.23E+11,7.73E+15,angry
13.16,0.09099,0.00061,203.1,0.002357,0.08886,0.07222,29.71,0.08066,0.2359,0.2964,0.1451,0.1329,0.1263,0.128,0.1143,0.115,0.1595,18.37,1196,129900,24650000,369.4,295.6,22.91,1058000000,86800000,7191000,5.676E+15,784700000,65030000,3.387E+12,10.59,0.06159,0.000283,1586,0.00203,0.07837,0.5672,29.76,-0.9621,0.4267,0.003022,0.1207,6.90E-05,0.06374,0.01881,-0.02534,-0.06527,0.1395,33.16,2198,223700,39930000,-1361,1789000,157000,-3.2E+12,-2.808E+11,-24640000000,1.15E+19,2.538E+12,2.227E+11,7.736E+15,angry
13.17,0.101,0.000963,223,0.002516,0.09662,0.06914,30.84,0.07889,0.2034,0.3192,0.1988,0.1732,0.1687,0.1443,0.1234,0.1076,0.2047,17.54,948.7,111600,21480000,315.4,263.6,24.82,943800000,85330000,7796000,5.068E+15,770800000,70450000,3.673E+12,13.25,0.08866,0.000419,1625,0.002267,0.08911,0.5812,35.56,-0.9517,0.5006,-0.1302,0.1072,-0.04958,0.1252,0.03339,-0.04641,-0.1064,0.1906,37.29,2188,199500,35010000,-1281,1790000,157000,-3.204E+12,-2.811E+11,-24660000000,1.15E+19,2.54E+12,2.228E+11,7.745E+15,angry
14.57,0.09812,0.000647,228.4,0.002132,0.08191,0.08451,32.42,0.09114,0.2628,0.3426,0.1905,0.1416,0.1427,0.1384,0.1126,0.1044,0.1709,17.69,1234,156400,29840000,409.3,333.2,27.99,1194000000,101500000,8795000,6.413E+15,915900000,79400000,4.145E+12,13.22,0.08307,0.000279,1567,0.001625,0.06368,0.6492,36.39,-0.9491,0.394,-0.0455,0.115,-0.03664,0.1095,0.03029,-0.0599,-0.09252,0.1332,40.08,2666,261500,47050000,-1468,1791000,157100,-3.208E+12,-2.814E+11,-24680000000,1.15E+19,2.542E+12,2.23E+11,7.754E+15,angry
13.17,0.101,0.000963,223,0.002516,0.09662,0.06914,30.84,0.07889,0.2034,0.3192,0.1988,0.1732,0.1687,0.1443,0.1234,0.1076,0.2047,17.54,948.7,111600,21480000,315.4,263.6,24.82,944900000,85410000,7803000,5.08E+15,771600000,70510000,3.679E+12,13.25,0.08866,0.000419,1625,0.002267,0.08911,0.5812,35.56,-0.9517,0.5006,-0.1302,0.1072,-0.04958,0.1252,0.03339,-0.04641,-0.1064,0.1906,37.29,2188,199500,35010000,-1281,1792000,157200,-3.211E+12,-2.816E+11,-24700000000,1.15E+19,2.545E+12,2.232E+11,7.763E+15,angry
17.55,0.1172,0.000129,195.1,0.000946,0.03501,0.08028,39.22,0.111,0.254,0.2978,0.1768,0.1264,0.1119,0.1001,0.09833,0.1052,0.05675,19.3,1284,161400,30920000,355.1,378.7,9.236,1358000000,48680000,2904000,7.306E+15,446600000,25720000,1.369E+12,12.98,0.07772,5.40E-05,1505,0.000761,0.02947,0.6107,36.09,-0.9431,0.3251,-0.0412,0.07968,-0.01911,0.06059,0.03709,-0.02908,-0.04958,0.05307,38.95,2686,266400,48410000,-1511,1793000,157200,-3.215E+12,-2.819E+11,-24710000000,1.15E+19,2.547E+12,2.233E+11,7.768E+15,disgust
16.71,0.1187,0.000541,217.3,0.001748,0.06545,0.05479,39.84,0.09999,0.2388,0.2653,0.1472,0.1563,0.1131,0.09611,0.1009,0.1014,0.1037,19.65,1155,140400,26880000,343.9,343,11.4,1231000000,40300000,3583000,6.627E+15,372000000,31680000,1.689E+12,12.08,0.07539,0.000164,1516,0.001388,0.05387,0.5729,33.4,-0.9471,0.363,-0.09791,0.06496,-0.008002,0.07695,0.02315,-0.008419,-0.04074,0.0943,36.83,2395,227900,40780000,-1360,1794000,157200,-3.22E+12,-2.82E+11,-24700000000,1.16E+19,2.548E+12,2.232E+11,7.764E+15,disgust
20.6,0.1258,0.000159,233.9,0.001136,0.04284,0.07268,43.88,0.1367,0.2225,0.2982,0.1564,0.1629,0.1112,0.1068,0.1012,0.08466,0.07904,19.81,1009,138500,25700000,331.7,346.9,5.229,1246000000,55900000,1644000,6.71E+15,507900000,14720000,7.748E+11,14.97,0.08984,7.20E-05,1549,0.000944,0.03698,0.5708,37.67,-0.9315,0.4,-0.07973,0.1226,-0.02488,0.05246,0.000499,-0.04439,-0.07303,0.07195,39.9,2501,241300,43220000,-1436,1796000,157100,-3.224E+12,-2.822E+11,-24690000000,1.16E+19,2.55E+12,2.231E+11,7.76E+15,disgust
14.42,0.1101,0.000229,189.1,0.001308,0.04874,0.09165,33.5,0.08778,0.2238,0.3106,0.1591,0.1458,0.1096,0.09186,0.09526,0.08995,0.06924,19.66,1239,150500,28370000,328.6,356,10.5,1279000000,71060000,3299000,6.895E+15,646700000,30040000,1.555E+12,11.31,0.07256,8.90E-05,1536,0.001035,0.03999,0.6214,31.02,-0.9555,0.3658,-0.01272,0.08778,0.004512,0.0623,0.02239,-0.01727,-0.01779,0.06319,35.7,2397,239000,43410000,-1487,1797000,157200,-3.228E+12,-2.824E+11,-24700000000,1.16E+19,2.551E+12,2.232E+11,7.762E+15,disgust
16.78,0.1214,0.000224,225.5,0.001381,0.05179,0.07797,39.6,0.09705,0.2189,0.2776,0.1717,0.1435,0.1163,0.1214,0.09355,0.1005,0.09199,19.92,1130,131100,24860000,329.3,333.9,5.526,1201000000,55330000,1737000,6.476E+15,504000000,15650000,8.189E+11,13.05,0.08306,0.00011,1532,0.001222,0.04742,0.5678,35.2,-0.9448,0.3961,-0.09423,0.08282,-0.007238,0.07078,0.01974,0.005805,-0.04061,0.08625,37.6,2359,222700,39870000,-1389,1798000,157200,-3.233E+12,-2.826E+11,-24700000000,1.16E+19,2.553E+12,2.232E+11,7.763E+15,disgust
4.244,0.03549,0.000243,258.1,0.001287,0.04766,0.02209,16.87,0.02172,0.3318,0.2909,0.213,0.1526,0.1533,0.1338,0.1082,0.1061,0.07623,17.32,1693,173000,33380000,317.1,277.6,7.339,998700000,31680000,2307000,5.39E+15,290400000,20580000,1.087E+12,8.031,0.04449,0.000154,1466,0.001214,0.0468,0.6035,24.68,-0.9788,0.416,0.1019,0.05341,-0.06701,0.02401,0.002014,-0.004904,-0.02145,0.0794,29.46,2163,233000,42410000,-1391,1799000,157100,-3.236E+12,-2.827E+11,-24690000000,1.16E+19,2.555E+12,2.232E+11,7.761E+15,happy
3.883,0.03292,0.000166,264.9,0.001028,0.0385,0.03961,12.25,0.01619,0.2896,0.2159,0.1792,0.1283,0.1103,0.08478,0.0776,0.08023,0.06497,13.39,1237,129400,24720000,224.8,320.6,22.86,1154000000,25550000,7182000,6.233E+15,235600000,63980000,3.385E+12,5.714,0.0332,9.30E-05,1483,0.000961,0.0365,0.6265,16.86,-0.9872,0.4786,0.05599,-0.003473,-0.0351,-0.0257,-0.01016,-0.007525,-0.01126,0.05889,23.61,1632,190200,34660000,-1407,1800000,157100,-3.24E+12,-2.828E+11,-24680000000,1.17E+19,2.556E+12,2.231E+11,7.757E+15,happy
3.431,0.02844,0.000138,262.4,0.00107,0.03997,0.02,14.04,0.01658,0.2891,0.1972,0.1979,0.1501,0.1246,0.09262,0.08894,0.08906,0.06453,13.99,1499,165200,31510000,281,298.6,15.65,1076000000,19960000,4917000,5.812E+15,184300000,44100000,2.316E+12,6.912,0.03927,8.90E-05,1480,0.001066,0.04091,0.6025,20.32,-0.9846,0.5127,0.1445,-0.0283,-0.05973,-0.01309,0.008363,0.005339,0.004212,0.06495,24.28,1671,197400,36210000,-1413,1801000,157000,-3.244E+12,-2.829E+11,-24660000000,1.17E+19,2.556E+12,2.229E+11,7.746E+15,happy
65.95,0.2852,0.000213,248.3,0.001217,0.04553,0.04427,117.5,0.5624,0.3158,0.2575,0.208,0.2034,0.1449,0.1217,0.09733,0.09374,0.07076,56.12,1543,197500,31150000,649.4,300.1,17.86,1082000000,15660000,5607000,5.847E+15,144300000,50430000,2.641E+12,28.99,0.1358,0.00013,1474,0.001148,0.04371,0.6046,59.2,-0.7974,0.508,0.1181,0.02264,-0.01245,0.02394,-0.02326,-0.01125,-0.002064,0.07113,43.58,1841,160900,35920000,-1550,1802000,157000,-3.248E+12,-2.829E+11,-24650000000,1.17E+19,2.557E+12,2.227E+11,7.738E+15,happy
8.222,0.06337,0.000145,266.4,0.001165,0.0436,0.02393,20.93,0.0425,0.2583,0.2654,0.2012,0.1369,0.1305,0.1134,0.1012,0.1069,0.0722,16.59,1440,155900,29810000,305.2,267.8,13.6,965700000,18400000,4270000,5.224E+15,170700000,38200000,2.01E+12,9.156,0.06041,0.000102,1507,0.001128,0.04366,0.6192,25.67,-0.9744,0.5384,0.09952,0.01638,-0.06858,-0.03159,-0.03277,-0.000866,0.001374,0.07406,27.11,1728,189100,34300000,-1372,1803000,157000,-3.251E+12,-2.83E+11,-24630000000,1.17E+19,2.557E+12,2.226E+11,7.732E+15,happy
6.759,0.07617,0.000318,283.8,0.001412,0.05441,0.04855,22.8,0.04065,0.3069,0.3095,0.2116,0.1491,0.1558,0.1434,0.09724,0.1289,0.09735,19.57,1665,153100,30110000,351.8,336.3,14.89,1214000000,26630000,4673000,6.569E+15,245300000,41820000,2.2E+12,10.58,0.07727,0.000169,1480,0.001183,0.04637,0.6238,31.2,-0.9633,0.5018,-0.07882,-0.05784,-0.06708,-0.0434,-0.02839,0.00687,-0.000583,0.0858,33.55,2079,189600,35070000,-1398,1804000,156900,-3.255E+12,-2.831E+11,-24620000000,1.18E+19,2.558E+12,2.225E+11,7.726E+15,neutral
10.34,0.08186,0.000235,264.9,0.001192,0.0458,0.04611,22.77,0.05079,0.3064,0.3139,0.2367,0.1511,0.1745,0.1555,0.1056,0.1093,0.0778,20.07,1693,165400,32080000,327.8,362.8,15.72,1310000000,29160000,4932000,7.095E+15,266400000,44290000,2.321E+12,10.02,0.06443,0.000128,1464,0.001034,0.04017,0.6181,27.52,-0.9659,0.4669,-0.01821,-0.03971,-0.03777,-0.001387,-0.005497,0.006665,-0.007063,0.07109,31.43,2009,194200,36410000,-1429,1805000,156900,-3.259E+12,-2.832E+11,-24610000000,1.18E+19,2.559E+12,2.224E+11,7.719E+15,neutral
3.825,0.03221,0.00023,257,0.001214,0.04637,0.03923,13.1,0.01757,0.3254,0.3234,0.2225,0.1306,0.2122,0.155,0.1026,0.1159,0.07959,15.03,1601,194700,37890000,297.8,341.7,14.46,1235000000,29120000,4535000,6.691E+15,269000000,40480000,2.134E+12,6.877,0.04025,0.000112,1473,0.001076,0.04165,0.6187,19.51,-0.9839,0.4416,0.09731,0.01696,-0.01982,0.01042,-0.01954,-0.0304,-0.02245,0.07009,25.4,1793,209400,39080000,-1420,1807000,156800,-3.264E+12,-2.833E+11,-24590000000,1.18E+19,2.56E+12,2.222E+11,7.713E+15,neutral
4.429,0.03304,0.000173,260.3,0.001084,0.04062,0.0321,17.15,0.02239,0.3523,0.2783,0.2351,0.1443,0.1914,0.1525,0.09736,0.104,0.07435,16.33,1779,208000,40280000,335.4,355.8,14.38,1286000000,30290000,4508000,6.977E+15,277000000,40440000,2.12E+12,7.629,0.04505,9.70E-05,1440,0.001,0.03862,0.5822,21.98,-0.9803,0.4189,0.1171,-0.02209,-0.04035,0.02408,0.001745,-0.01602,-0.02242,0.06796,27.06,1961,227100,42370000,-1450,1808000,156800,-3.268E+12,-2.834E+11,-24580000000,1.18E+19,2.561E+12,2.221E+11,7.706E+15,neutral
3.341,0.02642,0.000254,283.8,0.001182,0.04442,0.02176,13.15,0.01498,0.3307,0.246,0.2393,0.1445,0.1705,0.1259,0.0935,0.09458,0.08458,13.68,1514,173200,33610000,264,285.7,12.6,1033000000,22280000,3950000,5.608E+15,203100000,35530000,1.857E+12,6.411,0.03557,0.000146,1444,0.001114,0.04313,0.6139,16.62,-0.9864,0.4856,0.1056,-0.01053,-0.04373,-0.01566,-0.00101,-0.002624,0.004775,0.07474,22.68,1566,189000,35160000,-1381,1809000,156700,-3.272E+12,-2.835E+11,-24560000000,1.18E+19,2.562E+12,2.22E+11,7.7E+15,neutral
6.263,0.05367,6.10E-05,165.3,0.000498,0.01823,0.05006,19.17,0.02724,0.2269,0.2171,0.2337,0.1627,0.1462,0.1282,0.1133,0.07608,0.02262,15.71,1167,115500,21890000,202.7,358.7,12.52,1299000000,35380000,3922000,7.052E+15,320300000,35420000,1.843E+12,7.089,0.04498,2.30E-05,1542,0.000426,0.01626,0.6637,21.96,-0.9792,0.3939,0.02585,0.07186,-0.002868,0.0311,0.001917,-0.04473,-0.00018,0.02327,29.21,2159,238300,42690000,-1577,1810000,156700,-3.276E+12,-2.836E+11,-24550000000,1.19E+19,2.563E+12,2.218E+11,7.693E+15,sad
79.13,0.3396,7.40E-05,168,0.000669,0.02499,0.01988,137.3,0.6788,0.224,0.237,0.1799,0.2077,0.1289,0.1424,0.08376,0.08379,0.03081,66.08,1024,170800,21000000,742.6,337.8,12.32,1224000000,35480000,3859000,6.65E+15,324400000,34510000,1.814E+12,40.08,0.1803,3.10E-05,1522,0.000571,0.02188,0.6457,76.63,-0.6928,0.4419,0.06958,0.1337,0.05915,0.07379,0.01378,-0.0104,-0.005524,0.03015,53.73,1892,143000,34030000,-1786,1811000,156700,-3.281E+12,-2.837E+11,-24540000000,1.19E+19,2.564E+12,2.218E+11,7.688E+15,sad
79.13,0.3396,7.40E-05,168,0.000669,0.02499,0.01988,137.3,0.6788,0.224,0.237,0.1799,0.2077,0.1289,0.1424,0.08376,0.08379,0.03081,66.08,1024,170800,21000000,742.6,337.8,12.32,1225000000,35460000,3858000,6.658E+15,324300000,34510000,1.813E+12,40.08,0.1803,3.10E-05,1522,0.000571,0.02188,0.6457,76.63,-0.6928,0.4419,0.06958,0.1337,0.05915,0.07379,0.01378,-0.0104,-0.005524,0.03015,53.73,1892,143000,34030000,-1786,1812000,156600,-3.285E+12,-2.839E+11,-24530000000,1.19E+19,2.565E+12,2.217E+11,7.683E+15,sad
82.48,0.3521,7.50E-05,170.9,0.000586,0.02152,0.03945,143.4,0.7079,0.2663,0.3081,0.1851,0.1681,0.1312,0.1168,0.08215,0.07462,0.02752,69.25,938.5,158800,16360000,768.4,372.9,7.352,1353000000,47770000,2303000,7.359E+15,430100000,20850000,1.082E+12,45.16,0.2067,2.90E-05,1533,0.000508,0.01939,0.6409,86.34,-0.6585,0.4816,0.01401,0.152,0.1102,0.0538,-0.01608,-0.0107,0.01709,0.02706,56.27,1758,122700,30710000,-1841,1814000,156600,-3.289E+12,-2.84E+11,-24520000000,1.19E+19,2.566E+12,2.216E+11,7.679E+15,sad
6.263,0.05367,6.10E-05,165.3,0.000498,0.01823,0.05006,19.17,0.02724,0.2269,0.2171,0.2337,0.1627,0.1462,0.1282,0.1133,0.07608,0.02262,15.71,1167,115500,21890000,202.7,358.7,12.52,1302000000,35290000,3919000,7.09E+15,319500000,35390000,1.84E+12,7.089,0.04498,2.30E-05,1542,0.000426,0.01626,0.6637,21.96,-0.9792,0.3939,0.02585,0.07186,-0.002868,0.0311,0.001917,-0.04473,-0.00018,0.02327,29.21,2159,238300,42690000,-1577,1815000,156600,-3.294E+12,-2.841E+11,-24510000000,1.20E+19,2.568E+12,2.215E+11,7.674E+15,sad
14.87,0.1189,0.000991,254.3,0.002659,0.1026,0.08268,32.96,0.1136,0.4646,0.3082,0.1818,0.1353,0.1312,0.1148,0.09081,0.08673,0.2195,18.03,1702,245700,48140000,391.6,453.2,10.57,1646000000,77220000,3309000,8.971E+15,701100000,29820000,1.554E+12,10.8,0.07594,0.000347,1497,0.001593,0.06243,0.6751,28.78,-0.9559,0.3118,0.09351,0.0881,-0.06807,-0.03075,-0.0525,-0.01911,-0.04637,0.1295,34.4,2667,310300,59530000,-1508,1816000,156500,-3.299E+12,-2.843E+11,-24500000000,1.20E+19,2.569E+12,2.214E+11,7.669E+15,angry
14.36,0.11,0.000465,282,0.002001,0.07658,0.1065,30.41,0.1037,0.5172,0.2919,0.1818,0.1565,0.1353,0.09961,0.08854,0.08515,0.1571,17.51,1867,275700,54460000,370,450.8,12.56,1639000000,69930000,3930000,8.938E+15,634100000,35670000,1.845E+12,9.45,0.06331,0.000177,1474,0.001295,0.05053,0.6643,24.93,-0.9644,0.256,0.1185,0.09731,-0.08706,-0.02929,-0.03489,-0.00369,-0.01378,0.1019,32.46,2761,340800,65770000,-1543,1818000,156500,-3.305E+12,-2.845E+11,-24480000000,1.20E+19,2.57E+12,2.213E+11,7.662E+15,angry
13.48,0.1024,0.000395,251.9,0.001811,0.06944,0.081,31.16,0.09227,0.4458,0.3098,0.1575,0.1355,0.1256,0.1098,0.07737,0.07738,0.1446,16.19,1640,247300,49260000,356.5,424.7,10.64,1546000000,59450000,3328000,8.436E+15,539800000,30030000,1.562E+12,8.934,0.05585,0.000147,1511,0.001155,0.04513,0.6772,24.02,-0.966,0.2567,0.09694,0.1344,-0.05513,-0.000893,-0.02005,-0.006179,-0.01816,0.09032,32.66,2688,323500,61180000,-1517,1819000,156400,-3.31E+12,-2.846E+11,-24470000000,1.21E+19,2.572E+12,2.211E+11,7.655E+15,angry
15.81,0.1092,0.000397,282.5,0.0018,0.06863,0.07523,35.05,0.1079,0.4258,0.321,0.1594,0.1637,0.1306,0.09844,0.08603,0.08728,0.1447,17.59,1470,230900,46320000,342.2,413.2,7.771,1505000000,65630000,2431000,8.219E+15,594200000,21980000,1.14E+12,10.53,0.06905,0.000153,1505,0.001303,0.05071,0.6435,26.73,-0.9593,0.3738,0.08965,0.1103,-0.07575,-0.02851,-0.02718,-0.008791,-0.02958,0.1029,30.44,2240,273500,52090000,-1471,1821000,156400,-3.315E+12,-2.848E+11,-24460000000,1.21E+19,2.573E+12,2.21E+11,7.649E+15,angry
14.36,0.11,0.000465,282,0.002001,0.07658,0.1065,30.41,0.1037,0.5172,0.2919,0.1818,0.1565,0.1353,0.09961,0.08854,0.08515,0.1571,17.51,1867,275700,54460000,370,450.8,12.56,1643000000,69880000,3926000,8.982E+15,633700000,35640000,1.841E+12,9.45,0.06331,0.000177,1474,0.001295,0.05053,0.6643,24.93,-0.9644,0.256,0.1185,0.09731,-0.08706,-0.02929,-0.03489,-0.00369,-0.01378,0.1019,32.46,2761,340800,65770000,-1543,1822000,156300,-3.321E+12,-2.849E+11,-24440000000,1.21E+19,2.575E+12,2.209E+11,7.642E+15,angry
18.7,0.1407,0.000734,183.2,0.002321,0.08764,0.1013,41.3,0.1317,0.4462,0.3378,0.1492,0.168,0.1258,0.1201,0.1294,0.1015,0.1505,23.29,1809,255500,48950000,379.7,548.3,49.07,2000000000,172600000,15350000,1.10E+16,1562000000,138900000,7.199E+12,12.47,0.08102,0.000274,1549,0.001671,0.0647,0.6052,33.25,-0.9436,0.2856,0.0787,0.1045,0.001323,0.05366,-0.03121,-0.03581,-0.05374,0.1116,35.69,2620,284400,55650000,-1539,1824000,156400,-3.327E+12,-2.852E+11,-24450000000,1.21E+19,2.578E+12,2.21E+11,7.647E+15,disgust
16.49,0.1336,0.001083,198.7,0.002529,0.09497,0.09547,37.43,0.11,0.4219,0.3258,0.1618,0.1545,0.1356,0.1294,0.138,0.1068,0.1479,22.63,1800,245200,47360000,380.2,568.8,38.55,2077000000,156700000,12060000,1.14E+16,1419000000,109300000,5.661E+12,11.98,0.07828,0.000287,1543,0.001628,0.06267,0.6501,33.6,-0.9493,0.2604,0.114,0.0905,0.009484,0.08617,0.004397,-0.0163,-0.06497,0.103,36.48,2748,296400,57430000,-1557,1826000,156500,-3.334E+12,-2.857E+11,-24480000000,1.22E+19,2.582E+12,2.212E+11,7.658E+15,disgust
17.23,0.1373,0.001014,199.5,0.002394,0.09011,0.08254,39.31,0.1105,0.3998,0.3685,0.1386,0.1557,0.1357,0.1293,0.1213,0.09187,0.149,21.59,1612,229500,44800000,365.1,525.5,45.15,1921000000,163300000,14130000,1.05E+16,1477000000,127800000,6.638E+12,13.35,0.08821,0.000284,1552,0.001614,0.06255,0.6328,34.77,-0.9439,0.307,0.07993,0.1393,0.009456,0.08566,0.02573,0.001051,-0.0587,0.1097,36.06,2552,274600,52420000,-1537,1828000,156500,-3.341E+12,-2.861E+11,-24500000000,1.22E+19,2.586E+12,2.215E+11,7.672E+15,disgust
21.43,0.1615,0.001096,216.4,0.002435,0.09187,0.107,46.59,0.1626,0.4042,0.3588,0.1404,0.1474,0.105,0.09953,0.1088,0.08944,0.1615,23.85,1774,241600,46450000,400.9,552.5,52.68,2022000000,181000000,16510000,1.11E+16,1639000000,149400000,7.757E+12,13.41,0.08913,0.000282,1555,0.00174,0.06777,0.6154,35.23,-0.934,0.273,0.0895,0.1073,-0.01114,0.0415,-0.02057,-0.0273,-0.03168,0.1248,36.99,2680,281300,55010000,-1506,1830000,156700,-3.348E+12,-2.866E+11,-24540000000,1.23E+19,2.59E+12,2.218E+11,7.689E+15,disgust
16.49,0.1336,0.001083,198.7,0.002529,0.09497,0.09547,37.43,0.11,0.4219,0.3258,0.1618,0.1545,0.1356,0.1294,0.138,0.1068,0.1479,22.63,1800,245200,47360000,380.2,568.8,38.55,2084000000,157100000,12080000,1.15E+16,1422000000,109500000,5.682E+12,11.98,0.07828,0.000287,1543,0.001628,0.06267,0.6501,33.6,-0.9493,0.2604,0.114,0.0905,0.009484,0.08617,0.004397,-0.0163,-0.06497,0.103,36.48,2748,296400,57430000,-1557,1832000,156700,-3.355E+12,-2.871E+11,-24570000000,1.23E+19,2.594E+12,2.22E+11,7.701E+15,disgust
10.17,0.1093,0.000584,196.7,0.002363,0.08745,0.07077,24.92,0.06479,0.3405,0.2789,0.1976,0.1397,0.1153,0.1464,0.1176,0.0894,0.09877,22.13,1765,181300,35720000,300.9,402.8,15.07,1477000000,89390000,4726000,8.123E+15,807600000,42690000,2.223E+12,7.921,0.04689,0.000212,1564,0.001775,0.06746,0.6247,20.76,-0.9724,0.2686,0.09293,0.09965,0.04047,0.1165,0.08228,0.1053,0.01465,0.08544,30.73,2415,245900,47430000,-1488,1833000,156800,-3.361E+12,-2.875E+11,-24580000000,1.23E+19,2.598E+12,2.222E+11,7.709E+15,happy
8.304,0.07185,0.00082,193,0.002614,0.09747,0.06991,17.24,0.05938,0.4362,0.272,0.1818,0.1318,0.1249,0.1146,0.106,0.101,0.1141,17.59,1899,241000,47490000,366.9,492.5,11.25,1807000000,92690000,3529000,9.949E+15,842300000,32100000,1.66E+12,6.916,0.03869,0.000237,1542,0.001547,0.0592,0.66,20.97,-0.9779,0.1714,0.1204,0.08234,0.005341,0.1145,0.06281,0.02837,-0.0421,0.07889,33.02,2940,337500,63970000,-1578,1835000,156800,-3.367E+12,-2.877E+11,-24590000000,1.24E+19,2.6E+12,2.222E+11,7.711E+15,happy
9.429,0.08338,0.00091,171.7,0.00249,0.09224,0.08121,17.44,0.06527,0.4155,0.2812,0.2142,0.1598,0.1494,0.1395,0.1074,0.09935,0.112,18.95,1966,236400,45760000,351.9,422.1,17.98,1550000000,96140000,5640000,8.542E+15,865600000,50770000,2.653E+12,7.904,0.04509,0.000284,1511,0.001794,0.06834,0.6337,22.85,-0.9759,0.2961,0.08341,0.05714,-0.02389,0.1201,0.08338,0.04341,-0.03849,0.08985,31.28,2486,263900,49430000,-1512,1837000,156800,-3.373E+12,-2.88E+11,-24590000000,1.24E+19,2.602E+12,2.222E+11,7.712E+15,happy
8.019,0.05667,0.00072,191.1,0.002227,0.08287,0.07664,19.23,0.03499,0.4289,0.2246,0.1967,0.1727,0.1265,0.1382,0.1041,0.09364,0.1153,16.56,1852,235500,46650000,368.7,423,15.86,1555000000,91560000,4976000,8.573E+15,831400000,45160000,2.341E+12,7.91,0.04417,0.00022,1524,0.001651,0.06328,0.6287,21.79,-0.979,0.3041,0.1473,0.09331,-0.009627,0.06819,0.02977,0.01125,-0.05215,0.09181,30.42,2491,292400,54330000,-1511,1838000,156900,-3.378E+12,-2.883E+11,-24600000000,1.24E+19,2.605E+12,2.223E+11,7.718E+15,happy
11.75,0.1041,0.000621,185.7,0.002135,0.07975,0.06077,27.79,0.07745,0.3666,0.235,0.173,0.14,0.0945,0.1094,0.1047,0.09699,0.1017,19.85,1742,212000,41380000,333.4,450.1,13.42,1656000000,90740000,4211000,9.138E+15,825400000,38310000,1.982E+12,8.564,0.05333,0.000206,1524,0.00147,0.05641,0.641,23.97,-0.9699,0.254,0.1778,0.1221,0.02719,0.09941,0.05415,0.03023,-0.03808,0.07806,30.71,2552,295800,55960000,-1534,1839000,156900,-3.384E+12,-2.886E+11,-24610000000,1.25E+19,2.608E+12,2.224E+11,7.72E+15,happy
8.736,0.06509,0.000249,239.2,0.001343,0.05051,0.03248,18.82,0.05296,0.425,0.2478,0.1906,0.1473,0.1475,0.1351,0.09598,0.095,0.07108,18.29,1902,221300,43900000,323.9,409.3,9.547,1507000000,79870000,2995000,8.322E+15,723300000,27110000,1.41E+12,8.049,0.04663,9.90E-05,1497,0.001047,0.04029,0.6172,23.11,-0.9753,0.3676,0.0985,0.08688,-0.04926,0.03602,0.0283,0.02423,-0.009302,0.06331,29.85,2270,250000,46410000,-1529,1841000,156900,-3.389E+12,-2.888E+11,-24610000000,1.25E+19,2.61E+12,2.224E+11,7.721E+15,neutral
7.622,0.05083,0.00018,215.3,0.001309,0.04842,0.04415,15.16,0.05534,0.4246,0.2428,0.1965,0.1435,0.145,0.1362,0.08929,0.08435,0.06321,18.98,2045,229800,45320000,334.8,442.1,6.681,1629000000,69970000,2096000,9.005E+15,635000000,18770000,9.864E+11,7.004,0.03538,7.80E-05,1480,0.000933,0.03565,0.6224,21.59,-0.9788,0.2644,0.1012,0.09976,-0.003507,0.07362,0.06665,0.03753,-0.0236,0.05147,31.33,2627,287300,53700000,-1593,1842000,156900,-3.395E+12,-2.89E+11,-24610000000,1.25E+19,2.612E+12,2.224E+11,7.72E+15,neutral
4.959,0.03379,0.000276,209.6,0.001535,0.05655,0.05926,13.95,0.02215,0.4223,0.2131,0.1613,0.1468,0.1532,0.1223,0.09593,0.09707,0.07204,16.47,1926,235600,46580000,327.5,424.5,3.648,1566000000,67590000,1144000,8.66E+15,612400000,10370000,5.385E+11,6.334,0.03105,0.000118,1482,0.001088,0.04162,0.6437,19.23,-0.9848,0.2862,0.1606,0.09384,-0.02269,0.0717,0.06113,0.02332,-0.01425,0.05914,28.52,2409,284600,52910000,-1558,1844000,156900,-3.4E+12,-2.892E+11,-24600000000,1.25E+19,2.614E+12,2.223E+11,7.718E+15,neutral
8.831,0.07154,0.000255,213.5,0.001294,0.04891,0.04484,21.59,0.04962,0.4181,0.2754,0.1611,0.1469,0.1485,0.1312,0.1035,0.1017,0.0712,17.59,1850,230700,45390000,331.9,418.8,4.739,1546000000,68460000,1487000,8.558E+15,622200000,13330000,6.996E+11,7.784,0.04592,0.00011,1484,0.000937,0.03618,0.6545,22.66,-0.9761,0.3228,0.1066,0.09481,-0.02493,0.08124,0.0618,0.02092,-0.04246,0.05798,30.34,2412,274500,51040000,-1558,1845000,156900,-3.405E+12,-2.895E+11,-24600000000,1.26E+19,2.616E+12,2.223E+11,7.718E+15,neutral
7.394,0.05699,0.000216,198.8,0.00131,0.04826,0.06945,17.7,0.03748,0.4491,0.2655,0.191,0.1385,0.1511,0.1379,0.1165,0.1068,0.06673,17.18,2015,247000,48930000,348.7,486.6,4.77,1797000000,71190000,1496000,9.958E+15,645800000,13310000,7.04E+11,7.45,0.04194,8.00E-05,1485,0.000828,0.03171,0.6593,23.83,-0.9776,0.2593,0.1258,0.07912,-0.02546,0.06415,0.04348,0.01164,-0.04543,0.04969,32.92,2800,321200,60160000,-1623,1847000,156800,-3.411E+12,-2.897E+11,-24600000000,1.26E+19,2.618E+12,2.223E+11,7.715E+15,neutral
9.878,0.05538,6.30E-05,170.5,0.000514,0.01909,0.02943,23.06,0.03807,0.3874,0.2576,0.1909,0.1778,0.1311,0.1159,0.08692,0.09193,0.02861,15.88,1567,209600,42310000,274.5,418.8,24.43,1548000000,23600000,7661000,8.586E+15,219000000,68610000,3.603E+12,7.723,0.04339,1.70E-05,1518,0.000401,0.0153,0.6372,22.82,-0.9764,0.2194,0.1341,0.1803,-0.03026,-0.000956,-0.007415,-0.007551,-0.02392,0.02446,30.77,2637,325000,60090000,-1642,1849000,156800,-3.417E+12,-2.898E+11,-24580000000,1.26E+19,2.619E+12,2.222E+11,7.708E+15,sad
10.91,0.06748,5.50E-05,203.9,0.000599,0.0221,0.04246,25.88,0.05262,0.3923,0.2003,0.1385,0.1534,0.1315,0.1009,0.09309,0.09072,0.03278,17.63,1735,225200,44530000,292,409.6,19.12,1516000000,31940000,5991000,8.412E+15,294500000,53600000,2.816E+12,8.145,0.04648,2.20E-05,1497,0.000474,0.01803,0.6062,23.87,-0.9732,0.1944,0.1731,0.1848,-0.002499,0.02067,0.012,0.005928,-0.05249,0.02829,31.03,2673,326000,60620000,-1630,1850000,156700,-3.422E+12,-2.899E+11,-24560000000,1.27E+19,2.62E+12,2.219E+11,7.697E+15,sad
11.45,0.0734,6.30E-05,207.6,0.000632,0.02383,0.03579,26.05,0.04654,0.3461,0.2045,0.3173,0.1927,0.1439,0.1036,0.09181,0.1001,0.03389,16.85,1415,171000,33800000,283.3,403.1,13.64,1493000000,40250000,4275000,8.29E+15,368500000,38170000,2.009E+12,11.22,0.06884,2.40E-05,1503,0.000535,0.02055,0.5955,30.21,-0.9669,0.4856,0.1406,0.05952,-0.07313,-0.04799,-0.02198,-0.000554,-0.03787,0.03252,29.51,2050,242900,44710000,-1586,1851000,156700,-3.428E+12,-2.9E+11,-24540000000,1.27E+19,2.621E+12,2.218E+11,7.688E+15,sad
10.02,0.06645,9.70E-05,183.6,0.00073,0.02777,0.05585,24.53,0.0466,0.4112,0.2501,0.1883,0.1541,0.1211,0.122,0.1162,0.08427,0.03841,17.91,1804,229800,45190000,304.1,439,15.7,1627000000,41870000,4918000,9.043E+15,382900000,44030000,2.31E+12,8.677,0.05233,3.00E-05,1510,0.000509,0.01975,0.6427,26.32,-0.9731,0.3164,0.2091,0.1582,-0.02653,-0.005343,-0.03237,-0.04178,-0.06219,0.03073,30.93,2574,313700,58890000,-1646,1853000,156600,-3.433E+12,-2.902E+11,-24520000000,1.27E+19,2.622E+12,2.216E+11,7.68E+15,sad
10.3,0.06941,6.70E-05,171.8,0.000642,0.02395,0.0629,22.05,0.0642,0.4351,0.2299,0.154,0.1769,0.1365,0.1036,0.09941,0.08139,0.03327,18.63,2008,248000,48380000,298.1,518.8,18.35,1924000000,48790000,5746000,1.07E+16,443800000,51660000,2.698E+12,7.889,0.04717,1.90E-05,1494,0.000394,0.015,0.6753,24.74,-0.9709,0.1204,0.1946,0.1595,0.00367,0.01914,0.002951,0.005357,-0.01335,0.02306,33.82,3138,378100,71910000,-1732,1854000,156500,-3.439E+12,-2.903E+11,-24500000000,1.28E+19,2.624E+12,2.215E+11,7.672E+15,sad
15.33,0.135,0.000781,237.1,0.002262,0.08449,0.03512,33.88,0.1134,0.3399,0.3126,0.1893,0.1547,0.1198,0.1171,0.112,0.1012,0.1295,22.91,1570,173200,33000000,327.9,322.7,5.84,1198000000,56500000,1828000,6.669E+15,515500000,16580000,8.583E+11,11.88,0.08278,0.000275,1509,0.00145,0.05671,0.6864,32.33,-0.9479,0.34,0.01268,0.1201,-0.03931,0.0742,0.01653,0.003497,-0.07678,0.104,36.92,2560,244900,46720000,-1405,1856000,156500,-3.444E+12,-2.905E+11,-24490000000,1.28E+19,2.625E+12,2.214E+11,7.667E+15,angry
10.22,0.09705,0.000469,218.4,0.001668,0.06296,0.0482,27.51,0.06596,0.3598,0.2902,0.1926,0.137,0.1005,0.1289,0.1178,0.1126,0.104,21.29,1794,187400,37080000,383.7,353.5,5.815,1313000000,61060000,1820000,7.315E+15,556000000,16610000,8.547E+11,10.64,0.0691,0.000155,1507,0.001105,0.04315,0.6515,33.06,-0.9601,0.3038,0.1094,0.08631,-0.01614,0.07885,0.02401,-0.007168,-0.08968,0.08046,37.33,2837,288800,54170000,-1521,1857000,156500,-3.449E+12,-2.907E+11,-24490000000,1.28E+19,2.627E+12,2.214E+11,7.667E+15,angry
11.37,0.115,0.000312,192.3,0.001406,0.05345,0.04006,29.5,0.07774,0.3809,0.285,0.1409,0.1255,0.1116,0.119,0.1074,0.09459,0.1012,22.27,1797,201000,38900000,377.3,339.3,9.636,1261000000,38540000,3016000,7.03E+15,353300000,26810000,1.416E+12,9.796,0.07082,0.000128,1502,0.00104,0.04083,0.6481,29.5,-0.9608,0.2951,0.1224,0.06842,-0.06837,0.02362,-0.03145,-0.0105,-0.0621,0.08061,35.38,2681,276700,53030000,-1468,1858000,156500,-3.453E+12,-2.908E+11,-24490000000,1.28E+19,2.628E+12,2.213E+11,7.664E+15,angry
9.471,0.08874,0.000313,226.1,0.001549,0.05838,0.03966,25.3,0.06161,0.3118,0.2813,0.1773,0.1276,0.1127,0.09595,0.1088,0.08969,0.1106,20.13,1648,175500,34600000,390.6,325.8,4.55,1211000000,44860000,1424000,6.758E+15,409900000,12520000,6.683E+11,9.318,0.05924,0.000164,1501,0.001238,0.04823,0.6356,28.24,-0.9672,0.3623,0.09983,0.07432,-0.03691,0.02716,-0.02534,-0.003015,-0.07174,0.09392,33.83,2452,253400,47370000,-1420,1859000,156500,-3.458E+12,-2.909E+11,-24480000000,1.29E+19,2.629E+12,2.212E+11,7.661E+15,angry
16.88,0.1507,0.000464,235.1,0.001948,0.07361,0.04958,40.1,0.1291,0.3385,0.3187,0.1608,0.1163,0.127,0.1149,0.09872,0.09385,0.1319,23.96,1723,178800,33880000,355.5,307.1,4.018,1143000000,46020000,1257000,6.379E+15,418500000,11210000,5.901E+11,12.87,0.0923,0.000223,1505,0.001373,0.05348,0.6827,34.62,-0.9423,0.4043,0.07277,0.07391,-0.04559,0.002646,-0.0429,-9.00E-05,-0.05109,0.1029,35.34,2349,219600,42390000,-1402,1861000,156500,-3.462E+12,-2.911E+11,-24480000000,1.29E+19,2.631E+12,2.212E+11,7.658E+15,angry
21.77,0.158,0.000172,171.5,0.001594,0.05932,0.05358,44.96,0.1608,0.2779,0.3389,0.1672,0.1596,0.1156,0.1144,0.1052,0.105,0.07523,25.43,1338,167500,30530000,271.9,391.6,3.951,1458000000,62170000,1236000,8.144E+15,565700000,11100000,5.802E+11,15.25,0.1033,7.50E-05,1540,0.00094,0.03667,0.7033,38.73,-0.9254,0.3948,0.03639,0.08454,-0.03827,0.04402,-0.02687,0.03507,-0.0475,0.06082,39.17,2496,233800,45430000,-1546,1862000,156400,-3.466E+12,-2.913E+11,-24470000000,1.29E+19,2.632E+12,2.212E+11,7.658E+15,disgust
11.77,0.1037,0.000154,197.7,0.001421,0.05291,0.03076,26.45,0.07383,0.2927,0.3744,0.1388,0.1372,0.1143,0.1091,0.1101,0.1116,0.06822,20.29,1402,171000,33590000,275.2,379.9,8.332,1416000000,46530000,2607000,7.912E+15,424200000,23240000,1.223E+12,9.91,0.06338,6.50E-05,1535,0.000903,0.03483,0.6882,28.37,-0.9628,0.3483,0.05265,0.1171,-0.009296,0.07345,0.01087,0.01145,-0.06021,0.05525,34.56,2497,259200,48990000,-1520,1863000,156400,-3.471E+12,-2.914E+11,-24470000000,1.29E+19,2.634E+12,2.211E+11,7.655E+15,disgust
25.5,0.1816,9.30E-05,178.3,0.000695,0.02604,0.02656,56.09,0.1776,0.2474,0.3557,0.1668,0.1379,0.1261,0.09262,0.1061,0.09491,0.05138,25.98,1188,167300,31460000,223.8,396.9,7.477,1480000000,67620000,2339000,8.278E+15,612100000,20980000,1.098E+12,17.87,0.1185,4.40E-05,1530,0.000521,0.02112,0.6723,43.29,-0.9071,0.3718,0.03592,0.09962,0.005487,0.08054,7.70E-05,0.03705,-0.02942,0.04572,39.01,2406,240300,46490000,-1583,1864000,156400,-3.476E+12,-2.916E+11,-24460000000,1.30E+19,2.635E+12,2.211E+11,7.653E+15,disgust
18.69,0.1435,0.000109,191.1,0.000878,0.03284,0.04169,40.97,0.1332,0.2773,0.3649,0.2141,0.1715,0.1388,0.1328,0.1235,0.104,0.05409,23.39,1284,159000,29590000,262.1,368.5,8.532,1375000000,54920000,2669000,7.696E+15,502800000,23970000,1.252E+12,14.82,0.1009,5.40E-05,1507,0.000695,0.02726,0.6272,39.63,-0.9349,0.4656,-0.02073,0.07201,-0.05366,0.01551,-0.02196,0.02071,-0.03769,0.05116,37.29,2259,210300,40060000,-1519,1866000,156400,-3.481E+12,-2.918E+11,-24460000000,1.30E+19,2.637E+12,2.211E+11,7.652E+15,disgust
24.83,0.1495,0.000127,180.1,0.000783,0.0295,0.04036,50.88,0.1894,0.2895,0.3426,0.17,0.1677,0.1213,0.126,0.1243,0.1123,0.05788,24.43,1281,172400,31870000,267.4,370.8,6.896,1384000000,51610000,2157000,7.755E+15,472500000,19120000,1.012E+12,15.33,0.09815,5.90E-05,1527,0.000673,0.02671,0.6113,38.75,-0.9214,0.4533,-0.02454,0.04085,-0.02381,0.04802,-0.02638,-0.001579,-0.07091,0.0559,36.69,2250,215000,41600000,-1492,1867000,156400,-3.486E+12,-2.92E+11,-24460000000,1.30E+19,2.639E+12,2.21E+11,7.649E+15,disgust
16.52,0.1333,0.000357,218.7,0.001754,0.066,0.02809,36.97,0.1183,0.3043,0.3025,0.1488,0.1236,0.1102,0.09205,0.1063,0.08794,0.1181,22.09,1419,170500,33580000,320.9,361.9,18.16,1352000000,87680000,5679000,7.578E+15,794800000,51400000,2.664E+12,12.69,0.0888,0.000182,1530,0.001379,0.05361,0.6459,33.22,-0.9456,0.4575,0.07509,0.06923,-0.02976,0.04445,-0.01665,-0.002895,-0.06476,0.1052,33.29,2129,216600,40960000,-1417,1868000,156400,-3.491E+12,-2.922E+11,-24460000000,1.30E+19,2.641E+12,2.21E+11,7.65E+15,happy
22.06,0.1539,0.000338,200.1,0.001688,0.06316,0.04471,49,0.163,0.2786,0.3113,0.2051,0.1464,0.1082,0.0946,0.1196,0.09352,0.1032,24.46,1379,153800,29720000,285.8,347.6,12.29,1300000000,73950000,3845000,7.289E+15,673700000,35000000,1.804E+12,16.22,0.1086,0.000155,1519,0.00119,0.04675,0.678,41.61,-0.9237,0.4645,-0.02125,0.06496,-0.01701,0.04532,-0.01898,-0.01515,-0.06721,0.09167,37.02,2145,191900,36910000,-1424,1870000,156400,-3.495E+12,-2.924E+11,-24470000000,1.31E+19,2.643E+12,2.211E+11,7.653E+15,happy
17.42,0.1334,0.000419,232.5,0.001843,0.06852,0.05765,40.06,0.1336,0.3171,0.3162,0.1095,0.1257,0.1084,0.1162,0.1306,0.09389,0.1045,23.33,1539,182700,35420000,306,377.3,18.95,1412000000,90240000,5928000,7.922E+15,821800000,53920000,2.782E+12,11.4,0.07472,0.000186,1507,0.001481,0.05699,0.6248,29.86,-0.95,0.403,0.1213,0.1124,0.000604,0.05107,-0.02397,0.00792,-0.04793,0.09574,31.32,2106,215800,41570000,-1432,1871000,156400,-3.5E+12,-2.927E+11,-24470000000,1.31E+19,2.645E+12,2.212E+11,7.657E+15,happy
22.06,0.1539,0.000338,200.1,0.001688,0.06316,0.04471,49,0.163,0.2786,0.3113,0.2051,0.1464,0.1082,0.0946,0.1196,0.09352,0.1032,24.46,1379,153800,29720000,285.8,347.6,12.29,1301000000,73990000,3846000,7.309E+15,674100000,35010000,1.805E+12,16.22,0.1086,0.000155,1519,0.00119,0.04675,0.678,41.61,-0.9237,0.4645,-0.02125,0.06496,-0.01701,0.04532,-0.01898,-0.01515,-0.06721,0.09167,37.02,2145,191900,36910000,-1424,1872000,156500,-3.504E+12,-2.929E+11,-24480000000,1.31E+19,2.647E+12,2.212E+11,7.66E+15,happy
22.06,0.1539,0.000338,200.1,0.001688,0.06316,0.04471,49,0.163,0.2786,0.3113,0.2051,0.1464,0.1082,0.0946,0.1196,0.09352,0.1032,24.46,1379,153800,29720000,285.8,347.6,12.29,1302000000,74010000,3847000,7.318E+15,674200000,35020000,1.806E+12,16.22,0.1086,0.000155,1519,0.00119,0.04675,0.678,41.61,-0.9237,0.4645,-0.02125,0.06496,-0.01701,0.04532,-0.01898,-0.01515,-0.06721,0.09167,37.02,2145,191900,36910000,-1424,1873000,156500,-3.509E+12,-2.931E+11,-24480000000,1.32E+19,2.649E+12,2.213E+11,7.663E+15,happy
9.656,0.09195,0.000221,233.2,0.001411,0.05126,0.03705,24.12,0.06284,0.289,0.3158,0.1444,0.1455,0.08543,0.09654,0.08525,0.1077,0.08369,17.67,1417,177300,34450000,298.8,382.3,9.953,1433000000,44820000,3115000,8.061E+15,408700000,27820000,1.462E+12,8.627,0.05861,9.50E-05,1441,0.001161,0.04398,0.6172,23.97,-0.973,0.4418,0.1805,0.1098,-0.02935,0.007077,-0.02638,0.002465,-0.0197,0.07424,26.23,1828,214200,40420000,-1462,1874000,156500,-3.514E+12,-2.933E+11,-24480000000,1.32E+19,2.651E+12,2.213E+11,7.661E+15,neutral
5.063,0.04018,0.00031,247.4,0.001592,0.05952,0.05031,15.3,0.02759,0.251,0.2598,0.1906,0.1605,0.1109,0.1015,0.103,0.09915,0.1048,13.85,1192,138800,27080000,299.2,379.4,12.49,1423000000,40710000,3907000,8.01E+15,371100000,34980000,1.834E+12,7.925,0.04755,0.00013,1457,0.001272,0.04879,0.6116,21.53,-0.982,0.5139,0.1797,0.1004,-0.05647,-0.007336,-0.03953,0.0208,0.009033,0.08459,25.26,1733,206500,37480000,-1425,1876000,156400,-3.519E+12,-2.934E+11,-24470000000,1.32E+19,2.652E+12,2.212E+11,7.656E+15,neutral
9.51,0.09546,0.000401,233.1,0.001575,0.06063,0.03568,25.88,0.06406,0.2868,0.3042,0.1852,0.1481,0.1172,0.09725,0.09277,0.1073,0.1087,18.55,1346,140600,27690000,274.4,321.3,6.819,1206000000,46960000,2133000,6.793E+15,424500000,19040000,1.001E+12,9.147,0.06366,0.000186,1478,0.001481,0.05819,0.5901,24.64,-0.9703,0.5079,0.08594,0.06701,-0.1002,-0.02405,-0.02869,0.0177,0.003018,0.107,27.35,1680,173000,32120000,-1329,1877000,156400,-3.523E+12,-2.936E+11,-24460000000,1.32E+19,2.653E+12,2.211E+11,7.652E+15,neutral
5.802,0.04829,0.000215,241.6,0.001316,0.04821,0.05323,15.56,0.03283,0.3106,0.2877,0.1622,0.1414,0.1016,0.0901,0.1037,0.09857,0.07929,15.94,1465,184900,36460000,308.8,408.1,7.899,1533000000,52790000,2471000,8.638E+15,479200000,22110000,1.159E+12,7.401,0.04379,7.80E-05,1454,0.000967,0.03704,0.6225,20.4,-0.9816,0.3862,0.2144,0.1072,-0.05843,0.02721,-0.008977,0.01979,-0.01962,0.0625,27.66,2133,259800,48830000,-1522,1878000,156400,-3.528E+12,-2.937E+11,-24460000000,1.33E+19,2.655E+12,2.21E+11,7.649E+15,neutral
5.063,0.04018,0.00031,247.4,0.001592,0.05952,0.05031,15.3,0.02759,0.251,0.2598,0.1906,0.1605,0.1109,0.1015,0.103,0.09915,0.1048,13.85,1192,138800,27080000,299.2,379.4,12.49,1426000000,40650000,3905000,8.043E+15,370600000,34960000,1.832E+12,7.925,0.04755,0.00013,1457,0.001272,0.04879,0.6116,21.53,-0.982,0.5139,0.1797,0.1004,-0.05647,-0.007336,-0.03953,0.0208,0.009033,0.08459,25.26,1733,206500,37480000,-1425,1880000,156400,-3.533E+12,-2.939E+11,-24450000000,1.33E+19,2.656E+12,2.21E+11,7.645E+15,neutral
14.03,0.1205,4.30E-05,198.5,0.000745,0.02762,0.03719,33.89,0.08778,0.2641,0.291,0.1694,0.1483,0.1037,0.1026,0.1165,0.102,0.04564,19.64,1291,164400,31590000,256.5,399,5.48,1501000000,58960000,1713000,8.47E+15,535600000,15330000,8.036E+11,10.48,0.07046,2.20E-05,1501,0.000533,0.0207,0.6406,29.28,-0.9582,0.3408,0.1556,0.1385,-0.07819,-0.005856,-0.03042,0.03155,0.004947,0.03721,33.02,2430,275900,51610000,-1590,1881000,156300,-3.538E+12,-2.941E+11,-24440000000,1.33E+19,2.658E+12,2.209E+11,7.642E+15,sad
14.24,0.1302,7.20E-05,191.9,0.000629,0.02388,0.04667,33.37,0.091,0.2805,0.3082,0.1594,0.1492,0.1172,0.1139,0.1106,0.09864,0.0448,19.3,1244,168400,32640000,278.6,391.3,18.56,1473000000,26770000,5802000,8.319E+15,245400000,52170000,2.721E+12,11,0.07971,3.40E-05,1501,0.000465,0.01835,0.6128,31.22,-0.9556,0.3485,0.1476,0.1198,-0.1179,-0.007907,-0.08866,0.0155,-0.001662,0.03664,34.77,2535,285400,53590000,-1569,1882000,156300,-3.543E+12,-2.942E+11,-24430000000,1.33E+19,2.659E+12,2.208E+11,7.637E+15,sad
16.58,0.142,6.30E-05,184.6,0.000793,0.0295,0.03704,39.76,0.1089,0.2758,0.3107,0.1753,0.1551,0.129,0.1243,0.1203,0.1039,0.05166,21.54,1277,167400,32040000,261.3,378.4,6.173,1425000000,50000000,1929000,8.055E+15,452500000,17310000,9.044E+11,11.82,0.08349,2.80E-05,1495,0.000553,0.02167,0.6417,32.85,-0.9481,0.3491,0.1092,0.1052,-0.09403,0.007552,-0.05138,0.0278,-0.02473,0.04132,35.12,2487,269200,51250000,-1568,1884000,156300,-3.548E+12,-2.944E+11,-24420000000,1.34E+19,2.66E+12,2.207E+11,7.631E+15,sad
12.92,0.1218,9.50E-05,187.3,0.00102,0.03866,0.04176,31.36,0.08647,0.2921,0.316,0.1664,0.145,0.1246,0.1179,0.09579,0.111,0.05923,19.33,1412,192300,37650000,317.6,406.9,12.77,1534000000,40350000,3989000,8.674E+15,367800000,35790000,1.869E+12,9.683,0.06797,4.30E-05,1516,0.000731,0.02829,0.6406,27.84,-0.9627,0.3554,0.1642,0.1123,-0.0797,-0.04146,-0.05704,0.02308,0.005654,0.04891,30.93,2277,260700,49460000,-1533,1885000,156200,-3.553E+12,-2.945E+11,-24410000000,1.34E+19,2.662E+12,2.206E+11,7.627E+15,sad
19.65,0.1541,4.00E-05,155.6,0.000568,0.02148,0.04093,43.33,0.136,0.2262,0.3252,0.1523,0.1387,0.114,0.132,0.1183,0.1195,0.04082,22.23,1142,156700,29750000,257.3,352.7,10.95,1330000000,36440000,3422000,7.529E+15,331300000,30720000,1.604E+12,13.6,0.09661,2.10E-05,1523,0.000463,0.01828,0.618,37.16,-0.9366,0.3697,0.06585,0.1108,-0.06913,0.009256,-0.06989,0.0268,-0.04924,0.03713,37.28,2523,262500,49520000,-1542,1886000,156200,-3.558E+12,-2.947E+11,-24400000000,1.34E+19,2.663E+12,2.205E+11,7.622E+15,sad
4.567,0.04139,0.000441,270.9,0.001868,0.07076,0.0876,12.61,0.01915,0.3517,0.2482,0.1829,0.1347,0.1314,0.1023,0.101,0.1213,0.1473,12.42,1472,183200,36120000,339.4,481.9,17.87,1820000000,61970000,5582000,1.03E+16,568200000,49530000,2.615E+12,8.018,0.05143,0.000244,1467,0.001755,0.06792,0.559,21,-0.9831,0.5587,0.08569,-0.06923,-0.1154,-0.03031,-0.05168,-0.02484,0.000213,0.1332,24.79,1573,184900,34250000,-1351,1888000,156200,-3.564E+12,-2.948E+11,-24390000000,1.35E+19,2.665E+12,2.204E+11,7.618E+15,angry
79.23,0.34,0.000579,334.4,0.002246,0.08345,0.06855,140.3,0.684,0.2206,0.2313,0.1876,0.2225,0.1367,0.09089,0.08814,0.08176,0.1685,68.12,1051,130700,18600000,843.3,435.5,15.01,1645000000,41010000,4685000,9.327E+15,368900000,42490000,2.194E+12,42.05,0.1947,0.000307,1406,0.00228,0.08733,0.535,79.65,-0.6929,0.6784,0.08336,0.004057,-0.05268,-0.03013,-0.04321,-0.006749,0.04535,0.1661,49.18,1108,54380,17860000,-1485,1889000,156100,-3.57E+12,-2.95E+11,-24370000000,1.35E+19,2.666E+12,2.202E+11,7.608E+15,angry
2.886,0.03251,0.000515,304,0.002169,0.08222,0.07097,7.902,0.01371,0.3023,0.2444,0.1723,0.1414,0.1478,0.1008,0.08453,0.09524,0.1595,11.12,1292,157800,31000000,329.4,440.4,18.06,1666000000,38930000,5637000,9.449E+15,355000000,50530000,2.639E+12,6.714,0.03696,0.000307,1432,0.002263,0.08715,0.5635,17.26,-0.9888,0.5743,0.1136,-0.002187,-0.0763,-0.008327,-0.006086,-0.005938,0.01239,0.159,21.59,1330,155900,28130000,-1247,1891000,156100,-3.576E+12,-2.951E+11,-24350000000,1.35E+19,2.667E+12,2.201E+11,7.601E+15,angry
3.719,0.03584,0.000695,283.8,0.001982,0.07506,0.05057,8.18,0.009085,0.385,0.2517,0.2072,0.1481,0.1723,0.1329,0.09904,0.1174,0.1468,12.99,1706,207900,41200000,402,444.7,32.47,1683000000,10220000,10130000,9.555E+15,91330000,91500000,4.739E+12,6.667,0.04218,0.000345,1429,0.001858,0.07191,0.5814,18.44,-0.9872,0.4992,0.1016,-0.06124,-0.1266,0.002606,-0.01273,-0.0341,-0.03206,0.137,24.74,1785,214700,39940000,-1326,1892000,156000,-3.581E+12,-2.952E+11,-24330000000,1.36E+19,2.668E+12,2.199E+11,7.588E+15,angry
8.386,0.06931,0.000485,295.5,0.002235,0.08595,0.08363,18.13,0.06976,0.3206,0.304,0.1676,0.1509,0.1026,0.108,0.09424,0.09057,0.1751,16.3,1506,157300,31380000,366.9,454.9,21.13,1723000000,31750000,6588000,9.791E+15,292000000,59100000,3.081E+12,8.488,0.05468,0.000288,1452,0.002245,0.08738,0.5577,22.02,-0.9762,0.5817,0.06567,-0.01863,-0.127,-0.06308,-0.03166,-2.30E-05,0.03049,0.1662,24.7,1459,153000,28550000,-1268,1894000,155900,-3.587E+12,-2.952E+11,-24300000000,1.36E+19,2.668E+12,2.196E+11,7.575E+15,angry
15.76,0.1543,0.000361,235.3,0.001301,0.04863,0.04363,36.62,0.1136,0.3782,0.3053,0.1693,0.1783,0.1125,0.1185,0.1228,0.1217,0.08833,22.81,1589,183700,36190000,284.9,477.4,7.173,1810000000,73700000,2236000,1.03E+16,667600000,20130000,1.045E+12,11.45,0.08738,0.000157,1493,0.001324,0.05135,0.589,29.69,-0.9517,0.4113,0.005346,0.1118,-0.04559,0.003577,-0.07069,-0.008401,0.03393,0.09801,30.91,2007,195000,37210000,-1371,1896000,155800,-3.593E+12,-2.954E+11,-24280000000,1.36E+19,2.67E+12,2.195E+11,7.568E+15,disgust
14.15,0.1214,0.000552,218.1,0.001602,0.05931,0.05731,34.95,0.1034,0.5947,0.2755,0.19,0.1796,0.1302,0.137,0.1112,0.1185,0.09964,27.77,3186,269600,58410000,458.4,482,12.16,1829000000,97490000,3790000,1.04E+16,880500000,34190000,1.772E+12,12.41,0.06914,0.000206,1515,0.001297,0.05028,0.6075,38.27,-0.9454,0.1929,0.00029,0.1851,-0.02824,0.01321,-0.01756,-0.001403,-0.004424,0.09076,41.48,3434,285200,58550000,-1553,1897000,155800,-3.6E+12,-2.957E+11,-24290000000,1.37E+19,2.672E+12,2.195E+11,7.569E+15,disgust
11.15,0.1038,0.000215,230.5,0.001307,0.04952,0.04106,28.53,0.07075,0.3561,0.3066,0.1861,0.1832,0.124,0.1192,0.08877,0.1253,0.08814,21.43,1640,192600,38410000,299.3,516.4,12.5,1961000000,63070000,3895000,1.12E+16,573200000,34940000,1.821E+12,9.704,0.06722,0.000113,1510,0.001269,0.04936,0.5792,26.38,-0.9654,0.427,0.0638,0.0483,-0.07536,-0.02167,-0.05244,-0.01642,0.02494,0.08997,29.66,1971,206200,39340000,-1389,1899000,155800,-3.606E+12,-2.959E+11,-24280000000,1.37E+19,2.674E+12,2.195E+11,7.567E+15,disgust
11.15,0.1038,0.000215,230.5,0.001307,0.04952,0.04106,28.53,0.07075,0.3561,0.3066,0.1861,0.1832,0.124,0.1192,0.08877,0.1253,0.08814,21.43,1640,192600,38410000,299.3,516.4,12.5,1963000000,63030000,3893000,1.12E+16,572800000,34930000,1.819E+12,9.704,0.06722,0.000113,1510,0.001269,0.04936,0.5792,26.38,-0.9654,0.427,0.0638,0.0483,-0.07536,-0.02167,-0.05244,-0.01642,0.02494,0.08997,29.66,1971,206200,39340000,-1389,1901000,155800,-3.613E+12,-2.961E+11,-24260000000,1.37E+19,2.676E+12,2.193E+11,7.559E+15,disgust
15.76,0.1543,0.000361,235.3,0.001301,0.04863,0.04363,36.62,0.1136,0.3782,0.3053,0.1693,0.1783,0.1125,0.1185,0.1228,0.1217,0.08833,22.81,1589,183700,36190000,284.9,477.4,7.173,1817000000,73660000,2234000,1.04E+16,667200000,20110000,1.044E+12,11.45,0.08738,0.000157,1493,0.001324,0.05135,0.589,29.69,-0.9517,0.4113,0.005346,0.1118,-0.04559,0.003577,-0.07069,-0.008401,0.03393,0.09801,30.91,2007,195000,37210000,-1371,1903000,155700,-3.62E+12,-2.963E+11,-24250000000,1.38E+19,2.678E+12,2.192E+11,7.554E+15,disgust
7.394,0.06315,0.000336,299.1,0.001738,0.06568,0.05894,18.25,0.04391,0.4655,0.2762,0.1914,0.1805,0.1112,0.1308,0.1224,0.1291,0.1218,14.61,1704,229100,45810000,372.2,522.5,19.71,1990000000,45410000,6138000,1.14E+16,413300000,55190000,2.867E+12,7.632,0.04925,0.000202,1441,0.001519,0.05898,0.5922,20.94,-0.9795,0.3778,0.1004,0.05055,-0.1145,0.02252,-0.03925,-0.0109,0.05294,0.1121,27.65,2179,268500,50570000,-1392,1904000,155700,-3.626E+12,-2.965E+11,-24240000000,1.38E+19,2.679E+12,2.191E+11,7.547E+15,happy
3.225,0.03025,0.000254,272.6,0.001214,0.04613,0.04177,9.525,0.009634,0.4279,0.2719,0.2239,0.1669,0.1327,0.1383,0.1175,0.1142,0.08162,11.27,1610,220300,43290000,317.3,447,23.46,1704000000,25340000,7302000,9.743E+15,233400000,65610000,3.408E+12,5.881,0.03345,0.000138,1449,0.001157,0.04455,0.5863,17.33,-0.9881,0.375,0.04795,0.03076,-0.07616,0.03122,-0.03926,-0.009659,0.04593,0.07917,26.02,2069,255400,46990000,-1395,1906000,155600,-3.633E+12,-2.966E+11,-24210000000,1.39E+19,2.68E+12,2.188E+11,7.534E+15,happy
5.467,0.04347,0.000377,292.4,0.001967,0.07399,0.04563,12.61,0.02251,0.3996,0.2737,0.1614,0.1752,0.1201,0.1077,0.1134,0.1128,0.1242,10.89,1452,214800,42950000,356.2,448.1,19.71,1709000000,36130000,6131000,9.782E+15,326800000,55510000,2.86E+12,6.848,0.04202,0.000255,1450,0.001829,0.07027,0.5853,18.32,-0.986,0.4632,0.1271,0.03113,-0.1064,-0.009803,-0.03105,-0.0377,0.01927,0.1235,23.47,1706,223100,41770000,-1342,1907000,155500,-3.638E+12,-2.966E+11,-24180000000,1.39E+19,2.681E+12,2.186E+11,7.521E+15,happy
3.225,0.03025,0.000254,272.6,0.001214,0.04613,0.04177,9.525,0.009634,0.4279,0.2719,0.2239,0.1669,0.1327,0.1383,0.1175,0.1142,0.08162,11.27,1610,220300,43290000,317.3,447,23.46,1707000000,25190000,7294000,9.775E+15,232200000,65540000,3.401E+12,5.881,0.03345,0.000138,1449,0.001157,0.04455,0.5863,17.33,-0.9881,0.375,0.04795,0.03076,-0.07616,0.03122,-0.03926,-0.009659,0.04593,0.07917,26.02,2069,255400,46990000,-1395,1909000,155400,-3.644E+12,-2.967E+11,-24160000000,1.39E+19,2.682E+12,2.184E+11,7.51E+15,happy
7.394,0.06315,0.000336,299.1,0.001738,0.06568,0.05894,18.25,0.04391,0.4655,0.2762,0.1914,0.1805,0.1112,0.1308,0.1224,0.1291,0.1218,14.61,1704,229100,45810000,372.2,522.5,19.71,1997000000,45120000,6125000,1.15E+16,410700000,55070000,2.854E+12,7.632,0.04925,0.000202,1441,0.001519,0.05898,0.5922,20.94,-0.9795,0.3778,0.1004,0.05055,-0.1145,0.02252,-0.03925,-0.0109,0.05294,0.1121,27.65,2179,268500,50570000,-1392,1911000,155400,-3.651E+12,-2.968E+11,-24130000000,1.40E+19,2.683E+12,2.181E+11,7.498E+15,happy
7.936,0.07,0.000283,269.6,0.001141,0.04324,0.04546,19.32,0.03979,0.252,0.2336,0.2053,0.1835,0.1243,0.1369,0.1149,0.1489,0.08934,15.51,1195,116800,22790000,278.4,470.9,18.59,1801000000,38720000,5772000,1.03E+16,352900000,51910000,2.689E+12,9.65,0.06926,0.000177,1451,0.001136,0.04445,0.5733,25.62,-0.9733,0.6023,-0.02863,-0.04523,-0.1667,-0.04825,-0.07693,-0.04318,0.01635,0.0892,28.7,1671,169100,30340000,-1370,1912000,155300,-3.657E+12,-2.969E+11,-24110000000,1.40E+19,2.684E+12,2.179E+11,7.486E+15,neutral
6.451,0.05644,0.000223,247.2,0.000895,0.03274,0.03471,16.3,0.03277,0.3611,0.3232,0.2119,0.1512,0.1268,0.1085,0.1099,0.138,0.06111,12.75,1395,192200,38160000,247,418.8,14.61,1603000000,38820000,4534000,9.205E+15,352900000,40760000,2.111E+12,7.136,0.04587,0.000131,1475,0.000896,0.03419,0.5556,18.82,-0.9827,0.5058,0.03329,0.04001,-0.04191,-0.06389,-0.07469,-0.007181,0.06312,0.06104,23.16,1548,187500,34940000,-1458,1914000,155200,-3.663E+12,-2.971E+11,-24090000000,1.40E+19,2.685E+12,2.177E+11,7.477E+15,neutral
6.151,0.04798,0.000181,248.2,0.000923,0.03475,0.04947,12.05,0.04385,0.365,0.3065,0.1864,0.1625,0.1303,0.1092,0.1119,0.1358,0.06536,11.6,1348,187500,37520000,275.6,453.7,5.974,1738000000,61230000,1854000,9.988E+15,555000000,16540000,8.629E+11,7.262,0.04361,0.000112,1460,0.000922,0.0358,0.5529,18.68,-0.9821,0.4844,0.04712,0.02907,-0.07971,-0.04935,-0.05582,0.007713,0.08517,0.06552,24.69,1773,219200,40640000,-1474,1915000,155200,-3.669E+12,-2.972E+11,-24080000000,1.41E+19,2.686E+12,2.176E+11,7.471E+15,neutral
8.291,0.06921,0.000197,228.4,0.001018,0.03838,0.06309,20.01,0.04098,0.2989,0.299,0.2165,0.1849,0.1343,0.1276,0.1344,0.1591,0.07293,16.4,1384,161400,31980000,272.6,496.8,6.716,1905000000,69910000,2084000,1.10E+16,634400000,18520000,9.697E+11,10.46,0.0736,0.000127,1473,0.000994,0.0387,0.5793,26.81,-0.9713,0.6097,0.02108,-0.07021,-0.1707,-0.06753,-0.08472,-0.01305,0.04567,0.0735,28.64,1706,185000,34250000,-1458,1917000,155100,-3.675E+12,-2.974E+11,-24070000000,1.41E+19,2.688E+12,2.175E+11,7.467E+15,neutral
10.17,0.1043,0.000247,243.3,0.001114,0.04212,0.05557,27.44,0.06612,0.3336,0.2946,0.2379,0.1592,0.1252,0.1235,0.1314,0.1651,0.08323,17.68,1332,154700,30550000,288.3,490.1,11.11,1881000000,60250000,3446000,1.08E+16,545600000,30910000,1.603E+12,11.14,0.08432,0.000152,1451,0.001098,0.04287,0.5778,28.99,-0.9643,0.5771,-0.002994,-0.02798,-0.1407,-0.05668,-0.09493,-0.006882,0.04799,0.0839,28.92,1718,178800,33310000,-1401,1919000,155100,-3.682E+12,-2.976E+11,-24060000000,1.41E+19,2.69E+12,2.174E+11,7.462E+15,neutral
4.362,0.03255,5.70E-05,211.8,0.00084,0.03147,0.06046,10.6,0.0214,0.3228,0.2748,0.1673,0.1541,0.1507,0.1114,0.121,0.1444,0.04908,11.93,1354,174800,34320000,243.3,458,12.93,1759000000,47810000,4011000,1.01E+16,433400000,36140000,1.866E+12,5.879,0.02997,3.40E-05,1470,0.000731,0.02796,0.5606,16.27,-0.9884,0.4539,0.04743,0.08197,0.05304,-0.003304,-0.06529,-0.02752,0.03026,0.04455,23.66,1756,212800,38720000,-1505,1920000,155100,-3.688E+12,-2.978E+11,-24040000000,1.42E+19,2.691E+12,2.173E+11,7.454E+15,sad
8.953,0.07951,9.50E-05,191.6,0.000717,0.02661,0.05552,22.91,0.05396,0.3191,0.2861,0.1556,0.1565,0.1083,0.1106,0.1038,0.1136,0.03566,17.97,1548,196900,38600000,226,513.7,9.148,1975000000,65380000,2836000,1.14E+16,592000000,25460000,1.319E+12,6.771,0.04181,4.60E-05,1501,0.000645,0.02464,0.5779,19.48,-0.979,0.3643,0.1259,0.08787,0.05715,0.06814,-0.01484,-0.01333,0.01533,0.03538,25.05,1917,226900,42940000,-1561,1922000,155000,-3.695E+12,-2.98E+11,-24030000000,1.42E+19,2.693E+12,2.172E+11,7.449E+15,sad
6.368,0.05819,0.000174,219.2,0.00084,0.03123,0.05172,19.01,0.03483,0.3206,0.2771,0.185,0.1562,0.1366,0.1237,0.1068,0.1272,0.05254,13.93,1314,170300,33810000,239.4,457.5,9.194,1760000000,57890000,2849000,1.02E+16,525100000,25430000,1.325E+12,6.82,0.04171,9.90E-05,1481,0.000827,0.03206,0.5739,18.98,-0.9831,0.4535,0.05395,0.08632,0.009885,0.02071,-0.04054,-0.03733,0.009742,0.05353,25.14,1809,211800,38590000,-1470,1924000,155000,-3.701E+12,-2.981E+11,-24020000000,1.42E+19,2.695E+12,2.171E+11,7.443E+15,sad
2.882,0.02403,0.000152,210.4,0.001066,0.0399,0.0623,8.819,0.0107,0.3076,0.2186,0.1804,0.1548,0.1144,0.08595,0.09012,0.09716,0.06161,12.23,1380,176900,34490000,249.8,477.1,14.02,1837000000,48020000,4344000,1.06E+16,438900000,38840000,2.019E+12,5.181,0.02662,8.30E-05,1485,0.001035,0.03952,0.58,14.51,-0.9909,0.4364,0.1399,0.06381,0.02504,0.04673,-0.00047,-0.02165,0.002706,0.06073,21.53,1597,196400,36030000,-1454,1925000,154900,-3.707E+12,-2.983E+11,-24000000000,1.43E+19,2.696E+12,2.169E+11,7.436E+15,sad
8.953,0.07951,9.50E-05,191.6,0.000717,0.02661,0.05552,22.91,0.05396,0.3191,0.2861,0.1556,0.1565,0.1083,0.1106,0.1038,0.1136,0.03566,17.97,1548,196900,38600000,226,513.7,9.148,1980000000,65270000,2833000,1.15E+16,591000000,25440000,1.316E+12,6.771,0.04181,4.60E-05,1501,0.000645,0.02464,0.5779,19.48,-0.979,0.3643,0.1259,0.08787,0.05715,0.06814,-0.01484,-0.01333,0.01533,0.03538,25.05,1917,226900,42940000,-1561,1927000,154900,-3.714E+12,-2.985E+11,-23980000000,1.43E+19,2.697E+12,2.168E+11,7.428E+15,sad
13.35,0.1559,0.000643,243.9,0.001945,0.07342,0.03434,34.84,0.09532,0.3062,0.4187,0.2292,0.237,0.1639,0.1242,0.122,0.0979,0.1295,19.4,1488,125200,23500000,275.7,295,4.018,1138000000,49050000,1244000,6.583E+15,449400000,11160000,5.78E+11,10.1,0.08405,0.000338,1532,0.002044,0.07907,0.5897,29.55,-0.9525,0.4144,-0.1703,0.1371,0.1002,0.006593,-0.04231,0.01372,0.01054,0.1355,25.8,1617,132700,23610000,-1246,1929000,154800,-3.719E+12,-2.986E+11,-23980000000,1.44E+19,2.699E+12,2.167E+11,7.425E+15,angry
9.82,0.08003,0.000827,238.2,0.002133,0.08084,0.0319,24.46,0.06824,0.4159,0.2371,0.1677,0.155,0.1351,0.1105,0.09868,0.09002,0.1398,18.95,1909,224900,44920000,392.2,374.2,7.006,1444000000,48490000,2170000,8.361E+15,442400000,19230000,1.008E+12,6.27,0.03559,0.000336,1517,0.001659,0.06444,0.6018,18.52,-0.9776,0.243,0.05072,0.09495,-0.000252,0.02397,-0.000903,0.01954,-0.02648,0.1088,29.61,2458,270100,50640000,-1386,1930000,154800,-3.724E+12,-2.988E+11,-23970000000,1.44E+19,2.7E+12,2.166E+11,7.421E+15,angry
11.49,0.09259,0.000467,253,0.001659,0.06346,0.02115,27.83,0.07592,0.4043,0.2738,0.1495,0.1619,0.1431,0.12,0.1002,0.08592,0.1106,18.93,1788,222900,44350000,343.6,304.4,2.634,1176000000,46230000,815300,6.81E+15,417100000,7591000,3.786E+11,7.437,0.04607,0.000256,1491,0.001623,0.06303,0.5619,21.02,-0.9737,0.3545,0.03902,0.1254,0.0217,-0.000997,-0.02997,-0.01256,-0.02531,0.1104,26.54,1928,208700,39160000,-1319,1931000,154800,-3.728E+12,-2.989E+11,-23960000000,1.44E+19,2.701E+12,2.166E+11,7.417E+15,angry
12.54,0.1083,0.00068,237.8,0.002165,0.08221,0.03338,30.69,0.09131,0.3782,0.2854,0.1276,0.1615,0.1423,0.1102,0.1055,0.08257,0.1375,20.24,1724,204300,40370000,322.9,290.2,4.7,1121000000,37730000,1455000,6.498E+15,341500000,13130000,6.755E+11,7.555,0.04765,0.000374,1506,0.002052,0.07957,0.5954,20.85,-0.9706,0.361,0.04776,0.1158,-0.03566,-0.01534,-0.002367,0.02759,0.005748,0.1347,25.41,1785,184500,34730000,-1262,1932000,154800,-3.732E+12,-2.99E+11,-23950000000,1.44E+19,2.703E+12,2.165E+11,7.415E+15,angry
11.49,0.09259,0.000467,253,0.001659,0.06346,0.02115,27.83,0.07592,0.4043,0.2738,0.1495,0.1619,0.1431,0.12,0.1002,0.08592,0.1106,18.93,1788,222900,44350000,343.6,304.4,2.634,1177000000,46220000,815200,6.825E+15,417000000,7589000,3.784E+11,7.437,0.04607,0.000256,1491,0.001623,0.06303,0.5619,21.02,-0.9737,0.3545,0.03902,0.1254,0.0217,-0.000997,-0.02997,-0.01256,-0.02531,0.1104,26.54,1928,208700,39160000,-1319,1933000,154800,-3.736E+12,-2.991E+11,-23950000000,1.44E+19,2.704E+12,2.165E+11,7.412E+15,angry
10.54,0.09174,0.000109,220.4,0.001033,0.03901,0.07501,27.37,0.0615,0.3837,0.3211,0.1816,0.1796,0.1325,0.1123,0.114,0.1256,0.06331,20.8,1929,224400,43930000,334.1,464.9,11.82,1799000000,79090000,3658000,1.04E+16,718600000,32920000,1.698E+12,8.649,0.05542,4.00E-05,1553,0.000753,0.02903,0.5771,26.41,-0.9663,0.2681,0.09713,0.07082,-0.07025,0.004327,-0.03366,-0.009769,-0.05024,0.04674,34.11,2656,281800,53610000,-1587,1934000,154800,-3.741E+12,-2.994E+11,-23950000000,1.45E+19,2.706E+12,2.165E+11,7.413E+15,disgust
10.2,0.07299,0.000201,197,0.001248,0.04651,0.0656,25.3,0.05333,0.4558,0.3066,0.1598,0.1876,0.1121,0.1063,0.1126,0.1017,0.0789,19.1,2153,261900,51650000,383.1,467.5,10.4,1810000000,60520000,3219000,1.05E+16,552500000,28680000,1.494E+12,7.614,0.04419,8.00E-05,1526,0.00087,0.0335,0.6246,24.38,-0.9731,0.224,0.09792,0.07053,-0.06192,0.04051,0.008326,0.03356,-0.007291,0.05595,32.08,2699,304900,57930000,-1560,1936000,154700,-3.748E+12,-2.995E+11,-23940000000,1.45E+19,2.707E+12,2.164E+11,7.408E+15,disgust
16.58,0.1252,0.00015,232.9,0.001195,0.04484,0.06115,39.04,0.1099,0.4274,0.2878,0.1465,0.1649,0.1257,0.1338,0.1298,0.1039,0.06971,21.39,1877,242000,47690000,337.2,400.1,6.711,1550000000,62970000,2077000,9.011E+15,574300000,18560000,9.638E+11,9.947,0.06232,6.90E-05,1516,0.001043,0.04042,0.599,27.1,-0.9543,0.2217,-0.02303,0.1315,-0.01129,0.07298,-0.02903,0.05103,-0.03511,0.06795,33.88,2590,266100,50010000,-1441,1937000,154700,-3.753E+12,-2.997E+11,-23930000000,1.45E+19,2.709E+12,2.163E+11,7.405E+15,disgust
11.01,0.08595,0.000149,236.7,0.001346,0.05058,0.04314,27.91,0.06514,0.4417,0.2981,0.1342,0.1674,0.1294,0.1077,0.1326,0.1005,0.08296,20.34,2175,248400,49990000,355.2,392.9,11.32,1523000000,79230000,3501000,8.861E+15,720700000,31880000,1.625E+12,7.7,0.0441,6.90E-05,1537,0.001021,0.03929,0.6134,23.32,-0.9699,0.1815,-0.005103,0.1503,0.03322,0.06427,0.01097,0.03609,-0.01444,0.06409,32.14,2676,280600,52760000,-1512,1939000,154700,-3.759E+12,-2.999E+11,-23930000000,1.46E+19,2.711E+12,2.163E+11,7.404E+15,disgust
16.58,0.1252,0.00015,232.9,0.001195,0.04484,0.06115,39.04,0.1099,0.4274,0.2878,0.1465,0.1649,0.1257,0.1338,0.1298,0.1039,0.06971,21.39,1877,242000,47690000,337.2,400.1,6.711,1553000000,62970000,2076000,9.037E+15,574300000,18560000,9.637E+11,9.947,0.06232,6.90E-05,1516,0.001043,0.04042,0.599,27.1,-0.9543,0.2217,-0.02303,0.1315,-0.01129,0.07298,-0.02903,0.05103,-0.03511,0.06795,33.88,2590,266100,50010000,-1441,1940000,154700,-3.764E+12,-3.001E+11,-23930000000,1.46E+19,2.713E+12,2.163E+11,7.404E+15,disgust
10.84,0.1021,0.000152,243.3,0.001123,0.0425,0.0317,23.41,0.05925,0.459,0.3018,0.2066,0.1448,0.1165,0.09366,0.08243,0.07858,0.07063,20.41,2072,243700,47200000,298.2,323.5,4.955,1256000000,57610000,1533000,7.316E+15,522700000,13950000,7.113E+11,7.017,0.04633,7.70E-05,1504,0.001204,0.04624,0.532,19.15,-0.9783,0.3078,0.09462,0.09711,-0.001744,0.03696,0.02243,0.02535,0.01376,0.0706,24.29,1917,214700,41480000,-1441,1941000,154700,-3.769E+12,-3.003E+11,-23930000000,1.46E+19,2.714E+12,2.163E+11,7.402E+15,happy
15.25,0.1108,0.000306,201.5,0.001308,0.04887,0.09841,30.99,0.1194,0.5382,0.2673,0.1523,0.1377,0.1418,0.1131,0.1012,0.07857,0.079,24.03,2411,275700,53990000,368.5,379.9,11.01,1476000000,70190000,3407000,8.602E+15,641300000,30870000,1.581E+12,8.842,0.05608,0.000112,1511,0.00105,0.04027,0.599,25.66,-0.9606,0.2473,0.05508,0.0518,-0.05509,0.01366,0.01586,-0.002135,-0.01041,0.06613,32.9,2669,276000,54480000,-1550,1943000,154700,-3.774E+12,-3.005E+11,-23930000000,1.47E+19,2.716E+12,2.163E+11,7.403E+15,happy
8.781,0.07398,0.000249,209.2,0.001176,0.04416,0.05685,22.88,0.05147,0.3759,0.2801,0.1738,0.1555,0.1357,0.08639,0.1059,0.08514,0.07915,17.12,1617,200700,39960000,296.1,319.9,11.33,1244000000,69740000,3506000,7.252E+15,633400000,31900000,1.627E+12,7.821,0.05075,0.000121,1528,0.001273,0.04899,0.53,21.54,-0.978,0.4485,0.09001,0.07467,-0.03592,-0.007359,-0.01874,-0.02034,-0.02246,0.0843,24.6,1676,189600,35400000,-1385,1944000,154700,-3.778E+12,-3.007E+11,-23930000000,1.47E+19,2.718E+12,2.163E+11,7.402E+15,happy
10.84,0.1021,0.000152,243.3,0.001123,0.0425,0.0317,23.41,0.05925,0.459,0.3018,0.2066,0.1448,0.1165,0.09366,0.08243,0.07858,0.07063,20.41,2072,243700,47200000,298.2,323.5,4.955,1259000000,57620000,1533000,7.343E+15,522900000,13950000,7.114E+11,7.017,0.04633,7.70E-05,1504,0.001204,0.04624,0.532,19.15,-0.9783,0.3078,0.09462,0.09711,-0.001744,0.03696,0.02243,0.02535,0.01376,0.0706,24.29,1917,214700,41480000,-1441,1945000,154700,-3.783E+12,-3.009E+11,-23930000000,1.47E+19,2.719E+12,2.163E+11,7.403E+15,happy
8.781,0.07398,0.000249,209.2,0.001176,0.04416,0.05685,22.88,0.05147,0.3759,0.2801,0.1738,0.1555,0.1357,0.08639,0.1059,0.08514,0.07915,17.12,1617,200700,39960000,296.1,319.9,11.33,1245000000,69770000,3506000,7.269E+15,633700000,31910000,1.627E+12,7.821,0.05075,0.000121,1528,0.001273,0.04899,0.53,21.54,-0.978,0.4485,0.09001,0.07467,-0.03592,-0.007359,-0.01874,-0.02034,-0.02246,0.0843,24.6,1676,189600,35400000,-1385,1946000,154700,-3.787E+12,-3.011E+11,-23930000000,1.47E+19,2.721E+12,2.163E+11,7.404E+15,happy
9.993,0.07231,0.000299,213.3,0.001594,0.05791,0.05638,25.04,0.06243,0.4896,0.2508,0.1483,0.1602,0.1217,0.09327,0.08971,0.08634,0.105,19.54,2295,278700,54790000,380.4,406.9,10.24,1585000000,49010000,3169000,9.259E+15,447400000,28130000,1.471E+12,6.411,0.03756,0.000142,1468,0.001272,0.04791,0.5912,19.49,-0.9783,0.2214,0.1233,0.0812,-0.01126,0.01976,0.01102,0.01514,-0.0116,0.07956,25.97,2269,270600,52400000,-1503,1947000,154700,-3.792E+12,-3.012E+11,-23930000000,1.48E+19,2.723E+12,2.163E+11,7.403E+15,neutral
9.893,0.07543,0.000344,224.9,0.001429,0.05534,0.05394,24.26,0.06075,0.5231,0.2539,0.1294,0.1542,0.1265,0.106,0.08709,0.08219,0.09107,19.03,2365,286300,56920000,371.8,425.8,10.9,1660000000,69130000,3373000,9.702E+15,626900000,30070000,1.565E+12,6.66,0.03849,0.000129,1509,0.001164,0.04549,0.6055,19.83,-0.9773,0.2331,0.08992,0.1154,-0.002219,0.003033,-0.01538,0.00671,0.01496,0.07426,27.84,2441,283000,54200000,-1505,1949000,154700,-3.798E+12,-3.014E+11,-23920000000,1.48E+19,2.724E+12,2.162E+11,7.399E+15,neutral
8.39,0.06983,0.000245,207.6,0.001537,0.05868,0.04008,21.35,0.06039,0.4748,0.227,0.126,0.1457,0.1336,0.09329,0.09409,0.08822,0.09608,16.92,2131,272500,53520000,357.2,347.5,4.992,1355000000,48820000,1544000,7.928E+15,445100000,13540000,7.162E+11,5.64,0.0339,0.000141,1513,0.001459,0.05597,0.5716,16.21,-0.9828,0.2946,0.1189,0.08455,0.00061,0.01267,0.002818,0.004511,-0.01448,0.08866,22.66,1894,228500,43720000,-1421,1950000,154600,-3.803E+12,-3.016E+11,-23910000000,1.48E+19,2.726E+12,2.161E+11,7.395E+15,neutral
8.435,0.06113,0.000292,183.4,0.001375,0.05192,0.06809,21.26,0.05108,0.4155,0.2426,0.1547,0.1746,0.1233,0.1019,0.09673,0.07107,0.08252,17.94,2047,257100,50310000,345.9,419.3,7.506,1637000000,57290000,2321000,9.581E+15,522200000,20640000,1.077E+12,6.03,0.03286,0.000126,1522,0.001169,0.04469,0.5939,18.09,-0.9815,0.2601,0.1806,0.06017,-0.01873,0.02303,0.009777,0.02665,0.007564,0.06775,25.01,2118,259000,49680000,-1516,1951000,154600,-3.808E+12,-3.017E+11,-23900000000,1.49E+19,2.727E+12,2.161E+11,7.392E+15,neutral
7.301,0.06705,0.000211,197.5,0.001257,0.0475,0.09613,20.88,0.04307,0.5437,0.2304,0.1148,0.1257,0.1185,0.08682,0.08017,0.07082,0.07717,20.12,2626,297300,59100000,383.1,424.1,11.23,1656000000,57100000,3473000,9.704E+15,522200000,30910000,1.611E+12,5.925,0.0337,7.70E-05,1497,0.000913,0.03499,0.5871,19.94,-0.9808,0.1536,0.1226,0.1234,-0.002932,0.01382,-0.006365,-0.003861,0.001143,0.05608,29.87,2794,316000,60890000,-1571,1953000,154600,-3.814E+12,-3.019E+11,-23900000000,1.49E+19,2.729E+12,2.16E+11,7.389E+15,neutral
6.218,0.05572,0.000101,208.9,0.000843,0.0317,0.04698,19.12,0.02717,0.3893,0.2904,0.1615,0.1457,0.1693,0.1171,0.1258,0.08694,0.04986,17.07,1856,221600,43770000,287,409.9,8.425,1602000000,48270000,2604000,9.393E+15,436400000,23470000,1.207E+12,5.967,0.03502,5.30E-05,1493,0.000798,0.03042,0.5651,17.77,-0.9837,0.3263,0.08201,0.08813,0.01767,-0.001326,0.02996,0.02757,-0.001072,0.04454,24.01,1869,218800,41610000,-1514,1954000,154500,-3.819E+12,-3.02E+11,-23880000000,1.49E+19,2.73E+12,2.159E+11,7.382E+15,sad
4.091,0.03819,6.70E-05,193.4,0.000756,0.02828,0.06013,12.9,0.02132,0.3795,0.2529,0.131,0.1455,0.114,0.129,0.09243,0.1057,0.04018,14.13,1749,222200,43920000,246.9,468,12.88,1831000000,57680000,3980000,1.07E+16,519300000,36360000,1.844E+12,4.123,0.023,3.40E-05,1517,0.000689,0.02616,0.521,12.52,-0.9896,0.2868,0.1149,0.09214,0.01706,0.008702,0.0179,0.008182,-0.0139,0.03594,21.44,1882,242100,46290000,-1541,1956000,154500,-3.825E+12,-3.021E+11,-23860000000,1.50E+19,2.731E+12,2.157E+11,7.373E+15,sad
4.091,0.03819,6.70E-05,193.4,0.000756,0.02828,0.06013,12.9,0.02132,0.3795,0.2529,0.131,0.1455,0.114,0.129,0.09243,0.1057,0.04018,14.13,1749,222200,43920000,246.9,468,12.88,1832000000,57640000,3978000,1.08E+16,518900000,36340000,1.843E+12,4.123,0.023,3.40E-05,1517,0.000689,0.02616,0.521,12.52,-0.9896,0.2868,0.1149,0.09214,0.01706,0.008702,0.0179,0.008182,-0.0139,0.03594,21.44,1882,242100,46290000,-1541,1957000,154400,-3.832E+12,-3.023E+11,-23840000000,1.50E+19,2.732E+12,2.155E+11,7.362E+15,sad
7.948,0.06324,4.70E-05,196.6,0.00065,0.02451,0.06789,20.5,0.0318,0.4616,0.3078,0.1562,0.1411,0.1166,0.1113,0.0848,0.08902,0.03677,17.82,2055,249100,50000000,281.2,472.3,11.22,1851000000,62330000,3462000,1.09E+16,566800000,30710000,1.603E+12,6.295,0.03825,2.40E-05,1515,0.000553,0.02119,0.6017,18.93,-0.982,0.2415,0.05787,0.08481,-0.00108,0.03799,0.04533,0.008827,0.005368,0.03188,27.11,2334,280200,54280000,-1606,1959000,154400,-3.838E+12,-3.024E+11,-23830000000,1.50E+19,2.733E+12,2.154E+11,7.356E+15,sad
6.218,0.05572,0.000101,208.9,0.000843,0.0317,0.04698,19.12,0.02717,0.3893,0.2904,0.1615,0.1457,0.1693,0.1171,0.1258,0.08694,0.04986,17.07,1856,221600,43770000,287,409.9,8.425,1607000000,48130000,2600000,9.453E+15,435100000,23430000,1.204E+12,5.967,0.03502,5.30E-05,1493,0.000798,0.03042,0.5651,17.77,-0.9837,0.3263,0.08201,0.08813,0.01767,-0.001326,0.02996,0.02757,-0.001072,0.04454,24.01,1869,218800,41610000,-1514,1961000,154300,-3.844E+12,-3.025E+11,-23810000000,1.51E+19,2.735E+12,2.152E+11,7.348E+15,sad
5.81,0.0628,0.000939,213.1,0.002141,0.08006,0.04068,16.21,0.037,0.3368,0.3526,0.1332,0.1254,0.1207,0.09051,0.08357,0.07853,0.1215,13.84,1415,209100,41610000,375.7,346.4,6.369,1359000000,64400000,1965000,7.999E+15,582000000,17770000,9.097E+11,6.699,0.04094,0.000293,1541,0.001555,0.06039,0.6348,20.27,-0.9835,0.4052,0.1397,0.09337,-0.01655,0.01117,-0.03595,-0.02041,-0.01899,0.1004,26.63,1996,245300,45890000,-1436,1962000,154300,-3.849E+12,-3.027E+11,-23800000000,1.51E+19,2.736E+12,2.152E+11,7.345E+15,angry
2.76,0.02287,0.000683,204.4,0.002075,0.07766,0.03334,8.725,0.009098,0.3283,0.3451,0.1335,0.1166,0.1231,0.1146,0.09343,0.06603,0.1226,10.1,1331,205100,40970000,363.8,337.8,8.02,1326000000,67480000,2475000,7.81E+15,609700000,22360000,1.146E+12,5.669,0.03203,0.000288,1516,0.001669,0.0643,0.6186,16.01,-0.9899,0.444,0.1248,0.09062,0.03053,0.007071,-0.04806,-0.05097,-0.03417,0.1044,22.8,1641,208600,38600000,-1395,1963000,154300,-3.854E+12,-3.029E+11,-23810000000,1.51E+19,2.738E+12,2.152E+11,7.347E+15,angry
3.48,0.03538,0.001164,195,0.002609,0.09675,0.0245,10.59,0.01693,0.2991,0.3346,0.1071,0.111,0.1089,0.1104,0.08845,0.06194,0.1439,10.5,1247,194300,38950000,338.9,290,6.994,1139000000,58030000,2159000,6.712E+15,526400000,19660000,9.993E+11,5.851,0.03339,0.000494,1509,0.001987,0.07626,0.6273,16.81,-0.9887,0.4552,0.1242,0.08039,0.03783,0.0155,-0.04956,-0.05571,-0.02936,0.1203,22.64,1538,189300,34760000,-1343,1964000,154300,-3.858E+12,-3.031E+11,-23810000000,1.52E+19,2.74E+12,2.153E+11,7.35E+15,angry
2.952,0.01944,0.000917,187.1,0.002248,0.08412,0.03958,8.227,0.01078,0.303,0.3039,0.1242,0.116,0.09901,0.07883,0.07508,0.0652,0.1181,11.02,1281,194800,38930000,311.3,277.4,4.987,1090000000,43890000,1539000,6.428E+15,402000000,13720000,7.126E+11,5.303,0.0268,0.000313,1530,0.001789,0.06849,0.6475,13.93,-0.9905,0.4245,0.1581,0.08866,0.04519,0.03775,-0.01936,-0.02346,-0.02254,0.1027,20.55,1411,179400,33560000,-1350,1965000,154300,-3.862E+12,-3.033E+11,-23820000000,1.52E+19,2.741E+12,2.153E+11,7.351E+15,angry
2.416,0.01927,0.001054,205.3,0.00243,0.09063,0.04006,8.141,0.006969,0.2984,0.2932,0.1571,0.1352,0.09818,0.08959,0.08671,0.07161,0.127,10.51,1339,197400,38860000,334,297.1,9.336,1168000000,63950000,2882000,6.891E+15,580000000,26210000,1.334E+12,5.943,0.03252,0.00039,1522,0.001831,0.07022,0.5962,16.61,-0.9906,0.4964,0.2088,0.05387,0.03482,0.0245,-0.04244,-0.03811,-0.01855,0.1039,20.85,1453,191400,35920000,-1416,1966000,154300,-3.866E+12,-3.034E+11,-23820000000,1.52E+19,2.743E+12,2.153E+11,7.351E+15,angry
9.668,0.0809,0.0001,201,0.001141,0.0424,0.05118,23.86,0.06865,0.3345,0.3398,0.132,0.1319,0.1523,0.1252,0.102,0.09908,0.06228,15.8,1408,191400,37510000,256.6,379.9,11.45,1495000000,80420000,3533000,8.822E+15,726300000,31890000,1.636E+12,7.513,0.04566,5.10E-05,1506,0.000944,0.03597,0.6503,20.99,-0.9784,0.4581,0.09284,0.1045,0.00939,-0.000456,-0.05007,-0.02204,0.004188,0.05794,25,1723,201600,37780000,-1483,1967000,154400,-3.87E+12,-3.037E+11,-23820000000,1.52E+19,2.745E+12,2.153E+11,7.354E+15,disgust
14.98,0.1307,0.000276,191.2,0.001107,0.04143,0.03582,38.32,0.1156,0.2988,0.3712,0.1343,0.1633,0.1541,0.1396,0.1262,0.1014,0.0667,20.44,1333,174100,33740000,240.9,326.7,15.81,1286000000,81020000,4882000,7.596E+15,733100000,44180000,2.261E+12,10.01,0.0674,0.0001,1520,0.00107,0.04153,0.629,26.85,-0.9597,0.4925,0.05284,0.1019,0.02139,-0.01263,-0.08446,-0.02497,0.003384,0.06858,26.01,1565,162100,31550000,-1429,1969000,154400,-3.875E+12,-3.039E+11,-23840000000,1.53E+19,2.747E+12,2.155E+11,7.36E+15,disgust
14.13,0.1081,0.000117,183.1,0.001042,0.0399,0.07974,33.15,0.1015,0.322,0.3574,0.1197,0.1439,0.1191,0.1155,0.09485,0.07415,0.05974,18.07,1365,201200,39510000,284.3,398.2,15.38,1569000000,91370000,4751000,9.271E+15,825400000,42910000,2.201E+12,9.285,0.06181,5.60E-05,1533,0.000845,0.03284,0.6408,25.48,-0.9651,0.4364,0.1369,0.09037,0.006353,0.01332,-0.06596,-0.03847,-0.01584,0.05527,27.16,1835,215200,41300000,-1509,1970000,154400,-3.88E+12,-3.042E+11,-23850000000,1.53E+19,2.75E+12,2.156E+11,7.365E+15,disgust
14.13,0.1081,0.000117,183.1,0.001042,0.0399,0.07974,33.15,0.1015,0.322,0.3574,0.1197,0.1439,0.1191,0.1155,0.09485,0.07415,0.05974,18.07,1365,201200,39510000,284.3,398.2,15.38,1570000000,91410000,4752000,9.284E+15,825700000,42920000,2.202E+12,9.285,0.06181,5.60E-05,1533,0.000845,0.03284,0.6408,25.48,-0.9651,0.4364,0.1369,0.09037,0.006353,0.01332,-0.06596,-0.03847,-0.01584,0.05527,27.16,1835,215200,41300000,-1509,1971000,154500,-3.886E+12,-3.045E+11,-23860000000,1.53E+19,2.752E+12,2.157E+11,7.37E+15,disgust
9.668,0.0809,0.0001,201,0.001141,0.0424,0.05118,23.86,0.06865,0.3345,0.3398,0.132,0.1319,0.1523,0.1252,0.102,0.09908,0.06228,15.8,1408,191400,37510000,256.6,379.9,11.45,1499000000,80540000,3536000,8.868E+15,727300000,31920000,1.639E+12,7.513,0.04566,5.10E-05,1506,0.000944,0.03597,0.6503,20.99,-0.9784,0.4581,0.09284,0.1045,0.00939,-0.000456,-0.05007,-0.02204,0.004188,0.05794,25,1723,201600,37780000,-1483,1973000,154500,-3.891E+12,-3.048E+11,-23870000000,1.54E+19,2.755E+12,2.158E+11,7.375E+15,disgust
6.816,0.05904,0.000432,225,0.001865,0.07048,0.05085,15.48,0.03485,0.3104,0.3491,0.1648,0.1356,0.1253,0.09257,0.1044,0.08471,0.1198,14.25,1384,184600,36660000,336.4,424.1,27.54,1674000000,112300000,8513000,9.914E+15,1026000000,77660000,3.947E+12,8.127,0.053,0.000212,1535,0.001709,0.06579,0.5852,21.23,-0.9821,0.5236,0.1294,0.03537,-0.03159,-0.02398,-0.05354,-0.02463,-0.008347,0.1102,23.93,1526,184100,34670000,-1430,1974000,154600,-3.896E+12,-3.051E+11,-23890000000,1.54E+19,2.758E+12,2.16E+11,7.385E+15,happy
5.888,0.04549,0.000468,198,0.002049,0.07708,0.05491,16.03,0.02658,0.2508,0.2872,0.1952,0.1124,0.1347,0.0952,0.08795,0.08384,0.1186,14.26,1318,167000,32270000,326.1,425.1,19.01,1680000000,95590000,5878000,9.954E+15,872900000,53560000,2.726E+12,8.052,0.04812,0.000192,1538,0.001613,0.06192,0.6372,21.83,-0.9824,0.533,0.14,0.009951,0.004368,0.03091,-0.03468,-0.0269,-0.008665,0.097,24.87,1580,186300,34390000,-1459,1975000,154600,-3.902E+12,-3.054E+11,-23900000000,1.54E+19,2.761E+12,2.161E+11,7.391E+15,happy
6.694,0.04824,0.000378,221.6,0.002007,0.07525,0.0453,17.82,0.02738,0.2749,0.3416,0.1877,0.1406,0.1296,0.09288,0.09577,0.07925,0.1164,13.82,1348,182800,35470000,323.1,396.9,21.75,1569000000,103000000,6727000,9.306E+15,935400000,61140000,3.121E+12,8.954,0.05579,0.000211,1515,0.001632,0.06259,0.6206,23.45,-0.9804,0.5335,0.1564,0.03825,-0.02098,0.0156,-0.02726,-0.00796,7.60E-05,0.101,24.37,1519,187200,34990000,-1447,1977000,154700,-3.908E+12,-3.057E+11,-23910000000,1.55E+19,2.763E+12,2.162E+11,7.397E+15,happy
6.355,0.0486,0.000434,186.5,0.002099,0.07956,0.07127,15.6,0.03226,0.2659,0.3328,0.1635,0.1248,0.1432,0.1082,0.09003,0.09004,0.1381,12.15,1216,181800,36030000,365.2,450.1,30.8,1781000000,126000000,9530000,1.06E+16,1144000000,86420000,4.423E+12,8.523,0.05728,0.000225,1539,0.001826,0.07046,0.5827,23,-0.9819,0.5728,0.1497,0.01149,-0.05563,-0.01038,-0.08425,-0.0638,-0.03158,0.1244,24.94,1552,191500,35410000,-1411,1978000,154700,-3.914E+12,-3.061E+11,-23940000000,1.55E+19,2.767E+12,2.164E+11,7.406E+15,happy
5.523,0.04521,0.000448,212.3,0.002105,0.07884,0.06225,15.33,0.02437,0.3328,0.2766,0.1519,0.1166,0.122,0.1007,0.08989,0.0897,0.1109,12.86,1369,186100,36730000,315,428.2,16.04,1696000000,95770000,4964000,1.01E+16,863300000,44730000,2.304E+12,6.376,0.03724,0.00023,1520,0.001719,0.06591,0.6263,17.17,-0.9859,0.4553,0.08985,0.02497,0.002077,0.01335,-0.03793,-0.02481,-0.00804,0.09998,23.45,1577,188300,34830000,-1410,1980000,154700,-3.92E+12,-3.064E+11,-23940000000,1.55E+19,2.769E+12,2.164E+11,7.409E+15,happy
3.888,0.03806,0.000409,239.7,0.001213,0.04582,0.03918,10.19,0.02218,0.333,0.3484,0.1837,0.1216,0.1215,0.09513,0.09894,0.1026,0.08066,11.02,1374,196200,38300000,283.6,329.6,2.996,1306000000,52670000,927100,7.762E+15,475900000,8342000,4.304E+11,6.478,0.04011,0.0002,1478,0.001014,0.03942,0.6148,16.83,-0.9869,0.5053,0.1409,0.002793,-0.01599,-0.01718,-0.04357,-0.03332,-0.02052,0.06752,21.52,1445,188800,36030000,-1474,1981000,154700,-3.925E+12,-3.066E+11,-23950000000,1.56E+19,2.771E+12,2.165E+11,7.411E+15,neutral
5.794,0.05716,0.000261,229.6,0.001101,0.04142,0.04149,15.94,0.03026,0.3608,0.381,0.1787,0.1387,0.1463,0.1051,0.1045,0.1039,0.07071,12.21,1429,207900,40820000,299.5,339.9,2.568,1348000000,56730000,794700,8.015E+15,511500000,7093000,3.689E+11,7.286,0.04711,0.00014,1471,0.000848,0.03297,0.6378,20.04,-0.9831,0.4803,0.08945,0.04015,-0.01008,-0.0203,-0.05996,-0.0119,0.02308,0.05676,24.98,1767,222500,41920000,-1525,1982000,154700,-3.929E+12,-3.067E+11,-23940000000,1.56E+19,2.773E+12,2.164E+11,7.41E+15,neutral
62.62,0.267,0.000313,248.4,0.001197,0.04532,0.04028,111,0.5385,0.287,0.3336,0.1619,0.1588,0.1528,0.107,0.09813,0.1045,0.0834,53.35,1190,192500,33130000,623.2,336.5,3.118,1335000000,56230000,965100,7.943E+15,508800000,8717000,4.48E+11,27.11,0.1323,0.000173,1462,0.000992,0.03858,0.6343,54.73,-0.8139,0.5493,0.09404,0.07835,0.02987,-0.009295,-0.09775,-0.06366,0.001877,0.06957,39.94,1512,139900,30760000,-1588,1983000,154700,-3.934E+12,-3.069E+11,-23950000000,1.56E+19,2.774E+12,2.165E+11,7.411E+15,neutral
5.309,0.05885,0.000247,227.5,0.001047,0.03934,0.03035,15.39,0.02983,0.3267,0.3499,0.1357,0.1287,0.1433,0.1304,0.09685,0.09203,0.06799,12.53,1392,198800,39150000,298.6,335.5,3.12,1332000000,47060000,965700,7.928E+15,425300000,8707000,4.483E+11,6.91,0.04737,0.000133,1488,0.00084,0.03267,0.6282,19.95,-0.9829,0.4644,0.1043,0.06752,0.02037,-0.02974,-0.07489,-0.05532,-0.0226,0.05565,24.47,1725,212800,39790000,-1494,1985000,154700,-3.939E+12,-3.071E+11,-23940000000,1.56E+19,2.776E+12,2.164E+11,7.41E+15,neutral
6.124,0.04753,0.000255,209.1,0.001029,0.03868,0.03975,13.41,0.02504,0.3551,0.3538,0.1736,0.1335,0.1351,0.123,0.1201,0.1085,0.06765,11.95,1266,181000,35970000,262.6,382.5,5.558,1519000000,57860000,1720000,9.051E+15,525600000,15240000,7.984E+11,6.421,0.03866,0.000119,1480,0.000789,0.03052,0.6349,16.87,-0.9857,0.4613,0.07883,0.06686,0.02501,-0.01756,-0.05962,-0.03016,0.003431,0.05204,21.88,1551,203400,39000000,-1515,1986000,154700,-3.944E+12,-3.073E+11,-23940000000,1.57E+19,2.778E+12,2.164E+11,7.409E+15,neutral
8.189,0.06697,9.70E-05,186.5,0.000661,0.0247,0.04591,19.1,0.04565,0.3256,0.3944,0.163,0.1368,0.1248,0.1133,0.09891,0.087,0.04072,13.24,1330,203500,40010000,254.5,406.2,2.336,1615000000,60590000,722700,9.625E+15,550700000,6370000,3.354E+11,7.344,0.04544,4.40E-05,1517,0.000505,0.01967,0.6509,20.85,-0.9794,0.4219,0.1259,0.07004,0.002285,-0.000464,-0.03146,-0.03349,-0.004297,0.03231,26,1931,248200,47300000,-1605,1987000,154700,-3.949E+12,-3.075E+11,-23940000000,1.57E+19,2.779E+12,2.164E+11,7.406E+15,sad
5.597,0.04303,9.00E-05,190,0.000837,0.03152,0.04298,12.84,0.02719,0.2888,0.3381,0.1494,0.1326,0.1072,0.08894,0.08707,0.09142,0.04445,11.97,1242,180700,35460000,253.2,368.1,16.09,1464000000,26050000,4976000,8.734E+15,237800000,44780000,2.309E+12,5.758,0.03263,4.50E-05,1515,0.000667,0.02535,0.6385,16.8,-0.9862,0.4317,0.08567,0.007988,0.002948,-0.003672,-0.04738,-0.03643,-0.006386,0.03887,23.62,1672,208000,39000000,-1504,1989000,154700,-3.954E+12,-3.076E+11,-23930000000,1.57E+19,2.78E+12,2.163E+11,7.402E+15,sad
4.452,0.03645,6.90E-05,175.8,0.000717,0.02762,0.03538,11.48,0.01802,0.3234,0.36,0.152,0.1383,0.1132,0.1005,0.08699,0.08561,0.04017,11.7,1416,207900,40650000,268.1,433.1,14.31,1724000000,39120000,4425000,1.03E+16,356900000,39760000,2.053E+12,5.741,0.03399,2.90E-05,1520,0.000531,0.02054,0.6481,17.16,-0.9877,0.3767,0.1884,0.05189,-0.0168,0.005967,-0.009581,-0.01167,-0.007538,0.03145,24.18,1930,259100,49510000,-1594,1990000,154600,-3.96E+12,-3.077E+11,-23910000000,1.58E+19,2.782E+12,2.162E+11,7.395E+15,sad
6.889,0.05952,9.50E-05,159.9,0.000579,0.02154,0.04119,19.45,0.03834,0.318,0.3564,0.1382,0.1449,0.1016,0.1081,0.09646,0.09144,0.03091,12.94,1345,204700,40290000,250,460.5,3.673,1834000000,68890000,1136000,1.10E+16,625500000,10210000,5.268E+11,6.321,0.03884,2.50E-05,1521,0.000435,0.01655,0.6327,20.3,-0.9822,0.3505,0.1674,0.05238,0.02368,0.03197,-0.02167,-0.04099,-0.01539,0.02526,25.44,2056,273800,52610000,-1651,1991000,154600,-3.966E+12,-3.079E+11,-23900000000,1.58E+19,2.783E+12,2.161E+11,7.392E+15,sad
5.597,0.04303,9.00E-05,190,0.000837,0.03152,0.04298,12.84,0.02719,0.2888,0.3381,0.1494,0.1326,0.1072,0.08894,0.08707,0.09142,0.04445,11.97,1242,180700,35460000,253.2,368.1,16.09,1467000000,25950000,4973000,8.772E+15,236900000,44750000,2.306E+12,5.758,0.03263,4.50E-05,1515,0.000667,0.02535,0.6385,16.8,-0.9862,0.4317,0.08567,0.007988,0.002948,-0.003672,-0.04738,-0.03643,-0.006386,0.03887,23.62,1672,208000,39000000,-1504,1993000,154600,-3.972E+12,-3.081E+11,-23890000000,1.58E+19,2.785E+12,2.16E+11,7.387E+15,sad
16.03,0.1167,0.000828,228.4,0.002176,0.08326,0.08396,36.03,0.123,0.3891,0.3227,0.2376,0.1845,0.1815,0.1392,0.1261,0.106,0.1752,19.61,1753,204400,40200000,396.1,395.7,7.132,1578000000,72000000,2205000,9.443E+15,652900000,20100000,1.022E+12,15.07,0.1041,0.000401,1557,0.001896,0.07409,0.5775,39.64,-0.9459,0.5949,0.04704,-0.0141,-0.1615,-0.1168,-0.09683,-0.03752,-0.02069,0.1543,32.61,2003,207800,39570000,-1389,1994000,154600,-3.977E+12,-3.082E+11,-23890000000,1.59E+19,2.786E+12,2.159E+11,7.383E+15,angry
14.67,0.1153,0.001666,249.1,0.002371,0.08962,0.02311,34.18,0.106,0.4678,0.2949,0.2178,0.152,0.2013,0.1662,0.135,0.1256,0.1863,20.37,1965,207000,41500000,358.4,323.8,8.6,1292000000,64570000,2658000,7.736E+15,582000000,23980000,1.233E+12,14.67,0.102,0.000699,1532,0.00203,0.07977,0.5995,38.76,-0.9473,0.5081,-0.03697,0.06406,-0.1326,-0.05637,-0.09087,-0.0279,-0.006131,0.1687,34.88,2163,201500,37950000,-1316,1995000,154600,-3.982E+12,-3.084E+11,-23890000000,1.59E+19,2.788E+12,2.159E+11,7.384E+15,angry
17.53,0.1175,0.002098,241.7,0.002759,0.1054,0.04211,36.99,0.1324,0.4887,0.3191,0.245,0.1406,0.1855,0.1403,0.1037,0.1005,0.2218,18.98,1921,236000,46470000,421,374.8,18.84,1497000000,93630000,5825000,8.964E+15,846200000,52650000,2.701E+12,15.37,0.09998,0.000816,1540,0.002081,0.08184,0.6045,39.7,-0.9423,0.4727,-0.0398,0.04847,-0.09332,-0.03281,-0.05865,-0.02982,-0.02728,0.1751,36.94,2370,239100,44910000,-1406,1997000,154600,-3.987E+12,-3.086E+11,-23890000000,1.59E+19,2.79E+12,2.16E+11,7.386E+15,angry
19.3,0.1351,0.001562,226.3,0.0023,0.08789,0.0329,43.42,0.1557,0.3506,0.3364,0.1968,0.1363,0.1744,0.131,0.1059,0.09644,0.1842,21.03,1524,196000,37490000,368.1,342.6,19.41,1369000000,90820000,6002000,8.205E+15,820700000,54260000,2.784E+12,14.7,0.09906,0.000553,1556,0.00188,0.07401,0.6114,36.97,-0.939,0.5078,0.05659,0.07848,-0.08585,-0.02786,-0.09098,-0.03536,-0.02123,0.1554,34.45,2149,218000,41300000,-1362,1998000,154600,-3.992E+12,-3.089E+11,-23900000000,1.60E+19,2.792E+12,2.161E+11,7.39E+15,angry
14.66,0.114,0.001677,245.3,0.002371,0.08947,0.02568,34.45,0.1048,0.4527,0.3075,0.2056,0.1395,0.1998,0.1598,0.1345,0.1316,0.1868,19.37,1844,222100,43810000,364.5,333.3,7.516,1333000000,62510000,2324000,7.992E+15,562500000,21000000,1.078E+12,14.06,0.09702,0.000687,1525,0.002001,0.07852,0.5986,36.88,-0.9496,0.4941,-0.007504,0.05933,-0.1159,-0.0456,-0.09975,-0.03248,-0.01206,0.1655,34.06,2173,217200,40780000,-1326,1999000,154600,-3.996E+12,-3.091E+11,-23910000000,1.60E+19,2.794E+12,2.161E+11,7.392E+15,angry
13.33,0.1268,0.000504,278.1,0.00176,0.06561,0.04031,32.76,0.08751,0.3222,0.2508,0.1853,0.1387,0.1783,0.1115,0.1177,0.09675,0.1111,20.99,1535,174700,33910000,353.8,386.3,24.94,1545000000,17460000,7710000,9.274E+15,162300000,68830000,3.575E+12,9.864,0.07062,0.000219,1443,0.001477,0.05663,0.5978,27.48,-0.9608,0.4089,0.05672,0.04277,-0.03446,0.009114,-0.02881,0.03095,-0.01599,0.09732,29.62,1995,206000,38730000,-1379,2000000,154600,-4.001E+12,-3.092E+11,-23900000000,1.60E+19,2.795E+12,2.16E+11,7.388E+15,disgust
18.11,0.1284,0.000494,226.2,0.001748,0.06529,0.09088,40.49,0.1488,0.2776,0.3153,0.1585,0.1609,0.1523,0.1383,0.09521,0.09224,0.1067,23.74,1499,153100,28170000,319.5,425.2,20.82,1702000000,26850000,6433000,1.02E+16,245900000,57810000,2.982E+12,9.549,0.05922,0.000199,1506,0.001495,0.05705,0.5514,25.86,-0.9539,0.3736,-0.006437,0.06889,0.000454,0.01311,-0.04014,0.0109,-0.01856,0.09188,31.01,2058,186400,36240000,-1379,2002000,154500,-4.007E+12,-3.093E+11,-23870000000,1.60E+19,2.796E+12,2.158E+11,7.376E+15,disgust
6.583,0.04968,0.000558,239.4,0.001752,0.06496,0.07352,17.97,0.03343,0.3346,0.2303,0.1944,0.1262,0.1813,0.1329,0.0893,0.09313,0.1104,15.81,1516,190600,38060000,368.5,477.7,9.828,1914000000,56730000,3036000,1.15E+16,515300000,27180000,1.407E+12,7.044,0.04156,0.000168,1468,0.001233,0.047,0.6207,21.49,-0.9799,0.3305,0.109,0.02513,-0.01552,0.03729,0.000655,0.01002,-0.01806,0.07839,29.6,2315,270400,50260000,-1501,2003000,154500,-4.013E+12,-3.094E+11,-23850000000,1.61E+19,2.797E+12,2.156E+11,7.368E+15,disgust
12.53,0.1049,0.000392,238.4,0.001465,0.05496,0.05315,31.19,0.07857,0.3231,0.2851,0.1953,0.1522,0.1848,0.1046,0.1106,0.08942,0.09116,19.38,1438,172600,34060000,312.8,392.8,19.58,1575000000,24560000,6046000,9.473E+15,225600000,54240000,2.801E+12,9.78,0.06597,0.000159,1493,0.001253,0.04837,0.609,27.99,-0.9644,0.4497,0.02902,0.05496,-0.03234,0.005506,-0.02866,0.01363,-0.005076,0.08198,29.35,1912,199600,36880000,-1391,2005000,154400,-4.019E+12,-3.095E+11,-23840000000,1.61E+19,2.798E+12,2.155E+11,7.361E+15,disgust
9.547,0.08144,0.000483,253.8,0.001598,0.06067,0.03301,24.26,0.05343,0.3774,0.259,0.1611,0.13,0.1784,0.1212,0.09555,0.08652,0.1031,18.79,1670,204400,40320000,363.1,447.6,17.82,1796000000,37380000,5500000,1.08E+16,344800000,49040000,2.546E+12,8.933,0.06112,0.00018,1450,0.001109,0.04312,0.6543,25.87,-0.9709,0.3921,0.1182,0.02356,-0.04725,0.02318,-0.02757,-0.009307,-0.02385,0.07571,30.72,2252,252200,47630000,-1485,2006000,154300,-4.025E+12,-3.096E+11,-23820000000,1.62E+19,2.799E+12,2.153E+11,7.352E+15,disgust
13.49,0.134,0.000297,239.7,0.001498,0.0575,0.03258,33.52,0.09738,0.4235,0.273,0.1901,0.1329,0.1771,0.1196,0.1066,0.09417,0.1181,20.64,1700,186500,36780000,329.2,361.5,6.206,1452000000,50640000,1915000,8.742E+15,460900000,17180000,8.864E+11,11.85,0.09386,0.000155,1526,0.001445,0.0564,0.5635,31.7,-0.9559,0.4426,0.05738,0.08628,-0.1176,-0.04459,-0.08566,-0.02196,-0.05505,0.1115,33.49,2253,223400,42200000,-1350,2008000,154300,-4.031E+12,-3.098E+11,-23800000000,1.62E+19,2.8E+12,2.152E+11,7.345E+15,happy
11.61,0.097,0.000728,256.2,0.002022,0.07707,0.04065,25.97,0.0855,0.3639,0.2809,0.2421,0.1608,0.1871,0.1333,0.1335,0.1023,0.1583,18.55,1626,159000,30740000,363.1,378.5,5.873,1521000000,56340000,1812000,9.164E+15,507800000,16420000,8.385E+11,12.65,0.08871,0.000371,1538,0.001982,0.07729,0.5505,33.16,-0.9584,0.5425,-0.02771,0.02089,-0.06803,-0.01135,-0.06099,-0.03781,-0.07555,0.1572,33.05,2050,197900,36150000,-1291,2009000,154300,-4.036E+12,-3.099E+11,-23800000000,1.62E+19,2.801E+12,2.151E+11,7.341E+15,happy
21.51,0.1465,0.000434,223.4,0.001766,0.06698,0.0283,44.41,0.1809,0.4404,0.3085,0.1612,0.1225,0.1449,0.1379,0.1215,0.09613,0.1232,23.01,1890,224700,43120000,387.5,384.6,5.791,1546000000,64660000,1786000,9.325E+15,585800000,16190000,8.267E+11,13.51,0.09148,0.000237,1551,0.001536,0.06002,0.583,35.33,-0.9393,0.416,0.04621,0.06113,-0.07321,-0.01149,-0.08321,-0.0368,-0.06108,0.1164,36.07,2469,241900,46930000,-1396,2010000,154300,-4.041E+12,-3.101E+11,-23790000000,1.63E+19,2.803E+12,2.151E+11,7.34E+15,happy
11.4,0.0964,0.000801,249,0.002015,0.07702,0.03773,26.42,0.08669,0.3543,0.2665,0.2369,0.1535,0.1886,0.121,0.1408,0.1032,0.1587,18.14,1569,153500,29520000,346.7,367.9,6.017,1480000000,54190000,1856000,8.932E+15,488600000,16850000,8.588E+11,12.65,0.08998,0.000388,1553,0.002029,0.07938,0.5539,33.12,-0.9582,0.5508,-0.01174,0.0213,-0.06983,-0.01535,-0.06607,-0.04179,-0.07801,0.1612,32.41,1973,191000,34700000,-1270,2012000,154200,-4.046E+12,-3.103E+11,-23790000000,1.63E+19,2.805E+12,2.15E+11,7.338E+15,happy
13.12,0.1338,0.00028,235,0.001498,0.05747,0.03412,33.31,0.0955,0.432,0.2722,0.1798,0.1355,0.176,0.1242,0.1036,0.08708,0.1184,20.4,1741,193300,38050000,334.2,365.6,7.093,1472000000,48650000,2188000,8.888E+15,442100000,19720000,1.012E+12,11.63,0.09269,0.000147,1545,0.001431,0.05595,0.562,31.63,-0.9568,0.4396,0.04711,0.09176,-0.1212,-0.05075,-0.07847,-0.02171,-0.05193,0.1104,33.55,2291,228900,43220000,-1354,2013000,154200,-4.051E+12,-3.104E+11,-23780000000,1.63E+19,2.806E+12,2.15E+11,7.335E+15,happy
9.498,0.08269,0.000398,247.9,0.001151,0.04352,0.05414,23.19,0.0547,0.4209,0.2838,0.1582,0.1512,0.1584,0.115,0.1071,0.1033,0.08598,17.43,1779,224700,44440000,309.3,370.7,30.55,1493000000,12740000,9419000,9.024E+15,110100000,84450000,4.356E+12,8.085,0.05762,0.00018,1463,0.000979,0.03808,0.6051,22.19,-0.9745,0.4328,0.1062,0.03875,-0.07652,-0.07455,-0.1015,-0.02566,-0.007445,0.07128,27.08,1958,227500,43160000,-1437,2014000,154200,-4.057E+12,-3.105E+11,-23760000000,1.63E+19,2.807E+12,2.148E+11,7.326E+15,neutral
7.682,0.06085,0.000313,272.8,0.001121,0.04246,0.04851,17.97,0.03733,0.4424,0.3309,0.1653,0.1324,0.1511,0.1106,0.1278,0.1173,0.08549,16.85,1861,222600,43790000,286.4,355.1,27.46,1431000000,11760000,8461000,8.654E+15,105800000,76340000,3.91E+12,8.089,0.05276,0.000192,1441,0.001014,0.03973,0.6279,22.25,-0.9779,0.4706,0.03029,0.01805,-0.08421,-0.07495,-0.06263,0.004751,-0.003774,0.07602,27.65,1867,203600,38280000,-1406,2015000,154000,-4.062E+12,-3.104E+11,-23730000000,1.64E+19,2.806E+12,2.145E+11,7.31E+15,neutral
15.37,0.1142,0.000354,283,0.001273,0.04834,0.05262,35.19,0.1076,0.4356,0.2951,0.1897,0.1419,0.1682,0.1217,0.1144,0.1093,0.09796,21.39,1879,207400,40870000,290.1,464.6,21.59,1874000000,34380000,6647000,1.13E+16,312900000,59490000,3.07E+12,11.17,0.07752,0.000211,1440,0.001197,0.04664,0.583,28.53,-0.9576,0.4815,0.03863,0.03543,-0.07828,-0.04666,-0.07036,-0.009625,-0.00902,0.08905,27.76,1727,176100,33870000,-1395,2017000,154000,-4.067E+12,-3.105E+11,-23700000000,1.64E+19,2.807E+12,2.143E+11,7.298E+15,neutral
14.18,0.1152,0.000299,264.9,0.001153,0.04383,0.0466,33.3,0.0978,0.3637,0.2928,0.2664,0.1827,0.1893,0.1315,0.1403,0.1414,0.08916,21.34,1722,186600,36880000,279.3,424.1,19.58,1712000000,27190000,6025000,1.04E+16,247400000,54300000,2.781E+12,12.84,0.09406,0.000171,1446,0.001015,0.03972,0.6011,32.73,-0.9513,0.5307,0.000961,0.04711,-0.1049,-0.09315,-0.1107,0.005149,0.01204,0.07851,32.04,1970,192400,36160000,-1436,2018000,153900,-4.074E+12,-3.105E+11,-23670000000,1.64E+19,2.807E+12,2.14E+11,7.285E+15,neutral
14.97,0.1092,0.000379,281.6,0.001271,0.0478,0.0304,34.44,0.1113,0.3563,0.3139,0.177,0.1395,0.1655,0.1273,0.1268,0.1184,0.08972,19.75,1655,199000,39040000,272.9,386.3,26.03,1560000000,16410000,8005000,9.454E+15,148200000,71690000,3.693E+12,10.19,0.07172,0.000232,1463,0.001209,0.04701,0.6095,26.16,-0.9612,0.5199,0.05701,0.03152,-0.08415,-0.08948,-0.09745,-0.03098,-0.006312,0.08662,25.57,1593,172400,33260000,-1372,2020000,153800,-4.079E+12,-3.106E+11,-23650000000,1.65E+19,2.808E+12,2.138E+11,7.273E+15,neutral
12.83,0.1007,0.000106,225.7,0.00064,0.02416,0.03214,30.46,0.08728,0.3405,0.2994,0.1693,0.1599,0.1305,0.09976,0.1043,0.09698,0.04208,20.53,1629,184000,35810000,267.1,351.6,21.46,1421000000,11360000,6598000,8.616E+15,107500000,59250000,3.042E+12,9.139,0.06222,4.00E-05,1502,0.000599,0.02325,0.6112,25.53,-0.9645,0.4208,0.0673,0.03549,-0.0331,-0.001699,-0.02777,-0.005204,-0.02295,0.03945,28.94,1990,216300,41550000,-1505,2021000,153700,-4.084E+12,-3.106E+11,-23620000000,1.65E+19,2.808E+12,2.135E+11,7.259E+15,sad
10.12,0.09419,7.00E-05,229.8,0.000595,0.02253,0.04282,27.26,0.06329,0.4054,0.278,0.1399,0.138,0.1337,0.1174,0.09732,0.09878,0.03939,19.95,1841,217900,42760000,281.8,364.2,24.71,1473000000,10090000,7590000,8.935E+15,93050000,68140000,3.497E+12,8.117,0.05557,2.80E-05,1471,0.000569,0.02184,0.5678,23.66,-0.9705,0.3346,0.09379,0.057,-0.03913,-0.003687,-0.0289,-0.000906,-0.01002,0.03645,29.14,2202,246000,47350000,-1530,2022000,153600,-4.089E+12,-3.106E+11,-23590000000,1.65E+19,2.808E+12,2.133E+11,7.248E+15,sad
11.54,0.1087,0.000114,254.6,0.000888,0.03353,0.04008,30.62,0.07924,0.3289,0.3225,0.1655,0.1577,0.1456,0.1133,0.1087,0.1061,0.05739,19.72,1459,172800,33120000,242.1,353,17.56,1429000000,20780000,5393000,8.673E+15,195100000,48080000,2.484E+12,8.891,0.06549,5.60E-05,1488,0.000808,0.03124,0.6473,23.8,-0.9676,0.4506,0.07104,0.04845,-0.05145,-0.01097,-0.03255,0.01279,-0.005388,0.05358,25.9,1684,185200,35800000,-1455,2023000,153500,-4.094E+12,-3.107E+11,-23570000000,1.66E+19,2.808E+12,2.131E+11,7.237E+15,sad
11.29,0.09205,0.000121,239,0.00081,0.03027,0.04028,27.72,0.06692,0.3855,0.3054,0.1668,0.1389,0.1295,0.1068,0.1234,0.1018,0.04721,18.29,1631,213300,41840000,256.5,360.6,20.38,1460000000,15070000,6255000,8.869E+15,139400000,56250000,2.879E+12,8.026,0.05271,4.80E-05,1510,0.000722,0.02771,0.5956,21.76,-0.9717,0.3764,0.08939,0.07919,-0.0368,-0.004518,-0.02485,0.004532,0.01059,0.04439,26.83,1950,227600,43270000,-1491,2025000,153500,-4.099E+12,-3.107E+11,-23550000000,1.66E+19,2.809E+12,2.129E+11,7.227E+15,sad
72.22,0.3146,0.000117,255.7,0.000868,0.03251,0.04083,127.3,0.62,0.2946,0.2903,0.1707,0.1997,0.1519,0.1139,0.1105,0.09609,0.05666,61.59,1310,186200,28430000,697.5,372.5,18.59,1509000000,20840000,5702000,9.174E+15,195500000,50950000,2.624E+12,37.22,0.1878,5.10E-05,1468,0.000704,0.02739,0.655,74,-0.7294,0.5279,0.05842,0.06387,-0.002525,0.005816,-0.05859,-0.005908,-0.01573,0.04881,50.11,1736,129100,31680000,-1679,2026000,153400,-4.105E+12,-3.108E+11,-23530000000,1.66E+19,2.809E+12,2.127E+11,7.217E+15,sad
16.96,0.09391,0.000501,174.3,0.002167,0.08169,0.09019,38.07,0.1123,0.3676,0.2365,0.1054,0.1317,0.1018,0.09245,0.08526,0.06596,0.1343,21.61,1726,154100,27640000,260.7,433.6,14.25,739400000,3404000,640000,1.89E+15,28440000,5706000,43110000000,13.48,0.07134,0.000163,1502,0.001497,0.05735,0.6523,42.19,-0.9384,0.2433,-0.01877,0.1106,0.03138,0.08689,-0.000871,0.06928,-0.01988,0.1066,43.87,3265,291800,54140000,-1354,852700,22460,-7.27E+11,-19150000000,-504200000,1.24E+18,1.75E+11,4598000000,2.26E+13,angry
93.45,0.4008,0.00083,177.5,0.002252,0.08466,0.04755,170.3,0.8087,0.2946,0.2897,0.1035,0.254,0.08048,0.1769,0.1076,0.1063,0.131,77.95,1406,207000,26350000,921.6,355.5,3.578,607300000,9775000,160600,1.556E+15,92980000,1513000,10800000000,71.95,0.3325,0.000304,1542,0.001407,0.05436,0.6843,142.3,-0.4431,0.544,0.0908,0.1493,0.1052,0.1406,-0.04805,0.02314,-0.007905,0.09257,80.54,2075,86630,31830000,-1887,854100,22440,-7.295E+11,-19170000000,-503200000,1.25E+18,1.747E+11,4589000000,2.257E+13,angry
95.88,0.4146,0.000713,214.9,0.002842,0.1069,0.09269,175.3,0.8267,0.3049,0.241,0.1061,0.2428,0.07644,0.167,0.09503,0.08864,0.1698,79.61,1501,210300,26920000,984.6,378.5,10.14,647600000,16440000,455100,1.662E+15,149800000,4152000,30640000000,73.17,0.3263,0.000257,1543,0.001958,0.07495,0.6455,142.7,-0.4288,0.5147,0.1158,0.1522,0.1246,0.1442,-0.01311,0.02486,0.01309,0.1242,81.82,2124,88050,32620000,-1886,855400,22450,-7.317E+11,-19200000000,-503600000,1.25E+18,1.75E+11,4594000000,2.261E+13,angry
16.7,0.1074,0.000744,195,0.003828,0.1434,0.0644,38.96,0.1087,0.3977,0.3242,0.1509,0.1924,0.0911,0.1056,0.1067,0.09133,0.2003,25.14,2088,187200,35710000,405.7,356.4,7.367,610600000,12650000,330800,1.569E+15,115400000,3020000,22280000000,14.18,0.07618,0.000299,1573,0.002379,0.09063,0.6489,39.65,-0.9388,0.3697,0.04161,0.1111,0.03689,0.1089,0.05236,0.06017,0.02855,0.1356,38.32,2607,227700,43790000,-1475,856600,22460,-7.338E+11,-19240000000,-504100000,1.26E+18,1.754E+11,4598000000,2.264E+13,angry
17.03,0.1095,0.00077,183.7,0.003879,0.1455,0.05955,39.59,0.1114,0.3924,0.3198,0.1343,0.184,0.09237,0.1037,0.1037,0.09631,0.2029,24.92,2049,187600,35630000,403,339.2,7.613,582000000,13030000,342000,1.498E+15,118600000,3119000,23040000000,14.04,0.07623,0.000312,1564,0.002488,0.09497,0.6443,38.23,-0.9402,0.3935,0.0669,0.1181,0.03947,0.1012,0.054,0.05544,0.02812,0.1416,36.96,2478,219600,42060000,-1453,857800,22470,-7.359E+11,-19270000000,-504400000,1.26E+18,1.757E+11,4601000000,2.266E+13,angry
26.87,0.1536,7.90E-05,178,0.000633,0.02389,0.03788,54,0.192,0.3928,0.2433,0.151,0.2019,0.1414,0.1852,0.119,0.1104,0.04624,26.34,1804,166600,31230000,249.2,352.7,9.099,605900000,15030000,409100,1.562E+15,137800000,3741000,27590000000,20.29,0.1104,2.90E-05,1543,0.000542,0.02137,0.5935,54.18,-0.8913,0.3169,-0.06397,0.09462,-0.03505,0.1024,-0.02858,0.01628,-0.03211,0.04326,49.9,3223,259600,50400000,-1602,859000,22490,-7.379E+11,-19320000000,-505200000,1.27E+18,1.761E+11,4608000000,2.271E+13,disgust
27.14,0.1585,0.000266,189.7,0.00117,0.04352,0.04518,54.05,0.1931,0.3856,0.2226,0.1966,0.1831,0.1225,0.1715,0.1015,0.1032,0.07799,27.39,1853,170400,32470000,304.8,350,10.08,602200000,15760000,453500,1.554E+15,144600000,4153000,30600000000,19.15,0.1037,8.10E-05,1570,0.000908,0.03539,0.6386,52.33,-0.8939,0.251,-0.09372,0.137,-0.03996,0.1119,-0.02018,0.05017,-0.004856,0.0715,50.61,3272,249800,48570000,-1541,860300,22490,-7.4E+11,-19350000000,-505600000,1.27E+18,1.764E+11,4612000000,2.274E+13,disgust
27.29,0.1575,0.000678,184.9,0.001226,0.0459,0.04468,53.58,0.1955,0.3959,0.259,0.206,0.2021,0.1457,0.1667,0.1147,0.1115,0.1142,24.23,1748,179200,32980000,320.9,348.7,5.339,600800000,10740000,240100,1.553E+15,98220000,2187000,16200000000,22.79,0.1296,0.000187,1529,0.000808,0.03235,0.5957,62.68,-0.8693,0.2302,-0.2207,0.1266,-0.06995,0.07538,-0.03,0.05731,-0.006899,0.08714,57.68,3561,251800,50290000,-1573,861500,22500,-7.421E+11,-19380000000,-505700000,1.28E+18,1.766E+11,4613000000,2.275E+13,disgust
24.24,0.1356,7.60E-05,175,0.000616,0.02326,0.09204,51.23,0.1669,0.4371,0.227,0.1509,0.1814,0.09544,0.1928,0.09317,0.1116,0.04102,26.64,1996,166600,32270000,260,388.3,8.788,670000000,15450000,395400,1.734E+15,142200000,3627000,26690000000,19.35,0.1026,3.00E-05,1527,0.000494,0.01931,0.5969,55.17,-0.8964,0.2729,-0.08404,0.07901,0.00315,0.1016,-0.01758,0.02781,-0.04001,0.03776,50.09,3290,259400,51260000,-1644,862700,22500,-7.443E+11,-19410000000,-506000000,1.28E+18,1.769E+11,4615000000,2.276E+13,disgust
24.23,0.1315,0.000136,180.7,0.000977,0.03692,0.07979,49.73,0.1673,0.4174,0.2012,0.1631,0.1641,0.1069,0.1597,0.08323,0.1093,0.06473,25.56,1985,174300,34130000,289.9,428.1,11.98,739900000,19250000,539100,1.918E+15,176300000,4930000,36400000000,18.14,0.09219,5.30E-05,1536,0.000713,0.02796,0.6101,51.87,-0.9027,0.2024,-0.07158,0.1056,0.01391,0.1019,-0.009576,0.05364,-0.002484,0.05454,51.44,3494,276900,53710000,-1628,864100,22510,-7.467E+11,-19450000000,-506300000,1.29E+18,1.773E+11,4619000000,2.279E+13,disgust
24.34,0.1472,0.000284,213.2,0.001537,0.05752,0.07105,53.34,0.1804,0.4019,0.2851,0.1223,0.2028,0.07668,0.1558,0.07196,0.1163,0.08458,28.34,2056,187100,34380000,312.4,333.3,3.578,576900000,8293000,161100,1.498E+15,77980000,1482000,10870000000,17.49,0.0959,0.00011,1544,0.001083,0.04173,0.6311,48.38,-0.9065,0.2854,0.00231,0.1082,0.02974,0.09255,-0.009421,0.05735,0.01733,0.06633,44.1,3002,246700,48980000,-1559,865500,22510,-7.49E+11,-19480000000,-506500000,1.30E+18,1.776E+11,4620000000,2.28E+13,happy
24.02,0.1507,0.00021,203.4,0.001258,0.04712,0.07639,52.48,0.177,0.4081,0.2816,0.1502,0.2257,0.07724,0.1665,0.09367,0.1214,0.06943,28.09,2050,186600,34450000,304.7,354,5,613600000,7039000,225000,1.595E+15,66120000,2022000,15190000000,18,0.1013,7.50E-05,1495,0.00088,0.03391,0.6268,51.87,-0.8996,0.2541,-0.062,0.1041,-0.001952,0.09344,-0.03119,0.01891,0.007206,0.05698,47.73,3195,247100,49590000,-1571,866600,22500,-7.511E+11,-19500000000,-506000000,1.30E+18,1.778E+11,4616000000,2.276E+13,happy
21.04,0.1246,7.80E-05,159.1,0.000921,0.03467,0.07685,46.87,0.1437,0.4242,0.2756,0.1134,0.2059,0.0741,0.1408,0.07046,0.08896,0.04756,26.53,2135,192400,35490000,275.1,383.8,5.574,666200000,5004000,250700,1.735E+15,47390000,2242000,16910000000,15.98,0.08373,3.40E-05,1497,0.000582,0.02234,0.6701,48.37,-0.918,0.1742,0.009079,0.08801,0.007325,0.07675,-0.004209,0.03361,-0.000462,0.03536,47.52,3504,296500,58800000,-1668,867900,22480,-7.533E+11,-19510000000,-505200000,1.31E+18,1.779E+11,4608000000,2.271E+13,happy
17.03,0.1091,0.000109,169.1,0.000954,0.03571,0.133,40.15,0.1176,0.4189,0.2638,0.1211,0.1759,0.0682,0.13,0.09353,0.07842,0.05248,25.79,2209,190600,35850000,300.2,458.1,14.09,796500000,3152000,632600,2.077E+15,27150000,5672000,42590000000,13.59,0.07262,3.80E-05,1512,0.000628,0.02404,0.65,44.76,-0.9302,0.126,-0.01759,0.06904,0.001569,0.06557,-0.01279,0.03521,0.01935,0.03855,46.98,3602,300200,59440000,-1647,869400,22450,-7.558E+11,-19520000000,-503500000,1.31E+18,1.779E+11,4594000000,2.26E+13,happy
15.55,0.1259,0.000211,194.4,0.001032,0.03814,0.05679,41.91,0.1232,0.37,0.3381,0.1279,0.2431,0.1094,0.1753,0.09143,0.1018,0.05025,27.36,1907,168600,30770000,250,280.5,8.846,488400000,3519000,396200,1.276E+15,33350000,3610000,26610000000,11.32,0.07356,7.70E-05,1512,0.001009,0.03737,0.6173,35.69,-0.9381,0.3053,-0.04664,0.08102,0.004849,0.08196,-0.01929,0.01515,0.01197,0.05568,36.82,2518,209700,41720000,-1493,870700,22390,-7.58E+11,-19500000000,-501000000,1.32E+18,1.777E+11,4571000000,2.243E+13,happy
24.99,0.1532,8.30E-05,224.9,0.001147,0.04299,0.06568,54.84,0.1826,0.4418,0.3059,0.1541,0.2107,0.1044,0.142,0.07287,0.09024,0.06787,31.13,2279,165800,33400000,340.9,339.8,7.498,592400000,3252000,335300,1.549E+15,31420000,3009000,22490000000,18.8,0.1095,3.10E-05,1493,0.000793,0.03044,0.6321,51,-0.8898,0.2417,-0.05217,0.09922,0.021,0.0638,-0.02752,0.02149,0.01261,0.05141,49.6,3327,235800,50470000,-1614,871700,22360,-7.599E+11,-19490000000,-499700000,1.33E+18,1.777E+11,4559000000,2.234E+13,neutral
25.47,0.1569,9.20E-05,221.9,0.001158,0.04357,0.08888,55.72,0.1873,0.4333,0.269,0.1769,0.2069,0.118,0.1279,0.07406,0.07889,0.07206,30.81,2295,165100,34030000,363.9,417.9,10.19,729600000,3885000,455000,1.911E+15,36320000,4099000,30470000000,19.24,0.1133,3.60E-05,1477,0.000812,0.03115,0.6315,51.74,-0.8844,0.2146,-0.05169,0.09209,0.02907,0.06795,-0.04442,0.005535,0.003213,0.05519,51.78,3471,242200,51450000,-1628,873000,22330,-7.622E+11,-19490000000,-498100000,1.33E+18,1.777E+11,4545000000,2.223E+13,neutral
27.35,0.1673,0.000251,238.1,0.001626,0.06155,0.1194,57.33,0.199,0.4321,0.2304,0.2022,0.1926,0.1232,0.1436,0.08875,0.1256,0.1054,31.05,2295,156400,33630000,411.2,475.1,11.35,831100000,3203000,506000,2.181E+15,30810000,4533000,33810000000,22.06,0.1331,8.70E-05,1485,0.001104,0.04259,0.6439,61.33,-0.8637,0.1613,-0.1343,0.07376,0.0111,0.0697,-0.04754,0.003736,-0.02961,0.08017,57.52,3707,232500,50820000,-1616,874600,22280,-7.649E+11,-19490000000,-496000000,1.34E+18,1.777E+11,4526000000,2.21E+13,neutral
23.24,0.1582,0.000111,215.4,0.001102,0.04119,0.07109,51.77,0.1652,0.4334,0.315,0.1767,0.2076,0.1122,0.1206,0.07112,0.07903,0.06541,30.93,2297,169800,34080000,337.8,390.3,4.464,683900000,7569000,198700,1.797E+15,71240000,1763000,13260000000,18.54,0.1158,4.00E-05,1490,0.000793,0.03044,0.6353,51.56,-0.8947,0.2316,-0.06012,0.09865,0.008554,0.04574,-0.02528,0.01816,-0.000434,0.05242,49.77,3333,235300,50400000,-1625,876100,22260,-7.675E+11,-19500000000,-494900000,1.35E+18,1.778E+11,4517000000,2.202E+13,neutral
22.54,0.1364,8.70E-05,256.2,0.001303,0.04859,0.07488,50.86,0.1611,0.4249,0.2978,0.1603,0.1997,0.1015,0.12,0.0731,0.101,0.0788,28.94,2233,169700,34480000,347.3,362.2,4.773,635600000,5925000,212200,1.673E+15,55730000,1891000,14150000000,16.91,0.09478,4.00E-05,1480,0.000961,0.03659,0.6078,47.05,-0.9087,0.2778,-0.03028,0.1088,0.03927,0.04206,-0.03197,0.03542,0.01546,0.0637,46.22,3122,235900,48550000,-1569,877400,22230,-7.698E+11,-19510000000,-494000000,1.35E+18,1.779E+11,4509000000,2.196E+13,neutral
23.27,0.1679,1.70E-05,159.3,0.000406,0.01511,0.08017,54.31,0.1648,0.4161,0.3403,0.1606,0.1737,0.1654,0.1294,0.09181,0.07901,0.01889,32.54,2227,150700,28580000,255.3,350.4,22.37,615600000,11930000,992500,1.623E+15,105100000,8958000,66050000000,18.39,0.1255,5.00E-06,1512,0.000333,0.01273,0.5716,53.21,-0.8874,0.1459,-0.03753,0.05121,0.01018,0.01836,-0.01705,0.02099,-0.003764,0.01851,50.22,3577,264000,58040000,-1701,878600,22190,-7.719E+11,-19500000000,-492000000,1.36E+18,1.778E+11,4490000000,2.183E+13,sad
23.9,0.1508,4.50E-05,149.6,0.000464,0.01704,0.08475,53.64,0.1659,0.4116,0.3048,0.1609,0.1926,0.1229,0.1048,0.06812,0.08607,0.02441,30.77,2217,163900,31030000,258.3,350.3,22.44,616300000,12040000,992700,1.627E+15,106600000,8972000,65850000000,16.83,0.1028,1.50E-05,1508,0.000366,0.01403,0.5803,50.93,-0.8971,0.1171,-0.06904,0.0401,0.008387,0.05271,-0.01008,0.01179,-0.02382,0.022,49.9,3635,277000,59020000,-1673,879800,22120,-7.741E+11,-19460000000,-488800000,1.36E+18,1.775E+11,4462000000,2.161E+13,sad
19.76,0.1465,1.30E-05,148.4,0.000375,0.01399,0.07699,47.73,0.1326,0.3994,0.3066,0.1706,0.1677,0.12,0.0835,0.08128,0.1049,0.01864,30.89,2245,148900,29140000,255.5,364.8,27.01,642800000,15840000,1191000,1.699E+15,139400000,10730000,78700000000,15.27,0.1025,5.00E-06,1514,0.000314,0.01192,0.6058,47.23,-0.9082,0.09103,-0.03412,0.06124,0.001317,0.02449,0.003174,0.01386,-0.02423,0.01826,49.57,3715,283100,60940000,-1698,881100,22040,-7.762E+11,-19420000000,-485500000,1.37E+18,1.771E+11,4432000000,2.14E+13,sad
22.04,0.1485,2.20E-05,171.3,0.000465,0.0175,0.08961,51.29,0.1571,0.3837,0.3064,0.1539,0.1897,0.1155,0.1378,0.0666,0.08004,0.02224,31.22,2211,160800,30150000,265.9,364.9,27.29,643800000,16200000,1198000,1.704E+15,141700000,10780000,78890000000,14.83,0.09333,8.00E-06,1523,0.000389,0.01486,0.5903,44.87,-0.9099,0.09564,-0.0483,0.03855,0.003473,0.04998,-0.006311,0.03233,-0.005079,0.02171,47.65,3579,277300,58870000,-1668,882300,21960,-7.785E+11,-19370000000,-481800000,1.37E+18,1.767E+11,4399000000,2.115E+13,sad
15.09,0.1204,1.50E-05,162.3,0.000321,0.01202,0.1025,39.87,0.09882,0.3638,0.3228,0.1759,0.1359,0.1162,0.09882,0.09006,0.08424,0.01632,28.71,2124,140000,26960000,235.6,376.4,30.87,665100000,19210000,1350000,1.763E+15,169700000,12180000,88480000000,12.78,0.08277,6.00E-06,1514,0.00027,0.01028,0.573,41.9,-0.9268,0.081,-0.02473,0.005037,-0.004843,0.03397,-0.006798,0.002302,-0.02348,0.01542,48.42,3798,306200,64200000,-1701,883600,21870,-7.807E+11,-19320000000,-477700000,1.38E+18,1.763E+11,4362000000,2.088E+13,sad
22.94,0.1384,0.001558,214.3,0.004134,0.1551,0.0797,48,0.1628,0.6289,0.2315,0.1506,0.2002,0.1114,0.1111,0.07831,0.1103,0.2269,26.83,3091,355900,70810000,450.5,450.8,26.11,798000000,28890000,1139000,2.119E+15,263200000,10340000,74470000000,11.06,0.06275,0.000529,1542,0.002504,0.09554,0.6867,28.2,-0.9431,0.08803,0.06644,0.08637,-0.02253,0.07748,0.0338,0.0228,-0.01783,0.1451,38.72,3589,369200,74240000,-1625,885000,21800,-7.833E+11,-19300000000,-475100000,1.39E+18,1.761E+11,4337000000,2.071E+13,angry
21.12,0.1238,0.001869,200.6,0.004008,0.151,0.1141,42.86,0.1464,0.6349,0.2252,0.1341,0.1713,0.0978,0.1005,0.0749,0.1116,0.2291,24.88,3075,354400,71070000,457.1,554.1,32.77,982800000,35240000,1424000,2.614E+15,320000000,12950000,92770000000,9.815,0.05364,0.000655,1544,0.002293,0.08775,0.6799,25.71,-0.9512,-0.003035,0.07754,0.1113,-0.04147,0.0527,0.02836,0.03136,-0.01323,0.1351,40.35,4041,428500,85440000,-1694,886800,21730,-7.863E+11,-19270000000,-471600000,1.40E+18,1.758E+11,4306000000,2.048E+13,angry
25.07,0.1486,0.002501,215,0.00446,0.1694,0.08248,51.11,0.1837,0.5748,0.3013,0.1759,0.2022,0.1484,0.123,0.1103,0.1208,0.2756,27.14,2710,314000,62640000,472.5,453.3,36.27,805600000,40060000,1576000,2.147E+15,366000000,14370000,1.027E+11,12.6,0.07053,0.000915,1523,0.002885,0.1109,0.6668,32.44,-0.9295,0.1532,0.01536,0.1348,0.006179,0.06909,0.02668,0.04353,-0.02014,0.18,40.14,3451,338500,67460000,-1554,888500,21720,-7.894E+11,-19300000000,-471500000,1.40E+18,1.761E+11,4306000000,2.048E+13,angry
20.8,0.1198,0.001428,219,0.003769,0.1415,0.1022,43.44,0.1408,0.6399,0.2378,0.1669,0.1937,0.09283,0.1145,0.08129,0.0985,0.198,25.67,3090,357700,71360000,466.8,487,28.08,867000000,30170000,1219000,2.315E+15,273900000,11040000,79310000000,9.773,0.05244,0.000482,1549,0.002304,0.08791,0.6607,26.35,-0.9526,0.06714,0.08772,0.08406,-0.03952,0.09008,0.0297,0.0376,-0.002101,0.1283,38.03,3745,398000,79710000,-1646,890100,21700,-7.923E+11,-19320000000,-470500000,1.41E+18,1.762E+11,4296000000,2.041E+13,angry
26.77,0.163,0.00146,195.7,0.003612,0.1349,0.04548,54.53,0.1927,0.4269,0.3004,0.2077,0.2404,0.1412,0.1526,0.1022,0.1345,0.195,29.45,2135,228000,45660000,374.9,347.4,32.33,619400000,36050000,1402000,1.657E+15,327900000,12760000,91120000000,16.32,0.09529,0.000637,1543,0.00279,0.1063,0.6376,39.37,-0.9115,0.3785,0.04024,0.1453,0.03611,0.09877,-0.007857,0.04917,-0.009373,0.1643,37.52,2392,207500,40800000,-1435,891600,21680,-7.949E+11,-19330000000,-469600000,1.42E+18,1.764E+11,4288000000,2.035E+13,angry
25.18,0.1548,0.000194,192.2,0.000828,0.03096,0.07966,51.86,0.1762,0.3313,0.2478,0.2362,0.1684,0.1332,0.1433,0.09963,0.09908,0.06225,27.64,1780,142500,28620000,313.9,651.4,48.06,1164000000,29270000,2077000,3.119E+15,260300000,18790000,1.346E+11,15.91,0.09493,6.80E-05,1497,0.000595,0.02303,0.6394,45.47,-0.9085,0.1324,-0.1993,0.1449,-0.01736,0.05461,0.008224,0.01835,-0.05913,0.04459,49.84,3501,270900,53230000,-1607,893300,21610,-7.98E+11,-19300000000,-466400000,1.43E+18,1.761E+11,4260000000,2.015E+13,disgust
27.35,0.156,0.000166,190.9,0.0008,0.02971,0.1011,55.36,0.1917,0.3286,0.2504,0.2042,0.1856,0.1523,0.1514,0.101,0.1077,0.05779,26.53,1589,149000,28960000,289,412.4,12.13,738300000,9982000,521900,1.983E+15,90640000,4665000,33660000000,16.28,0.09278,8.60E-05,1532,0.000753,0.02931,0.5339,42.9,-0.9059,0.2441,-0.2049,0.1557,-0.02216,0.1016,-0.01815,0.01807,-0.02989,0.05809,44.78,2897,234900,44510000,-1489,895100,21510,-8.013E+11,-19250000000,-462300000,1.44E+18,1.757E+11,4223000000,1.988E+13,disgust
29.11,0.1744,0.000138,203.2,0.000783,0.02896,0.07906,58.87,0.2048,0.3442,0.2227,0.2194,0.1693,0.1728,0.1471,0.1232,0.117,0.05827,29.73,1763,137000,27710000,322.7,448.8,16.11,804900000,11040000,691100,2.165E+15,98140000,6170000,44470000000,18.56,0.1095,6.50E-05,1510,0.000693,0.02656,0.5662,48.58,-0.8887,0.2164,-0.2106,0.1252,-0.02533,0.1206,-0.001355,-0.02151,-0.09514,0.05302,49.64,3142,234400,46240000,-1550,896600,21470,-8.04E+11,-19250000000,-460400000,1.44E+18,1.757E+11,4205000000,1.976E+13,disgust
24.84,0.1577,0.001517,185.6,0.001109,0.03702,0.09903,51.68,0.175,0.3827,0.1934,0.1951,0.1868,0.1567,0.1528,0.09039,0.09975,0.06236,27.83,2030,152400,31450000,322.9,603.9,25.11,1085000000,13090000,1073000,2.925E+15,115700000,9643000,68760000000,16.28,0.09619,0.000178,1533,0.000609,0.02281,0.5914,47.75,-0.9003,0.09989,-0.2241,0.05938,-0.0709,0.0536,-0.04246,-0.00613,-0.04178,0.04542,54.79,3760,259300,53880000,-1647,898500,21370,-8.072E+11,-19200000000,-456200000,1.45E+18,1.752E+11,4168000000,1.949E+13,disgust
26.87,0.1646,0.000335,195.5,0.000763,0.02842,0.0751,54.35,0.1866,0.3239,0.2387,0.237,0.1713,0.1673,0.1316,0.1048,0.1149,0.06288,27.51,1776,134800,28430000,330.3,586.2,35.69,1056000000,21340000,1517000,2.852E+15,186600000,13640000,96620000000,17.6,0.1034,8.70E-05,1509,0.000634,0.02439,0.5971,49.87,-0.8905,0.1132,-0.301,0.1203,-0.03677,0.09628,-0.01585,0.03067,-0.02017,0.05137,53.73,3566,245600,49180000,-1580,900500,21260,-8.109E+11,-19150000000,-451700000,1.46E+18,1.748E+11,4127000000,1.92E+13,disgust
22.01,0.126,0.000745,225.5,0.002619,0.09818,0.0522,45.86,0.1433,0.4387,0.2818,0.1746,0.2088,0.1328,0.152,0.1016,0.1122,0.1494,25.46,1930,230500,45380000,363.3,384.4,16.71,693600000,21430000,708100,1.877E+15,197300000,6457000,45020000000,12.23,0.06867,0.000277,1559,0.00227,0.08637,0.5904,28.76,-0.9421,0.3729,0.01262,0.1455,0.01999,0.08329,0.02697,0.02204,-0.019,0.1328,30.7,1949,184900,34630000,-1409,902200,21200,-8.14E+11,-19130000000,-449100000,1.47E+18,1.746E+11,4104000000,1.904E+13,happy
25.83,0.1526,0.000935,191.8,0.002306,0.08598,0.04791,53.72,0.1797,0.455,0.24,0.1834,0.2027,0.09896,0.1604,0.0785,0.09955,0.1286,26.28,1888,239100,45990000,283.4,391.6,18.38,707600000,22640000,778400,1.918E+15,205700000,7047000,49450000000,13.95,0.0792,0.00033,1544,0.001895,0.07271,0.6208,32.76,-0.9277,0.306,0.01446,0.1352,0.003224,0.09405,0.02879,0.04169,-0.04921,0.1181,34.95,2398,243700,46290000,-1412,903500,21180,-8.164E+11,-19140000000,-448400000,1.48E+18,1.748E+11,4097000000,1.899E+13,happy
27.58,0.1581,0.000639,187.5,0.002262,0.08583,0.04488,56.41,0.1907,0.463,0.2478,0.1996,0.2173,0.1383,0.149,0.1019,0.1047,0.129,28,1858,240400,45870000,285.2,411,14.83,743800000,18930000,627100,2.019E+15,173000000,5679000,39780000000,15.34,0.08593,0.000237,1551,0.001897,0.07346,0.5996,36.68,-0.9171,0.3118,0.009136,0.1556,0.01371,0.09476,0.01874,0.01668,-0.07962,0.1205,36.59,2430,247000,47090000,-1418,904900,21150,-8.189E+11,-19140000000,-447000000,1.48E+18,1.748E+11,4085000000,1.89E+13,happy
22.84,0.1376,0.000315,221,0.001859,0.06979,0.02911,50.04,0.1609,0.3803,0.3411,0.1508,0.2404,0.1403,0.1661,0.1012,0.1311,0.09645,26.34,1715,173200,31940000,219.4,357.5,12.23,647900000,7763000,515900,1.762E+15,67150000,4557000,32640000000,13.23,0.07434,0.000133,1533,0.001784,0.06794,0.5937,32.27,-0.9325,0.4225,-0.04797,0.1755,0.03198,0.06344,-0.007227,-0.03413,-0.08415,0.101,31.89,1890,161400,30560000,-1361,906300,21110,-8.213E+11,-19130000000,-445300000,1.49E+18,1.747E+11,4069000000,1.879E+13,happy
23.47,0.1381,0.000618,195.9,0.002422,0.09156,0.06615,48.97,0.1686,0.4486,0.253,0.1944,0.2244,0.1196,0.1541,0.1095,0.1089,0.1289,26.09,1870,233000,44270000,273.8,402.7,15.91,731000000,16290000,670200,1.99E+15,147500000,5987000,42340000000,12.13,0.06997,0.000274,1550,0.002087,0.07978,0.6093,28.82,-0.9383,0.3498,0.04713,0.1058,0.01968,0.1256,0.02556,0.00549,-0.07649,0.1199,31.33,2154,224800,43150000,-1397,907600,21070,-8.237E+11,-19120000000,-443600000,1.50E+18,1.746E+11,4054000000,1.869E+13,happy
17.39,0.09927,0.000154,180.2,0.001048,0.03874,0.04247,37.86,0.1071,0.5462,0.3491,0.1933,0.1517,0.1633,0.1096,0.08656,0.1004,0.05513,25.55,2718,268900,54770000,250.3,382.2,14.66,694700000,6239000,615700,1.894E+15,52170000,5505000,38770000000,10.42,0.05697,5.80E-05,1505,0.000825,0.03134,0.594,26.16,-0.9565,0.3281,0.1321,0.09852,0.05695,0.05725,0.04257,0.02465,0.0181,0.04386,28.8,2309,249200,51990000,-1631,908900,21000,-8.262E+11,-19090000000,-440700000,1.50E+18,1.743E+11,4028000000,1.85E+13,neutral
21.32,0.1229,0.000119,173.4,0.00115,0.04324,0.04772,44.27,0.1376,0.6092,0.3244,0.1966,0.1923,0.1333,0.1355,0.1167,0.1168,0.05663,28.48,3045,305200,61760000,262.1,422.1,22.87,768500000,13220000,956700,2.099E+15,113800000,8575000,60020000000,12.15,0.06701,4.00E-05,1535,0.000714,0.02726,0.669,31.11,-0.9402,0.1663,0.08285,0.1006,-0.007706,0.06466,0.03309,0.01566,-0.000422,0.03785,37.35,3193,331900,69080000,-1728,910300,20930,-8.287E+11,-19050000000,-437800000,1.51E+18,1.74E+11,4001000000,1.832E+13,neutral
20.25,0.1126,0.000153,177.4,0.001149,0.04373,0.04521,42.52,0.1264,0.5905,0.3228,0.1773,0.1786,0.134,0.103,0.1202,0.09333,0.05945,26.47,2897,301800,60020000,266.8,419.4,22.6,764700000,13120000,941200,2.092E+15,112500000,8423000,58790000000,11.37,0.06062,5.00E-05,1538,0.000769,0.02947,0.647,28.58,-0.9483,0.2614,0.1736,0.1683,0.03465,0.06335,0.04605,-0.004039,-0.008879,0.04161,32.48,2758,304700,62230000,-1673,911800,20840,-8.313E+11,-19000000000,-433900000,1.52E+18,1.735E+11,3967000000,1.808E+13,neutral
21,0.1179,0.000222,190.8,0.001241,0.04607,0.04739,44.21,0.1399,0.5311,0.2674,0.1146,0.199,0.08518,0.1358,0.07407,0.09357,0.06637,26.49,2577,292800,57640000,295.8,390.9,11.19,713800000,6455000,464500,1.956E+15,56250000,4100000,28910000000,11.38,0.06244,9.00E-05,1534,0.000989,0.03783,0.6194,27.41,-0.9466,0.2907,0.1544,0.1496,0.009117,0.1008,0.03014,0.01804,-0.003238,0.05549,29.53,2274,247300,49790000,-1610,913200,20760,-8.339E+11,-18960000000,-430800000,1.52E+18,1.732E+11,3938000000,1.788E+13,neutral
17.87,0.1111,0.000116,175.2,0.00069,0.02609,0.05716,38.65,0.1208,0.5553,0.3473,0.1957,0.2414,0.1282,0.1434,0.1136,0.09947,0.0367,25.63,2814,291500,57970000,284.5,492.4,23.93,900900000,13420000,989000,2.472E+15,116200000,8884000,61300000000,9.062,0.05184,2.90E-05,1527,0.000467,0.01789,0.6606,27.19,-0.9552,0.07662,-0.02062,0.09804,0.04951,0.11,0.03244,-0.00696,0.01313,0.02625,36.78,3441,352000,70280000,-1762,914700,20680,-8.367E+11,-18920000000,-427400000,1.53E+18,1.728E+11,3908000000,1.767E+13,neutral
25.72,0.1622,0.003129,186.1,0.001301,0.04172,0.07174,54.16,0.1834,0.3585,0.2527,0.2283,0.1978,0.1638,0.1598,0.09429,0.1047,0.06795,28.15,1928,151900,31060000,325.3,481,22.69,881600000,15010000,934100,2.424E+15,130900000,8330000,57650000000,16.21,0.09684,0.000341,1520,0.0009,0.03373,0.5921,45.21,-0.9018,0.1958,-0.2413,0.1398,-0.05734,0.06992,-0.000816,0.01345,-0.04356,0.06275,47.38,3061,221900,43910000,-1516,916400,20600,-8.398E+11,-18870000000,-423800000,1.54E+18,1.724E+11,3875000000,1.745E+13,sad
29.84,0.1766,0.000142,194.4,0.000789,0.02911,0.07672,60.46,0.2111,0.3307,0.2314,0.2174,0.1729,0.1742,0.1501,0.1266,0.1205,0.05869,29.68,1646,137300,27050000,308.3,419.3,12.8,769700000,10350000,525300,2.12E+15,92950000,4683000,32330000000,18.71,0.11,6.90E-05,1514,0.000738,0.02831,0.5581,48.35,-0.8882,0.2497,-0.2117,0.1416,-0.02021,0.1313,0.003019,-0.02197,-0.09725,0.05647,47.69,2941,226700,43840000,-1518,918000,20530,-8.426E+11,-18840000000,-421000000,1.55E+18,1.722E+11,3850000000,1.728E+13,sad
25.37,0.1548,0.001278,182.5,0.001081,0.03778,0.1029,52.85,0.1791,0.3791,0.1985,0.1948,0.1886,0.1692,0.1465,0.09206,0.1012,0.06187,27.77,2014,157200,31970000,324.3,573.8,24.33,1055000000,13650000,994500,2.912E+15,119800000,8930000,60950000000,15.73,0.09043,0.000201,1516,0.00065,0.02461,0.6055,45.2,-0.904,0.1097,-0.2238,0.06936,-0.06953,0.06331,-0.04587,-0.005678,-0.03847,0.04789,53.19,3658,259200,53080000,-1619,919700,20440,-8.458E+11,-18800000000,-417500000,1.56E+18,1.718E+11,3818000000,1.706E+13,sad
26.22,0.1636,0.000421,199.8,0.000767,0.02842,0.07495,53.59,0.1814,0.3258,0.2416,0.2368,0.1691,0.1796,0.1311,0.1104,0.1146,0.06292,27.25,1806,134800,28730000,337.3,609.5,37.36,1124000000,23440000,1518000,3.107E+15,205200000,13670000,92480000000,17.55,0.1056,8.70E-05,1509,0.000614,0.02356,0.5945,50.63,-0.892,0.09962,-0.2932,0.1143,-0.04962,0.1018,-0.02952,0.03604,-0.02708,0.05,54.59,3664,251000,50640000,-1594,921700,20330,-8.496E+11,-18740000000,-413000000,1.57E+18,1.713E+11,3778000000,1.679E+13,sad
30.63,0.2532,0.000157,204.3,0.000831,0.03145,0.07433,63.38,0.2367,0.421,0.1936,0.2243,0.1547,0.129,0.1273,0.09938,0.09692,0.06449,33.47,2342,163900,32430000,429.8,669.9,53.68,1238000000,36190000,2164000,3.431E+15,323000000,19610000,1.308E+11,21.32,0.1565,5.90E-05,1498,0.000559,0.02172,0.6236,60.32,-0.8544,0.005897,-0.254,0.1066,-0.04799,0.0394,-0.006603,0.009856,-0.05249,0.04459,59.99,4234,238100,59060000,-1678,923900,20150,-8.537E+11,-18620000000,-405800000,1.58E+18,1.702E+11,3713000000,1.635E+13,sad
28.04,0.1463,0.000553,264.5,0.002168,0.08453,0.08504,55.52,0.2076,0.5122,0.3105,0.2018,0.1536,0.1071,0.1236,0.08875,0.1064,0.1977,24.51,1749,271600,53530000,410.4,406.4,8.295,752500000,13110000,332700,2.09E+15,122100000,3044000,20020000000,16.4,0.09148,0.000262,1505,0.001641,0.066,0.6113,38.2,-0.9173,0.357,0.07017,0.1633,-0.0321,0.07031,-0.02416,-0.02262,-0.0617,0.1572,36.53,2469,293200,56470000,-1450,925800,20060,-8.571E+11,-18570000000,-402000000,1.59E+18,1.698E+11,3678000000,1.612E+13,angry
27.68,0.144,0.000879,238.7,0.002449,0.09463,0.08355,55.24,0.2008,0.4571,0.3234,0.2013,0.156,0.1036,0.1164,0.08969,0.1057,0.2289,24.44,1552,251900,49970000,390.7,397.2,8.866,736600000,11090000,355000,2.049E+15,102300000,3253000,21320000000,16.49,0.09086,0.000391,1506,0.001721,0.06912,0.6366,39.14,-0.918,0.3716,0.08023,0.17,-0.03224,0.06208,-0.000415,-0.03368,-0.05852,0.1679,35.88,2341,282000,54290000,-1443,927200,20020,-8.597E+11,-18560000000,-400500000,1.59E+18,1.697E+11,3665000000,1.603E+13,angry
25.19,0.1416,0.000608,272.1,0.002303,0.08966,0.07832,50.93,0.1789,0.4946,0.329,0.166,0.165,0.1066,0.1318,0.08819,0.09295,0.2136,23.37,1759,267200,52660000,411.7,432,11.23,802300000,12710000,449500,2.235E+15,117400000,4047000,26980000000,15.37,0.08933,0.00029,1497,0.00163,0.06523,0.6225,36.88,-0.9273,0.3194,0.1016,0.1815,-0.04508,0.07598,-0.01872,-0.03276,-0.07594,0.1546,36.39,2553,301900,58230000,-1468,928600,20010,-8.623E+11,-18580000000,-400200000,1.60E+18,1.699E+11,3662000000,1.601E+13,angry
27.73,0.1451,0.000431,278.4,0.001913,0.07285,0.04275,54.53,0.199,0.4342,0.3245,0.1966,0.1898,0.1298,0.1372,0.09015,0.1043,0.1726,24.55,1512,239300,47330000,362,324.8,10.08,604100000,14990000,402900,1.685E+15,139400000,3713000,24160000000,18.05,0.1025,0.00023,1454,0.001568,0.0626,0.6021,41.99,-0.9108,0.4236,0.009066,0.2044,-0.01129,0.08972,-0.000969,-0.02266,-0.08076,0.1534,37.69,2258,248400,46750000,-1397,929900,20000,-8.648E+11,-18600000000,-399600000,1.61E+18,1.7E+11,3657000000,1.598E+13,angry
27.68,0.144,0.000879,238.7,0.002449,0.09463,0.08355,55.24,0.2008,0.4571,0.3234,0.2013,0.156,0.1036,0.1164,0.08969,0.1057,0.2289,24.44,1552,251900,49970000,390.7,397.2,8.866,739800000,11100000,354100,2.067E+15,102400000,3244000,21210000000,16.49,0.09086,0.000391,1506,0.001721,0.06912,0.6366,39.14,-0.918,0.3716,0.08023,0.17,-0.03224,0.06208,-0.000415,-0.03368,-0.05852,0.1679,35.88,2341,282000,54290000,-1443,931200,19970,-8.671E+11,-18600000000,-398500000,1.62E+18,1.7E+11,3647000000,1.591E+13,angry
27.5,0.1372,0.000562,174.9,0.001005,0.04242,0.03575,52.18,0.1898,0.2695,0.3328,0.2558,0.2069,0.2177,0.145,0.1494,0.1125,0.1506,22.24,982.9,141200,26530000,252.8,448.9,14.39,837300000,22110000,575000,2.343E+15,202800000,5268000,34450000000,28.14,0.161,0.000233,1533,0.00082,0.03446,0.6436,67.75,-0.864,0.5682,-0.2021,0.06775,-0.05649,0.1614,0.003754,0.02743,-0.07689,0.104,50.79,2421,206300,37340000,-1535,932600,19980,-8.698E+11,-18630000000,-398800000,1.62E+18,1.704E+11,3650000000,1.593E+13,disgust
27.95,0.1353,0.000843,193.8,0.001326,0.05543,0.0581,54.6,0.1906,0.3968,0.3151,0.2054,0.1779,0.1351,0.1324,0.1167,0.1269,0.1955,24.12,1248,199400,39340000,304.3,462.1,18.89,863400000,26760000,755700,2.42E+15,244300000,6902000,45350000000,22.54,0.1186,0.000365,1523,0.001202,0.04975,0.5908,52.88,-0.8945,0.4582,-0.06393,0.195,-0.00127,0.1584,0.04666,0.04774,-0.07793,0.138,43.98,2379,239100,43290000,-1480,934200,20010,-8.728E+11,-18700000000,-400100000,1.63E+18,1.709E+11,3662000000,1.601E+13,disgust
27.29,0.1396,0.000889,211.4,0.001528,0.06354,0.05261,54.07,0.1873,0.3221,0.3313,0.2276,0.2134,0.1612,0.1386,0.1255,0.138,0.2189,23.98,1074,177700,34720000,297.5,437,13.3,817900000,21030000,533100,2.296E+15,192900000,4885000,32050000000,23.33,0.1251,0.000401,1497,0.001286,0.05325,0.6322,55.19,-0.8911,0.5243,-0.0525,0.1671,-0.0269,0.1186,0.01894,0.01758,-0.09937,0.1491,44.01,2277,225200,41000000,-1477,935800,20050,-8.757E+11,-18760000000,-401600000,1.64E+18,1.715E+11,3675000000,1.609E+13,disgust
27.48,0.1436,0.000797,202.6,0.001417,0.05758,0.02979,54.13,0.1893,0.3814,0.3349,0.214,0.1962,0.1412,0.1283,0.136,0.115,0.1824,24.14,1353,199200,38910000,327.7,432,12.79,809800000,20230000,513400,2.277E+15,185400000,4699000,30900000000,20.55,0.1115,0.00032,1524,0.001184,0.04851,0.6259,51.88,-0.8974,0.3947,-0.09466,0.1229,-0.01263,0.1226,0.02042,0.05989,-0.05322,0.1289,44.89,2600,253900,46970000,-1484,937300,20070,-8.785E+11,-18810000000,-402400000,1.65E+18,1.72E+11,3683000000,1.615E+13,disgust
27.29,0.1396,0.000889,211.4,0.001528,0.06354,0.05261,54.07,0.1873,0.3221,0.3313,0.2276,0.2134,0.1612,0.1386,0.1255,0.138,0.2189,23.98,1074,177700,34720000,297.5,437,13.3,820500000,21090000,534200,2.311E+15,193400000,4895000,32180000000,23.33,0.1251,0.000401,1497,0.001286,0.05325,0.6322,55.19,-0.8911,0.5243,-0.0525,0.1671,-0.0269,0.1186,0.01894,0.01758,-0.09937,0.1491,44.01,2277,225200,41000000,-1477,938800,20090,-8.813E+11,-18860000000,-403200000,1.66E+18,1.725E+11,3690000000,1.619E+13,disgust
28.05,0.159,0.000415,228.2,0.001796,0.06887,0.05895,55.73,0.2081,0.6181,0.3138,0.1898,0.1904,0.1416,0.1608,0.1134,0.1126,0.1391,33.87,3266,244400,55640000,484.7,378.5,5.564,711600000,12100000,223500,2.007E+15,112400000,2072000,13470000000,20.81,0.1082,0.000229,1496,0.001533,0.06079,0.5297,51.92,-0.8796,0.3013,-0.02718,0.2183,-0.00712,0.08674,0.02077,-0.01516,-0.1029,0.122,45.83,3145,226400,50120000,-1497,940200,20100,-8.84E+11,-18900000000,-403600000,1.66E+18,1.728E+11,3694000000,1.622E+13,happy
27.6,0.1495,0.000454,207.1,0.001797,0.06944,0.09067,57.19,0.1917,0.5513,0.3086,0.206,0.189,0.1651,0.1524,0.1409,0.1208,0.1346,31.75,2782,262400,54500000,445,398.7,6.196,750800000,10600000,248900,2.121E+15,99350000,2271000,15000000000,19.61,0.1013,0.000233,1511,0.001442,0.05685,0.5757,49.57,-0.8915,0.2809,0.0562,0.1818,-0.02992,0.04088,0.01622,0.007181,-0.06254,0.1101,43.51,3021,264500,54470000,-1544,941500,20090,-8.865E+11,-18920000000,-403400000,1.67E+18,1.73E+11,3693000000,1.621E+13,happy
25.98,0.1268,0.000457,240.4,0.001698,0.06433,0.05093,53.07,0.1718,0.5921,0.2705,0.205,0.1604,0.1631,0.1671,0.1107,0.1054,0.1323,29.49,2978,275300,58620000,453.2,401.9,8.338,757800000,12870000,334800,2.144E+15,119300000,3044000,20160000000,17.92,0.08755,0.000247,1481,0.001472,0.05742,0.5524,46.35,-0.9061,0.2699,0.004141,0.2027,0.005936,0.06562,0.04556,0.00099,-0.07725,0.1148,41.81,2998,269800,53750000,-1509,942900,20080,-8.891E+11,-18930000000,-402800000,1.68E+18,1.731E+11,3687000000,1.617E+13,happy
24.19,0.1625,0.000251,235.5,0.001466,0.05559,0.07056,52.93,0.1581,0.6364,0.2511,0.2507,0.2003,0.1521,0.1489,0.1318,0.09898,0.1104,31.1,3411,258300,59190000,526.1,439.4,7.329,830000000,10790000,294100,2.351E+15,99670000,2641000,17690000000,21.37,0.1218,0.000122,1488,0.001145,0.04472,0.6002,59.09,-0.8799,0.147,-0.08319,0.1696,-0.04216,0.04514,0.04702,0.009994,-0.09188,0.093,51.78,3881,276000,60130000,-1598,944400,20060,-8.918E+11,-18950000000,-402100000,1.68E+18,1.733E+11,3681000000,1.613E+13,happy
26.99,0.1579,0.000345,233.8,0.001537,0.05775,0.07903,54.52,0.1846,0.5312,0.2911,0.1916,0.1861,0.1654,0.1817,0.1444,0.1511,0.1128,29.84,2669,255000,53070000,433.9,369.2,7.065,698300000,13250000,283200,1.981E+15,123600000,2627000,17020000000,19.56,0.1121,0.000164,1467,0.001344,0.05239,0.5575,49.02,-0.8947,0.3262,-0.09162,0.1293,-0.003971,0.05255,0.008791,-0.001797,-0.04956,0.1056,43.42,2822,227100,46720000,-1497,945800,20050,-8.945E+11,-18960000000,-401500000,1.69E+18,1.734E+11,3676000000,1.609E+13,happy
27.14,0.1524,0.000207,232.4,0.001095,0.04109,0.03442,54.38,0.1914,0.3518,0.2897,0.2118,0.1958,0.1409,0.1451,0.09562,0.141,0.0851,26.18,1500,197200,37970000,302.3,339.3,5.182,642700000,10120000,207700,1.826E+15,93430000,1882000,12490000000,17.25,0.09712,0.000112,1466,0.001195,0.04713,0.5443,39.77,-0.913,0.4807,0.03543,0.1965,-0.02995,0.05636,-0.01225,-0.000283,-0.03368,0.09562,34.38,1897,189000,35120000,-1400,947000,20050,-8.968E+11,-18990000000,-401600000,1.70E+18,1.737E+11,3677000000,1.61E+13,neutral
21.24,0.1274,0.000146,209.1,0.001064,0.0399,0.0566,43.64,0.1432,0.4663,0.3064,0.1966,0.2018,0.1525,0.172,0.09215,0.1088,0.08067,23.48,1955,259900,50210000,354,403,6.412,764300000,7161000,256900,2.174E+15,66960000,2280000,15430000000,12.78,0.07345,7.60E-05,1490,0.000945,0.03694,0.5718,33.7,-0.9405,0.2835,0.06647,0.1605,-0.03548,0.07828,0.02916,0.02005,-0.02519,0.07325,34.9,2508,271200,51540000,-1528,948300,20030,-8.992E+11,-19000000000,-401000000,1.71E+18,1.738E+11,3672000000,1.606E+13,neutral
21.84,0.1237,0.000161,201.2,0.001017,0.03782,0.06552,43.83,0.1404,0.4897,0.2647,0.2036,0.1953,0.1406,0.1856,0.08697,0.1172,0.07637,23.43,2072,264900,51750000,368.8,431.8,4.607,820100000,7566000,184300,2.337E+15,70310000,1649000,11060000000,13.81,0.0765,7.30E-05,1489,0.000895,0.0348,0.5596,35.68,-0.9369,0.2784,0.06893,0.1512,-0.0122,0.09416,0.03205,0.02816,-0.0417,0.06992,36.53,2671,288400,54630000,-1549,949700,20010,-9.02E+11,-19000000000,-400000000,1.71E+18,1.738E+11,3662000000,1.6E+13,neutral
20.2,0.1218,0.000276,195.4,0.001076,0.04037,0.05039,41.46,0.1257,0.4583,0.3008,0.1992,0.2017,0.1235,0.1552,0.08206,0.1032,0.08006,22.83,1882,244900,47750000,340.1,383.9,6.801,730300000,8611000,271800,2.084E+15,79100000,2430000,16290000000,12.93,0.07489,0.000102,1479,0.000986,0.03871,0.5681,33.27,-0.9427,0.3223,0.022,0.1855,0.000968,0.08284,0.03136,0.04234,-0.02886,0.07589,33.93,2354,250000,46930000,-1485,951100,19990,-9.047E+11,-19010000000,-399200000,1.72E+18,1.739E+11,3655000000,1.595E+13,neutral
20.11,0.1154,0.000185,209.5,0.001242,0.04641,0.1004,40.41,0.1291,0.5118,0.2732,0.2017,0.1909,0.1484,0.1616,0.08687,0.1056,0.08627,22.5,2148,274300,53370000,383.3,476.5,6.156,907900000,10350000,245900,2.595E+15,95700000,2217000,14720000000,12.3,0.0674,8.50E-05,1485,0.000968,0.03736,0.5934,33.22,-0.9453,0.2304,0.1065,0.1292,-0.03051,0.09663,0.05239,0.03768,-0.02865,0.07099,35.97,2814,314200,59960000,-1599,952600,19970,-9.075E+11,-19030000000,-398500000,1.73E+18,1.74E+11,3649000000,1.591E+13,neutral
24.21,0.1225,0.000117,195.3,0.000593,0.02261,0.04297,47.77,0.1492,0.402,0.3296,0.2207,0.2096,0.1742,0.1526,0.1186,0.1297,0.05112,24.72,1660,221100,42580000,270.7,360,5.484,687000000,4002000,218900,1.966E+15,36490000,1982000,13090000000,15.23,0.08288,5.20E-05,1503,0.00057,0.02239,0.5729,38.67,-0.9254,0.3713,-0.004072,0.1905,0.01394,0.06758,0.0452,-0.02096,-0.1042,0.04299,34.87,2182,238200,44480000,-1587,954100,19950,-9.103E+11,-19030000000,-397600000,1.74E+18,1.741E+11,3640000000,1.585E+13,sad
25.13,0.1338,6.10E-05,192.2,0.000511,0.01934,0.03653,50.41,0.1618,0.3742,0.337,0.2114,0.1868,0.1356,0.1439,0.1211,0.1312,0.03907,24.4,1613,229900,44270000,280.4,391.4,13.51,747900000,6175000,538300,2.143E+15,53460000,4855000,32140000000,15.49,0.087,3.10E-05,1508,0.000483,0.01896,0.5803,39.67,-0.924,0.3689,0.07944,0.1883,-0.01308,0.04022,-0.02357,-0.07011,-0.1179,0.03675,35.53,2310,262000,49510000,-1598,955400,19920,-9.127E+11,-19030000000,-396400000,1.74E+18,1.741E+11,3630000000,1.579E+13,sad
25.35,0.1316,6.50E-05,227.5,0.000548,0.02096,0.05199,50.77,0.1577,0.3736,0.3408,0.1979,0.1832,0.1647,0.1381,0.1274,0.1302,0.04227,25.5,1662,224500,43090000,284.2,376.5,8.673,720400000,2103000,344800,2.067E+15,17940000,3117000,20550000000,17.23,0.09819,3.10E-05,1484,0.000519,0.02039,0.5549,42.37,-0.9161,0.4292,0.08886,0.1504,-0.0453,0.0195,-0.01557,-0.05664,-0.135,0.0403,36.38,2217,244900,46500000,-1598,956700,19880,-9.153E+11,-19020000000,-394800000,1.75E+18,1.74E+11,3615000000,1.569E+13,sad
27.53,0.1355,0.0001,211.9,0.000523,0.01958,0.05578,55.13,0.1699,0.452,0.3239,0.1876,0.1534,0.1351,0.1243,0.102,0.1338,0.04171,26.18,1770,248600,47830000,268,364.5,13,698300000,5540000,515900,2.007E+15,47820000,4660000,30680000000,17.32,0.0903,3.80E-05,1487,0.000477,0.01862,0.5601,41.29,-0.9131,0.3439,0.07717,0.1914,0.01274,0.06192,-0.0116,-0.05351,-0.09171,0.03735,36.54,2287,261700,49770000,-1614,958000,19840,-9.177E+11,-19000000000,-393200000,1.76E+18,1.739E+11,3600000000,1.559E+13,sad
25.35,0.1316,6.50E-05,227.5,0.000548,0.02096,0.05199,50.77,0.1577,0.3736,0.3408,0.1979,0.1832,0.1647,0.1381,0.1274,0.1302,0.04227,25.5,1662,224500,43090000,284.2,376.5,8.673,722300000,2123000,343400,2.079E+15,18090000,3105000,20390000000,17.23,0.09819,3.10E-05,1484,0.000519,0.02039,0.5549,42.37,-0.9161,0.4292,0.08886,0.1504,-0.0453,0.0195,-0.01557,-0.05664,-0.135,0.0403,36.38,2217,244900,46500000,-1598,959300,19800,-9.202E+11,-18990000000,-391600000,1.77E+18,1.738E+11,3586000000,1.55E+13,sad
21.82,0.142,0.000453,223.5,0.001662,0.06356,0.04961,45.75,0.1587,0.3056,0.3398,0.1984,0.1899,0.1264,0.1366,0.1129,0.08636,0.14,23.87,1333,176600,33670000,330.7,285.4,28.06,548200000,32330000,1112000,1.579E+15,295700000,10170000,66080000000,16.19,0.1024,0.000235,1543,0.001626,0.06488,0.5422,40.86,-0.9238,0.4145,-0.06983,0.08495,-0.01879,0.1241,0.02138,0.04014,-0.0437,0.1516,39.9,2420,219600,41680000,-1359,960400,19820,-9.224E+11,-19040000000,-392600000,1.77E+18,1.742E+11,3595000000,1.556E+13,angry
26.48,0.1341,0.000639,229.4,0.002113,0.08101,0.04388,53.29,0.1866,0.2655,0.3053,0.1858,0.1934,0.1337,0.1368,0.09172,0.0859,0.1733,26.27,1247,149200,28260000,308.8,282.1,21.53,542500000,25940000,855400,1.565E+15,239800000,7871000,50980000000,19.68,0.1097,0.000318,1521,0.001811,0.07194,0.6529,45.18,-0.9089,0.5482,-0.00239,0.1302,-0.002345,0.1226,0.00559,0.01115,-0.06605,0.1681,39.46,2110,193700,35650000,-1340,961400,19880,-9.243E+11,-19110000000,-394700000,1.78E+18,1.748E+11,3615000000,1.568E+13,angry
26.57,0.1348,0.000265,226.4,0.001533,0.05844,0.02747,53.95,0.1823,0.349,0.3114,0.1873,0.1952,0.107,0.1298,0.08329,0.1051,0.1286,27.08,1506,194400,37070000,359.3,330.6,14.26,636400000,19630000,567500,1.837E+15,180500000,5198000,33870000000,18.25,0.1009,0.00016,1530,0.001481,0.05845,0.572,43.15,-0.9112,0.4719,0.0651,0.1157,-0.02107,0.0561,-0.0397,-0.02676,-0.09295,0.1295,37.83,2185,218900,41500000,-1396,962500,19910,-9.263E+11,-19160000000,-395900000,1.78E+18,1.753E+11,3626000000,1.576E+13,angry
28.1,0.1363,0.000434,233.2,0.00149,0.05895,0.05498,56.86,0.1895,0.2972,0.2999,0.1963,0.1636,0.1399,0.1372,0.1098,0.1189,0.1645,27.99,1318,158200,30680000,297.5,279.7,13.02,539000000,17720000,518700,1.558E+15,162100000,4738000,31000000000,20.36,0.1106,0.00026,1497,0.00172,0.06944,0.5436,47.6,-0.9015,0.5306,0.02736,0.1492,-0.03338,0.1089,-0.02526,-0.01405,-0.08519,0.1744,39.28,2010,184800,33820000,-1290,963500,19930,-9.283E+11,-19200000000,-396700000,1.79E+18,1.757E+11,3633000000,1.58E+13,angry
20.44,0.1199,0.000546,236.9,0.002324,0.08978,0.04191,42.53,0.1476,0.3259,0.2979,0.1801,0.1935,0.1338,0.1235,0.09681,0.09034,0.195,23.09,1451,176300,33590000,383.6,315.8,20.25,609200000,25650000,807900,1.763E+15,233300000,7364000,48350000000,15.42,0.09304,0.000348,1539,0.002176,0.0863,0.5816,37.67,-0.9367,0.5248,0.1086,0.1246,-0.05,0.02447,-0.04799,-0.02166,-0.04965,0.1867,34.61,2088,211700,39460000,-1346,964500,19960,-9.303E+11,-19250000000,-397900000,1.80E+18,1.761E+11,3644000000,1.588E+13,angry
34.35,0.1708,0.00016,177,0.001028,0.03876,0.05937,68,0.2592,0.2475,0.3379,0.2156,0.1959,0.157,0.1684,0.1236,0.1244,0.07634,30.21,932,156800,28660000,231,351.1,18.59,678200000,24810000,743500,1.965E+15,225200000,6768000,44590000000,25.53,0.1329,8.10E-05,1519,0.000806,0.03252,0.6377,57.75,-0.8632,0.5362,-0.03781,0.182,0.02218,0.1486,0.04765,0.02827,-0.07899,0.07498,44.77,2201,202100,37840000,-1561,965700,20000,-9.326E+11,-19310000000,-399600000,1.80E+18,1.767E+11,3659000000,1.597E+13,disgust
34.6,0.1753,0.000163,202.4,0.001053,0.04025,0.03969,67.06,0.2666,0.2896,0.3249,0.1564,0.1869,0.1446,0.1462,0.1332,0.09361,0.08801,30.49,1146,180500,32940000,277.7,385.2,19.7,745000000,26500000,789400,2.161E+15,241000000,7192000,47450000000,23.8,0.1314,8.80E-05,1559,0.000869,0.03518,0.6208,56,-0.8678,0.4525,0.01745,0.1511,0.03417,0.1201,-0.0226,0.03323,-0.08239,0.08401,44.94,2447,231900,44060000,-1536,967000,20040,-9.35E+11,-19380000000,-401400000,1.81E+18,1.773E+11,3676000000,1.608E+13,disgust
29.22,0.1591,0.000113,198.3,0.000798,0.02992,0.03941,59.37,0.2147,0.2523,0.3646,0.1518,0.2069,0.1637,0.1418,0.1346,0.1016,0.06049,27.46,1023,158800,29060000,228.5,338.3,18.72,655200000,24860000,751900,1.903E+15,225800000,6847000,45290000000,22.22,0.1286,6.00E-05,1525,0.000719,0.02862,0.5804,52.31,-0.889,0.5148,-0.01449,0.1267,0.023,0.1117,-0.0282,0.0337,-0.05244,0.06388,42.25,2247,209200,39920000,-1576,968200,20090,-9.374E+11,-19450000000,-403100000,1.82E+18,1.779E+11,3691000000,1.619E+13,disgust
24.73,0.1429,0.000236,199.7,0.001392,0.05235,0.03598,51.81,0.1833,0.2521,0.3687,0.1428,0.2004,0.1245,0.1243,0.1011,0.09314,0.09129,26.06,1134,168400,31750000,308.2,370.8,14.87,718900000,20770000,598700,2.091E+15,192400000,5507000,36140000000,17.31,0.1048,0.000119,1544,0.001134,0.04452,0.6323,41.4,-0.9171,0.5102,0.04959,0.08886,-0.01633,0.05839,-0.03926,-0.02468,-0.0701,0.08947,37.17,2086,205600,39770000,-1459,969400,20140,-9.398E+11,-19520000000,-405100000,1.82E+18,1.786E+11,3710000000,1.631E+13,disgust
23.95,0.1319,7.00E-05,182.4,0.000874,0.03316,0.05167,49.59,0.1688,0.3136,0.3541,0.1563,0.1661,0.1066,0.1415,0.1118,0.07962,0.06207,22.7,1202,192600,37260000,281.8,364.4,18.76,707400000,25210000,756000,2.06E+15,229800000,6897000,45700000000,16.55,0.09879,4.10E-05,1532,0.000682,0.02695,0.6193,41.85,-0.9238,0.4375,0.04774,0.08997,-0.01094,0.1107,0.015,0.0206,-0.05867,0.05653,37.33,2280,242600,45750000,-1565,970700,20160,-9.423E+11,-19570000000,-406000000,1.83E+18,1.79E+11,3718000000,1.636E+13,disgust
17.9,0.1182,0.000229,202.7,0.001408,0.05301,0.03521,40.13,0.1324,0.2376,0.3431,0.1177,0.1757,0.1103,0.1041,0.08188,0.08039,0.09477,20.01,1038,138200,26340000,256.5,297.9,23.77,579000000,28860000,960300,1.688E+15,262800000,8757000,58190000000,12.79,0.08305,0.000135,1550,0.001508,0.05861,0.571,31.09,-0.9482,0.5658,-0.005171,0.08455,-0.01409,0.05103,-0.004282,-0.02983,-0.06507,0.1107,30.07,1642,158600,28950000,-1334,971900,20210,-9.445E+11,-19640000000,-408000000,1.84E+18,1.797E+11,3736000000,1.648E+13,happy
25.09,0.1422,0.000247,215.2,0.001621,0.06146,0.05434,51.83,0.1864,0.2731,0.3583,0.1545,0.1896,0.1324,0.1163,0.0906,0.08743,0.1158,23.99,1153,178700,34400000,286.5,335.2,34,652300000,39550000,1378000,1.904E+15,359000000,12550000,83740000000,16.1,0.09771,0.000122,1550,0.001396,0.05468,0.6057,39.12,-0.9241,0.5189,0.05565,0.114,-0.008776,0.04952,-0.04722,-0.01518,-0.06453,0.1085,33.55,1883,195000,36810000,-1436,973000,20270,-9.466E+11,-19720000000,-410600000,1.84E+18,1.804E+11,3760000000,1.664E+13,happy
10.9,0.08721,0.00034,205.4,0.001921,0.07277,0.08652,27.15,0.07287,0.3397,0.3458,0.107,0.1621,0.1044,0.08775,0.09142,0.07318,0.1246,16.99,1369,198100,38800000,340.6,361.9,22.98,705000000,29010000,934100,2.06E+15,264900000,8527000,56960000000,9.375,0.06177,0.000173,1573,0.001848,0.07133,0.5619,24.89,-0.9713,0.4973,0.1402,0.09245,-0.0148,0.04381,-0.02282,-0.02836,-0.05111,0.1277,26.48,1732,200300,37840000,-1382,974200,20340,-9.49E+11,-19810000000,-413300000,1.85E+18,1.812E+11,3784000000,1.68E+13,happy
25.09,0.1422,0.000247,215.2,0.001621,0.06146,0.05434,51.83,0.1864,0.2731,0.3583,0.1545,0.1896,0.1324,0.1163,0.0906,0.08743,0.1158,23.99,1153,178700,34400000,286.5,335.2,34,653900000,39670000,1386000,1.913E+15,360100000,12620000,84760000000,16.1,0.09771,0.000122,1550,0.001396,0.05468,0.6057,39.12,-0.9241,0.5189,0.05565,0.114,-0.008776,0.04952,-0.04722,-0.01518,-0.06453,0.1085,33.55,1883,195000,36810000,-1436,975400,20400,-9.513E+11,-19890000000,-415600000,1.86E+18,1.82E+11,3805000000,1.695E+13,happy
25.09,0.1422,0.000247,215.2,0.001621,0.06146,0.05434,51.83,0.1864,0.2731,0.3583,0.1545,0.1896,0.1324,0.1163,0.0906,0.08743,0.1158,23.99,1153,178700,34400000,286.5,335.2,34,654700000,39740000,1391000,1.918E+15,360700000,12670000,85390000000,16.1,0.09771,0.000122,1550,0.001396,0.05468,0.6057,39.12,-0.9241,0.5189,0.05565,0.114,-0.008776,0.04952,-0.04722,-0.01518,-0.06453,0.1085,33.55,1883,195000,36810000,-1436,976500,20470,-9.536E+11,-19990000000,-418700000,1.86E+18,1.829E+11,3833000000,1.714E+13,happy
25.77,0.1605,0.000203,247.5,0.001519,0.05831,0.03226,55.43,0.1907,0.2569,0.2964,0.1484,0.2042,0.1158,0.1465,0.1018,0.1282,0.1047,27.57,1192,165700,30530000,310.3,317.2,3.924,620300000,9730000,160800,1.819E+15,89910000,1480000,9890000000,17.47,0.1099,0.000132,1482,0.001421,0.0562,0.6006,41.1,-0.913,0.5086,0.146,0.1421,-0.09007,0.01782,-0.08626,-0.004051,-0.008946,0.1106,34.68,1937,196600,38320000,-1387,977700,20510,-9.558E+11,-20050000000,-420100000,1.87E+18,1.834E+11,3846000000,1.722E+13,neutral
28.87,0.1605,0.000279,255.5,0.001566,0.05949,0.05174,59.42,0.2189,0.2532,0.2795,0.1465,0.2105,0.1081,0.1498,0.1003,0.148,0.1051,28.86,1158,162800,29700000,295.7,304.2,3.662,595400000,9395000,150100,1.748E+15,87000000,1392000,9233000000,18.09,0.1047,0.00016,1475,0.001488,0.05833,0.6249,41.49,-0.907,0.5171,0.1397,0.1429,-0.08645,0.01192,-0.07962,-0.001678,-0.009734,0.1135,34.73,1883,189200,36650000,-1376,978700,20510,-9.579E+11,-20070000000,-420200000,1.88E+18,1.836E+11,3847000000,1.723E+13,neutral
26.94,0.1721,0.000389,260.9,0.001939,0.07375,0.03662,57.18,0.2095,0.2568,0.2813,0.15,0.203,0.09875,0.1517,0.089,0.1319,0.1397,28.62,1217,155500,28080000,309,279,3.863,546700000,2872000,158400,1.607E+15,28180000,1399000,9742000000,16.97,0.1066,0.000216,1471,0.001872,0.07374,0.6034,39.85,-0.9126,0.5219,0.1023,0.09503,-0.1151,0.009744,-0.06442,0.02814,-0.007443,0.1485,33.16,1738,159900,32000000,-1266,979700,20510,-9.599E+11,-20090000000,-420100000,1.88E+18,1.838E+11,3847000000,1.722E+13,neutral
28,0.1571,0.000327,260.1,0.001785,0.06649,0.05416,57.8,0.2076,0.2665,0.2678,0.1598,0.2046,0.1184,0.146,0.1051,0.1469,0.1187,28.42,1232,164500,30070000,302.4,313.7,1.94,615400000,6991000,79510,1.811E+15,64280000,720400,4886000000,18.15,0.1038,0.000168,1460,0.00157,0.06121,0.6168,41.57,-0.9081,0.552,0.08789,0.1256,-0.07843,-0.008051,-0.06431,0.01308,-0.01384,0.1207,34.4,1760,171000,32790000,-1359,980800,20490,-9.619E+11,-20100000000,-419700000,1.89E+18,1.839E+11,3843000000,1.719E+13,neutral
28.87,0.1605,0.000279,255.5,0.001566,0.05949,0.05174,59.42,0.2189,0.2532,0.2795,0.1465,0.2105,0.1081,0.1498,0.1003,0.148,0.1051,28.86,1158,162800,29700000,295.7,304.2,3.662,597300000,9402000,150100,1.759E+15,87070000,1391000,9222000000,18.09,0.1047,0.00016,1475,0.001488,0.05833,0.6249,41.49,-0.907,0.5171,0.1397,0.1429,-0.08645,0.01192,-0.07962,-0.001678,-0.009734,0.1135,34.73,1883,189200,36650000,-1376,981800,20500,-9.64E+11,-20120000000,-419700000,1.89E+18,1.841E+11,3843000000,1.72E+13,neutral
33.33,0.1691,6.30E-05,198.3,0.000533,0.02079,0.0617,65.76,0.2424,0.2591,0.277,0.1893,0.1679,0.1192,0.1318,0.1019,0.1232,0.06206,29.16,986.5,155900,28550000,267.4,336.6,12.62,661600000,5886000,516900,1.951E+15,51960000,4685000,31740000000,22.65,0.1269,3.90E-05,1498,0.000628,0.02545,0.4931,53.13,-0.8728,0.4418,-0.004066,0.1831,-0.1179,0.04773,-0.04548,0.02981,-0.03047,0.06508,44.39,2346,218700,40430000,-1437,982900,20470,-9.662E+11,-20120000000,-418600000,1.90E+18,1.841E+11,3833000000,1.713E+13,sad
32.38,0.1802,4.00E-05,244.8,0.000437,0.01644,0.02908,65.19,0.234,0.2091,0.2415,0.2197,0.1634,0.1012,0.141,0.0904,0.1209,0.04056,30.85,963.8,125400,22570000,201.5,297.7,17.92,585900000,11760000,731900,1.73E+15,105900000,6662000,44820000000,21.86,0.1272,2.80E-05,1493,0.000547,0.02204,0.5377,49.14,-0.8798,0.5536,-0.01557,0.07213,-0.1155,0.0215,-0.0464,0.04885,-0.0302,0.05171,39.58,1904,169500,32500000,-1419,984000,20420,-9.683E+11,-20090000000,-416600000,1.91E+18,1.838E+11,3815000000,1.701E+13,sad
32.65,0.1725,8.70E-05,227.3,0.000736,0.02856,0.04687,64.2,0.2389,0.2566,0.3034,0.2322,0.1847,0.144,0.1523,0.1186,0.1294,0.06883,29.3,1081,172900,31880000,295,350.5,14.17,690700000,7120000,577300,2.041E+15,62740000,5230000,35260000000,22.14,0.124,5.00E-05,1474,0.000683,0.02745,0.5833,52.13,-0.8757,0.3773,0.05884,0.2195,-0.125,0.04037,-0.08134,0.01747,-0.03544,0.06559,44.54,2514,243600,45330000,-1482,985200,20370,-9.705E+11,-20060000000,-414400000,1.91E+18,1.836E+11,3795000000,1.687E+13,sad
29.24,0.1529,7.30E-05,181,0.000475,0.01861,0.04483,57.62,0.1911,0.2585,0.258,0.262,0.1819,0.1484,0.1297,0.1332,0.1495,0.05127,27.58,976.4,149100,28380000,234.7,335.3,8.228,661400000,2292000,334600,1.957E+15,19570000,3014000,20400000000,21.19,0.1174,3.50E-05,1486,0.000515,0.02093,0.506,49.52,-0.8929,0.4776,0.04047,0.1743,-0.1088,0.0788,-0.06894,0.05431,-0.01559,0.05154,41.86,2242,221500,40630000,-1497,986400,20330,-9.729E+11,-20050000000,-412900000,1.92E+18,1.835E+11,3782000000,1.678E+13,sad
27.39,0.1531,3.40E-05,217.4,0.000552,0.02083,0.05657,55.7,0.1836,0.2463,0.2665,0.1835,0.1529,0.1163,0.1183,0.1034,0.1326,0.04672,26.94,1031,148500,28260000,256.5,326.4,15.71,644600000,9001000,637500,1.91E+15,78610000,5755000,38790000000,18.07,0.1065,2.60E-05,1520,0.00066,0.02627,0.5355,42.41,-0.9084,0.4482,0.03964,0.1402,-0.108,0.03927,-0.03452,0.03177,-0.03359,0.05732,38.81,2185,216300,39860000,-1417,987500,20290,-9.751E+11,-20040000000,-411300000,1.93E+18,1.833E+11,3767000000,1.668E+13,sad
16.66,0.1237,0.000405,256.9,0.001714,0.06586,0.06207,36.93,0.1198,0.3329,0.3261,0.2019,0.1552,0.1383,0.1313,0.09785,0.1484,0.1467,21.07,1486,176400,34080000,351.1,347.9,4.283,687900000,7086000,173500,2.04E+15,64500000,1573000,10540000000,14.14,0.09492,0.000286,1469,0.001602,0.06412,0.5884,33.64,-0.9476,0.6077,-0.009992,-0.05484,-0.1415,0.02566,0.001367,0.01907,0.02561,0.1433,29.98,1585,155300,29900000,-1355,988700,20260,-9.775E+11,-20030000000,-410000000,1.93E+18,1.833E+11,3755000000,1.66E+13,angry
14.46,0.1066,0.000665,263.1,0.002201,0.08283,0.08351,35.09,0.1002,0.3393,0.3019,0.1815,0.1482,0.1351,0.1382,0.08632,0.136,0.1691,20.19,1431,179000,35020000,343.7,414,33.45,819700000,24950000,1351000,2.434E+15,220700000,12210000,81810000000,10.74,0.07103,0.000312,1475,0.001908,0.07436,0.5749,26.7,-0.9606,0.5215,0.06073,-0.01271,-0.09007,0.02626,-0.003821,0.02271,-0.003256,0.1538,26.56,1538,163700,31600000,-1283,990000,20200,-9.801E+11,-20000000000,-407700000,1.94E+18,1.83E+11,3735000000,1.646E+13,angry
14.72,0.1123,0.000641,263.9,0.002282,0.08654,0.07087,34.38,0.1021,0.3368,0.263,0.1739,0.171,0.1326,0.1393,0.07221,0.1144,0.1696,21.81,1556,183500,35850000,368.5,396.9,29.86,787000000,21740000,1199000,2.341E+15,192200000,10840000,72260000000,11.1,0.0747,0.000356,1448,0.002006,0.07842,0.585,28.14,-0.9568,0.4906,0.09783,0.01986,-0.09797,0.02277,-0.000187,0.002126,-0.02641,0.1602,29,1765,179700,34400000,-1268,991400,20090,-9.829E+11,-19920000000,-403400000,1.95E+18,1.823E+11,3696000000,1.62E+13,angry
15.78,0.1132,0.000411,254.7,0.001795,0.06899,0.08791,35.37,0.1122,0.3517,0.303,0.1964,0.1394,0.1621,0.1492,0.0915,0.1461,0.1604,21.15,1543,180500,35110000,381.2,394.4,32.48,783100000,24730000,1298000,2.332E+15,222700000,11810000,77830000000,12.97,0.09029,0.000251,1428,0.001631,0.06434,0.5716,32.1,-0.9511,0.568,-0.01178,-0.08691,-0.1716,0.01566,0.000567,0.01113,-0.00386,0.1461,30.83,1763,178200,33980000,-1313,992800,19980,-9.856E+11,-19840000000,-399000000,1.96E+18,1.816E+11,3656000000,1.594E+13,angry
12.47,0.09837,0.000821,274.7,0.002499,0.09467,0.08111,30.14,0.08747,0.2996,0.3508,0.1847,0.1606,0.1088,0.1338,0.08156,0.115,0.1859,19.54,1358,170900,33490000,353.2,375,12.71,745500000,6808000,506000,2.223E+15,60780000,4590000,30220000000,11.38,0.07347,0.000438,1463,0.002311,0.09007,0.5671,27.93,-0.9617,0.5651,0.06008,0.01778,-0.1186,-0.005458,-0.02275,0.01697,0.03408,0.1824,27.42,1494,153800,29310000,-1259,994100,19910,-9.882E+11,-19800000000,-396200000,1.97E+18,1.812E+11,3631000000,1.577E+13,angry
20.56,0.1127,0.000238,208.5,0.00111,0.04229,0.07824,43.9,0.1302,0.3463,0.2944,0.1719,0.2002,0.1046,0.1346,0.09059,0.162,0.09562,21.86,1260,180800,35350000,290.7,517.1,9.166,1030000000,11980000,364600,3.076E+15,110500000,3257000,21740000000,13.9,0.07872,0.000116,1493,0.00107,0.04239,0.5319,34.22,-0.9414,0.4828,0.0301,0.1311,-0.06289,0.02829,-0.04374,0.007001,0.0357,0.09243,32.19,1919,208300,38650000,-1421,995600,19900,-9.913E+11,-19810000000,-395400000,1.97E+18,1.813E+11,3623000000,1.573E+13,disgust
23.83,0.1328,0.000247,192.1,0.001433,0.0552,0.05694,48.83,0.1603,0.4068,0.3102,0.205,0.1845,0.1381,0.1701,0.1265,0.1612,0.1262,25.68,1770,213900,42910000,352.8,462.6,6.484,922700000,13780000,257600,2.761E+15,127400000,2363000,15350000000,19.99,0.1141,0.000145,1529,0.00126,0.05028,0.5752,48.78,-0.911,0.4989,0.03846,0.1341,-0.08599,0.06793,-0.05168,0.03782,0.01889,0.1174,40.21,2336,225700,42610000,-1481,997300,19870,-9.947E+11,-19820000000,-394400000,1.98E+18,1.814E+11,3614000000,1.567E+13,disgust
24.21,0.1337,0.000229,184.8,0.001162,0.04501,0.07699,49.28,0.1583,0.3626,0.3065,0.184,0.1708,0.1255,0.1203,0.1058,0.1429,0.1113,25.92,1398,209600,41000000,314.2,524.7,8.671,1048000000,10460000,344100,3.142E+15,97040000,3122000,20480000000,16.7,0.09419,0.000109,1522,0.00102,0.04051,0.5855,40.46,-0.9235,0.4283,0.1547,0.1638,-0.05195,0.05355,-0.02574,0.01513,-0.02321,0.09306,35.64,2177,245900,46780000,-1503,999100,19840,-9.981E+11,-19830000000,-393400000,1.99E+18,1.815E+11,3605000000,1.561E+13,disgust
24.21,0.1337,0.000229,184.8,0.001162,0.04501,0.07699,49.28,0.1583,0.3626,0.3065,0.184,0.1708,0.1255,0.1203,0.1058,0.1429,0.1113,25.92,1398,209600,41000000,314.2,524.7,8.671,1050000000,10460000,343400,3.154E+15,96970000,3115000,20390000000,16.7,0.09419,0.000109,1522,0.00102,0.04051,0.5855,40.46,-0.9235,0.4283,0.1547,0.1638,-0.05195,0.05355,-0.02574,0.01513,-0.02321,0.09306,35.64,2177,245900,46780000,-1503,1001000,19800,-1.002E+12,-19820000000,-391900000,2.01E+18,1.815E+11,3591000000,1.551E+13,disgust
20.56,0.1127,0.000238,208.5,0.00111,0.04229,0.07824,43.9,0.1302,0.3463,0.2944,0.1719,0.2002,0.1046,0.1346,0.09059,0.162,0.09562,21.86,1260,180800,35350000,290.7,517.1,9.166,1037000000,11980000,362600,3.119E+15,110500000,3240000,21510000000,13.9,0.07872,0.000116,1493,0.00107,0.04239,0.5319,34.22,-0.9414,0.4828,0.0301,0.1311,-0.06289,0.02829,-0.04374,0.007001,0.0357,0.09243,32.19,1919,208300,38650000,-1421,1003000,19790,-1.005E+12,-19840000000,-391200000,2.02E+18,1.817E+11,3585000000,1.548E+13,disgust
18.57,0.09847,0.000273,267.8,0.001222,0.04682,0.07555,38.26,0.1121,0.3229,0.3149,0.1626,0.2129,0.1366,0.175,0.1219,0.152,0.1089,20.14,1299,157700,30420000,301.9,404.9,22.1,813200000,14560000,871200,2.45E+15,130000000,7912000,51500000000,13.65,0.07799,0.000201,1455,0.001346,0.053,0.5356,34.63,-0.9462,0.52,-0.09861,-0.01585,-0.04624,0.08956,-0.07771,-0.04471,-0.01543,0.1136,33.41,1966,197200,36220000,-1314,1004000,19710,-1.009E+12,-19800000000,-388200000,2.03E+18,1.813E+11,3558000000,1.529E+13,happy
17.09,0.09422,0.00026,277.6,0.001168,0.04501,0.05726,34.82,0.1013,0.3992,0.3572,0.1671,0.1679,0.1193,0.1424,0.1195,0.1352,0.1039,17.63,1504,207400,40460000,345.7,429.7,27.87,864200000,19630000,1093000,2.608E+15,174900000,9921000,64340000000,12.55,0.07165,0.000176,1448,0.001166,0.04598,0.5467,31.58,-0.9526,0.4673,-0.03374,-0.01521,-0.09634,0.04003,-0.06417,-0.03663,0.01143,0.09972,32.48,2110,236200,43860000,-1375,1006000,19620,-1.011E+12,-19730000000,-384600000,2.03E+18,1.807E+11,3526000000,1.509E+13,happy
17.65,0.09643,0.000335,266.3,0.001376,0.05267,0.05522,37.72,0.1091,0.4089,0.3217,0.1659,0.1505,0.1173,0.126,0.09409,0.1458,0.1207,20.32,1620,204000,39740000,352,438.6,27.61,883500000,19280000,1078000,2.67E+15,172400000,9795000,63130000000,13.16,0.07644,0.000243,1438,0.001428,0.05632,0.5435,32.74,-0.9492,0.4968,0.03537,-0.02663,-0.1394,0.02796,-0.02789,-0.001119,0.01349,0.1214,31.3,1961,217500,40950000,-1339,1007000,19530,-1.014E+12,-19670000000,-381100000,2.04E+18,1.802E+11,3493000000,1.488E+13,happy
25.59,0.1669,0.000291,213,0.001243,0.04781,0.05316,55.81,0.1725,0.3036,0.2424,0.1536,0.1538,0.12,0.1709,0.115,0.1365,0.1116,27.28,1356,138300,25150000,321.7,440.5,17.12,888700000,9393000,665500,2.689E+15,82860000,6034000,38810000000,26.2,0.1713,0.000197,1493,0.001176,0.04693,0.5702,64.34,-0.8642,0.5034,-0.1418,0.006907,-0.2192,0.01277,-0.08291,-0.007172,-0.04557,0.1126,50.54,2619,185800,37290000,-1354,1009000,19450,-1.018E+12,-19620000000,-377800000,2.05E+18,1.797E+11,3464000000,1.469E+13,happy
19.83,0.1519,0.000243,226.2,0.001085,0.04184,0.07214,44.74,0.1307,0.384,0.3124,0.1554,0.1552,0.1444,0.1507,0.1012,0.1599,0.0925,26.06,1777,142500,27130000,333.5,514.5,30.84,1040000000,21250000,1194000,3.151E+15,188700000,10820000,69300000000,16.02,0.105,0.000129,1478,0.000855,0.03366,0.5961,44.28,-0.921,0.4101,-0.1569,-0.04568,-0.131,0.003216,-0.0614,-0.007064,0.01101,0.07151,41.83,2597,202800,41120000,-1504,1010000,19360,-1.021E+12,-19560000000,-374400000,2.06E+18,1.792E+11,3433000000,1.449E+13,happy
21.48,0.1404,0.000233,260.7,0.001049,0.03958,0.04278,45.86,0.1471,0.3182,0.2573,0.1865,0.1766,0.1172,0.1622,0.09965,0.133,0.08899,24.63,1388,172500,33240000,307,420.9,17.03,851900000,9551000,656100,2.586E+15,83070000,5925000,37920000000,14.93,0.09285,0.00017,1455,0.001184,0.04713,0.5293,35.35,-0.9355,0.4984,0.1191,0.0913,-0.1351,0.02191,-0.01814,0.009212,0.01781,0.1024,32.32,1859,189100,35580000,-1370,1012000,19270,-1.024E+12,-19510000000,-371100000,2.07E+18,1.787E+11,3403000000,1.43E+13,neutral
21.77,0.1272,0.000203,231.3,0.001052,0.03983,0.03268,45.72,0.14,0.3318,0.3471,0.1938,0.1684,0.1354,0.1351,0.1046,0.17,0.08839,23.74,1241,181600,35710000,263.7,366.5,9.181,742700000,4051000,352900,2.258E+15,36610000,3209000,20340000000,15.04,0.09018,0.000151,1461,0.001173,0.04646,0.5303,35.23,-0.9367,0.5454,0.008667,0.07263,-0.06859,0.00883,-0.04081,0.03624,0.05403,0.09913,29.65,1499,155500,29490000,-1366,1013000,19220,-1.027E+12,-19480000000,-369000000,2.08E+18,1.784E+11,3384000000,1.418E+13,neutral
22.2,0.1368,0.000274,259.4,0.001332,0.05058,0.0312,45.73,0.1525,0.3073,0.3131,0.2153,0.2064,0.128,0.1587,0.09967,0.1823,0.1157,23.67,1139,155000,29790000,281.6,376.7,8.916,764400000,6028000,341900,2.327E+15,54880000,3144000,19660000000,16.34,0.1038,0.000218,1427,0.001447,0.05755,0.5505,38.05,-0.9288,0.5547,-0.03323,0.06868,-0.1488,0.01761,-0.02046,0.02183,0.04743,0.1283,32.5,1681,165500,30690000,-1323,1015000,19170,-1.03E+12,-19450000000,-367300000,2.09E+18,1.782E+11,3368000000,1.408E+13,neutral
19.48,0.1187,0.000199,246.3,0.001025,0.03918,0.06371,40.92,0.1286,0.3648,0.3295,0.2166,0.152,0.1363,0.1584,0.09186,0.1643,0.09523,22.05,1426,191800,37430000,304.2,446.8,9.002,908000000,4342000,344600,2.768E+15,39720000,3162000,19790000000,15.13,0.09695,0.000162,1454,0.00108,0.04335,0.5397,36.1,-0.9401,0.5481,0.02943,-0.007132,-0.1513,-0.000593,-0.02963,0.02763,0.06242,0.1007,31.17,1716,184400,34960000,-1418,1016000,19140,-1.032E+12,-19450000000,-366100000,2.10E+18,1.782E+11,3357000000,1.401E+13,neutral
21.16,0.1312,0.000183,250,0.001038,0.03972,0.05496,44.01,0.1447,0.3839,0.3139,0.188,0.1707,0.1173,0.1459,0.1097,0.17,0.09462,23.63,1475,204100,39970000,330.6,463.8,21.05,944000000,12860000,803500,2.882E+15,114800000,7305000,46000000000,14.48,0.08953,0.000143,1453,0.00108,0.043,0.5409,35.12,-0.9368,0.4582,0.04218,0.07837,-0.1096,0.04056,-0.05158,0.009094,0.05756,0.09639,33.05,2034,217800,41030000,-1396,1018000,19090,-1.036E+12,-19420000000,-363900000,2.11E+18,1.78E+11,3338000000,1.389E+13,neutral
23.08,0.1327,0.000175,218.2,0.000705,0.02606,0.05667,47.85,0.158,0.2878,0.3033,0.1872,0.2146,0.1334,0.1436,0.1184,0.1392,0.06002,24.71,1188,152000,29000000,228.1,412,17.51,839800000,10400000,666000,2.568E+15,92830000,6056000,37990000000,13.85,0.07684,0.000115,1480,0.000848,0.03362,0.5531,34.5,-0.9326,0.4331,-0.04805,0.1807,-0.02694,0.05331,-0.04507,-0.0524,-0.02638,0.0684,33.28,1931,184300,33020000,-1401,1019000,19020,-1.039E+12,-19380000000,-361400000,2.12E+18,1.776E+11,3314000000,1.374E+13,sad
19.46,0.1135,9.80E-05,207.4,0.000521,0.01922,0.06403,39.93,0.1194,0.3126,0.304,0.1685,0.1772,0.1099,0.1378,0.1087,0.1325,0.03822,22.47,1288,177200,34690000,235.2,434.1,18.36,886100000,10830000,696100,2.713E+15,96270000,6321000,39560000000,11.61,0.06703,5.50E-05,1494,0.000603,0.02374,0.4806,29.24,-0.9501,0.394,0.04409,0.1819,0.02003,0.05674,-0.01924,-0.03641,-0.03285,0.04317,31.15,2026,220100,40460000,-1497,1021000,18950,-1.042E+12,-19340000000,-358700000,2.13E+18,1.772E+11,3290000000,1.359E+13,sad
22.21,0.1264,0.000234,238.6,0.000784,0.02902,0.04685,45.8,0.1379,0.2511,0.2669,0.1643,0.1965,0.114,0.1439,0.1024,0.1566,0.05641,25.04,1014,128100,24720000,194.8,369.1,22.35,754500000,15970000,843800,2.313E+15,143200000,7674000,47770000000,14.62,0.08403,0.00012,1486,0.000902,0.03544,0.5692,34.57,-0.9354,0.5148,0.04607,0.1696,-0.03733,0.03048,-0.04039,-0.03204,-0.0248,0.06816,31.3,1635,159500,29010000,-1379,1022000,18880,-1.045E+12,-19290000000,-356000000,2.14E+18,1.768E+11,3266000000,1.344E+13,sad
20.94,0.121,0.000101,207.5,0.000667,0.02501,0.05614,43.59,0.1282,0.307,0.2642,0.1721,0.1806,0.1248,0.1286,0.08247,0.14,0.05324,23.49,1114,168500,33200000,217.1,448.3,19.29,917600000,11640000,725300,2.817E+15,101800000,6556000,40890000000,13.04,0.07376,6.40E-05,1491,0.000732,0.02867,0.5636,31.51,-0.9438,0.4513,0.09387,0.1299,-0.03814,0.03378,-0.02616,-0.01963,-0.02531,0.05482,30.21,1802,205000,38670000,-1475,1023000,18810,-1.047E+12,-19250000000,-353300000,2.14E+18,1.764E+11,3241000000,1.328E+13,sad
22.21,0.1264,0.000234,238.6,0.000784,0.02902,0.04685,45.8,0.1379,0.2511,0.2669,0.1643,0.1965,0.114,0.1439,0.1024,0.1566,0.05641,25.04,1014,128100,24720000,194.8,369.1,22.35,756600000,16090000,836700,2.326E+15,144300000,7610000,46970000000,14.62,0.08403,0.00012,1486,0.000902,0.03544,0.5692,34.57,-0.9354,0.5148,0.04607,0.1696,-0.03733,0.03048,-0.04039,-0.03204,-0.0248,0.06816,31.3,1635,159500,29010000,-1379,1025000,18720,-1.05E+12,-19190000000,-350100000,2.15E+18,1.758E+11,3212000000,1.31E+13,sad
17.6,0.127,0.000324,207.2,0.001878,0.07037,0.06881,39.54,0.1046,0.6452,0.2936,0.2132,0.1524,0.1241,0.1126,0.08893,0.07324,0.1364,28.08,3078,255200,53930000,417.3,386.2,13.33,792600000,18630000,497700,2.44E+15,169300000,4533000,27870000000,13.8,0.08202,0.000155,1518,0.001255,0.04826,0.6459,37.4,-0.9379,0.1967,-0.07823,0.03577,-0.02117,0.02293,-0.05727,-0.03603,-0.03494,0.09858,44.63,3428,265300,58390000,-1559,1026000,18670,-1.053E+12,-19160000000,-348200000,2.16E+18,1.756E+11,3195000000,1.3E+13,angry
22.02,0.2007,0.000382,182.1,0.001757,0.06737,0.0589,48.34,0.1353,0.608,0.331,0.2536,0.2296,0.1836,0.1101,0.08801,0.07764,0.1321,32.94,2951,193600,44770000,457.2,453.9,11.65,932900000,16550000,434600,2.876E+15,151600000,3954000,24310000000,20.87,0.1492,0.000149,1538,0.001139,0.04451,0.6629,54.54,-0.8941,0.2679,-0.1298,0.0162,0.009578,0.04165,-0.01975,-0.03983,-0.06308,0.09125,50.74,3354,207100,51760000,-1608,1028000,18650,-1.056E+12,-19170000000,-347500000,2.17E+18,1.757E+11,3189000000,1.296E+13,angry
18.44,0.1771,0.000736,184.4,0.001912,0.07286,0.09717,44.08,0.1224,0.6427,0.3394,0.2215,0.1753,0.1313,0.1035,0.1073,0.08388,0.1386,33.62,3176,193200,46170000,456.3,415.3,10.81,854800000,15700000,402700,2.639E+15,144600000,3681000,22490000000,19.43,0.1297,0.0002,1533,0.001117,0.04357,0.6571,53.68,-0.8982,0.2064,-0.05577,0.03003,-0.02514,0.0202,-0.03863,-0.03196,-0.04088,0.08893,53.22,3731,220000,56250000,-1638,1029000,18630,-1.059E+12,-19170000000,-346600000,2.18E+18,1.757E+11,3181000000,1.291E+13,angry
18.59,0.1811,0.000537,194.6,0.002129,0.08131,0.04255,42.97,0.1156,0.6126,0.3278,0.2436,0.1866,0.1331,0.1156,0.08577,0.07584,0.16,31.61,2999,202800,46670000,457.5,370.7,8.592,763900000,8996000,319600,2.362E+15,81510000,2861000,17820000000,17.7,0.1283,0.000225,1520,0.001391,0.05437,0.6667,48.07,-0.9152,0.277,-0.08816,0.0665,-0.02136,-0.006128,-0.04516,-0.03471,-0.02392,0.1122,46.96,3239,215100,50420000,-1531,1030000,18600,-1.062E+12,-19170000000,-345700000,2.19E+18,1.757E+11,3173000000,1.286E+13,angry
18.59,0.1811,0.000537,194.6,0.002129,0.08131,0.04255,42.97,0.1156,0.6126,0.3278,0.2436,0.1866,0.1331,0.1156,0.08577,0.07584,0.16,31.61,2999,202800,46670000,457.5,370.7,8.592,764900000,8998000,319000,2.368E+15,81520000,2855000,17750000000,17.7,0.1283,0.000225,1520,0.001391,0.05437,0.6667,48.07,-0.9152,0.277,-0.08816,0.0665,-0.02136,-0.006128,-0.04516,-0.03471,-0.02392,0.1122,46.96,3239,215100,50420000,-1531,1032000,18570,-1.065E+12,-19160000000,-344300000,2.20E+18,1.756E+11,3160000000,1.278E+13,angry
22.2,0.1362,0.000216,235.6,0.00169,0.06405,0.08545,46.03,0.1471,0.4728,0.2665,0.1924,0.1828,0.1432,0.1335,0.1097,0.106,0.123,24.28,2078,261500,51350000,403.5,434.3,5.914,897400000,10040000,219100,2.782E+15,92870000,1996000,12170000000,12.73,0.07555,0.000131,1542,0.001626,0.06321,0.5436,32.1,-0.9381,0.2654,0.01778,0.1707,-0.01606,0.06119,-0.008126,-0.02503,-0.03163,0.1177,33.37,2357,245300,46790000,-1394,1033000,18530,-1.067E+12,-19140000000,-343000000,2.21E+18,1.755E+11,3148000000,1.271E+13,disgust
18.42,0.1252,0.000217,221.5,0.001612,0.06042,0.08617,40.95,0.1101,0.3664,0.3139,0.1762,0.1599,0.1417,0.1338,0.1145,0.08714,0.1099,21.74,1455,196800,38940000,323.5,380.6,7.071,787600000,13270000,261600,2.445E+15,121400000,2393000,14520000000,12.29,0.08004,0.000118,1545,0.001685,0.06519,0.5373,30.09,-0.9492,0.4487,0.01401,0.1246,-0.002305,0.05386,-0.01865,-0.01306,-0.01374,0.1176,28.29,1604,166700,31460000,-1313,1035000,18520,-1.07E+12,-19160000000,-342500000,2.22E+18,1.756E+11,3143000000,1.267E+13,disgust
36.89,0.1882,0.000362,282.4,0.002067,0.07783,0.07101,70.95,0.28,0.3276,0.3071,0.1801,0.2122,0.1528,0.1276,0.1087,0.1067,0.1464,34.51,1273,177700,33850000,358.4,357.8,12.09,741300000,18400000,447600,2.304E+15,169800000,4121000,24860000000,19.24,0.1144,0.000208,1538,0.002161,0.08411,0.5462,42.86,-0.8961,0.4495,-0.04079,0.2023,0.01182,0.02598,-0.05233,-0.003755,-0.00386,0.1592,34.84,1662,147500,28650000,-1267,1036000,18520,-1.073E+12,-19190000000,-342700000,2.22E+18,1.759E+11,3146000000,1.269E+13,disgust
18.84,0.116,0.000246,243.1,0.001729,0.06571,0.0741,41.15,0.1246,0.4978,0.2811,0.1635,0.2033,0.1443,0.129,0.101,0.09502,0.1187,24.09,2346,267900,53090000,436.4,460.1,12.12,954500000,19180000,449000,2.97E+15,175300000,4094000,24950000000,11.68,0.06838,0.000121,1559,0.001523,0.05931,0.5644,33.27,-0.9459,0.2161,0.03305,0.1869,-0.03534,0.01916,-0.01374,0.001175,-0.03135,0.1067,35.31,2706,272900,52160000,-1457,1037000,18530,-1.076E+12,-19220000000,-343000000,2.23E+18,1.762E+11,3148000000,1.27E+13,disgust
18.84,0.116,0.000246,243.1,0.001729,0.06571,0.0741,41.15,0.1246,0.4978,0.2811,0.1635,0.2033,0.1443,0.129,0.101,0.09502,0.1187,24.09,2346,267900,53090000,436.4,460.1,12.12,956000000,19200000,449000,2.979E+15,175500000,4093000,24950000000,11.68,0.06838,0.000121,1559,0.001523,0.05931,0.5644,33.27,-0.9459,0.2161,0.03305,0.1869,-0.03534,0.01916,-0.01374,0.001175,-0.03135,0.1067,35.31,2706,272900,52160000,-1457,1039000,18530,-1.079E+12,-19250000000,-342900000,2.24E+18,1.765E+11,3148000000,1.27E+13,disgust
21.34,0.196,0.00018,195.6,0.001283,0.04893,0.06006,45.96,0.1371,0.6281,0.3389,0.2316,0.1669,0.1351,0.1002,0.0838,0.07651,0.09354,35.06,3115,168000,43820000,413.2,329.1,12.69,684700000,18560000,470300,2.137E+15,170600000,4313000,26150000000,19.38,0.1376,9.20E-05,1561,0.001137,0.04425,0.6042,49.97,-0.9016,0.3638,-0.09364,-0.003055,-0.06992,-0.04048,-0.01957,0.02126,-0.0013,0.08732,43.92,2701,145200,40020000,-1534,1040000,18540,-1.082E+12,-19290000000,-343500000,2.25E+18,1.769E+11,3153000000,1.273E+13,happy
16.55,0.1357,0.000235,193.2,0.001719,0.06648,0.07926,36.78,0.098,0.6679,0.3045,0.2047,0.1516,0.138,0.09805,0.09628,0.09509,0.1286,33.6,3387,208100,50430000,455.9,474.3,11.27,988100000,17330000,417600,3.088E+15,159300000,3825000,23210000000,14.62,0.08617,0.000103,1554,0.001272,0.04965,0.6326,43.47,-0.929,0.1529,-0.09402,0.003007,-0.06915,-0.03277,-0.02396,0.003433,-0.00074,0.09628,49.77,3721,219900,55780000,-1592,1042000,18530,-1.085E+12,-19300000000,-343000000,2.26E+18,1.77E+11,3149000000,1.271E+13,happy
19.62,0.1812,0.000108,176.6,0.001045,0.0396,0.05482,44.01,0.115,0.6367,0.3394,0.2079,0.1579,0.1479,0.09524,0.08042,0.07682,0.0722,34.66,3228,183200,45990000,395.2,408,6.577,851300000,11470000,243400,2.664E+15,106800000,2236000,13510000000,16.98,0.1106,4.70E-05,1548,0.000866,0.03325,0.5992,46.89,-0.9175,0.2714,-0.04794,0.02387,-0.0493,-0.01953,-0.001505,-0.001358,-0.03183,0.06077,45.41,3111,185300,48160000,-1593,1043000,18510,-1.088E+12,-19310000000,-342200000,2.27E+18,1.771E+11,3142000000,1.266E+13,happy
14.92,0.1002,0.000191,193.2,0.001562,0.06014,0.06545,34.55,0.08422,0.6286,0.2965,0.1891,0.1534,0.1501,0.09422,0.08112,0.07814,0.1129,27.14,3049,247000,52960000,420.1,378.6,9.849,790900000,11330000,363800,2.478E+15,105700000,3376000,20150000000,11.68,0.07004,0.0001,1533,0.001341,0.05205,0.596,28.25,-0.9525,0.2929,-0.06398,0.01542,-0.0431,-0.02557,-0.04284,-0.01042,-0.01156,0.09917,38.95,2917,229800,49750000,-1479,1045000,18470,-1.091E+12,-19290000000,-340700000,2.28E+18,1.769E+11,3127000000,1.257E+13,happy
16.05,0.1012,0.000199,196.5,0.001576,0.06004,0.02926,38.28,0.09121,0.592,0.3262,0.2115,0.1632,0.1375,0.1038,0.0894,0.08167,0.1146,27.2,2894,217000,47940000,383.2,336.4,9.263,703500000,15190000,341900,2.207E+15,138900000,3131000,18920000000,13.76,0.07821,0.000101,1523,0.001329,0.05127,0.5998,38.21,-0.943,0.3672,-0.04536,0.0294,-0.01576,-0.01232,-0.02646,6.90E-05,-0.003468,0.09832,37.54,2571,200100,43190000,-1476,1046000,18460,-1.094E+12,-19300000000,-340400000,2.29E+18,1.77E+11,3125000000,1.256E+13,happy
18.33,0.197,8.50E-05,199,0.000952,0.03652,0.0523,43.89,0.1164,0.6621,0.2967,0.2453,0.1293,0.1414,0.1044,0.09422,0.09754,0.0763,35.39,3268,173900,45260000,407.2,313.2,12.55,655800000,7937000,462500,2.06E+15,70060000,4190000,25560000000,17.69,0.1296,4.00E-05,1492,0.00072,0.02818,0.616,49.02,-0.9115,0.2473,-0.07704,-0.03639,-0.09526,-0.05651,-0.02772,-0.002293,-0.02031,0.05769,48.88,3376,189500,51270000,-1602,1047000,18430,-1.096E+12,-19300000000,-339400000,2.30E+18,1.77E+11,3116000000,1.25E+13,neutral
16,0.1467,5.20E-05,199.2,0.000794,0.03063,0.05028,37.62,0.09659,0.6528,0.2828,0.2376,0.1664,0.1511,0.1227,0.1037,0.1052,0.06421,31.57,3139,191200,46120000,374.8,307.2,9.275,643900000,5593000,340900,2.024E+15,51960000,3129000,18790000000,15.37,0.0975,2.70E-05,1484,0.000611,0.02409,0.6056,41.01,-0.9297,0.2802,-0.1157,-0.02961,-0.0514,-0.04063,-0.02412,0.002796,-0.02044,0.05016,47.07,3324,214600,52420000,-1613,1048000,18380,-1.098E+12,-19260000000,-337300000,2.30E+18,1.766E+11,3097000000,1.239E+13,neutral
16.56,0.1703,4.40E-05,223.9,0.000769,0.02976,0.0453,39.6,0.1043,0.6324,0.2819,0.2229,0.14,0.1307,0.111,0.105,0.1107,0.06404,33.15,3192,179300,45620000,401.4,290.1,8.345,608600000,4935000,306100,1.915E+15,45560000,2803000,16830000000,14.99,0.1033,2.60E-05,1504,0.000683,0.02669,0.5656,40.77,-0.9258,0.2468,-0.1091,-0.01612,-0.04508,-0.04167,-0.03213,0.004198,-0.001089,0.05566,45.92,3223,196200,49710000,-1562,1049000,18340,-1.1E+12,-19230000000,-335800000,2.31E+18,1.764E+11,3083000000,1.231E+13,neutral
18.1,0.1952,6.50E-05,176.8,0.000816,0.03136,0.05077,42.14,0.1229,0.629,0.314,0.2152,0.1377,0.1509,0.1081,0.09411,0.1051,0.06384,33.96,3073,178000,43210000,378,287.9,6.314,604600000,4106000,231200,1.905E+15,37360000,2095000,12690000000,16.78,0.127,3.00E-05,1490,0.000641,0.02504,0.5924,44.97,-0.9155,0.3044,-0.07809,-0.04032,-0.07119,-0.05173,-0.02501,0.01097,0.001984,0.05067,45.23,3072,188300,48360000,-1587,1050000,18300,-1.102E+12,-19220000000,-334700000,2.32E+18,1.763E+11,3073000000,1.225E+13,neutral
18.1,0.1952,6.50E-05,176.8,0.000816,0.03136,0.05077,42.14,0.1229,0.629,0.314,0.2152,0.1377,0.1509,0.1081,0.09411,0.1051,0.06384,33.96,3073,178000,43210000,378,287.9,6.314,605200000,4110000,230800,1.908E+15,37390000,2092000,12650000000,16.78,0.127,3.00E-05,1490,0.000641,0.02504,0.5924,44.97,-0.9155,0.3044,-0.07809,-0.04032,-0.07119,-0.05173,-0.02501,0.01097,0.001984,0.05067,45.23,3072,188300,48360000,-1587,1051000,18270,-1.105E+12,-19200000000,-333500000,2.32E+18,1.762E+11,3063000000,1.218E+13,neutral
52.49,0.2313,8.20E-05,215.8,0.000877,0.03298,0.07865,96.35,0.4419,0.3942,0.2937,0.1833,0.2035,0.1435,0.1444,0.1338,0.09819,0.05371,46.06,1719,231900,42900000,515.7,389.1,13.29,818700000,7952000,484800,2.584E+15,68090000,4357000,26510000000,22.06,0.11,4.70E-05,1485,0.000869,0.03328,0.5441,47.47,-0.8586,0.4135,0.0581,0.1707,0.02071,0.01078,-0.03583,-0.02295,0.000566,0.05378,36.68,1757,169700,35530000,-1532,1052000,18240,-1.107E+12,-19190000000,-332300000,2.33E+18,1.76E+11,3052000000,1.211E+13,sad
11.71,0.07495,8.00E-05,193.8,0.000903,0.03411,0.07753,26.38,0.05531,0.2798,0.2996,0.192,0.1855,0.1766,0.1257,0.1274,0.09141,0.05559,15.74,1180,176600,34980000,289.4,416,3.864,876500000,9701000,140500,2.77E+15,87770000,1278000,7670000000,8.043,0.04788,5.10E-05,1518,0.000983,0.03767,0.5102,19.6,-0.9759,0.4405,0.1065,0.1858,0.06103,0.02755,-0.006578,-0.0137,-0.009531,0.05932,22.38,1476,182000,33990000,-1447,1054000,18200,-1.11E+12,-19180000000,-330900000,2.34E+18,1.759E+11,3039000000,1.204E+13,sad
14.87,0.1006,0.000122,217.4,0.000989,0.03744,0.08558,30.79,0.07694,0.4991,0.2625,0.223,0.1751,0.1321,0.1165,0.1334,0.09806,0.06324,23.03,2405,256700,51270000,364.2,449.7,10.46,948900000,17860000,380800,3.004E+15,162100000,3460000,20790000000,10.05,0.05705,5.10E-05,1498,0.000861,0.03319,0.5751,28.47,-0.9617,0.2605,0.05082,0.1236,-0.0236,0.0168,0.002964,0.01217,0.02018,0.05641,33.52,2551,256700,49710000,-1553,1055000,18210,-1.113E+12,-19210000000,-331200000,2.35E+18,1.762E+11,3042000000,1.206E+13,sad
12.95,0.08697,8.30E-05,219.6,0.000894,0.03398,0.05859,28.63,0.06708,0.5005,0.2837,0.1803,0.1574,0.1479,0.1362,0.1339,0.1058,0.05986,19.95,2256,270200,53670000,354.6,446.9,6.07,944400000,10760000,220900,2.994E+15,98230000,1997000,12050000000,9.208,0.05379,4.20E-05,1501,0.000804,0.03099,0.5742,26.4,-0.9664,0.2768,0.05578,0.1428,-0.005755,0.02823,-0.008626,-0.00497,0.004549,0.05448,31.79,2479,269200,51060000,-1528,1057000,18200,-1.116E+12,-19230000000,-330900000,2.36E+18,1.764E+11,3039000000,1.204E+13,sad
11.71,0.07495,8.00E-05,193.8,0.000903,0.03411,0.07753,26.38,0.05531,0.2798,0.2996,0.192,0.1855,0.1766,0.1257,0.1274,0.09141,0.05559,15.74,1180,176600,34980000,289.4,416,3.864,880300000,9706000,140400,2.794E+15,87800000,1276000,7654000000,8.043,0.04788,5.10E-05,1518,0.000983,0.03767,0.5102,19.6,-0.9759,0.4405,0.1065,0.1858,0.06103,0.02755,-0.006578,-0.0137,-0.009531,0.05932,22.38,1476,182000,33990000,-1447,1058000,18180,-1.12E+12,-19240000000,-330200000,2.37E+18,1.765E+11,3033000000,1.2E+13,sad
21.99,0.1226,0.00032,256.5,0.001731,0.06645,0.04638,45.73,0.1381,0.1873,0.3169,0.25,0.1872,0.103,0.112,0.1055,0.1614,0.124,21.43,970.8,140800,27530000,315.5,242.2,7.717,513100000,12100000,280900,1.63E+15,111700000,2581000,15330000000,16.66,0.09766,0.000182,1500,0.001668,0.06641,0.6067,40.45,-0.9281,0.6382,-0.05347,-0.02111,-0.08257,-0.01246,-0.04974,-0.005196,-0.02498,0.1417,32.84,1618,157100,29430000,-1289,1059000,18210,-1.122E+12,-19280000000,-331100000,2.38E+18,1.769E+11,3041000000,1.205E+13,angry
20.64,0.113,0.000245,218.3,0.001829,0.06995,0.04099,43.02,0.123,0.3273,0.3861,0.1621,0.1689,0.1009,0.09209,0.07741,0.09916,0.1448,18.72,1232,196900,38570000,352.5,240.5,4.57,509900000,8674000,166400,1.621E+15,80650000,1532000,9088000000,15.29,0.08684,0.000182,1523,0.001794,0.07045,0.5651,36.89,-0.938,0.5533,-0.03948,0.08673,-0.01237,-0.006078,-0.05197,-0.007819,0.0106,0.1526,31.35,1654,176200,32890000,-1291,1060000,18220,-1.124E+12,-19310000000,-331500000,2.38E+18,1.772E+11,3044000000,1.207E+13,angry
19.65,0.1124,0.000174,228.6,0.001711,0.06454,0.03899,42.15,0.1156,0.2984,0.39,0.1605,0.1494,0.1064,0.09003,0.08311,0.09563,0.1306,18.58,1130,181000,35650000,329.9,229.9,4.138,487800000,4136000,150700,1.552E+15,37930000,1321000,8229000000,14.54,0.08575,0.000145,1488,0.001736,0.06718,0.5553,34.68,-0.9421,0.5528,-0.01063,0.07771,0.000156,-0.01428,-0.06993,-0.04553,-0.02253,0.1419,29.11,1483,159400,29930000,-1260,1061000,18210,-1.125E+12,-19320000000,-331300000,2.39E+18,1.773E+11,3043000000,1.206E+13,angry
21.28,0.1141,0.000411,199.6,0.001976,0.07469,0.05394,44.64,0.1302,0.2997,0.3957,0.1486,0.1429,0.09718,0.08803,0.09274,0.09583,0.139,19.19,1115,179800,35240000,334.9,229.2,4.363,486800000,8261000,158800,1.55E+15,75220000,1445000,8667000000,14.89,0.08453,0.000231,1523,0.00198,0.077,0.56,35.51,-0.938,0.571,-0.01048,0.05925,0.00741,0.001434,-0.05049,-0.03881,-0.02953,0.1543,28.72,1412,150800,28560000,-1262,1062000,18200,-1.127E+12,-19330000000,-331000000,2.39E+18,1.773E+11,3040000000,1.204E+13,angry
21.09,0.1156,0.000313,231.2,0.001766,0.06777,0.04499,44.47,0.131,0.3343,0.4294,0.1638,0.1707,0.1098,0.1118,0.1109,0.1036,0.1282,20.15,1280,199400,38840000,334.6,250.7,7.855,532800000,12610000,286100,1.698E+15,116800000,2638000,15630000000,15.57,0.08897,0.000202,1522,0.001726,0.06815,0.5624,37.19,-0.9357,0.573,-0.0309,0.08739,-0.003019,-0.02005,-0.04837,-0.004819,-0.01514,0.1407,30.66,1588,169900,32420000,-1314,1063000,18220,-1.129E+12,-19360000000,-331500000,2.40E+18,1.776E+11,3045000000,1.207E+13,angry
20.91,0.1065,6.00E-05,215.5,0.000718,0.02669,0.02983,42.81,0.1254,0.3076,0.3466,0.1557,0.1575,0.1094,0.1053,0.09877,0.1133,0.055,20.49,1148,177800,35040000,273.5,369.1,6.305,785200000,13110000,229700,2.505E+15,121000000,2116000,12560000000,15.08,0.08272,4.60E-05,1513,0.000914,0.03565,0.5024,35.83,-0.9408,0.5897,0.0501,0.08464,-0.04515,-0.003442,-0.04118,-0.01416,-0.01463,0.07523,29.56,1461,160200,29940000,-1402,1064000,18230,-1.131E+12,-19390000000,-332000000,2.41E+18,1.779E+11,3050000000,1.21E+13,disgust
20.95,0.115,0.000106,210.4,0.001021,0.03802,0.06896,44.28,0.128,0.2921,0.3665,0.1515,0.1774,0.1191,0.1161,0.09472,0.1239,0.06609,21.37,1070,161200,31770000,225.1,317.3,8.201,675700000,14290000,299200,2.158E+15,130900000,2739000,16370000000,15.72,0.08543,7.50E-05,1538,0.001232,0.04769,0.5516,36.6,-0.9369,0.5968,0.0215,0.1329,0.01398,-0.01937,-0.08105,-0.01861,-0.01703,0.0927,29.05,1345,137800,25890000,-1351,1065000,18250,-1.134E+12,-19430000000,-332500000,2.41E+18,1.782E+11,3054000000,1.213E+13,disgust
23.08,0.1143,0.000109,209.9,0.00087,0.03317,0.03927,47.25,0.1435,0.2947,0.3413,0.1851,0.1585,0.1091,0.1131,0.08407,0.087,0.073,21.74,1030,166700,33170000,279.3,390.1,7.6,831700000,15060000,277500,2.66E+15,138300000,2548000,15190000000,16.37,0.09015,7.30E-05,1521,0.000981,0.03864,0.4898,38.78,-0.9315,0.5546,0.05894,0.1402,0.005685,0.01159,-0.05774,-0.03661,-0.03552,0.08447,31.77,1658,185700,34520000,-1427,1066000,18260,-1.136E+12,-19470000000,-333100000,2.42E+18,1.786E+11,3060000000,1.216E+13,disgust
23.08,0.1143,0.000109,209.9,0.00087,0.03317,0.03927,47.25,0.1435,0.2947,0.3413,0.1851,0.1585,0.1091,0.1131,0.08407,0.087,0.073,21.74,1030,166700,33170000,279.3,390.1,7.6,832700000,15080000,277700,2.666E+15,138400000,2551000,15220000000,16.37,0.09015,7.30E-05,1521,0.000981,0.03864,0.4898,38.78,-0.9315,0.5546,0.05894,0.1402,0.005685,0.01159,-0.05774,-0.03661,-0.03552,0.08447,31.77,1658,185700,34520000,-1427,1067000,18280,-1.139E+12,-19510000000,-333700000,2.43E+18,1.79E+11,3065000000,1.219E+13,disgust
20.91,0.1065,6.00E-05,215.5,0.000718,0.02669,0.02983,42.81,0.1254,0.3076,0.3466,0.1557,0.1575,0.1094,0.1053,0.09877,0.1133,0.055,20.49,1148,177800,35040000,273.5,369.1,6.305,788900000,13160000,230600,2.529E+15,121500000,2124000,12650000000,15.08,0.08272,4.60E-05,1513,0.000914,0.03565,0.5024,35.83,-0.9408,0.5897,0.0501,0.08464,-0.04515,-0.003442,-0.04118,-0.01416,-0.01463,0.07523,29.56,1461,160200,29940000,-1402,1069000,18300,-1.142E+12,-19550000000,-334500000,2.44E+18,1.794E+11,3072000000,1.223E+13,disgust
20.4,0.1152,0.000489,195,0.001677,0.06319,0.06839,43.91,0.1365,0.2885,0.4319,0.1388,0.1858,0.115,0.1097,0.08642,0.08614,0.1051,21.15,1204,188400,36630000,306.6,332.8,24.55,712100000,31970000,899600,2.286E+15,290300000,8201000,49440000000,14.59,0.08847,0.000255,1520,0.001718,0.06656,0.5337,34.24,-0.9399,0.551,0.0306,0.04262,-0.05051,-0.001064,-0.0399,-0.03052,0.000737,0.118,29.08,1440,151400,29180000,-1352,1070000,18330,-1.145E+12,-19620000000,-335800000,2.45E+18,1.8E+11,3084000000,1.231E+13,happy
19.01,0.112,0.000305,203.8,0.001669,0.063,0.0497,41.64,0.1233,0.2607,0.4419,0.1407,0.185,0.1328,0.112,0.09936,0.09161,0.1026,20.84,1191,180400,34600000,313.6,356.5,17.71,763700000,25370000,650800,2.454E+15,231000000,5941000,35870000000,14.77,0.0879,0.000175,1542,0.001618,0.06233,0.5686,35.69,-0.9415,0.6048,0.03299,0.01354,-0.02935,-0.002593,-0.07107,-0.04549,-0.008485,0.1108,29.37,1435,151000,29590000,-1394,1071000,18380,-1.147E+12,-19690000000,-337600000,2.46E+18,1.806E+11,3100000000,1.24E+13,happy
23.86,0.1241,0.000194,201.1,0.001612,0.0608,0.06899,51.42,0.1634,0.2341,0.396,0.162,0.1703,0.1309,0.09952,0.08618,0.08509,0.09893,23.64,1050,155200,29710000,297.6,345.9,16.59,741800000,23990000,611100,2.386E+15,217500000,5564000,33760000000,16.61,0.09636,0.000131,1531,0.001677,0.06472,0.5384,37.74,-0.9272,0.6433,0.0557,0.01654,-0.05564,-0.007491,-0.04618,-0.03467,-0.01485,0.1124,28.91,1229,122100,23940000,-1362,1072000,18420,-1.15E+12,-19760000000,-339100000,2.47E+18,1.813E+11,3114000000,1.249E+13,happy
18.01,0.1078,0.000258,174.2,0.001648,0.06296,0.04929,39.82,0.1187,0.2766,0.4372,0.1491,0.1795,0.1146,0.09886,0.07691,0.06888,0.1178,19.56,1273,193300,37470000,357.8,395.1,22.43,848300000,30500000,828300,2.732E+15,276300000,7535000,45870000000,14.41,0.08777,0.000154,1519,0.001463,0.05696,0.5996,35.62,-0.9445,0.5681,0.05344,0.02466,-0.05653,0.01883,-0.03565,-0.02818,0.009988,0.112,31.03,1680,181400,34970000,-1420,1074000,18470,-1.153E+12,-19830000000,-340900000,2.48E+18,1.819E+11,3131000000,1.259E+13,happy
22.39,0.1227,0.000232,163.5,0.001446,0.05422,0.07599,47.5,0.1452,0.3537,0.3963,0.1425,0.2031,0.1157,0.1104,0.09491,0.08745,0.08897,22.31,1345,195200,37600000,319.8,350,8.29,752500000,12090000,306400,2.426E+15,109700000,2772000,16980000000,14.62,0.08425,0.000149,1516,0.001466,0.05651,0.5304,35.29,-0.9333,0.5207,-0.005765,0.05213,-0.01278,0.01174,-0.0681,-0.05412,-0.00765,0.1002,29.44,1527,158200,31040000,-1366,1075000,18480,-1.155E+12,-19870000000,-341300000,2.48E+18,1.823E+11,3134000000,1.261E+13,happy
19.3,0.1128,0.000248,232.1,0.001338,0.05032,0.03854,42.34,0.1142,0.3102,0.3916,0.2111,0.1491,0.1039,0.1034,0.1115,0.07758,0.09373,19.37,1231,185200,35720000,282.8,279.7,9.224,601900000,14940000,340800,1.943E+15,135900000,3107000,18890000000,14.51,0.08609,0.000186,1486,0.001334,0.05202,0.5629,33.54,-0.9444,0.6109,0.05674,0.01021,-0.08742,-0.007237,-0.03468,-0.003502,0.02388,0.1002,26.94,1262,140500,27340000,-1380,1076000,18480,-1.158E+12,-19890000000,-341300000,2.49E+18,1.824E+11,3134000000,1.261E+13,neutral
18.74,0.1084,0.000208,249.4,0.001089,0.04107,0.04012,40.03,0.1124,0.3574,0.4081,0.1591,0.161,0.09194,0.1031,0.1059,0.08949,0.07994,18.3,1335,211100,41140000,294.2,304.2,14.08,655100000,20610000,521200,2.117E+15,186300000,4734000,28920000000,13.57,0.07964,0.00013,1460,0.001012,0.03968,0.6126,31.11,-0.9481,0.5339,0.08026,0.09289,-0.05367,-0.006063,-0.05291,-0.02999,0.01149,0.07756,28.15,1544,181500,34870000,-1461,1077000,18510,-1.16E+12,-19940000000,-342300000,2.50E+18,1.829E+11,3143000000,1.267E+13,neutral
61.01,0.2646,0.000244,241.9,0.001155,0.04337,0.0406,108.1,0.5071,0.2493,0.361,0.1907,0.1848,0.1051,0.09576,0.1025,0.1143,0.08343,52.29,995.3,157700,26370000,463,287.3,10.37,619400000,16360000,384200,2.003E+15,148200000,3492000,21350000000,34.12,0.1685,0.000159,1447,0.001138,0.04476,0.5753,68.51,-0.7902,0.6623,0.002983,0.07966,-0.01261,0.01578,-0.05462,-0.0236,0.01347,0.08968,43.36,1251,87260,21520000,-1476,1078000,18540,-1.162E+12,-19980000000,-343300000,2.51E+18,1.833E+11,3153000000,1.272E+13,neutral
22.55,0.126,0.000224,254.7,0.001116,0.04219,0.03964,45.88,0.1386,0.3095,0.3912,0.1627,0.1495,0.09648,0.1071,0.112,0.1091,0.08423,21.16,1101,173800,34070000,273.4,289.9,11.06,625700000,17250000,410500,2.025E+15,155400000,3719000,22850000000,16.01,0.09112,0.000148,1473,0.001115,0.04373,0.5757,35.2,-0.9328,0.599,0.02772,0.0638,-0.05206,-0.009837,-0.06412,-0.02623,0.01181,0.0881,28.35,1304,141400,27450000,-1399,1079000,18560,-1.164E+12,-20030000000,-344200000,2.51E+18,1.837E+11,3160000000,1.277E+13,neutral
19.73,0.1065,0.000166,224.3,0.001043,0.03963,0.04268,41.4,0.1164,0.3654,0.4193,0.2059,0.1384,0.08952,0.07916,0.09528,0.1079,0.0815,18.2,1338,216900,42330000,306.9,303.2,8.867,654800000,15050000,329400,2.122E+15,136100000,2988000,18360000000,14.76,0.08844,0.000114,1483,0.000946,0.03726,0.587,34.07,-0.9431,0.5504,0.05943,0.04829,-0.06924,-0.02381,-0.03334,0.003694,0.009647,0.07723,28.78,1539,187600,36420000,-1475,1080000,18580,-1.166E+12,-20070000000,-345000000,2.52E+18,1.841E+11,3168000000,1.282E+13,neutral
19.54,0.1144,4.30E-05,195.9,0.000423,0.01588,0.04105,41.66,0.1309,0.3034,0.4017,0.1646,0.191,0.1173,0.1294,0.1205,0.1125,0.0351,20.27,1145,182000,34990000,257.3,342.3,16.47,740200000,11640000,611400,2.401E+15,104400000,5565000,34030000000,13.02,0.08058,1.90E-05,1505,0.000514,0.02005,0.5221,32.19,-0.9402,0.5245,0.01785,0.0521,-0.03952,-0.01184,-0.08409,-0.05798,-0.01285,0.04053,28.43,1538,176600,34320000,-1477,1081000,18560,-1.169E+12,-20070000000,-344200000,2.53E+18,1.841E+11,3160000000,1.277E+13,sad
18.46,0.104,2.00E-05,183.5,0.000414,0.01564,0.031,38.76,0.1027,0.3288,0.3774,0.157,0.1579,0.1016,0.09331,0.09905,0.09082,0.03185,18.97,1192,192300,37390000,258.3,352.7,20.09,763400000,15480000,743600,2.479E+15,139300000,6773000,41260000000,11.97,0.07164,1.50E-05,1500,0.000517,0.02004,0.497,29.43,-0.9518,0.4866,0.04879,0.04402,-0.03806,-0.01343,-0.04789,-0.0474,-0.02137,0.03791,28.24,1605,191100,36750000,-1489,1082000,18500,-1.171E+12,-20030000000,-342000000,2.54E+18,1.837E+11,3140000000,1.265E+13,sad
18.54,0.09516,2.60E-05,172.5,0.000362,0.01376,0.03755,37.73,0.09614,0.3851,0.3859,0.202,0.1339,0.1114,0.09989,0.09734,0.09377,0.02964,17.54,1290,206400,40100000,242.2,374.6,10.14,811800000,5297000,374200,2.639E+15,45860000,3377000,20710000000,12.23,0.06827,2.00E-05,1531,0.000456,0.01778,0.5275,30.57,-0.9542,0.5045,0.07578,0.01765,-0.05536,-0.01957,-0.01767,-0.001699,-0.0102,0.03497,26.77,1567,204200,39850000,-1536,1084000,18460,-1.174E+12,-20000000000,-340300000,2.54E+18,1.835E+11,3125000000,1.256E+13,sad
22.24,0.1105,5.30E-05,171.6,0.00039,0.01451,0.04755,45.19,0.1268,0.3614,0.3473,0.1906,0.1571,0.121,0.1149,0.09701,0.1107,0.03555,20.28,1047,176600,34930000,216.2,360.3,8.843,781700000,8736000,325900,2.544E+15,78630000,2905000,18010000000,14.34,0.07795,3.40E-05,1503,0.000501,0.01936,0.5005,33.28,-0.9403,0.5161,-0.01554,0.07713,0.01409,0.01617,-0.05904,-0.04155,-0.00436,0.04081,28.89,1514,182700,35040000,-1521,1085000,18440,-1.177E+12,-20000000000,-339500000,2.55E+18,1.835E+11,3118000000,1.251E+13,sad
18.46,0.104,2.00E-05,183.5,0.000414,0.01564,0.031,38.76,0.1027,0.3288,0.3774,0.157,0.1579,0.1016,0.09331,0.09905,0.09082,0.03185,18.97,1192,192300,37390000,258.3,352.7,20.09,766100000,15600000,738500,2.496E+15,140300000,6728000,40700000000,11.97,0.07164,1.50E-05,1500,0.000517,0.02004,0.497,29.43,-0.9518,0.4866,0.04879,0.04402,-0.03806,-0.01343,-0.04789,-0.0474,-0.02137,0.03791,28.24,1605,191100,36750000,-1489,1086000,18380,-1.18E+12,-19960000000,-337300000,2.56E+18,1.831E+11,3098000000,1.239E+13,sad
19.24,0.1147,0.00109,283.8,0.002259,0.08717,0.04697,40.78,0.1307,0.4603,0.3122,0.1725,0.1641,0.155,0.1471,0.13,0.09912,0.1959,22.94,1920,226200,44300000,369.4,318,8.134,691600000,5404000,298200,2.256E+15,45590000,2639000,16390000000,15.5,0.09829,0.000436,1463,0.002126,0.08379,0.5619,38.52,-0.9373,0.5278,0.000148,-0.002694,-0.1594,-0.0565,-0.06283,0.009994,-0.01876,0.185,33.07,1967,194500,37850000,-1276,1087000,18340,-1.182E+12,-19940000000,-335900000,2.57E+18,1.829E+11,3085000000,1.231E+13,angry
17.64,0.1133,0.000776,296.8,0.002413,0.09272,0.05417,39,0.1179,0.4533,0.338,0.1481,0.1669,0.1496,0.1308,0.1258,0.1162,0.2049,22.18,1892,223400,44000000,352.5,315.3,14.52,686400000,11330000,530900,2.241E+15,95350000,4714000,29110000000,14.02,0.08845,0.0004,1460,0.002087,0.08229,0.5986,35.02,-0.9428,0.515,0.01079,0.01395,-0.1288,-0.01264,-0.04202,0.00787,-0.0247,0.1781,32.24,1986,198000,38490000,-1272,1088000,18300,-1.184E+12,-19910000000,-334500000,2.58E+18,1.827E+11,3072000000,1.223E+13,angry
17,0.1235,0.000962,273.8,0.002432,0.09246,0.06791,39.11,0.1108,0.3562,0.3431,0.1869,0.1341,0.1501,0.1024,0.1193,0.1195,0.2036,22.11,1550,181800,35700000,301.1,279.3,6.77,608400000,5388000,247100,1.988E+15,46460000,2160000,13520000000,16.63,0.1144,0.000484,1470,0.002254,0.08843,0.6016,41.06,-0.9354,0.6059,-0.03024,0.02457,-0.1401,-0.0355,-0.05808,-0.006924,-0.01594,0.1978,32.98,1691,153500,29420000,-1230,1089000,18260,-1.187E+12,-19890000000,-333000000,2.59E+18,1.825E+11,3059000000,1.215E+13,angry
12.62,0.08771,0.001288,320,0.002763,0.109,0.04968,28.47,0.07883,0.4031,0.3095,0.2088,0.1499,0.1593,0.1366,0.1194,0.1126,0.2486,18.19,1725,209400,41730000,371.1,313.4,5.691,683500000,5350000,207400,2.236E+15,48850000,1811000,11330000000,13.45,0.08692,0.000633,1493,0.002124,0.08512,0.6842,34.28,-0.9565,0.5187,-0.01322,0.0228,-0.1216,-0.002923,-0.06725,-0.01235,-0.03842,0.1949,35.18,2243,228400,42570000,-1299,1090000,18230,-1.189E+12,-19870000000,-331800000,2.59E+18,1.824E+11,3049000000,1.209E+13,angry
18.02,0.1155,0.000683,332.7,0.00248,0.09268,0.04972,39.83,0.1194,0.4504,0.3273,0.152,0.1738,0.155,0.1256,0.1097,0.09413,0.2111,22.56,1905,224300,44140000,359,317.7,12.36,693400000,8873000,449200,2.271E+15,73440000,3986000,24490000000,14.08,0.08952,0.00038,1435,0.002109,0.08174,0.5937,34.92,-0.9428,0.5,0.01114,0.02311,-0.1218,-0.009376,-0.04228,0.01221,-0.02229,0.1806,32.21,1983,197200,38550000,-1280,1091000,18190,-1.191E+12,-19850000000,-330400000,2.60E+18,1.822E+11,3036000000,1.201E+13,angry
16.73,0.1072,0.000599,248.9,0.001806,0.06807,0.06087,36.07,0.1134,0.3187,0.344,0.1668,0.1785,0.1457,0.1294,0.08708,0.1061,0.1283,21.33,1402,168300,31830000,323.8,348.4,14.14,761300000,9363000,512800,2.495E+15,82180000,4640000,27880000000,11.71,0.07358,0.000254,1490,0.001372,0.05321,0.6292,30.63,-0.9536,0.4882,0.004804,0.09181,-0.01893,0.03794,-0.01272,0.02964,-0.02334,0.09928,30.9,1883,184500,34370000,-1384,1093000,18130,-1.194E+12,-19810000000,-328400000,2.61E+18,1.819E+11,3018000000,1.19E+13,disgust
20.54,0.1303,0.000273,233.9,0.001157,0.04368,0.04832,44.62,0.1396,0.2741,0.3325,0.2407,0.1977,0.163,0.1532,0.1082,0.1141,0.0805,23.79,1324,169100,32390000,304.2,357.7,23.07,782500000,18850000,833900,2.568E+15,166100000,7541000,45180000000,14.5,0.09554,0.000126,1469,0.001032,0.04052,0.5367,37.46,-0.9347,0.526,-0.005372,0.05771,-0.06586,0.02938,-0.02602,0.02261,-0.008936,0.07668,32.1,1749,169000,32270000,-1406,1094000,18070,-1.197E+12,-19770000000,-326300000,2.62E+18,1.815E+11,2999000000,1.179E+13,disgust
11.98,0.1092,0.000755,234.4,0.001462,0.05316,0.03286,27.79,0.08665,0.337,0.3101,0.1981,0.1695,0.1812,0.1277,0.1056,0.1093,0.08832,20.92,1561,175100,33690000,330.2,369,16.97,808300000,12630000,611500,2.655E+15,113000000,5559000,33020000000,10.24,0.0707,0.000207,1503,0.001227,0.04698,0.5909,28.23,-0.9613,0.454,0.00609,0.03748,-0.0565,-0.002083,-0.01368,0.04415,0.01393,0.08304,31.72,2085,203500,38580000,-1400,1095000,18020,-1.199E+12,-19730000000,-324200000,2.63E+18,1.811E+11,2980000000,1.167E+13,disgust
6.672,0.06031,0.000431,289.6,0.001623,0.05968,0.03341,20.22,0.04187,0.3515,0.2873,0.2036,0.1753,0.1731,0.1137,0.1138,0.1108,0.1195,19.4,1582,136900,27620000,269.2,330.4,7.854,724400000,4759000,282400,2.382E+15,43120000,2578000,15220000000,9.231,0.05669,0.000191,1451,0.00146,0.05555,0.6084,25.56,-0.9721,0.4966,-0.006327,0.06872,-0.07111,-0.01431,-0.04492,0.04484,0.002066,0.1068,29.04,1807,164200,30410000,-1325,1096000,17980,-1.202E+12,-19710000000,-322800000,2.64E+18,1.81E+11,2968000000,1.16E+13,disgust
16.88,0.1146,0.000887,268.8,0.002013,0.07586,0.1006,38.43,0.113,0.3442,0.3451,0.1883,0.2119,0.16,0.138,0.0871,0.09345,0.1444,20.36,1518,207200,39860000,391.8,394.6,16.88,866300000,11540000,605500,2.852E+15,99230000,5450000,32560000000,12.82,0.08578,0.000269,1454,0.001424,0.05555,0.6332,34.25,-0.947,0.4307,0.04093,0.0601,-0.06756,0.02477,-0.02927,0.01475,-0.003312,0.1062,32.83,2083,216300,40950000,-1431,1098000,17930,-1.205E+12,-19680000000,-321200000,2.64E+18,1.807E+11,2953000000,1.151E+13,disgust
13.23,0.09419,0.000421,269.3,0.001694,0.06509,0.03359,31.02,0.08087,0.3212,0.3052,0.1521,0.1429,0.1289,0.1088,0.1159,0.1126,0.1316,18.41,1307,158900,31460000,253.8,294.9,12.09,648000000,9884000,432300,2.136E+15,83210000,3835000,23180000000,11.03,0.06952,0.00024,1459,0.001518,0.0596,0.634,28.42,-0.9616,0.5039,0.004271,0.05281,-0.07615,0.009099,-0.05312,0.02583,-0.006644,0.1222,29.41,1763,179900,33200000,-1281,1099000,17890,-1.207E+12,-19660000000,-319800000,2.65E+18,1.805E+11,2940000000,1.144E+13,happy
21.35,0.1481,0.000504,243.3,0.001545,0.05836,0.06633,47.01,0.1633,0.2292,0.3537,0.1867,0.1636,0.1609,0.117,0.1267,0.1137,0.1245,26.01,1276,104300,20070000,237.4,276.7,8.056,608500000,8947000,287500,2.008E+15,80180000,2554000,15390000000,18.02,0.127,0.00024,1500,0.001541,0.0605,0.5415,43.91,-0.9175,0.6375,-0.08341,0.02661,-0.09562,-0.01223,-0.05216,0.02635,0.008095,0.1301,34.45,1572,113400,22630000,-1277,1100000,17850,-1.209E+12,-19630000000,-318400000,2.66E+18,1.803E+11,2927000000,1.136E+13,happy
18.74,0.1346,0.000607,277.9,0.001689,0.06361,0.03857,43.15,0.1368,0.293,0.3815,0.1548,0.1447,0.1185,0.09824,0.1152,0.08962,0.1335,24,1434,147800,28760000,251.1,259.7,10.36,571600000,8075000,368700,1.888E+15,69200000,3303000,19690000000,15.72,0.1122,0.000296,1510,0.001643,0.06404,0.5823,39.72,-0.9312,0.6012,-0.06163,0.02593,-0.09181,-0.03797,-0.07047,-0.0148,-0.03827,0.1362,32.58,1610,130300,25780000,-1253,1101000,17810,-1.212E+12,-19610000000,-316900000,2.67E+18,1.801E+11,2914000000,1.128E+13,happy
21.13,0.1458,0.000469,237.6,0.00154,0.05843,0.06987,46.13,0.158,0.2864,0.3504,0.1937,0.1547,0.1651,0.1127,0.1259,0.1141,0.1241,25.6,1492,148700,28710000,282.8,293.8,8.491,647300000,8991000,301800,2.139E+15,80160000,2679000,16080000000,17.37,0.12,0.000228,1523,0.001453,0.05711,0.5473,43.6,-0.9208,0.5929,-0.07611,0.007924,-0.103,-0.004472,-0.0322,0.02826,0.0023,0.1224,35.46,1775,139600,27740000,-1318,1102000,17780,-1.214E+12,-19590000000,-315700000,2.67E+18,1.799E+11,2903000000,1.122E+13,happy
12.71,0.09233,0.000395,262.2,0.00163,0.06451,0.0327,29.72,0.07732,0.3822,0.3053,0.1752,0.1467,0.1324,0.1234,0.1251,0.1248,0.1252,18.84,1636,192200,38400000,311.8,320.8,15.4,707600000,12760000,545700,2.341E+15,108900000,4874000,29000000000,10.66,0.06676,0.000215,1523,0.001385,0.05497,0.639,28.65,-0.9625,0.4586,-0.006719,0.03213,-0.08332,0.0243,-0.04564,0.02326,-0.01724,0.1104,31.03,2048,212400,39790000,-1337,1103000,17730,-1.216E+12,-19560000000,-314100000,2.68E+18,1.796E+11,2889000000,1.114E+13,happy
18.93,0.1243,0.000281,275.5,0.001187,0.04488,0.03871,41.62,0.1309,0.4661,0.3233,0.1883,0.1791,0.1332,0.1468,0.1083,0.1279,0.09317,24.32,1963,230600,45230000,287.3,362.4,22.23,800000000,19020000,784500,2.649E+15,164800000,7051000,41510000000,13.51,0.0886,0.000206,1435,0.001237,0.04862,0.5548,33.03,-0.9417,0.4901,0.006886,0.04419,-0.1109,-0.06308,-0.0519,0.03218,0.001898,0.099,30.05,1779,176000,35080000,-1376,1104000,17660,-1.219E+12,-19500000000,-311500000,2.69E+18,1.791E+11,2866000000,1.1E+13,neutral
16.46,0.1082,0.000322,285.8,0.001082,0.04049,0.03173,37,0.1111,0.3714,0.3353,0.1416,0.2017,0.1293,0.1223,0.09431,0.1273,0.08491,22.37,1472,183800,35720000,231.4,332.8,34.87,735600000,32850000,1224000,2.439E+15,289400000,11050000,64380000000,11.47,0.07602,0.00023,1441,0.001201,0.04705,0.5425,27.83,-0.9532,0.5179,0.03035,0.05815,-0.08614,-0.04889,-0.08775,-0.01136,-0.02192,0.09139,26.42,1418,137100,27230000,-1313,1105000,17560,-1.221E+12,-19400000000,-307900000,2.70E+18,1.783E+11,2833000000,1.081E+13,neutral
19.9,0.1349,0.000407,297.8,0.001274,0.04821,0.047,45.25,0.1474,0.4158,0.328,0.1684,0.2013,0.1365,0.1306,0.1006,0.1058,0.09912,25.32,1619,203700,39510000,262.6,371.7,30.11,822400000,27210000,1049000,2.73E+15,238800000,9469000,54820000000,13.49,0.08779,0.000245,1412,0.001306,0.05131,0.5508,32.6,-0.9371,0.4973,-0.01024,0.0144,-0.1154,-0.04997,-0.05096,0.01246,-0.000222,0.1031,29.2,1627,158200,32320000,-1321,1106000,17440,-1.224E+12,-19290000000,-303800000,2.71E+18,1.773E+11,2795000000,1.059E+13,neutral
20.53,0.1237,0.000301,309.8,0.001235,0.04672,0.03018,44.3,0.1396,0.3528,0.3625,0.185,0.1884,0.1526,0.123,0.1364,0.1513,0.1003,23.82,1588,201600,38990000,281.8,344.4,16.35,762900000,12470000,566700,2.535E+15,109400000,5128000,29450000000,16.03,0.1055,0.000211,1397,0.001292,0.05103,0.5459,39.65,-0.9314,0.5802,0.02481,0.06637,-0.1391,-0.07965,-0.1133,-0.02804,-0.01547,0.1086,32.43,1753,169100,32630000,-1340,1108000,17340,-1.227E+12,-19200000000,-300200000,2.72E+18,1.765E+11,2763000000,1.04E+13,neutral
17.57,0.1249,0.000493,299.3,0.001306,0.04928,0.03411,38.78,0.118,0.307,0.3773,0.1918,0.1857,0.1563,0.1256,0.1436,0.1361,0.1077,21.43,1332,174900,33960000,235.9,309.3,12.28,685800000,9076000,424000,2.281E+15,76600000,3792000,21950000000,14.83,0.1026,0.000304,1433,0.00138,0.05456,0.542,35.94,-0.9416,0.6319,-0.02862,0.02459,-0.1668,-0.09664,-0.07568,0.03148,0.02365,0.1155,28.67,1402,134400,26610000,-1315,1109000,17280,-1.229E+12,-19160000000,-298200000,2.73E+18,1.761E+11,2744000000,1.03E+13,neutral
20.8,0.1331,8.50E-05,227.3,0.000573,0.02131,0.07846,46.06,0.1348,0.3331,0.3235,0.1575,0.1857,0.1401,0.1519,0.09776,0.1317,0.03877,24.96,1337,158000,30430000,177.8,329.1,15.79,730400000,12200000,543800,2.432E+15,105600000,4900000,28070000000,14.36,0.09138,4.00E-05,1476,0.000627,0.02452,0.5717,34.31,-0.9342,0.5265,0.009301,0.05185,-0.08506,-0.001978,-0.03579,0.03725,-0.01584,0.04532,28.64,1488,144900,28830000,-1453,1110000,17220,-1.232E+12,-19110000000,-296200000,2.73E+18,1.757E+11,2727000000,1.02E+13,sad
20.29,0.1337,8.80E-05,218.1,0.000662,0.02462,0.04276,44.65,0.1394,0.2967,0.3297,0.1877,0.1994,0.1139,0.1226,0.1022,0.1097,0.0457,23.62,1351,144000,27010000,218,353.7,13.24,785900000,8831000,454300,2.619E+15,78310000,4133000,23370000000,15.86,0.1091,4.10E-05,1484,0.000685,0.02689,0.5586,39.59,-0.9303,0.5791,-0.0599,0.05361,-0.05927,-0.005524,-0.05586,0.01077,-0.007197,0.05359,31.63,1552,134900,25820000,-1434,1111000,17160,-1.234E+12,-19060000000,-294100000,2.74E+18,1.753E+11,2707000000,1.009E+13,sad
22.68,0.1364,7.10E-05,223.1,0.000647,0.02444,0.06857,48.72,0.1563,0.3763,0.3101,0.1698,0.1996,0.1178,0.1388,0.09786,0.1111,0.04717,25.49,1599,213800,40390000,256.9,381.3,22.33,848200000,18630000,763400,2.83E+15,162700000,6891000,39140000000,13.82,0.08397,4.30E-05,1491,0.000646,0.02526,0.5181,33.08,-0.9342,0.4477,0.09829,0.0456,-0.08618,0.01129,-0.01339,0.01305,-0.01399,0.0474,30.45,1830,199700,39950000,-1503,1112000,17110,-1.237E+12,-19030000000,-292300000,2.75E+18,1.75E+11,2692000000,9.997E+12,sad
22.06,0.1366,8.50E-05,252.7,0.000645,0.02429,0.03469,47.59,0.1521,0.3037,0.3341,0.1488,0.2195,0.1287,0.1397,0.09858,0.137,0.04688,25.31,1177,154500,29350000,194.4,350.1,13.96,779600000,10930000,475200,2.604E+15,92060000,4238000,24260000000,14.44,0.0926,3.90E-05,1468,0.000684,0.02665,0.5461,34.06,-0.932,0.5436,0.07503,0.06793,-0.08177,-0.02768,-0.06359,0.01948,0.00767,0.05008,28.31,1470,152300,31080000,-1469,1114000,17040,-1.24E+12,-18970000000,-289900000,2.76E+18,1.745E+11,2669000000,9.87E+12,sad
23.74,0.1398,6.70E-05,217.8,0.000626,0.02365,0.0613,50.19,0.164,0.33,0.305,0.1821,0.1921,0.122,0.1289,0.09594,0.1123,0.04622,25.44,1426,185900,35300000,238.2,358.2,19.57,798600000,15990000,663500,2.671E+15,140500000,6007000,33720000000,15.2,0.09162,4.20E-05,1487,0.000648,0.02541,0.5206,35.83,-0.9278,0.5263,0.06011,0.0406,-0.08464,0.004727,-0.0239,0.008406,-0.01984,0.04936,31.43,1703,174900,34600000,-1474,1115000,16960,-1.243E+12,-18910000000,-287300000,2.77E+18,1.739E+11,2646000000,9.737E+12,sad
15.62,0.09516,0.000529,241.8,0.002608,0.1003,0.07195,32.98,0.08554,0.6326,0.3857,0.216,0.1809,0.1295,0.1872,0.09915,0.1284,0.2103,20.9,2864,275300,57590000,397.6,342.5,34.06,764400000,43440000,1153000,2.559E+15,392500000,10500000,58540000000,15.01,0.08114,0.000322,1605,0.002267,0.08895,0.5879,36.65,-0.9424,0.3448,-0.1617,0.1257,-0.02047,0.1065,-0.07963,0.05746,-0.01276,0.1915,40.92,2966,271300,53350000,-1425,1116000,16930,-1.245E+12,-18890000000,-286300000,2.78E+18,1.738E+11,2637000000,9.689E+12,angry
19.45,0.112,0.000794,223.5,0.00179,0.06883,0.06641,40.2,0.1099,0.5575,0.3763,0.2497,0.1768,0.1561,0.1902,0.1269,0.1306,0.1508,20.53,2432,268800,54770000,343.5,314.9,26.55,703600000,34770000,901600,2.358E+15,315500000,8230000,45910000000,17.38,0.1002,0.000241,1550,0.001552,0.06151,0.5974,42.41,-0.9264,0.3549,-0.1916,0.07876,-0.02146,0.1272,-0.08273,0.049,-0.01728,0.1453,41.67,2656,242900,46750000,-1369,1117000,16990,-1.248E+12,-18970000000,-288100000,2.79E+18,1.745E+11,2654000000,9.782E+12,angry
17.85,0.103,0.000353,230.3,0.001818,0.07032,0.05473,37.07,0.1,0.5256,0.3988,0.2143,0.1674,0.1524,0.193,0.09633,0.1261,0.1598,19.26,2233,261000,52850000,362.3,294.4,24.35,658300000,31760000,829400,2.208E+15,290900000,7605000,42370000000,15.54,0.08695,0.000211,1560,0.001686,0.06661,0.6015,37.03,-0.9401,0.3884,-0.05398,0.1198,-0.01973,0.1359,-0.08715,0.07494,-0.01227,0.151,39.08,2672,272400,51670000,-1394,1118000,17040,-1.25E+12,-19060000000,-290200000,2.80E+18,1.753E+11,2672000000,9.885E+12,angry
16.3,0.1127,0.001009,209.4,0.002657,0.1025,0.03438,33.91,0.09261,0.4893,0.371,0.2198,0.188,0.1237,0.1911,0.1208,0.1348,0.228,19.85,2137,238900,48650000,363.9,286.8,27.45,641900000,35320000,937600,2.155E+15,322800000,8590000,48030000000,15.07,0.09078,0.000476,1560,0.002357,0.093,0.6064,36.47,-0.9423,0.4373,-0.1079,0.1007,-0.03657,0.08937,-0.1059,0.06242,0.01186,0.207,37.62,2454,237100,44720000,-1310,1119000,17090,-1.252E+12,-19130000000,-291800000,2.80E+18,1.759E+11,2687000000,9.969E+12,angry
16.34,0.09986,0.000436,223.8,0.002079,0.08006,0.04445,35.91,0.09164,0.4669,0.3827,0.2056,0.1835,0.123,0.202,0.1173,0.1292,0.173,20.97,2196,208500,44880000,331.5,299,28.3,669800000,36650000,969900,2.251E+15,332400000,8849000,49840000000,15.2,0.08661,0.000306,1576,0.002258,0.08897,0.5472,37.01,-0.9431,0.4935,-0.1588,0.08891,0.00355,0.112,-0.06946,0.06867,-0.03039,0.1941,36.55,2229,198600,38210000,-1270,1120000,17140,-1.255E+12,-19200000000,-293600000,2.81E+18,1.766E+11,2703000000,1.006E+13,angry
28.56,0.2095,5.50E-05,202,0.000724,0.02759,0.06368,63.17,0.2263,0.4426,0.3245,0.1699,0.2155,0.1379,0.1444,0.1023,0.1327,0.06133,33.16,2234,175100,36430000,284.4,307.1,17.02,688700000,24140000,585000,2.317E+15,217800000,5318000,30150000000,22.2,0.1482,3.50E-05,1551,0.000784,0.03083,0.544,53.21,-0.8773,0.4375,0.002754,0.1183,-0.09171,0.04272,-0.02713,-0.003551,-0.02143,0.06586,41.52,2366,169100,38170000,-1550,1121000,17190,-1.257E+12,-19270000000,-295000000,2.82E+18,1.772E+11,2716000000,1.013E+13,disgust
29.76,0.23,7.00E-05,204.5,0.000604,0.02312,0.05272,63.41,0.2267,0.4912,0.2832,0.2257,0.2952,0.2264,0.1501,0.1899,0.1533,0.04908,33.03,2509,147400,36410000,346,281.6,11.75,632000000,17970000,404800,2.128E+15,164100000,3706000,20910000000,26.58,0.1909,4.60E-05,1520,0.000638,0.0258,0.5962,68.41,-0.8426,0.339,-0.2239,0.2194,-0.06752,0.03949,-0.03219,-0.03109,-0.04081,0.05965,50.82,2954,164900,39330000,-1559,1122000,17230,-1.259E+12,-19330000000,-296500000,2.83E+18,1.778E+11,2730000000,1.021E+13,disgust
27.22,0.1828,0.000194,208.7,0.001146,0.04221,0.04089,59.32,0.2114,0.4002,0.271,0.1862,0.209,0.1267,0.1381,0.143,0.1245,0.08659,30.32,1958,154800,29560000,306.5,337.9,4.626,759100000,10660000,159500,2.558E+15,98310000,1466000,8246000000,19.31,0.1209,0.00012,1486,0.001206,0.04719,0.563,49.81,-0.8893,0.3435,-0.07681,0.1607,-0.05809,0.02406,-0.02767,-0.02575,-0.07791,0.1009,44.2,2721,196900,40230000,-1398,1123000,17250,-1.262E+12,-19370000000,-297000000,2.84E+18,1.781E+11,2735000000,1.024E+13,disgust
32.34,0.2053,0.000143,191,0.001021,0.0385,0.05689,65.9,0.2463,0.4802,0.3096,0.2003,0.2157,0.1736,0.1515,0.1233,0.1266,0.07622,35.23,2362,171200,38420000,313.8,295.4,22.13,664300000,29950000,764500,2.241E+15,271500000,6971000,39600000000,24.12,0.144,8.00E-05,1535,0.001042,0.04127,0.5685,54.24,-0.861,0.4652,-0.01216,0.2307,-0.001646,0.04422,-0.06163,-0.03059,-0.000766,0.08442,43.15,2357,163500,37100000,-1579,1124000,17270,-1.264E+12,-19420000000,-298000000,2.84E+18,1.786E+11,2744000000,1.029E+13,disgust
29.76,0.23,7.00E-05,204.5,0.000604,0.02312,0.05272,63.41,0.2267,0.4912,0.2832,0.2257,0.2952,0.2264,0.1501,0.1899,0.1533,0.04908,33.03,2509,147400,36410000,346,281.6,11.75,633800000,18030000,407000,2.14E+15,164700000,3726000,21140000000,26.58,0.1909,4.60E-05,1520,0.000638,0.0258,0.5962,68.41,-0.8426,0.339,-0.2239,0.2194,-0.06752,0.03949,-0.03219,-0.03109,-0.04081,0.05965,50.82,2954,164900,39330000,-1559,1125000,17320,-1.267E+12,-19500000000,-299700000,2.85E+18,1.793E+11,2759000000,1.038E+13,disgust
18.95,0.1042,0.000328,215,0.001612,0.06074,0.04559,39.9,0.1093,0.4772,0.3982,0.2115,0.1655,0.1556,0.1637,0.101,0.1449,0.1156,22.95,2266,230700,48190000,323.2,317.4,10.63,715000000,16570000,368500,2.416E+15,153000000,3387000,19160000000,14.58,0.07958,0.000194,1504,0.001622,0.06291,0.5664,35.64,-0.9404,0.482,-0.06992,0.08419,-0.005164,0.03071,-0.06085,0.0483,0.02875,0.1194,32.35,1934,180400,36250000,-1338,1126000,17340,-1.269E+12,-19530000000,-300300000,2.86E+18,1.796E+11,2765000000,1.041E+13,happy
20.12,0.1204,0.000158,193,0.001138,0.04294,0.05531,42.09,0.1229,0.3794,0.3767,0.2342,0.1828,0.1942,0.1696,0.1289,0.1543,0.08104,21.51,1715,178000,37510000,221.1,301,12.15,678700000,18590000,421600,2.296E+15,171300000,3878000,21940000000,15.58,0.09359,9.40E-05,1516,0.001213,0.04703,0.5789,36.69,-0.9343,0.5508,-0.1859,0.07781,0.06361,0.04482,-0.05804,0.04497,0.008405,0.09359,31.58,1566,139900,27710000,-1351,1127000,17350,-1.271E+12,-19560000000,-300700000,2.87E+18,1.799E+11,2768000000,1.043E+13,happy
20.75,0.1186,0.00027,198.2,0.001142,0.04265,0.03656,43.46,0.123,0.4378,0.4008,0.2301,0.1999,0.1563,0.2077,0.1023,0.1303,0.08463,23.29,2004,205500,41470000,258.9,274.3,7.18,619000000,11410000,249100,2.096E+15,104800000,2274000,12960000000,17.29,0.1041,0.000146,1493,0.001076,0.04198,0.6231,42.38,-0.9265,0.5579,-0.1253,0.000562,-0.0332,0.0506,-0.05799,0.03738,-0.03089,0.08461,34.15,1772,161000,32190000,-1390,1128000,17360,-1.273E+12,-19590000000,-300900000,2.87E+18,1.801E+11,2770000000,1.044E+13,happy
20.09,0.1234,0.000376,200.5,0.001247,0.04667,0.05279,42.17,0.1217,0.524,0.3965,0.2243,0.2192,0.1888,0.1604,0.125,0.1044,0.08659,21.04,2265,256800,52100000,303.4,323.9,11.03,731700000,17310000,382800,2.479E+15,159200000,3512000,19930000000,15.68,0.09327,0.000174,1507,0.001125,0.04403,0.6045,39.48,-0.9332,0.4674,-0.196,0.08627,0.01921,0.03162,-0.03833,0.0371,-0.01203,0.08675,34.29,2074,198200,39500000,-1409,1130000,17370,-1.276E+12,-19610000000,-301200000,2.88E+18,1.804E+11,2773000000,1.045E+13,happy
20.09,0.1234,0.000376,200.5,0.001247,0.04667,0.05279,42.17,0.1217,0.524,0.3965,0.2243,0.2192,0.1888,0.1604,0.125,0.1044,0.08659,21.04,2265,256800,52100000,303.4,323.9,11.03,732400000,17320000,383100,2.484E+15,159300000,3515000,19960000000,15.68,0.09327,0.000174,1507,0.001125,0.04403,0.6045,39.48,-0.9332,0.4674,-0.196,0.08627,0.01921,0.03162,-0.03833,0.0371,-0.01203,0.08675,34.29,2074,198200,39500000,-1409,1131000,17380,-1.278E+12,-19650000000,-301700000,2.89E+18,1.807E+11,2777000000,1.048E+13,happy
18.58,0.1025,0.00014,222.5,0.00128,0.04938,0.03164,40.56,0.1042,0.4987,0.3373,0.1988,0.1744,0.1251,0.1738,0.1097,0.1468,0.1001,22.78,2366,225100,47540000,282.4,291.5,6.384,659800000,11510000,221800,2.24E+15,106900000,2043000,11560000000,15.25,0.0801,7.60E-05,1512,0.001214,0.04738,0.5825,37.65,-0.9389,0.4873,-0.1451,0.02561,-0.005165,0.03309,-0.05006,0.0768,0.04906,0.09625,33.98,1998,175300,35020000,-1361,1132000,17380,-1.281E+12,-19670000000,-301800000,2.90E+18,1.809E+11,2778000000,1.048E+13,neutral
20.17,0.1114,0.000236,208.6,0.001294,0.04929,0.03297,42.19,0.1166,0.5535,0.3353,0.2326,0.2115,0.1257,0.2056,0.1082,0.168,0.09574,26.03,2742,248800,52430000,355.5,310,4.398,702400000,8925000,152800,2.387E+15,83090000,1409000,7960000000,15.58,0.0843,0.000123,1493,0.001111,0.04338,0.6417,39.81,-0.9307,0.3989,-0.06314,0.05183,-0.047,0.04991,-0.06442,0.06526,0.004726,0.08629,36.56,2492,223600,45720000,-1454,1133000,17380,-1.283E+12,-19680000000,-301600000,2.91E+18,1.81E+11,2776000000,1.047E+13,neutral
20.13,0.1129,0.000306,220.6,0.00152,0.05555,0.0181,43.64,0.1198,0.5068,0.3331,0.1555,0.1969,0.1709,0.1607,0.1226,0.1513,0.1086,22.39,1973,217800,42660000,234.9,271.8,4.468,616300000,8759000,155200,2.096E+15,82540000,1428000,8087000000,15.06,0.08321,0.000187,1453,0.001534,0.05855,0.5781,38.28,-0.935,0.3829,-0.08249,0.1,0.001155,0.08278,-0.0933,0.07163,-0.02202,0.1153,33.93,2116,204800,39120000,-1293,1134000,17380,-1.285E+12,-19700000000,-301700000,2.92E+18,1.812E+11,2777000000,1.048E+13,neutral
18.87,0.1017,0.000148,194.1,0.001201,0.04789,0.04581,40.75,0.1099,0.5029,0.3498,0.1958,0.1471,0.1102,0.1909,0.1198,0.152,0.08799,23.64,2273,210400,45020000,258.9,286.2,16.56,649600000,23450000,575700,2.211E+15,214600000,5274000,30020000000,16,0.08491,8.70E-05,1553,0.001179,0.04718,0.6059,39.59,-0.9347,0.5449,-0.1592,-0.02386,-0.007336,0.03807,-0.07068,0.08341,0.0588,0.09112,33.47,1912,172000,35400000,-1418,1135000,17390,-1.288E+12,-19740000000,-302200000,2.92E+18,1.815E+11,2782000000,1.05E+13,neutral
20.13,0.1129,0.000306,220.6,0.00152,0.05555,0.0181,43.64,0.1198,0.5068,0.3331,0.1555,0.1969,0.1709,0.1607,0.1226,0.1513,0.1086,22.39,1973,217800,42660000,234.9,271.8,4.468,617300000,8774000,155500,2.103E+15,82680000,1430000,8114000000,15.06,0.08321,0.000187,1453,0.001534,0.05855,0.5781,38.28,-0.935,0.3829,-0.08249,0.1,0.001155,0.08278,-0.0933,0.07163,-0.02202,0.1153,33.93,2116,204800,39120000,-1293,1136000,17410,-1.29E+12,-19770000000,-302700000,2.93E+18,1.818E+11,2787000000,1.053E+13,neutral
20.1,0.1148,6.90E-05,185.2,0.000673,0.02571,0.06408,39.99,0.11,0.5313,0.3953,0.2307,0.192,0.2102,0.1433,0.1212,0.1294,0.04892,23.7,2651,215800,47810000,257.3,331.9,19.53,754500000,27850000,680300,2.573E+15,251700000,6191000,35540000000,17.72,0.0906,2.80E-05,1542,0.000563,0.02195,0.6388,41.69,-0.9266,0.4539,-0.1609,0.04971,0.03447,0.01828,-0.02198,0.05311,0.02205,0.04374,38.26,2362,205000,43500000,-1620,1137000,17420,-1.292E+12,-19800000000,-303100000,2.94E+18,1.821E+11,2790000000,1.055E+13,sad
22.32,0.1286,4.10E-05,200.9,0.000541,0.02061,0.04097,47.46,0.1303,0.5583,0.2972,0.2278,0.1727,0.18,0.1931,0.1289,0.1631,0.04123,23.28,2175,209000,41640000,199.4,289.9,12.67,659700000,19250000,442200,2.252E+15,175700000,4045000,23150000000,19.27,0.104,2.40E-05,1551,0.000611,0.02383,0.5482,46.84,-0.9098,0.3978,-0.1788,-0.0281,-0.01994,0.1057,-0.1478,0.09349,-0.06344,0.05044,42.51,2606,238300,46780000,-1490,1138000,17460,-1.295E+12,-19870000000,-304500000,2.95E+18,1.827E+11,2804000000,1.063E+13,sad
18.63,0.1105,2.60E-05,172.3,0.000505,0.01932,0.07069,40.33,0.1077,0.6197,0.3365,0.2622,0.1929,0.2143,0.1811,0.1328,0.1645,0.03705,18.89,2271,236800,46240000,169.2,341,14.69,776700000,22240000,513400,2.654E+15,202400000,4684000,26910000000,16.56,0.09039,1.60E-05,1537,0.000537,0.02083,0.6053,44.43,-0.9267,0.2942,-0.1486,-0.02338,-0.05562,0.1233,-0.1503,0.1223,-0.04831,0.04487,42.77,3027,299100,57720000,-1532,1139000,17480,-1.297E+12,-19910000000,-305300000,2.96E+18,1.831E+11,2810000000,1.067E+13,sad
23.03,0.1118,2.60E-05,177.7,0.000525,0.02005,0.05215,44.96,0.1322,0.5801,0.3716,0.2782,0.1982,0.1875,0.1664,0.133,0.1551,0.03992,22.37,2663,244500,51730000,244.2,331.8,23.94,756600000,33000000,838900,2.588E+15,301100000,7679000,44080000000,20.13,0.09915,1.70E-05,1562,0.000497,0.01955,0.628,48.89,-0.9113,0.4468,-0.1965,0.08118,-0.004938,0.03297,-0.02289,0.1277,0.05702,0.04274,42.19,2551,233900,47420000,-1660,1140000,17520,-1.3E+12,-19980000000,-306700000,2.96E+18,1.837E+11,2824000000,1.074E+13,sad
21.57,0.1072,2.60E-05,174.9,0.000562,0.02127,0.06057,43,0.1202,0.5974,0.3518,0.298,0.2033,0.1969,0.1591,0.1242,0.152,0.03931,23.08,2887,237000,51710000,244.4,334.2,18.38,762900000,26550000,645700,2.612E+15,242200000,5905000,34010000000,19.47,0.1017,1.70E-05,1565,0.000485,0.01891,0.6168,46.7,-0.915,0.4417,-0.2421,-0.01309,-0.002373,0.05233,-0.04467,0.07911,0.02291,0.03932,43.09,2720,234400,49010000,-1656,1141000,17570,-1.302E+12,-20050000000,-308300000,2.97E+18,1.843E+11,2838000000,1.083E+13,sad
7.637,0.05509,0.000568,181.8,0.002636,0.09888,0.09703,23.9,0.04616,0.3568,0.2213,0.1025,0.08529,0.05569,0.07366,0.06178,0.05936,0.1434,21.42,1917,153400,28630000,278.3,460.6,9.909,1053000000,4897000,348100,3.61E+15,42500000,3142000,18330000000,9.311,0.04917,0.000164,1516,0.001838,0.06958,0.6052,32.87,-0.9647,0.2277,0.03406,0.0961,0.03626,0.09257,0.003287,0.04858,-0.01742,0.11,38.88,3063,283100,52260000,-1335,1143000,17560,-1.31E+12,-20060000000,-307900000,2.98E+18,1.85E+11,2835000000,1.08E+13,angry
95.06,0.408,0.000564,174,0.002442,0.09183,0.1059,173.3,0.8184,0.3231,0.264,0.1119,0.1551,0.09283,0.1143,0.07707,0.05992,0.1312,79.95,1637,216100,29040000,919.7,440.7,6.166,1009000000,11110000,216300,3.462E+15,102900000,1983000,11370000000,65.6,0.2935,0.000158,1534,0.00156,0.05905,0.5927,129.4,-0.486,0.4924,0.141,0.127,0.1631,0.1109,-0.0179,-0.007794,0.004245,0.08641,73.92,1972,96400,33180000,-1899,1144000,17540,-1.309E+12,-20070000000,-307400000,3.00E+18,1.846E+11,2830000000,1.078E+13,angry
84.84,0.3656,0.000585,216.2,0.00282,0.1059,0.1086,153.9,0.7308,0.3346,0.2565,0.1206,0.1462,0.0883,0.08996,0.07226,0.0655,0.1512,71.77,1662,205200,30170000,839,383.1,17.56,877700000,26650000,616900,3.016E+15,242100000,5629000,32490000000,48.77,0.2155,0.000189,1554,0.002169,0.0821,0.5503,97.2,-0.6269,0.4888,0.114,0.0977,0.1275,0.09371,0.004977,0.02834,0.04912,0.118,59.95,1868,115800,31930000,-1702,1146000,17570,-1.312E+12,-20120000000,-308200000,3.01E+18,1.85E+11,2837000000,1.082E+13,angry
5.007,0.02853,0.000596,197.3,0.003186,0.1198,0.1029,21.76,0.03423,0.4097,0.2149,0.1251,0.1001,0.09342,0.07538,0.06133,0.07106,0.1732,22.51,2186,182500,36020000,390,373.5,14.53,856800000,22510000,511300,2.948E+15,205100000,4676000,26980000000,8.409,0.04,0.000196,1575,0.002286,0.08671,0.5637,26.76,-0.9732,0.3438,0.1159,0.08045,0.0584,0.05939,0.02225,0.05323,0.05607,0.1255,32.31,2479,235700,44450000,-1455,1147000,17600,-1.315E+12,-20180000000,-309300000,3.02E+18,1.856E+11,2847000000,1.088E+13,angry
4.815,0.02695,0.000599,196.7,0.003194,0.1201,0.1015,20.62,0.03291,0.4077,0.2147,0.1249,0.1003,0.09458,0.07429,0.06248,0.0716,0.1736,22.18,2173,183400,36080000,387.9,369.7,14.43,848900000,22340000,508400,2.924E+15,203500000,4649000,26870000000,8.287,0.03922,0.000198,1570,0.002309,0.08758,0.5611,25.97,-0.9742,0.3499,0.1183,0.08237,0.05858,0.06094,0.02198,0.05459,0.05541,0.1267,31.87,2446,234800,44150000,-1449,1148000,17630,-1.318E+12,-20240000000,-310300000,3.03E+18,1.861E+11,2856000000,1.093E+13,angry
8.998,0.06388,3.00E-05,156.7,0.000686,0.02567,0.0886,28.52,0.0519,0.4093,0.2545,0.1656,0.1192,0.08608,0.08359,0.06707,0.07379,0.03381,24.51,2215,168000,33230000,268.7,410,7.074,942600000,14550000,249500,3.251E+15,133000000,2287000,13200000000,9.414,0.048,1.00E-05,1535,0.000606,0.0229,0.5008,32.85,-0.9616,0.2232,0.05193,0.04414,0.02367,0.04553,0.009311,0.03972,0.02009,0.03199,38.66,3080,280900,54570000,-1617,1150000,17650,-1.321E+12,-20280000000,-311000000,3.04E+18,1.865E+11,2863000000,1.097E+13,disgust
13.76,0.09553,0.000168,199.9,0.001063,0.03989,0.08728,33.66,0.09958,0.4028,0.2585,0.1305,0.1264,0.1151,0.1265,0.08643,0.08026,0.05619,24.72,2183,168100,33760000,301.9,410.1,17.49,944000000,26740000,617700,3.26E+15,243600000,5650000,32720000000,10.88,0.05699,4.80E-05,1594,0.000816,0.03105,0.5498,35.63,-0.9467,0.2046,-0.07484,0.03517,0.01204,0.07439,-0.004488,0.02462,0.01766,0.04724,42.41,3194,263300,51360000,-1579,1151000,17660,-1.325E+12,-20330000000,-311600000,3.05E+18,1.869E+11,2868000000,1.1E+13,disgust
13.83,0.1003,5.80E-05,194.2,0.000769,0.02886,0.05059,34.56,0.09564,0.3847,0.2939,0.156,0.1478,0.09315,0.1096,0.1056,0.08454,0.04537,25.22,2081,149000,30650000,288,324.3,17.69,747200000,25970000,626400,2.583E+15,237600000,5743000,33260000000,11.81,0.06657,2.40E-05,1592,0.000747,0.02854,0.4982,38.51,-0.9434,0.2479,-0.1103,0.08186,0.02714,0.07573,0.04086,0.0232,0.009165,0.04515,41.43,2983,239100,46650000,-1567,1152000,17710,-1.328E+12,-20400000000,-313200000,3.06E+18,1.876E+11,2883000000,1.109E+13,disgust
13.03,0.09075,4.50E-05,178.8,0.000678,0.02552,0.1016,34.43,0.08622,0.4253,0.221,0.134,0.1177,0.08765,0.1078,0.08482,0.08351,0.03822,25.1,2203,167700,33380000,290.5,453,13.62,1045000000,23260000,483000,3.617E+15,213100000,4432000,25690000000,12.2,0.06722,1.40E-05,1573,0.00053,0.02016,0.5328,40.68,-0.942,0.1857,0.006237,0.03822,0.01567,0.0526,-0.006279,0.02341,0.004791,0.03187,44.66,3429,290900,57020000,-1667,1154000,17740,-1.331E+12,-20460000000,-314200000,3.07E+18,1.881E+11,2893000000,1.114E+13,disgust
10.47,0.07706,8.10E-05,171.7,0.000752,0.02825,0.08659,29.4,0.06636,0.4094,0.2214,0.1269,0.09846,0.08549,0.1095,0.08653,0.09409,0.04151,24.82,2201,169700,33840000,290.6,441,7.312,1019000000,15300000,259500,3.53E+15,143000000,2412000,13820000000,10.42,0.05602,2.10E-05,1559,0.000603,0.02292,0.5238,35.97,-0.9542,0.1854,0.003721,0.03227,0.02752,0.0645,0.01569,0.04571,0.01162,0.03413,41.82,3282,287100,55940000,-1630,1155000,17760,-1.334E+12,-20510000000,-314900000,3.08E+18,1.886E+11,2899000000,1.118E+13,disgust
7.684,0.06627,0.000191,205,0.001488,0.05595,0.07917,27.39,0.05024,0.4086,0.2693,0.1182,0.1411,0.08758,0.09704,0.06912,0.06608,0.07682,24.57,2259,181900,35640000,323.4,392,2.161,906600000,8363000,76670,3.146E+15,78110000,706800,4081000000,9.219,0.04979,6.90E-05,1509,0.00126,0.04762,0.5121,30.92,-0.9646,0.2771,0.03935,0.06747,0.03477,0.06599,0.01599,0.03425,0.03323,0.06716,35.54,2718,239600,46130000,-1513,1157000,17760,-1.338E+12,-20540000000,-314900000,3.09E+18,1.888E+11,2899000000,1.118E+13,happy
12.47,0.09027,0.00015,194.4,0.00133,0.04954,0.06193,34.45,0.0808,0.4073,0.2704,0.1334,0.1471,0.07431,0.1129,0.07728,0.08467,0.06475,26.1,2274,184100,35880000,307.7,398.3,8.982,922400000,16610000,318900,3.204E+15,153000000,2927000,16990000000,10.72,0.05766,4.90E-05,1502,0.00104,0.03916,0.5533,36.61,-0.9521,0.2131,0.03234,0.09085,0.04169,0.07166,0.007471,0.03524,0.02886,0.05443,39.33,3012,258300,50280000,-1572,1158000,17760,-1.341E+12,-20570000000,-315200000,3.11E+18,1.891E+11,2902000000,1.119E+13,happy
6.322,0.04763,0.000159,184.4,0.001206,0.04541,0.06663,26.26,0.04426,0.3979,0.2435,0.1148,0.1178,0.06298,0.07985,0.0579,0.05509,0.06433,24.4,2242,176000,34410000,302.3,406,5.418,941400000,3905000,192500,3.274E+15,36830000,1724000,10250000000,8.411,0.04069,5.00E-05,1481,0.000893,0.03382,0.5873,30.3,-0.9661,0.205,0.06288,0.05933,0.03854,0.07373,0.0379,0.04457,0.02083,0.04901,36.47,2958,270600,52250000,-1559,1159000,17760,-1.344E+12,-20580000000,-314900000,3.12E+18,1.893E+11,2899000000,1.117E+13,happy
10.03,0.09139,7.90E-05,176.1,0.001151,0.04359,0.1131,30.61,0.0677,0.4176,0.2353,0.1083,0.1491,0.07811,0.09861,0.06592,0.08045,0.05965,25.77,2312,185700,35920000,324.1,481,5.748,1117000000,12250000,204000,3.888E+15,112900000,1856000,10850000000,10.89,0.05851,3.10E-05,1515,0.000802,0.03054,0.5786,38.74,-0.9491,0.1205,-0.01534,0.03695,0.02009,0.07733,0.02008,0.04901,0.01956,0.04368,44.59,3565,292900,57780000,-1641,1161000,17750,-1.347E+12,-20600000000,-314700000,3.13E+18,1.895E+11,2897000000,1.116E+13,happy
7.922,0.06172,6.90E-05,202.8,0.000782,0.02946,0.06195,21.88,0.03649,0.3925,0.2251,0.128,0.1131,0.08649,0.079,0.08609,0.07765,0.03793,23.38,2135,166000,32800000,263.4,360.9,2.344,838900000,5589000,83200,2.925E+15,53600000,743000,4424000000,8.244,0.04133,2.50E-05,1514,0.000705,0.02683,0.5345,27.26,-0.9716,0.2621,0.06545,0.05377,0.05757,0.06699,0.02457,0.03769,0.02063,0.03687,34.98,2814,266800,51090000,-1576,1162000,17740,-1.351E+12,-20610000000,-314200000,3.14E+18,1.896E+11,2893000000,1.114E+13,happy
15.43,0.1428,5.10E-05,201.5,0.000823,0.03083,0.0797,43.55,0.1103,0.4222,0.2687,0.1385,0.1442,0.09502,0.09054,0.06599,0.0648,0.04445,31.42,2438,151100,31990000,325.6,456.6,12.19,1063000000,6387000,431700,3.709E+15,53680000,3890000,22920000000,13.21,0.08796,1.40E-05,1507,0.000603,0.0228,0.5979,42.43,-0.9251,0.132,-0.01893,0.02047,0.01128,0.03993,-0.003673,0.01729,0.001292,0.03398,46.74,3505,253900,55100000,-1650,1164000,17710,-1.354E+12,-20610000000,-313300000,3.15E+18,1.895E+11,2885000000,1.109E+13,neutral
15.98,0.1314,8.50E-05,229.5,0.000991,0.03789,0.1018,42.48,0.113,0.4142,0.2214,0.1585,0.146,0.1081,0.08589,0.06893,0.07631,0.05832,30.46,2398,142400,31990000,346.9,536.1,9.026,1249000000,4009000,319000,4.368E+15,36230000,2874000,16890000000,13.38,0.08546,2.00E-05,1523,0.000692,0.02649,0.5878,43.08,-0.9236,0.137,-0.04955,0.028,0.01667,0.02442,-0.0135,0.006032,-0.00934,0.04151,47.44,3512,252700,53920000,-1630,1165000,17660,-1.358E+12,-20590000000,-311700000,3.17E+18,1.893E+11,2870000000,1.1E+13,neutral
18.19,0.1508,0.000109,240.7,0.001369,0.05199,0.09017,46.55,0.1306,0.4272,0.2338,0.14,0.1492,0.1138,0.1224,0.07728,0.08527,0.0828,31.38,2396,147300,32950000,391.6,511.6,8.506,1194000000,5786000,300100,4.182E+15,52570000,2687000,15860000000,15.2,0.1037,4.20E-05,1506,0.001071,0.04121,0.5682,45.88,-0.9155,0.2297,-0.08033,0.03368,0.02229,0.0402,-0.02301,-0.001871,-0.01161,0.06608,45.62,3133,213700,45900000,-1546,1167000,17640,-1.362E+12,-20580000000,-310600000,3.18E+18,1.893E+11,2861000000,1.095E+13,neutral
14.81,0.1302,4.30E-05,179.5,0.000711,0.02679,0.09459,40.65,0.1041,0.4464,0.2718,0.1532,0.1276,0.08755,0.08351,0.06738,0.08596,0.03636,32.1,2491,137200,30660000,314.2,502.1,5.125,1174000000,4773000,180500,4.117E+15,46120000,1617000,9528000000,13.69,0.08971,1.20E-05,1519,0.00053,0.02021,0.6,44.34,-0.9218,0.149,0.01056,0.02313,-0.00302,0.02063,-0.02277,0.009312,-0.006633,0.02892,47.88,3565,251100,55310000,-1694,1169000,17610,-1.366E+12,-20580000000,-309600000,3.20E+18,1.893E+11,2852000000,1.09E+13,neutral
15.07,0.1081,7.00E-05,252.8,0.001001,0.03825,0.07635,38.08,0.1103,0.412,0.2682,0.1745,0.1329,0.1061,0.09192,0.06618,0.07943,0.05717,26.29,2168,156300,32700000,313.7,400.7,6.813,938000000,3995000,239600,3.294E+15,35560000,2133000,12630000000,11.32,0.06526,2.50E-05,1545,0.000878,0.03386,0.5667,34.29,-0.9458,0.313,-0.0353,0.08652,0.02436,0.01676,-0.01818,0.002256,0.01076,0.05438,38.19,2716,223200,44290000,-1491,1171000,17580,-1.37E+12,-20580000000,-308800000,3.21E+18,1.894E+11,2845000000,1.085E+13,neutral
18.64,0.1383,1.20E-05,144.3,0.000348,0.0131,0.08063,46.49,0.1331,0.3647,0.2596,0.1735,0.1532,0.1136,0.1007,0.08128,0.08012,0.01637,31.96,2238,134400,26350000,248.8,444,26.49,1041000000,23340000,928400,3.659E+15,206900000,8425000,48790000000,12.6,0.08329,3.00E-06,1518,0.00034,0.01294,0.5245,39.66,-0.9241,0.08232,0.03659,0.05852,0.02156,0.04488,0.001817,0.03168,0.003317,0.01734,43.88,3486,291300,61940000,-1684,1172000,17530,-1.374E+12,-20540000000,-306800000,3.22E+18,1.89E+11,2827000000,1.075E+13,sad
14.07,0.09976,1.20E-05,142.6,0.000337,0.01255,0.06577,35.74,0.09647,0.369,0.2535,0.167,0.1366,0.1034,0.08635,0.06873,0.08397,0.01642,28.22,2166,139100,27260000,224.1,441.2,36.67,1036000000,35380000,1278000,3.646E+15,314900000,11600000,66760000000,8.74,0.05032,5.00E-06,1521,0.000333,0.01256,0.5107,29.2,-0.9525,0.07922,0.03831,0.05217,0.02725,0.04978,0.01758,0.03159,-0.00469,0.01705,40.67,3486,318800,64990000,-1657,1174000,17430,-1.377E+12,-20450000000,-303400000,3.23E+18,1.882E+11,2796000000,1.057E+13,sad
13.37,0.1128,1.40E-05,133.3,0.000323,0.01205,0.0832,37.96,0.09385,0.3289,0.2391,0.164,0.1204,0.09796,0.1042,0.08666,0.08824,0.01464,29.52,2121,125600,24100000,228.8,446.6,26.41,1050000000,23350000,914800,3.7E+15,206900000,8301000,47510000000,10.1,0.06546,3.00E-06,1509,0.00031,0.01171,0.5451,32.82,-0.9437,0.05945,0.06464,0.05471,0.04204,0.05643,0.009249,0.02996,0.000332,0.01507,42.64,3646,325000,67100000,-1698,1175000,17320,-1.381E+12,-20360000000,-299700000,3.25E+18,1.874E+11,2762000000,1.038E+13,sad
12.4,0.1052,1.60E-05,159.3,0.000356,0.01322,0.08604,34.79,0.08613,0.349,0.2667,0.1583,0.1479,0.1085,0.08413,0.06781,0.07336,0.01654,28.87,2206,140600,27280000,237.5,474.9,33,1118000000,30720000,1137000,3.945E+15,272500000,10320000,58720000000,8.911,0.05377,4.00E-06,1509,0.000341,0.01283,0.5237,31.63,-0.9503,0.05072,0.01779,0.03925,0.01928,0.04981,0.01985,0.03997,0.005911,0.01715,42.49,3592,312100,64270000,-1672,1177000,17230,-1.384E+12,-20270000000,-296500000,3.26E+18,1.866E+11,2732000000,1.021E+13,sad
11.21,0.09887,1.30E-05,155.8,0.00032,0.01187,0.07204,33.28,0.08083,0.3335,0.2669,0.1529,0.1392,0.1156,0.08942,0.06582,0.06257,0.01531,28.66,2188,138800,26770000,216.4,436,36.21,1027000000,35300000,1240000,3.631E+15,313000000,11240000,63610000000,8.291,0.04837,4.00E-06,1502,0.000326,0.01229,0.5343,28.02,-0.9559,0.04939,0.02927,0.05316,0.03347,0.04842,0.0173,0.04829,0.02372,0.01673,41.13,3534,314700,64800000,-1645,1178000,17120,-1.388E+12,-20170000000,-292800000,3.27E+18,1.857E+11,2699000000,1.002E+13,sad
12.3,0.06633,0.001703,191.9,0.003495,0.1315,0.1242,24.64,0.07922,0.6587,0.224,0.1166,0.1651,0.09493,0.09522,0.08106,0.09419,0.1898,21.92,3239,365300,73950000,450.8,676.2,46.55,1596000000,62280000,1585000,5.651E+15,565000000,14470000,80900000000,6.216,0.03008,0.000523,1563,0.002244,0.08551,0.6018,18.63,-0.9784,0.03199,0.07841,0.09528,0.005456,0.07137,0.03984,0.01121,-0.000195,0.1225,35.23,3787,417600,82640000,-1689,1180000,17020,-1.393E+12,-20090000000,-289300000,3.29E+18,1.849E+11,2667000000,9.842E+12,angry
10.88,0.06344,0.001493,191.1,0.003634,0.1364,0.109,21.73,0.06724,0.5951,0.244,0.1882,0.1969,0.1358,0.1174,0.1073,0.1288,0.1961,20.6,2899,327900,66690000,429.6,656.5,60.63,1552000000,80560000,2064000,5.507E+15,732900000,18870000,1.053E+11,6.904,0.03529,0.000483,1575,0.002364,0.09004,0.6268,20,-0.9771,0.1797,0.103,0.04434,-0.0518,0.03066,0.01841,0.0166,0.005194,0.1312,35.07,3431,374900,73080000,-1659,1182000,17020,-1.398E+12,-20130000000,-289300000,3.31E+18,1.853E+11,2668000000,9.844E+12,angry
14.76,0.08416,0.000641,179,0.002562,0.09669,0.1151,26.75,0.11,0.5967,0.2848,0.1564,0.1875,0.149,0.1218,0.1117,0.09649,0.1444,23.88,3057,335000,67480000,447.1,630.6,36.92,1494000000,50410000,1254000,5.31E+15,458700000,11460000,63900000000,7.255,0.03617,0.000249,1564,0.001857,0.0707,0.6204,20.01,-0.9676,0.101,0.025,0.0977,0.04446,0.06588,0.0203,0.03524,0.002985,0.1031,35.19,3472,353400,70480000,-1624,1185000,16990,-1.403E+12,-20130000000,-288200000,3.33E+18,1.853E+11,2658000000,9.787E+12,angry
12.9,0.07736,0.001187,204.4,0.003626,0.1364,0.1153,25.54,0.08625,0.6332,0.2723,0.1341,0.1639,0.1115,0.108,0.09314,0.0961,0.1994,22.74,3183,350700,70860000,465.5,600.7,38.55,1426000000,52760000,1306000,5.077E+15,480000000,11940000,66350000000,7.016,0.03531,0.000448,1574,0.002476,0.09426,0.6214,19.56,-0.974,0.08587,0.05184,0.1073,0.0339,0.07427,0.03226,0.02326,0.004617,0.1365,34.48,3508,370600,73410000,-1620,1187000,16940,-1.409E+12,-20100000000,-286600000,3.34E+18,1.851E+11,2643000000,9.702E+12,angry
11.88,0.06886,0.00131,200.8,0.003174,0.119,0.1012,23.89,0.07476,0.5771,0.2456,0.1742,0.1835,0.1335,0.1248,0.0924,0.1032,0.1694,23.57,3027,297800,62610000,438.5,498.5,51.2,1185000000,68300000,1738000,4.226E+15,622600000,15910000,88450000000,7.423,0.0376,0.000414,1598,0.002503,0.09547,0.6103,19.85,-0.9751,0.2258,0.071,0.1392,0.02876,0.08929,0.03588,0.01057,0.01333,0.1374,32.77,2955,286100,56240000,-1515,1189000,16980,-1.413E+12,-20180000000,-287900000,3.36E+18,1.859E+11,2655000000,9.772E+12,angry
13.98,0.1276,0.000558,207.4,0.000908,0.03074,0.1024,37.17,0.08762,0.2723,0.2033,0.1748,0.1835,0.1259,0.1169,0.08559,0.08726,0.04846,27.29,1985,124000,28040000,366.5,831.8,77.73,1981000000,78640000,2620000,7.08E+15,698800000,23770000,1.324E+11,11.89,0.0815,0.000142,1481,0.000657,0.02384,0.5785,39.56,-0.9303,0.01425,-0.2253,0.03576,-0.009002,0.06626,-0.02992,-0.003928,-0.03237,0.03808,51.82,3909,269900,55300000,-1640,1191000,16860,-1.419E+12,-20080000000,-283800000,3.38E+18,1.85E+11,2618000000,9.564E+12,disgust
15.69,0.1109,0.000677,173.5,0.001032,0.03557,0.0752,37.44,0.1067,0.3431,0.226,0.1953,0.1769,0.12,0.1021,0.07586,0.08673,0.0517,27.85,2074,126500,28390000,331.8,586.7,29.57,1400000000,26440000,985200,5.014E+15,232500000,8921000,49210000000,10.14,0.06252,0.000151,1529,0.000784,0.02893,0.5825,31.27,-0.9458,0.1701,-0.1461,0.102,0.03998,0.04751,-0.03018,-0.001389,-0.001576,0.04462,41.39,3030,232900,46440000,-1542,1193000,16670,-1.424E+12,-19890000000,-277500000,3.40E+18,1.833E+11,2560000000,9.244E+12,disgust
13.73,0.1061,0.001284,205.4,0.00138,0.04742,0.0896,34.32,0.09532,0.3321,0.2522,0.1937,0.1887,0.1226,0.141,0.09306,0.09019,0.06947,25.18,1945,132200,29090000,340.1,568.4,32.17,1359000000,29960000,1064000,4.874E+15,261800000,9611000,52780000000,9.904,0.06235,0.000293,1503,0.001029,0.03805,0.6188,30.99,-0.948,0.202,-0.2373,0.1173,0.01286,0.0649,-0.01797,-0.02562,-0.04748,0.06413,41.42,2936,217800,41780000,-1455,1195000,16560,-1.429E+12,-19790000000,-273700000,3.42E+18,1.824E+11,2526000000,9.058E+12,disgust
14.03,0.1223,0.000943,171.1,0.001158,0.03983,0.09786,34.55,0.089,0.2966,0.2149,0.2246,0.1934,0.133,0.1056,0.08832,0.08754,0.06196,25.4,1970,130900,30090000,378.8,823.8,63.95,1974000000,63440000,2093000,7.093E+15,561500000,18980000,1.027E+11,11.21,0.0728,0.000169,1525,0.00071,0.02609,0.6086,38.75,-0.9356,0.01189,-0.2963,0.07877,0.002702,0.0493,-0.04941,-0.02381,-0.03613,0.0445,52.79,3981,269900,55190000,-1624,1198000,16380,-1.435E+12,-19620000000,-267900000,3.44E+18,1.809E+11,2474000000,8.772E+12,disgust
17.45,0.1255,0.000172,194.1,0.000693,0.02477,0.1095,40.99,0.1169,0.3037,0.2384,0.2013,0.1724,0.1458,0.1164,0.0945,0.09344,0.04332,27.28,1942,117700,27020000,344.2,719.5,47.17,1728000000,45370000,1525000,6.222E+15,401600000,13840000,73920000000,11,0.06839,6.60E-05,1513,0.000655,0.0243,0.5362,35.01,-0.9358,0.07718,-0.2174,0.09182,0.01739,0.1028,-0.002203,0.004119,-0.01352,0.03949,46.12,3483,261900,51400000,-1579,1201000,16180,-1.441E+12,-19420000000,-261300000,3.46E+18,1.791E+11,2414000000,8.449E+12,disgust
14.38,0.09021,0.000919,213.4,0.002679,0.1016,0.04756,27.49,0.09756,0.4644,0.2426,0.191,0.1978,0.127,0.1388,0.1026,0.09162,0.1676,18.74,2065,255100,50840000,442.7,531,25.07,1277000000,37100000,805500,4.608E+15,339700000,7394000,38810000000,7.674,0.04301,0.000358,1549,0.002011,0.07694,0.5927,19.25,-0.9716,0.2802,0.01948,0.1334,0.03836,0.07341,0.008883,-0.02447,-0.02444,0.1222,29.43,2375,255200,47140000,-1492,1203000,16070,-1.447E+12,-19330000000,-257900000,3.48E+18,1.783E+11,2382000000,8.283E+12,happy
13.88,0.07613,0.000567,197.3,0.002233,0.08384,0.05756,28.98,0.08758,0.4546,0.2375,0.1599,0.1836,0.1038,0.1291,0.09681,0.0869,0.1242,18.22,1982,239500,47240000,304.9,508.8,16.47,1226000000,24300000,528100,4.429E+15,222300000,4835000,25390000000,7.23,0.03652,0.000258,1544,0.001888,0.07211,0.5772,19.43,-0.9748,0.267,0.0431,0.1141,0.06808,0.1253,0.05456,0.03312,-0.03924,0.1067,28.78,2376,263600,48580000,-1406,1205000,16040,-1.451E+12,-19320000000,-256900000,3.50E+18,1.782E+11,2374000000,8.236E+12,happy
15.12,0.09446,0.000471,204.9,0.001509,0.05692,0.07121,30.93,0.1036,0.4637,0.2398,0.1634,0.189,0.132,0.1419,0.09861,0.1017,0.08885,19.42,2030,244600,47650000,287.4,527.8,18.56,1273000000,24040000,593300,4.608E+15,214800000,5344000,28440000000,7.744,0.04354,0.000133,1564,0.001413,0.05373,0.5415,20.44,-0.9702,0.2823,0.04567,0.09618,0.02889,0.1017,0.02558,0.02467,-0.03673,0.08417,29.04,2393,266300,49890000,-1436,1206000,16000,-1.455E+12,-19300000000,-255500000,3.51E+18,1.78E+11,2361000000,8.168E+12,happy
14.76,0.0922,0.00024,205.7,0.001771,0.06656,0.06229,31.92,0.1025,0.4507,0.2663,0.1719,0.2145,0.1291,0.1372,0.1092,0.09248,0.08755,18.73,1852,231600,44870000,270.7,489.1,16.5,1182000000,14700000,524200,4.283E+15,129900000,4754000,24970000000,7.713,0.04378,9.80E-05,1536,0.001582,0.06004,0.5696,20.29,-0.9712,0.3462,0.03006,0.1272,0.08786,0.0824,-0.03051,-0.02455,-0.06221,0.08582,27.14,2152,242400,45300000,-1409,1208000,15890,-1.459E+12,-19200000000,-252200000,3.53E+18,1.771E+11,2330000000,8.008E+12,happy
14.85,0.09732,0.000443,199.7,0.001751,0.06591,0.07137,33.52,0.1045,0.4264,0.2617,0.1492,0.2064,0.1111,0.1536,0.1087,0.1091,0.0996,19.94,1860,229700,44320000,276.4,508.7,15.63,1231000000,22330000,494000,4.467E+15,203400000,4511000,23410000000,8.401,0.04855,0.00015,1554,0.001561,0.05938,0.5873,22.59,-0.9652,0.2946,0.04824,0.113,0.04099,0.1149,0.02011,0.01175,-0.06385,0.09187,29.55,2317,252900,47270000,-1430,1210000,15800,-1.464E+12,-19120000000,-249400000,3.54E+18,1.765E+11,2305000000,7.877E+12,happy
11.6,0.0715,7.90E-05,172.2,0.000704,0.02633,0.0697,26.41,0.07338,0.5923,0.2868,0.1572,0.1508,0.134,0.08997,0.08104,0.0886,0.03564,25.02,3117,297000,60480000,278.3,545.1,18.81,1321000000,15440000,591200,4.801E+15,136800000,5377000,27860000000,6.519,0.03455,2.80E-05,1524,0.000562,0.0213,0.6131,19.57,-0.9753,0.1555,0.1643,0.09177,0.01265,0.03427,0.03949,0.02368,0.01559,0.02931,30.32,3031,332800,68790000,-1704,1212000,15720,-1.468E+12,-19040000000,-246600000,3.56E+18,1.758E+11,2280000000,7.747E+12,neutral
11.6,0.0715,7.90E-05,172.2,0.000704,0.02633,0.0697,26.41,0.07338,0.5923,0.2868,0.1572,0.1508,0.134,0.08997,0.08104,0.0886,0.03564,25.02,3117,297000,60480000,278.3,545.1,18.81,1323000000,15520000,587200,4.816E+15,137500000,5341000,27490000000,6.519,0.03455,2.80E-05,1524,0.000562,0.0213,0.6131,19.57,-0.9753,0.1555,0.1643,0.09177,0.01265,0.03427,0.03949,0.02368,0.01559,0.02931,30.32,3031,332800,68790000,-1704,1213000,15610,-1.473E+12,-18940000000,-243300000,3.57E+18,1.749E+11,2250000000,7.591E+12,neutral
11.99,0.06644,0.000107,169.8,0.000885,0.03287,0.07334,25.99,0.07181,0.6206,0.2881,0.1427,0.1441,0.1167,0.08326,0.07972,0.08978,0.04141,25.84,3306,305000,62470000,288.5,620.1,32.3,1507000000,30370000,1000000,5.497E+15,268700000,9085000,46400000000,6.543,0.0326,2.60E-05,1522,0.00061,0.02303,0.6176,19.6,-0.9757,0.09666,0.1705,0.1138,-0.000115,0.04122,0.05134,0.02228,0.02082,0.03016,32.38,3366,362300,75100000,-1726,1216000,15490,-1.477E+12,-18820000000,-239500000,3.59E+18,1.738E+11,2215000000,7.411E+12,neutral
12.15,0.06754,8.70E-05,177.3,0.000796,0.02973,0.06243,25.97,0.07765,0.551,0.228,0.1481,0.1362,0.09172,0.09693,0.08212,0.07254,0.04015,20.87,2646,301700,59630000,287.9,604.8,23.11,1473000000,19860000,709000,5.38E+15,175300000,6443000,32600000000,5.961,0.0317,4.10E-05,1533,0.000673,0.02554,0.6168,16.17,-0.979,0.2079,0.1703,0.06248,0.02157,0.08172,0.03378,0.01909,0.02989,0.03425,25.85,2527,308000,61210000,-1670,1218000,15340,-1.483E+12,-18680000000,-235000000,3.61E+18,1.726E+11,2174000000,7.204E+12,neutral
13.8,0.106,0.000124,183.4,0.000931,0.03496,0.1003,29.78,0.09294,0.5593,0.3455,0.2397,0.2103,0.1197,0.1211,0.09174,0.1024,0.04951,25.51,2969,301200,60170000,336.9,731.9,31.87,1786000000,30910000,968100,6.536E+15,275900000,8818000,44080000000,7.373,0.04588,4.30E-05,1538,0.000603,0.02286,0.6364,22.54,-0.9632,0.07295,-0.02464,0.02717,0.06512,0.1024,0.01741,0.009752,0.00648,0.03256,36.97,3560,349500,71160000,-1751,1220000,15190,-1.488E+12,-18530000000,-230400000,3.63E+18,1.712E+11,2132000000,6.994E+12,neutral
15.56,0.1147,0.000374,174.1,0.000881,0.03093,0.08815,37.67,0.09905,0.3503,0.2343,0.1585,0.1749,0.1089,0.1059,0.07786,0.09443,0.044,27.29,2064,134500,29260000,322.7,521.6,27.17,1275000000,25780000,817800,4.675E+15,227500000,7426000,36890000000,10.47,0.06551,0.000116,1526,0.000725,0.02687,0.5884,32.52,-0.9449,0.2014,-0.148,0.06974,0.03667,0.05111,-0.009479,0.01433,-0.02178,0.04207,41.64,2985,227100,45010000,-1545,1222000,15060,-1.494E+12,-18400000000,-226400000,3.65E+18,1.701E+11,2096000000,6.813E+12,sad
13.47,0.1047,0.001124,213.9,0.001326,0.04668,0.09034,34.74,0.09318,0.3502,0.2406,0.1987,0.1864,0.1285,0.1277,0.09181,0.08896,0.06835,25.85,2024,134800,30010000,355,612.7,35.27,1500000000,34760000,1053000,5.508E+15,305000000,9536000,47120000000,10.21,0.06353,0.000258,1503,0.000953,0.03549,0.6265,32.54,-0.9455,0.175,-0.2315,0.1095,0.000384,0.06324,-0.02531,-0.02833,-0.04303,0.05977,43.77,3146,228300,44650000,-1492,1224000,14940,-1.498E+12,-18290000000,-223000000,3.67E+18,1.691E+11,2065000000,6.658E+12,sad
14.78,0.1285,0.000988,188.7,0.001199,0.04229,0.0968,35.9,0.09602,0.2996,0.228,0.2317,0.2021,0.1316,0.1105,0.09263,0.09086,0.06424,25.89,1962,131100,30120000,382.5,693,49.5,1700000000,50780000,1462000,6.253E+15,448100000,13260000,64740000000,11.04,0.0738,0.000202,1524,0.000855,0.03159,0.6221,36.59,-0.9374,0.06404,-0.3176,0.1057,0.02527,0.05639,-0.03891,-0.02663,-0.02897,0.05272,49.17,3636,250900,50260000,-1553,1226000,14780,-1.504E+12,-18130000000,-218200000,3.69E+18,1.677E+11,2021000000,6.445E+12,sad
17.43,0.1241,0.00018,190.2,0.000689,0.02491,0.1213,40.71,0.1159,0.3144,0.2395,0.1968,0.1702,0.1366,0.1166,0.09086,0.09561,0.04292,27.53,1961,116800,27020000,346.4,728.4,49.07,1790000000,49990000,1432000,6.599E+15,442500000,13010000,62620000000,11.22,0.06934,7.20E-05,1515,0.000648,0.02418,0.5531,35.31,-0.9355,0.08067,-0.2171,0.08503,0.01779,0.09392,-0.001965,0.006971,-0.01172,0.03919,46.76,3517,261100,51610000,-1584,1229000,14600,-1.51E+12,-17940000000,-212800000,3.71E+18,1.66E+11,1973000000,6.21E+12,sad
13.6,0.1259,0.000546,217.6,0.000933,0.03213,0.1106,37.21,0.08874,0.2701,0.2018,0.1787,0.18,0.1308,0.118,0.0802,0.08273,0.052,26.49,1904,121000,27310000,368.8,702.2,70.16,1729000000,76360000,2018000,6.387E+15,679300000,18360000,87000000000,10.54,0.07375,0.000152,1474,0.000791,0.02882,0.5888,35.16,-0.9383,0.04839,-0.2415,0.05864,-0.01551,0.08054,-0.02927,-0.00701,-0.02645,0.04698,48.04,3640,261700,51890000,-1549,1231000,14390,-1.516E+12,-17720000000,-206700000,3.73E+18,1.64E+11,1917000000,5.945E+12,sad
13.15,0.08524,0.000347,284.8,0.002151,0.08108,0.08731,28.13,0.09022,0.4738,0.3137,0.1521,0.1521,0.1341,0.1121,0.08565,0.1095,0.1456,16.32,1839,264000,52880000,403.6,536.3,9.048,1323000000,15720000,257900,4.895E+15,144900000,2363000,11020000000,9.063,0.05472,0.000164,1487,0.001662,0.06394,0.6197,24.03,-0.9689,0.2864,0.1121,0.168,-0.03476,0.02509,0.002275,0.002764,-0.02054,0.1159,31.1,2505,302900,56780000,-1461,1233000,14260,-1.521E+12,-17580000000,-202800000,3.75E+18,1.628E+11,1882000000,5.778E+12,angry
15.93,0.09524,0.000509,294.7,0.002373,0.08992,0.04986,31.5,0.1155,0.4049,0.3217,0.1516,0.1977,0.1667,0.1339,0.09862,0.1189,0.1802,17.88,1482,223200,44910000,365.5,454.2,8.782,1122000000,15250000,250000,4.158E+15,141100000,2298000,10670000000,10.37,0.0612,0.000245,1466,0.002069,0.07995,0.5845,24.7,-0.9621,0.4233,0.03385,0.1463,-0.04285,0.04231,0.03285,0.01573,-0.03644,0.1553,29.23,1974,230100,42720000,-1353,1235000,14240,-1.526E+12,-17580000000,-202300000,3.77E+18,1.628E+11,1876000000,5.753E+12,angry
12.51,0.07407,0.000447,270,0.002234,0.08535,0.09276,26.31,0.07969,0.4178,0.3238,0.1972,0.1461,0.1556,0.1274,0.0988,0.1136,0.166,15.28,1563,230000,46640000,394.1,508.6,9.634,1258000000,12190000,273600,4.668E+15,110900000,2484000,11640000000,8.497,0.04811,0.000189,1515,0.001778,0.06928,0.5862,22.36,-0.9729,0.3724,0.05167,0.1131,-0.04129,0.03743,0.02607,-0.006077,-0.03804,0.1326,30.02,2286,274300,51110000,-1404,1237000,14200,-1.53E+12,-17560000000,-201300000,3.78E+18,1.626E+11,1868000000,5.712E+12,angry
14,0.08177,0.000485,273.9,0.002259,0.08543,0.04232,27.86,0.1074,0.3846,0.3194,0.1432,0.1503,0.1485,0.1324,0.09731,0.1022,0.1491,16.12,1517,212800,42820000,348.7,424.6,10.41,1052000000,18230000,295000,3.907E+15,167800000,2718000,12530000000,9.316,0.05268,0.000204,1493,0.001954,0.07541,0.5904,23.01,-0.9677,0.4542,0.06587,0.1616,-0.03345,0.03466,0.02334,0.004267,-0.04636,0.1353,27.82,1920,221400,40440000,-1349,1238000,14180,-1.534E+12,-17560000000,-200600000,3.80E+18,1.626E+11,1861000000,5.683E+12,angry
15.93,0.09524,0.000509,294.7,0.002373,0.08992,0.04986,31.5,0.1155,0.4049,0.3217,0.1516,0.1977,0.1667,0.1339,0.09862,0.1189,0.1802,17.88,1482,223200,44910000,365.5,454.2,8.782,1126000000,15270000,248800,4.19E+15,141200000,2288000,10570000000,10.37,0.0612,0.000245,1466,0.002069,0.07995,0.5845,24.7,-0.9621,0.4233,0.03385,0.1463,-0.04285,0.04231,0.03285,0.01573,-0.03644,0.1553,29.23,1974,230100,42720000,-1353,1240000,14170,-1.537E+12,-17570000000,-200400000,3.81E+18,1.627E+11,1859000000,5.674E+12,angry
22.62,0.1286,0.000459,202.2,0.001231,0.04769,0.05929,45.04,0.142,0.3377,0.3166,0.1995,0.1841,0.1463,0.1216,0.1313,0.1234,0.1138,22.56,1337,178700,35710000,305.7,474.8,9.276,1179000000,17730000,262600,4.391E+15,163700000,2426000,11150000000,14.91,0.08561,0.000139,1553,0.001172,0.04597,0.5848,36.55,-0.9336,0.4177,-0.05191,0.1034,-0.01227,0.1139,0.02438,0.02539,-0.02635,0.09044,36.06,2159,219500,39710000,-1426,1242000,14160,-1.541E+12,-17580000000,-200200000,3.83E+18,1.629E+11,1858000000,5.666E+12,disgust
19.78,0.1026,0.000704,207.2,0.001276,0.04894,0.05613,40.5,0.1185,0.3378,0.2976,0.1762,0.1576,0.1395,0.1215,0.1308,0.09993,0.1156,19.77,1236,181900,36290000,291.9,472.4,12.33,1175000000,21670000,349500,4.381E+15,198600000,3215000,14850000000,12.36,0.0657,0.000194,1542,0.001299,0.05076,0.5749,29.99,-0.9493,0.3913,-0.02264,0.1475,-0.008964,0.1069,0.05526,0.03293,-0.03842,0.09577,34,2146,230000,40630000,-1397,1243000,14170,-1.545E+12,-17620000000,-200500000,3.84E+18,1.632E+11,1861000000,5.68E+12,disgust
20.84,0.1197,0.000367,196.5,0.000916,0.03596,0.06984,42.17,0.1242,0.359,0.2987,0.1882,0.171,0.1484,0.1338,0.121,0.1128,0.09695,21.31,1332,191200,38060000,264.6,496.6,6.954,1236000000,13910000,197300,4.617E+15,127900000,1805000,8392000000,14.09,0.08292,0.000113,1513,0.000833,0.03284,0.6029,34.66,-0.9398,0.3794,-0.06392,0.1672,0.003402,0.1046,0.0553,0.03895,-0.0344,0.067,35.79,2272,235300,42490000,-1485,1245000,14190,-1.55E+12,-17670000000,-201000000,3.86E+18,1.636E+11,1865000000,5.699E+12,disgust
20.38,0.111,0.000276,176.4,0.000966,0.03725,0.05738,40.84,0.1291,0.2492,0.2689,0.2158,0.1432,0.1702,0.1306,0.1276,0.1314,0.08389,20.14,1025,136300,26710000,274,483.8,11.6,1206000000,8733000,328300,4.51E+15,74640000,2962000,13930000000,12.96,0.07142,8.80E-05,1531,0.000923,0.03624,0.5612,33.43,-0.9452,0.4541,-0.08701,0.04955,0.01275,0.1089,0.02141,0.02587,-0.06165,0.06926,35.43,2164,218000,38900000,-1440,1247000,14160,-1.554E+12,-17650000000,-200100000,3.87E+18,1.635E+11,1857000000,5.662E+12,disgust
22.62,0.1286,0.000459,202.2,0.001231,0.04769,0.05929,45.04,0.142,0.3377,0.3166,0.1995,0.1841,0.1463,0.1216,0.1313,0.1234,0.1138,22.56,1337,178700,35710000,305.7,474.8,9.276,1185000000,17780000,262100,4.439E+15,164100000,2421000,11100000000,14.91,0.08561,0.000139,1553,0.001172,0.04597,0.5848,36.55,-0.9336,0.4177,-0.05191,0.1034,-0.01227,0.1139,0.02438,0.02539,-0.02635,0.09044,36.06,2159,219500,39710000,-1426,1248000,14130,-1.558E+12,-17640000000,-199400000,3.89E+18,1.634E+11,1851000000,5.631E+12,disgust
18.36,0.1251,0.000423,260,0.00157,0.05713,0.04703,37.42,0.1343,0.3094,0.2514,0.1766,0.1858,0.1337,0.1337,0.1151,0.1161,0.09749,22.68,1476,178400,34810000,303.7,399,5.147,997200000,7432000,145400,3.738E+15,68510000,1326000,6158000000,10.9,0.06461,0.000161,1460,0.001647,0.06239,0.5355,26.83,-0.9525,0.4189,0.08374,0.09368,-0.0101,0.08006,0.02186,0.001472,-0.06754,0.1043,28.06,1803,187900,35110000,-1332,1250000,14130,-1.562E+12,-17660000000,-199200000,3.90E+18,1.636E+11,1849000000,5.623E+12,happy
14.56,0.1067,0.000277,275.3,0.001455,0.05412,0.04333,33.03,0.09182,0.2727,0.2569,0.1822,0.1871,0.1323,0.1515,0.1425,0.1242,0.09237,19.98,1415,175400,34790000,340.2,454,4.907,1136000000,8336000,138500,4.265E+15,76620000,1240000,5857000000,10.52,0.06821,0.000115,1466,0.001522,0.05796,0.5094,27.02,-0.9622,0.4634,0.1311,0.08532,-0.03396,0.05878,0.0257,-0.01543,-0.07484,0.09986,27.97,1864,205800,37920000,-1370,1251000,14120,-1.565E+12,-17660000000,-198900000,3.92E+18,1.636E+11,1846000000,5.609E+12,happy
8.713,0.0784,0.000297,228.9,0.002,0.07426,0.07313,22.97,0.05402,0.3521,0.2762,0.112,0.1594,0.1023,0.1085,0.09989,0.1156,0.1021,19.96,1727,194000,38480000,316.9,420.3,16.33,1053000000,25830000,460500,3.957E+15,236400000,4235000,19480000000,7.53,0.04419,0.000136,1510,0.001998,0.07607,0.495,19.71,-0.9771,0.3408,0.1424,0.1564,0.05496,0.1214,0.08411,0.05028,-0.02969,0.1054,26.17,2025,222000,41690000,-1399,1253000,14110,-1.569E+12,-17670000000,-198700000,3.93E+18,1.638E+11,1844000000,5.601E+12,happy
13.77,0.1036,0.000262,266.1,0.001618,0.05936,0.0906,30.39,0.08785,0.3879,0.2693,0.1849,0.1465,0.1155,0.1313,0.1171,0.1167,0.09309,20.91,1746,212900,41810000,355.5,523.3,10.98,1313000000,12250000,309700,4.94E+15,109800000,2799000,13100000000,9.548,0.05872,9.20E-05,1453,0.001352,0.05125,0.578,25.95,-0.9633,0.3189,0.1105,0.07026,0.008039,0.09318,0.05655,0.01263,-0.06823,0.08065,30.45,2302,255600,48450000,-1478,1254000,14110,-1.573E+12,-17700000000,-198800000,3.95E+18,1.64E+11,1846000000,5.606E+12,happy
14.56,0.1067,0.000277,275.3,0.001455,0.05412,0.04333,33.03,0.09182,0.2727,0.2569,0.1822,0.1871,0.1323,0.1515,0.1425,0.1242,0.09237,19.98,1415,175400,34790000,340.2,454,4.907,1141000000,8343000,138200,4.298E+15,76680000,1238000,5835000000,10.52,0.06821,0.000115,1466,0.001522,0.05796,0.5094,27.02,-0.9622,0.4634,0.1311,0.08532,-0.03396,0.05878,0.0257,-0.01543,-0.07484,0.09986,27.97,1864,205800,37920000,-1370,1256000,14090,-1.578E+12,-17700000000,-198100000,3.96E+18,1.64E+11,1839000000,5.578E+12,happy
11.92,0.07484,0.000342,239.2,0.001535,0.05678,0.09831,26.68,0.07005,0.4385,0.2633,0.1665,0.1395,0.176,0.1333,0.1012,0.1197,0.08024,18,2012,254500,50410000,370.6,523.6,13.91,1317000000,23070000,391800,4.969E+15,209600000,3577000,16550000000,9.09,0.05213,0.00012,1479,0.001326,0.05068,0.5668,25.25,-0.9705,0.3463,0.1439,0.1592,-0.01652,0.02622,0.02748,0.004164,-0.03734,0.07979,29.35,2322,273900,50890000,-1498,1258000,14090,-1.582E+12,-17720000000,-198200000,3.98E+18,1.642E+11,1840000000,5.58E+12,neutral
13.02,0.08001,0.00032,252.6,0.001365,0.05022,0.1008,27.32,0.07931,0.4346,0.2693,0.1432,0.1518,0.135,0.1067,0.1118,0.1266,0.07422,17.57,1831,251400,50060000,342.1,510.5,13.06,1286000000,22830000,367700,4.859E+15,208300000,3371000,15520000000,8.856,0.05078,0.00011,1487,0.001247,0.04776,0.564,24.04,-0.9714,0.3541,0.1654,0.1792,-0.02354,0.04372,0.009165,-0.006857,-0.04378,0.07652,27.7,2191,272900,51000000,-1484,1259000,14090,-1.586E+12,-17740000000,-198100000,4.00E+18,1.644E+11,1839000000,5.577E+12,neutral
12.81,0.07817,0.000284,247.2,0.001341,0.04973,0.07271,27.32,0.07642,0.427,0.2475,0.1535,0.1533,0.1565,0.117,0.0931,0.1012,0.07176,19.13,1884,224100,44180000,322,471.6,9.238,1190000000,15350000,260500,4.501E+15,142000000,2393000,11020000000,9.354,0.05352,0.000108,1470,0.001253,0.04804,0.5563,25.18,-0.9686,0.374,0.1347,0.1807,-0.03541,0.04129,0.02844,0.01222,-0.02418,0.07683,28.84,2144,242500,44560000,-1449,1261000,14110,-1.591E+12,-17800000000,-198700000,4.01E+18,1.649E+11,1845000000,5.602E+12,neutral
15.1,0.08393,0.000234,236.2,0.001248,0.04635,0.104,31.57,0.08991,0.4373,0.2506,0.1978,0.1593,0.1407,0.1107,0.1141,0.09903,0.06997,19.39,1905,228200,44700000,329.7,585.2,16.1,1478000000,27720000,454200,5.601E+15,253700000,4170000,19220000000,10.25,0.05516,8.20E-05,1501,0.001018,0.0392,0.592,27.85,-0.9633,0.3464,0.1802,0.1283,-0.04393,0.05618,0.007593,0.008015,-0.02458,0.0623,31.38,2462,290200,54200000,-1565,1263000,14120,-1.595E+12,-17830000000,-198900000,4.03E+18,1.652E+11,1846000000,5.609E+12,neutral
12.49,0.0778,0.000306,239.6,0.001569,0.05839,0.09195,26.12,0.07463,0.4665,0.2523,0.1846,0.1469,0.1646,0.1234,0.09246,0.1055,0.083,19.13,2013,242500,47600000,350.8,573.1,13.17,1450000000,22350000,371900,5.502E+15,203900000,3400000,15750000000,9.555,0.05374,0.000117,1480,0.001179,0.04519,0.5846,26.25,-0.9687,0.335,0.164,0.1134,-0.0503,0.0587,0.02784,0.004314,-0.03076,0.07111,31.52,2511,290300,54360000,-1546,1265000,14130,-1.6E+12,-17880000000,-199300000,4.05E+18,1.656E+11,1850000000,5.627E+12,neutral
12.28,0.07344,4.30E-05,197.8,0.000627,0.02345,0.05436,27.34,0.06097,0.4021,0.2591,0.1887,0.1944,0.1283,0.1133,0.1153,0.1015,0.03142,18.32,1728,223000,44060000,274.5,416.8,3.277,1056000000,5541000,92550,4.013E+15,51520000,838900,3915000000,8.66,0.05028,2.10E-05,1494,0.000576,0.02205,0.5431,24.79,-0.9712,0.3222,0.08548,0.1444,0.003594,0.02825,0.007069,0.01775,0.000948,0.03358,29.14,2202,257900,47670000,-1583,1267000,14110,-1.605E+12,-17880000000,-198800000,4.07E+18,1.657E+11,1846000000,5.607E+12,sad
12.49,0.07587,2.70E-05,208.7,0.000439,0.01631,0.07625,24.82,0.07311,0.4287,0.258,0.1785,0.1907,0.1243,0.1024,0.111,0.122,0.02365,19.22,1962,237900,46620000,277.3,449,11.35,1139000000,8756000,319800,4.333E+15,74830000,2889000,13510000000,7.976,0.04493,1.30E-05,1491,0.000426,0.01634,0.5329,23.01,-0.9694,0.2392,0.05513,0.107,0.00895,0.04902,0.03365,0.0164,-0.016,0.02536,31.03,2537,288100,54130000,-1624,1268000,14090,-1.608E+12,-17870000000,-198200000,4.08E+18,1.656E+11,1841000000,5.582E+12,sad
11.4,0.07214,4.60E-05,205.6,0.00056,0.02062,0.0956,24.45,0.05841,0.3207,0.2628,0.1606,0.1524,0.1127,0.102,0.1232,0.1348,0.02611,17,1444,195400,38760000,258.7,506.9,33.23,1287000000,35410000,931500,4.905E+15,312700000,8462000,39130000000,7.144,0.04394,1.90E-05,1510,0.000522,0.01987,0.555,19.07,-0.9768,0.3076,0.1189,0.1338,0.04538,0.07057,0.04663,0.02802,-0.02539,0.0284,25.3,2032,255100,47900000,-1568,1270000,14030,-1.613E+12,-17810000000,-196400000,4.10E+18,1.651E+11,1824000000,5.504E+12,sad
17.23,0.09577,9.90E-05,213,0.000616,0.02322,0.07017,34.62,0.0946,0.3324,0.2974,0.1623,0.1615,0.1464,0.1258,0.1346,0.1422,0.04042,19.09,1406,202100,40380000,290.5,456.9,14.91,1162000000,12780000,415800,4.433E+15,109900000,3760000,17370000000,10.37,0.05929,3.10E-05,1509,0.000596,0.0231,0.5424,26.52,-0.9607,0.3412,0.06502,0.1746,0.03973,0.0697,0.03913,0.006014,-0.04258,0.03916,29.61,2127,252400,46690000,-1539,1272000,13940,-1.617E+12,-17730000000,-194000000,4.11E+18,1.644E+11,1802000000,5.406E+12,sad
9.261,0.06111,6.00E-05,201.8,0.000699,0.02608,0.08209,20.44,0.0426,0.381,0.2784,0.1645,0.1491,0.13,0.1087,0.1286,0.1452,0.03605,15.68,1681,227700,45610000,313,560.1,25.51,1426000000,26030000,707900,5.448E+15,227700000,6411000,29440000000,6.529,0.03868,2.30E-05,1519,0.000606,0.02303,0.5685,20.07,-0.9805,0.2243,0.09528,0.1279,0.003637,0.05835,0.05115,0.02884,-0.02474,0.03401,27.92,2407,299600,55840000,-1590,1273000,13890,-1.621E+12,-17680000000,-192500000,4.13E+18,1.64E+11,1788000000,5.34E+12,sad
15.14,0.1012,0.000545,214,0.001645,0.06239,0.07956,32.99,0.1062,0.3088,0.2831,0.2085,0.179,0.14,0.12,0.1116,0.1059,0.1154,20.98,1556,179900,35500000,383,374.4,10.01,954700000,17000000,276900,3.652E+15,157900000,2562000,11490000000,11.4,0.07148,0.000199,1549,0.001395,0.0546,0.5903,31.79,-0.9555,0.399,0.07649,0.1029,-0.01494,0.05626,-0.006812,0.01392,-0.04159,0.1008,35.17,2447,252800,46280000,-1432,1275000,13840,-1.625E+12,-17650000000,-191300000,4.15E+18,1.637E+11,1777000000,5.29E+12,angry
18.71,0.1274,0.000209,243.6,0.001423,0.05359,0.03634,37.73,0.1575,0.2977,0.285,0.2023,0.1653,0.1494,0.1379,0.09683,0.1024,0.1112,22.64,1440,159700,30770000,368.6,362.3,8.768,924700000,14490000,242700,3.54E+15,135300000,2241000,10080000000,13.62,0.08486,0.000121,1513,0.001301,0.05064,0.5618,35.28,-0.9356,0.4551,-0.02433,0.03196,-0.06675,0.03921,-0.018,0.02614,-0.02606,0.1011,36.96,2340,219200,40970000,-1391,1276000,13850,-1.629E+12,-17670000000,-191400000,4.16E+18,1.639E+11,1778000000,5.295E+12,angry
13.43,0.08741,0.000332,219.1,0.001835,0.06918,0.06588,29.52,0.08812,0.3136,0.2852,0.1846,0.1687,0.1473,0.1268,0.1217,0.1129,0.122,19.84,1478,176500,35030000,343.3,378.2,7.12,966300000,7377000,197000,3.703E+15,66490000,1768000,8164000000,9.744,0.05816,0.000157,1510,0.00158,0.06074,0.6418,26.85,-0.9626,0.3965,0.0308,0.08284,-0.04517,0.03931,0.004913,0.019,-0.03054,0.1071,32.73,2238,230500,42100000,-1353,1277000,13830,-1.632E+12,-17670000000,-190900000,4.17E+18,1.639E+11,1774000000,5.276E+12,angry
13.74,0.09171,0.000352,221.9,0.001384,0.05252,0.04706,28.53,0.0955,0.2645,0.2416,0.1984,0.1341,0.1395,0.12,0.1318,0.1367,0.1046,18.79,1164,128900,25660000,316.5,353,10.45,902900000,11060000,288700,3.464E+15,95860000,2579000,11950000000,10.74,0.06771,0.000188,1521,0.001503,0.05865,0.5641,28.23,-0.9598,0.4543,-0.004246,0.1176,-0.02908,0.0308,-0.01352,0.02377,-0.03585,0.1143,31.88,2055,207000,36710000,-1302,1279000,13820,-1.635E+12,-17670000000,-190500000,4.18E+18,1.639E+11,1771000000,5.258E+12,angry
13.26,0.1002,0.000332,233.2,0.001526,0.05832,0.07105,29.15,0.08667,0.2702,0.2354,0.1848,0.1563,0.1367,0.1049,0.1046,0.1103,0.1172,20.41,1409,148400,29250000,352.6,379.7,10.63,972000000,9077000,292800,3.732E+15,77810000,2640000,12080000000,10.81,0.0724,0.00017,1497,0.001459,0.05669,0.5944,28.98,-0.9608,0.4839,0.05422,0.03281,-0.09593,-0.008718,-0.01072,0.03559,-0.02174,0.1081,32.4,2084,208700,38040000,-1330,1280000,13770,-1.638E+12,-17630000000,-189200000,4.20E+18,1.635E+11,1759000000,5.207E+12,angry
21.61,0.1284,0.000126,202,0.000691,0.02676,0.04481,44.95,0.1438,0.2318,0.3141,0.2139,0.1573,0.1546,0.1312,0.1216,0.1253,0.05247,21.71,1062,144000,28120000,265,471.3,22.32,1208000000,32670000,614800,4.644E+15,298500000,5639000,25390000000,15.74,0.1007,4.60E-05,1537,0.000589,0.02342,0.6086,40.33,-0.9311,0.5534,-0.02375,0.03026,-0.0693,0.005721,-0.02933,0.007074,-0.02791,0.04609,36.11,2008,198200,36410000,-1554,1281000,13780,-1.642E+12,-17660000000,-189600000,4.21E+18,1.639E+11,1763000000,5.221E+12,disgust
13.83,0.09767,0.000103,183.6,0.000647,0.02432,0.02715,30.04,0.08083,0.3224,0.3362,0.1426,0.1631,0.1277,0.1365,0.1068,0.09613,0.04271,16.19,1211,179100,35780000,236.7,525.7,25.77,1349000000,38400000,710500,5.194E+15,350700000,6523000,29370000000,10.77,0.06845,3.70E-05,1557,0.000525,0.02039,0.6265,28.92,-0.9625,0.4038,0.03548,0.1163,-0.005264,0.04838,0.01289,0.03379,-0.01472,0.03731,32.36,2253,256900,47420000,-1601,1283000,13800,-1.647E+12,-17710000000,-190000000,4.23E+18,1.643E+11,1767000000,5.238E+12,disgust
15.39,0.09707,6.70E-05,202.2,0.000774,0.02879,0.03055,32.96,0.09577,0.2734,0.3525,0.2083,0.1919,0.1339,0.1363,0.1118,0.1081,0.04837,17.32,1103,162200,31990000,260.3,457.1,28.64,1175000000,41010000,792100,4.529E+15,374900000,7278000,32840000000,11.85,0.07122,4.00E-05,1540,0.000745,0.02868,0.5778,29.89,-0.9588,0.5237,-0.03074,0.09706,-0.01423,0.02358,-0.009855,0.04614,0.03339,0.05118,31.29,1863,197100,35820000,-1533,1285000,13850,-1.651E+12,-17800000000,-191400000,4.24E+18,1.651E+11,1779000000,5.297E+12,disgust
17.04,0.09756,9.80E-05,208.2,0.000804,0.03029,0.04685,34.83,0.1149,0.2989,0.3668,0.1661,0.1796,0.1187,0.1127,0.1063,0.1117,0.05802,20.17,1286,184400,36080000,297.9,483.5,10.51,1244000000,10650000,290900,4.802E+15,94700000,2618000,12060000000,11.01,0.06558,4.50E-05,1557,0.000763,0.02965,0.574,28.61,-0.9553,0.4175,0.04636,0.1218,-0.02603,0.02132,-0.02473,-0.001876,-0.02549,0.05394,32.72,2188,239500,44250000,-1500,1287000,13840,-1.655E+12,-17800000000,-191100000,4.26E+18,1.652E+11,1777000000,5.284E+12,disgust
17.77,0.1055,0.000107,192,0.000635,0.02397,0.0499,37.06,0.1122,0.3116,0.3333,0.168,0.1556,0.1172,0.1178,0.0973,0.09428,0.04997,18.56,1279,183000,35820000,290.9,477.7,10.94,1231000000,19200000,302600,4.756E+15,178100000,2795000,12550000000,12.8,0.07844,3.30E-05,1529,0.000605,0.02368,0.5633,33.04,-0.9493,0.4527,0.001486,0.05469,-0.03145,0.04035,0.003291,0.0313,0.006941,0.04718,34.17,2168,232700,42680000,-1528,1288000,13840,-1.659E+12,-17820000000,-191100000,4.28E+18,1.654E+11,1776000000,5.282E+12,disgust
12.1,0.1013,0.000254,224.3,0.001655,0.06174,0.04768,28.11,0.0732,0.3109,0.3054,0.114,0.1746,0.1327,0.1023,0.09631,0.09181,0.09721,18.12,1332,173100,34400000,308.1,376,20.16,969900000,30770000,558400,3.753E+15,283000000,5153000,23190000000,10.08,0.0661,0.000146,1515,0.001574,0.06047,0.5281,26.49,-0.9658,0.4723,0.07201,0.08664,-0.04608,0.03121,-0.0297,-0.005498,-0.0299,0.1021,28.84,1802,190400,34890000,-1365,1290000,13860,-1.663E+12,-17880000000,-191700000,4.29E+18,1.659E+11,1783000000,5.309E+12,happy
14.23,0.09445,0.000184,214.1,0.001411,0.05301,0.04129,31.66,0.09616,0.2672,0.3071,0.1577,0.1825,0.1269,0.1043,0.09644,0.09007,0.09267,17.95,1247,169900,33590000,301.6,399.4,29.37,1031000000,43010000,816800,3.994E+15,394500000,7529000,34060000000,10.09,0.06291,0.00011,1521,0.001488,0.05749,0.5352,26.57,-0.9643,0.4959,0.07287,0.07191,-0.01664,0.04112,-0.02627,-0.01978,-0.03605,0.09845,28.07,1720,184600,33570000,-1389,1291000,13920,-1.667E+12,-17970000000,-193400000,4.30E+18,1.668E+11,1798000000,5.38E+12,happy
6.962,0.06681,0.000254,231.8,0.001583,0.05943,0.03666,22.17,0.04392,0.323,0.287,0.1445,0.1537,0.1274,0.09791,0.09264,0.09526,0.09821,14.54,1365,176600,35270000,298.9,364.6,20.85,942300000,31820000,582200,3.653E+15,292500000,5373000,24370000000,8.015,0.05077,0.000153,1521,0.001637,0.06299,0.5161,22.24,-0.9804,0.5287,0.1279,0.06904,-0.02292,0.009355,-0.008924,-0.01182,-0.04192,0.1037,24.32,1563,178800,32780000,-1371,1292000,13970,-1.67E+12,-18050000000,-194700000,4.32E+18,1.675E+11,1810000000,5.435E+12,happy
14.23,0.09445,0.000184,214.1,0.001411,0.05301,0.04129,31.66,0.09616,0.2672,0.3071,0.1577,0.1825,0.1269,0.1043,0.09644,0.09007,0.09267,17.95,1247,169900,33590000,301.6,399.4,29.37,1033000000,43130000,823500,4.01E+15,395600000,7590000,34620000000,10.09,0.06291,0.00011,1521,0.001488,0.05749,0.5352,26.57,-0.9643,0.4959,0.07287,0.07191,-0.01664,0.04112,-0.02627,-0.01978,-0.03605,0.09845,28.07,1720,184600,33570000,-1389,1294000,14040,-1.674E+12,-18160000000,-196600000,4.33E+18,1.685E+11,1828000000,5.514E+12,happy
14.23,0.09445,0.000184,214.1,0.001411,0.05301,0.04129,31.66,0.09616,0.2672,0.3071,0.1577,0.1825,0.1269,0.1043,0.09644,0.09007,0.09267,17.95,1247,169900,33590000,301.6,399.4,29.37,1034000000,43190000,827500,4.019E+15,396200000,7627000,34960000000,10.09,0.06291,0.00011,1521,0.001488,0.05749,0.5352,26.57,-0.9643,0.4959,0.07287,0.07191,-0.01664,0.04112,-0.02627,-0.01978,-0.03605,0.09845,28.07,1720,184600,33570000,-1389,1295000,14100,-1.677E+12,-18260000000,-198500000,4.34E+18,1.694E+11,1845000000,5.594E+12,happy
11.18,0.067,0.000211,245.6,0.00142,0.05424,0.05606,23.48,0.07305,0.2909,0.3341,0.1863,0.1709,0.1146,0.1159,0.1154,0.1229,0.09222,15.94,1320,180400,35280000,331.4,456.4,11.65,1183000000,11220000,328800,4.603E+15,99210000,2979000,13910000000,8.735,0.05024,0.0001,1493,0.001406,0.05436,0.5726,22.31,-0.974,0.5044,0.1162,0.04029,-0.09675,-0.007255,-0.02183,0.01854,0.02627,0.09346,26.51,1735,204600,37810000,-1413,1297000,14120,-1.681E+12,-18310000000,-199000000,4.36E+18,1.698E+11,1850000000,5.613E+12,neutral
5.449,0.04305,0.000229,249.8,0.001543,0.05807,0.04017,13.18,0.02817,0.2769,0.2625,0.1962,0.1658,0.1227,0.1208,0.1083,0.1135,0.09792,13,1273,169800,33330000,318.2,416.5,13.87,1081000000,13600000,390700,4.211E+15,119400000,3542000,16490000000,7.097,0.04099,9.20E-05,1451,0.001352,0.05178,0.5947,19.12,-0.9836,0.4709,0.1343,0.02545,-0.08777,0.000402,-0.02312,0.03675,0.03913,0.088,25.58,1797,216700,39450000,-1407,1298000,14090,-1.685E+12,-18290000000,-198200000,4.37E+18,1.697E+11,1843000000,5.581E+12,neutral
7.809,0.06948,0.000293,266.8,0.001851,0.07059,0.05058,18.17,0.05065,0.2808,0.2957,0.1819,0.1693,0.1319,0.1238,0.1066,0.1125,0.1277,14.73,1234,157500,30700000,314.3,431.8,9.254,1122000000,7439000,259900,4.375E+15,66720000,2381000,10940000000,7.843,0.04773,0.000163,1477,0.001725,0.06698,0.595,20.52,-0.9793,0.4914,0.07169,0.04847,-0.08558,-0.009907,0.000349,0.05932,0.03121,0.1179,25.91,1700,189600,34120000,-1339,1300000,14040,-1.689E+12,-18250000000,-196800000,4.39E+18,1.693E+11,1830000000,5.523E+12,neutral
7.573,0.06603,0.000224,267.5,0.001516,0.05724,0.05023,17.31,0.04561,0.2674,0.2679,0.1851,0.1499,0.1166,0.1044,0.0852,0.09952,0.09625,14.08,1208,148200,28960000,284.7,413.4,9.662,1076000000,8651000,270900,4.198E+15,76360000,2461000,11380000000,7.383,0.04335,0.000109,1476,0.001512,0.05801,0.5783,18.45,-0.9816,0.5051,0.1075,0.01401,-0.1003,-0.009168,-0.009642,0.03597,0.03519,0.09651,24.3,1584,183100,33300000,-1349,1301000,14030,-1.693E+12,-18250000000,-196300000,4.40E+18,1.693E+11,1825000000,5.501E+12,neutral
5.449,0.04305,0.000229,249.8,0.001543,0.05807,0.04017,13.18,0.02817,0.2769,0.2625,0.1962,0.1658,0.1227,0.1208,0.1083,0.1135,0.09792,13,1273,169800,33330000,318.2,416.5,13.87,1085000000,13690000,388100,4.239E+15,120100000,3518000,16270000000,7.097,0.04099,9.20E-05,1451,0.001352,0.05178,0.5947,19.12,-0.9836,0.4709,0.1343,0.02545,-0.08777,0.000402,-0.02312,0.03675,0.03913,0.088,25.58,1797,216700,39450000,-1407,1302000,14000,-1.696E+12,-18230000000,-195500000,4.42E+18,1.692E+11,1818000000,5.469E+12,neutral
15.75,0.1009,0.000101,187.5,0.000794,0.02933,0.05034,32.47,0.1023,0.2183,0.2749,0.1794,0.1475,0.1195,0.1266,0.1106,0.111,0.04971,19.41,1085,153300,29920000,250.6,420.3,8.112,1096000000,6286000,226500,4.287E+15,54150000,2040000,9476000000,10.04,0.06206,4.00E-05,1518,0.000714,0.02752,0.6094,25.41,-0.9609,0.4393,0.1221,0.1189,-0.08081,-0.01519,-0.01313,0.04788,0.009502,0.04711,29.96,2011,230600,42240000,-1500,1304000,13960,-1.7E+12,-18200000000,-194500000,4.43E+18,1.689E+11,1809000000,5.425E+12,sad
16.08,0.09203,4.40E-05,216,0.000615,0.02284,0.05716,33.21,0.09645,0.2776,0.2884,0.1957,0.1403,0.1359,0.09985,0.1001,0.1157,0.04106,18.5,1141,162600,32120000,266.5,458.5,16.05,1197000000,14750000,446800,4.688E+15,130900000,4082000,18630000000,10.92,0.06616,2.40E-05,1488,0.000573,0.02208,0.5644,28.51,-0.9581,0.4563,0.07634,0.0352,-0.1212,-0.03501,-0.01385,0.0328,0.005274,0.03975,31.05,2027,232600,42830000,-1524,1305000,13910,-1.704E+12,-18160000000,-193200000,4.45E+18,1.686E+11,1797000000,5.369E+12,sad
18.56,0.1154,6.20E-05,208.9,0.000726,0.02674,0.0541,37.83,0.1337,0.2485,0.3301,0.2285,0.1716,0.1557,0.1484,0.103,0.1309,0.04415,19.95,1201,179300,34980000,289,492.9,9.274,1288000000,6368000,257400,5.052E+15,54790000,2335000,10700000000,11.11,0.06806,2.50E-05,1475,0.00057,0.02177,0.6233,29.9,-0.9505,0.3547,0.07934,0.1206,-0.09067,-0.03566,-0.01357,0.03646,-0.01478,0.03804,33.52,2380,269200,49770000,-1580,1307000,13880,-1.708E+12,-18140000000,-192200000,4.47E+18,1.684E+11,1788000000,5.328E+12,sad
14.9,0.09395,3.70E-05,215.5,0.000524,0.0196,0.05663,30.69,0.08713,0.2426,0.3249,0.1785,0.2057,0.1469,0.1196,0.09972,0.1397,0.0285,17.1,1086,163700,32570000,256.2,396.7,12.13,1038000000,10920000,335800,4.075E+15,94270000,3038000,13930000000,10.93,0.06899,1.50E-05,1528,0.00047,0.01825,0.5874,29.23,-0.9579,0.4433,0.007588,0.07733,-0.07459,0.01316,-0.01654,0.0028,-0.007137,0.03077,32.48,2144,236100,43070000,-1553,1309000,13840,-1.712E+12,-18120000000,-191300000,4.48E+18,1.682E+11,1780000000,5.291E+12,sad
16.67,0.1,3.40E-05,201.5,0.000655,0.02449,0.04803,35.49,0.1029,0.2292,0.2476,0.2412,0.1718,0.1293,0.128,0.1086,0.1276,0.0395,19.48,953.5,118300,23300000,252.8,377.4,11.67,988700000,10660000,322300,3.885E+15,92620000,2921000,13340000000,13.05,0.07758,2.20E-05,1534,0.000622,0.02412,0.5876,33.38,-0.9488,0.5214,0.02182,0.04184,-0.1565,-0.08324,-0.06235,0.01588,-0.006843,0.04253,33.33,1996,207600,37490000,-1484,1310000,13810,-1.716E+12,-18090000000,-190300000,4.50E+18,1.68E+11,1771000000,5.25E+12,sad
3.537,0.03624,0.000442,281.5,0.001833,0.07067,0.07684,8.34,0.01471,0.288,0.2781,0.1774,0.1631,0.155,0.1225,0.09174,0.1065,0.1429,9.729,1185,151800,30000000,290.7,479.7,8.547,1258000000,8409000,235600,4.949E+15,74290000,2130000,9733000000,8.367,0.05009,0.000229,1457,0.001998,0.07727,0.533,19.97,-0.985,0.652,0.0349,-0.07323,-0.1284,-0.04948,0.01306,0.02304,0.0591,0.147,21.88,1159,133200,23990000,-1291,1311000,13790,-1.72E+12,-18090000000,-189800000,4.51E+18,1.679E+11,1766000000,5.23E+12,angry
69.89,0.2985,0.000462,292.5,0.002198,0.08403,0.06566,123.5,0.605,0.1939,0.2783,0.1917,0.225,0.1515,0.117,0.09119,0.09531,0.1739,60.17,835.3,109100,15220000,739.4,519.4,18.5,1364000000,17490000,508500,5.374E+15,158200000,4678000,20940000000,33.57,0.1583,0.000282,1456,0.002321,0.08964,0.5349,65.28,-0.7659,0.7081,0.003191,-0.03762,-0.08802,-0.03449,-0.00871,0.02184,0.07634,0.1716,41.76,1007,56890,15810000,-1401,1313000,13740,-1.724E+12,-18050000000,-188500000,4.53E+18,1.676E+11,1754000000,5.175E+12,angry
6.225,0.06669,0.000669,282.9,0.002092,0.0803,0.07491,11.12,0.02951,0.3478,0.2932,0.1821,0.1646,0.1776,0.1278,0.09389,0.1155,0.165,13.99,1556,186400,37030000,368.8,529.1,27,1392000000,28570000,738300,5.489E+15,254300000,6744000,30260000000,7.922,0.05184,0.000298,1447,0.002008,0.07762,0.5496,20.47,-0.9825,0.5639,0.01933,-0.07891,-0.1189,-0.009621,-0.0101,-0.01193,0.03245,0.1503,24.64,1539,168900,31190000,-1292,1315000,13680,-1.729E+12,-17990000000,-186700000,4.55E+18,1.671E+11,1738000000,5.104E+12,angry
4.218,0.03955,0.000477,280.9,0.001972,0.07485,0.08471,9.24,0.01431,0.3212,0.2751,0.1974,0.1626,0.1465,0.1223,0.09165,0.1071,0.1474,10.4,1234,154800,30840000,322.3,487,52.43,1282000000,62490000,1421000,5.066E+15,556700000,12960000,57700000000,7.279,0.04721,0.000299,1446,0.00217,0.08374,0.5439,18.16,-0.9853,0.5799,0.009519,-0.05739,-0.1207,-0.04508,0.004268,0.01668,0.03199,0.1606,21.85,1278,146800,26530000,-1201,1317000,13560,-1.734E+12,-17850000000,-183400000,4.57E+18,1.658E+11,1708000000,4.968E+12,angry
3.752,0.04313,0.0007,307.6,0.0024,0.09225,0.08317,10.36,0.01817,0.3521,0.3318,0.1875,0.1463,0.1191,0.1033,0.08365,0.09871,0.1903,10.59,1390,193400,38320000,373.6,545.8,16.96,1439000000,16300000,455800,5.693E+15,145100000,4171000,18360000000,8.157,0.05345,0.00032,1454,0.002266,0.08742,0.5475,20.44,-0.9839,0.5855,0.04747,-0.0501,-0.1271,-0.06017,-0.01589,0.01635,0.06041,0.1714,23.52,1419,170600,31370000,-1289,1318000,13450,-1.738E+12,-17730000000,-180400000,4.58E+18,1.648E+11,1680000000,4.847E+12,angry
10.07,0.07526,0.000135,230.2,0.001258,0.04751,0.06877,21.22,0.06157,0.3629,0.2958,0.2362,0.1813,0.1567,0.1192,0.1031,0.1178,0.08066,15.48,1426,177900,35180000,286.9,745.8,23.62,1970000000,23660000,632300,7.805E+15,208200000,5749000,25370000000,8.768,0.05099,9.30E-05,1498,0.001358,0.05249,0.5687,23.16,-0.9744,0.4871,-0.05919,0.02869,-0.08575,0.0118,-0.001839,0.0108,0.03493,0.09159,27.46,1743,180900,32490000,-1368,1321000,13400,-1.744E+12,-17690000000,-179100000,4.61E+18,1.644E+11,1668000000,4.793E+12,disgust
9.323,0.08453,0.000172,234.9,0.001211,0.04601,0.05593,23.11,0.05734,0.4249,0.3245,0.2036,0.2021,0.1908,0.1649,0.1257,0.1322,0.085,18.33,2058,214600,44080000,378,597.1,6.551,1580000000,15290000,174700,6.271E+15,141600000,1611000,6986000000,11.23,0.07245,0.000115,1514,0.001383,0.05352,0.4746,31.21,-0.9631,0.4852,-0.08893,0.05599,-0.09249,-0.03149,-0.0441,-0.009375,0.01352,0.1025,33.06,2198,205600,37900000,-1388,1323000,13340,-1.75E+12,-17650000000,-177600000,4.63E+18,1.641E+11,1655000000,4.734E+12,disgust
6.94,0.06663,0.000137,240.6,0.001215,0.04601,0.04354,15.86,0.03931,0.3349,0.3452,0.2399,0.2058,0.1691,0.1403,0.1309,0.1336,0.07938,13.22,1316,184600,36820000,307.9,687.8,22.18,1823000000,21440000,589900,7.248E+15,187000000,5355000,23510000000,8.362,0.05562,9.10E-05,1523,0.0014,0.05404,0.5392,21.47,-0.9798,0.512,-0.009433,0.03841,-0.0965,-0.001075,0.01125,-0.006422,0.03403,0.0957,26,1707,195300,35170000,-1364,1325000,13310,-1.756E+12,-17640000000,-176700000,4.66E+18,1.64E+11,1646000000,4.698E+12,disgust
6.94,0.06663,0.000137,240.6,0.001215,0.04601,0.04354,15.86,0.03931,0.3349,0.3452,0.2399,0.2058,0.1691,0.1403,0.1309,0.1336,0.07938,13.22,1316,184600,36820000,307.9,687.8,22.18,1826000000,21540000,586000,7.274E+15,187900000,5321000,23200000000,8.362,0.05562,9.10E-05,1523,0.0014,0.05404,0.5392,21.47,-0.9798,0.512,-0.009433,0.03841,-0.0965,-0.001075,0.01125,-0.006422,0.03403,0.0957,26,1707,195300,35170000,-1364,1328000,13220,-1.763E+12,-17550000000,-174400000,4.68E+18,1.632E+11,1625000000,4.606E+12,disgust
10.07,0.07526,0.000135,230.2,0.001258,0.04751,0.06877,21.22,0.06157,0.3629,0.2958,0.2362,0.1813,0.1567,0.1192,0.1031,0.1178,0.08066,15.48,1426,177900,35180000,286.9,745.8,23.62,1984000000,24000000,620700,7.916E+15,211200000,5646000,24450000000,8.768,0.05099,9.30E-05,1498,0.001358,0.05249,0.5687,23.16,-0.9744,0.4871,-0.05919,0.02869,-0.08575,0.0118,-0.001839,0.0108,0.03493,0.09159,27.46,1743,180900,32490000,-1368,1330000,13150,-1.769E+12,-17490000000,-172600000,4.71E+18,1.627E+11,1609000000,4.533E+12,disgust
4.474,0.04383,0.000248,288,0.001061,0.0394,0.05191,10.39,0.05292,0.2801,0.2975,0.1821,0.1767,0.1397,0.1285,0.1186,0.1267,0.08001,9.783,993,135300,26680000,243.7,497.6,16.45,1326000000,15840000,429600,5.299E+15,140900000,3933000,16810000000,7.626,0.04807,0.000198,1440,0.001435,0.05566,0.4821,19.44,-0.9818,0.5921,-0.0221,-0.00549,-0.09677,0.01369,-0.06969,-0.02966,0.05528,0.1044,23.1,1335,150300,26220000,-1262,1332000,13060,-1.775E+12,-17400000000,-170200000,4.73E+18,1.619E+11,1587000000,4.441E+12,happy
4.934,0.0509,0.000181,269.1,0.001047,0.0395,0.05609,11.1,0.02045,0.3226,0.2894,0.1496,0.2037,0.1442,0.1336,0.1101,0.1372,0.07697,9.816,1185,167000,33140000,255.1,522.1,15.12,1393000000,13840000,393000,5.575E+15,119900000,3570000,15310000000,7.9,0.05198,0.000145,1439,0.001279,0.04937,0.4979,19.79,-0.9834,0.5779,-0.003861,-0.05272,-0.125,0.02715,-0.05597,-0.03821,0.07722,0.09288,23.72,1425,168000,30360000,-1322,1334000,13010,-1.78E+12,-17350000000,-168800000,4.75E+18,1.614E+11,1574000000,4.385E+12,happy
5.768,0.05132,0.000208,296.8,0.001005,0.03766,0.04119,13.79,0.02656,0.2815,0.2682,0.1973,0.1898,0.1211,0.1218,0.1163,0.1282,0.07517,12.07,1096,131500,26410000,205.2,453.6,13.13,1212000000,12070000,339900,4.856E+15,105900000,3101000,13190000000,8.729,0.05696,0.000177,1423,0.001355,0.05263,0.4816,21.01,-0.9802,0.6155,5.80E-05,-0.000877,-0.1172,-0.0389,-0.07007,-0.03639,0.09102,0.1001,23.43,1271,137400,24390000,-1279,1336000,12950,-1.784E+12,-17300000000,-167300000,4.77E+18,1.61E+11,1560000000,4.327E+12,happy
4.934,0.0509,0.000181,269.1,0.001047,0.0395,0.05609,11.1,0.02045,0.3226,0.2894,0.1496,0.2037,0.1442,0.1336,0.1101,0.1372,0.07697,9.816,1185,167000,33140000,255.1,522.1,15.12,1396000000,13940000,389800,5.603E+15,120800000,3541000,15060000000,7.9,0.05198,0.000145,1439,0.001279,0.04937,0.4979,19.79,-0.9834,0.5779,-0.003861,-0.05272,-0.125,0.02715,-0.05597,-0.03821,0.07722,0.09288,23.72,1425,168000,30360000,-1322,1337000,12900,-1.789E+12,-17250000000,-166000000,4.78E+18,1.606E+11,1549000000,4.277E+12,happy
4.474,0.04383,0.000248,288,0.001061,0.0394,0.05191,10.39,0.05292,0.2801,0.2975,0.1821,0.1767,0.1397,0.1285,0.1186,0.1267,0.08001,9.783,993,135300,26680000,243.7,497.6,16.45,1333000000,16060000,421900,5.354E+15,142800000,3864000,16220000000,7.626,0.04807,0.000198,1440,0.001435,0.05566,0.4821,19.44,-0.9818,0.5921,-0.0221,-0.00549,-0.09677,0.01369,-0.06969,-0.02966,0.05528,0.1044,23.1,1335,150300,26220000,-1262,1339000,12830,-1.793E+12,-17180000000,-164200000,4.80E+18,1.599E+11,1532000000,4.207E+12,happy
9.105,0.07051,0.000224,268.6,0.001062,0.04012,0.06156,19.95,0.05227,0.3475,0.2481,0.1845,0.21,0.146,0.1407,0.1249,0.126,0.07821,14.23,1432,178800,35190000,316.1,611.1,31.25,1639000000,34890000,796300,6.594E+15,309900000,7272000,30410000000,8.53,0.0542,0.000164,1438,0.001167,0.04527,0.5348,22.72,-0.9774,0.5006,0.02523,0.03233,-0.1462,-0.01483,-0.01981,-0.03245,0.03737,0.08624,27.19,1801,199500,35640000,-1379,1341000,12760,-1.799E+12,-17110000000,-162300000,4.82E+18,1.593E+11,1515000000,4.136E+12,neutral
8.081,0.06486,0.000152,251.1,0.000924,0.03495,0.05682,16.65,0.04752,0.3542,0.3259,0.2041,0.1902,0.154,0.1258,0.1139,0.127,0.07119,11.7,1232,180000,35820000,240,488.4,21.68,1312000000,24140000,548900,5.285E+15,211600000,4985000,20830000000,8.636,0.05645,0.00012,1464,0.001072,0.04161,0.5469,21.3,-0.9786,0.5585,-0.02101,0.000918,-0.07715,-0.04281,-0.04112,0.004338,0.07923,0.07869,23.21,1374,160000,29140000,-1376,1343000,12680,-1.804E+12,-17020000000,-160300000,4.85E+18,1.585E+11,1496000000,4.058E+12,neutral
10.03,0.07399,0.000208,239.8,0.001053,0.03983,0.04418,22.31,0.06594,0.3228,0.2949,0.1915,0.1951,0.1492,0.1422,0.1049,0.1299,0.07966,13.43,1202,165400,32930000,273.2,530.5,13.31,1427000000,12440000,335100,5.756E+15,110100000,3066000,12650000000,8.895,0.05726,0.000153,1455,0.001168,0.04543,0.5328,21.6,-0.9757,0.5336,0.009383,0.01097,-0.1204,-0.01855,-0.000952,0.001192,0.07145,0.08728,25.33,1611,186700,33720000,-1387,1345000,12600,-1.808E+12,-16940000000,-158400000,4.86E+18,1.578E+11,1479000000,3.986E+12,neutral
8.661,0.06809,0.000221,258.7,0.001086,0.04094,0.07125,19.23,0.05339,0.2979,0.3045,0.2076,0.1703,0.1784,0.162,0.1194,0.1454,0.08381,13.64,1359,167200,32490000,300,626.7,15.59,1688000000,18310000,391200,6.82E+15,163800000,3571000,14720000000,10.77,0.07443,0.000156,1456,0.001124,0.04392,0.5482,26.81,-0.9718,0.6485,-0.0684,-0.1349,-0.1776,-0.05904,-0.05353,-0.02059,0.07541,0.08612,27.42,1580,174000,31660000,-1435,1347000,12560,-1.814E+12,-16910000000,-157300000,4.89E+18,1.575E+11,1469000000,3.945E+12,neutral
7.152,0.05622,0.000218,262.4,0.000992,0.03727,0.0572,15.21,0.03682,0.3714,0.2851,0.1986,0.1671,0.1567,0.1483,0.1134,0.1278,0.07754,11.22,1300,184400,37150000,286.5,614.9,28.7,1659000000,31800000,716000,6.713E+15,281500000,6537000,26770000000,7.966,0.05004,0.000159,1446,0.001168,0.04546,0.5378,20,-0.9814,0.5155,0.01005,0.02489,-0.1356,-0.02474,-0.02636,-0.02439,0.06344,0.08754,24.89,1665,198600,35610000,-1360,1349000,12490,-1.82E+12,-16850000000,-155600000,4.91E+18,1.57E+11,1453000000,3.882E+12,neutral
5.307,0.04233,0.000419,241.9,0.001109,0.04026,0.06763,13.81,0.02452,0.3083,0.239,0.1922,0.1853,0.164,0.1217,0.118,0.1218,0.05651,12.2,1256,159300,31690000,252.2,559.3,40.76,1511000000,48320000,1007000,6.125E+15,429900000,9202000,37280000000,6.443,0.03823,0.00013,1462,0.000955,0.03632,0.5469,18.93,-0.9844,0.4767,0.002774,0.06556,-0.06331,0.004007,-0.05784,-0.07018,0.04476,0.06013,24.44,1686,190300,33350000,-1394,1351000,12370,-1.825E+12,-16710000000,-152500000,4.93E+18,1.557E+11,1425000000,3.767E+12,sad
8.547,0.05679,6.80E-05,198.1,0.000638,0.02361,0.09472,18.47,0.05135,0.3188,0.2488,0.1628,0.1531,0.117,0.1069,0.1118,0.1283,0.0344,14.82,1455,190600,37940000,253.6,686.2,25.65,1857000000,27510000,628200,7.538E+15,243100000,5735000,23050000000,6.487,0.03572,4.40E-05,1487,0.000641,0.0245,0.532,18.15,-0.9828,0.3854,0.1049,0.0821,0.03357,0.05571,-0.005647,-0.02242,0.02344,0.03742,25.46,1961,235600,43250000,-1536,1353000,12260,-1.831E+12,-16590000000,-149900000,4.96E+18,1.547E+11,1401000000,3.67E+12,sad
50.7,0.2219,0.000177,223,0.00068,0.02514,0.04756,87.55,0.4254,0.2591,0.2536,0.2125,0.2076,0.1654,0.119,0.1299,0.1488,0.04584,43.29,986.3,141000,22640000,486.2,562.5,29.06,1525000000,33850000,706700,6.199E+15,299100000,6440000,25750000000,20.73,0.1045,8.90E-05,1467,0.000784,0.03047,0.4817,42.9,-0.8751,0.5721,-0.02917,0.06137,-0.0838,0.01605,-0.02579,-0.05935,0.03145,0.05421,35.78,1603,147900,28740000,-1504,1355000,12180,-1.837E+12,-16510000000,-147900000,4.98E+18,1.539E+11,1383000000,3.599E+12,sad
5.918,0.04002,8.60E-05,207.4,0.00074,0.0277,0.06045,13.73,0.02752,0.306,0.2429,0.1952,0.1774,0.1361,0.1032,0.1074,0.1342,0.0461,12.07,1228,171100,34130000,236.1,662.9,15.53,1800000000,14540000,375400,7.328E+15,129900000,3450000,13590000000,6.471,0.03525,5.80E-05,1494,0.000832,0.032,0.5027,17.17,-0.9866,0.4885,0.1171,0.06998,-0.05455,0.002577,-0.01578,-0.05105,-0.00815,0.05209,23.38,1667,206800,37620000,-1468,1357000,12080,-1.842E+12,-16400000000,-145600000,5.00E+18,1.53E+11,1362000000,3.515E+12,sad
50.7,0.2219,0.000177,223,0.00068,0.02514,0.04756,87.55,0.4254,0.2591,0.2536,0.2125,0.2076,0.1654,0.119,0.1299,0.1488,0.04584,43.29,986.3,141000,22640000,486.2,562.5,29.06,1529000000,34040000,697600,6.238E+15,300800000,6358000,25100000000,20.73,0.1045,8.90E-05,1467,0.000784,0.03047,0.4817,42.9,-0.8751,0.5721,-0.02917,0.06137,-0.0838,0.01605,-0.02579,-0.05935,0.03145,0.05421,35.78,1603,147900,28740000,-1504,1359000,12020,-1.848E+12,-16350000000,-144200000,5.03E+18,1.525E+11,1349000000,3.462E+12,sad
14.11,0.1683,0.000197,193.3,0.001853,0.07119,0.07686,35.78,0.0945,0.6124,0.2663,0.1744,0.1764,0.1504,0.1136,0.08912,0.07573,0.135,33.95,3138,177200,44910000,463.2,469.5,10.19,1278000000,18600000,243600,5.22E+15,171900000,2254000,8735000000,12.79,0.0926,0.000115,1560,0.001527,0.05884,0.5637,37.66,-0.9394,0.2679,-0.04743,-0.004279,-0.001001,0.02071,-0.03711,-0.04464,-0.03657,0.1094,41.8,2996,182600,46050000,-1495,1361000,11970,-1.853E+12,-16290000000,-142800000,5.05E+18,1.52E+11,1336000000,3.414E+12,angry
13.68,0.1636,0.000288,208.6,0.001959,0.07473,0.08548,32.07,0.09062,0.6075,0.2493,0.1955,0.1892,0.1394,0.1153,0.08765,0.07655,0.1406,31.96,3107,206000,48400000,469.9,506.5,18.6,1381000000,30550000,444500,5.645E+15,279600000,4101000,15930000000,12.17,0.08646,0.000127,1558,0.001499,0.05764,0.5886,34.52,-0.9454,0.2323,-0.04936,-0.01594,-0.00175,0.01914,-0.04138,-0.05274,-0.04659,0.1059,44.1,3281,215800,51390000,-1519,1363000,11960,-1.858E+12,-16310000000,-142700000,5.06E+18,1.522E+11,1336000000,3.411E+12,angry
13.33,0.1621,0.000272,206.6,0.0018,0.06883,0.07999,33.82,0.09769,0.6056,0.2965,0.2038,0.1948,0.1595,0.1172,0.0969,0.08383,0.1281,32.29,3068,196700,46700000,458.6,491.7,16.69,1342000000,28320000,399400,5.495E+15,260000000,3691000,14330000000,12.57,0.09104,0.000129,1545,0.00149,0.05735,0.5483,36.71,-0.9424,0.2818,-0.06613,0.001747,0.004134,0.02548,-0.02511,-0.02899,-0.03099,0.1052,41.93,3059,201700,48400000,-1502,1365000,11980,-1.862E+12,-16350000000,-143100000,5.08E+18,1.525E+11,1339000000,3.423E+12,angry
11.73,0.142,0.000446,177.6,0.00193,0.07367,0.07563,33.16,0.08654,0.5731,0.2774,0.1987,0.1884,0.1543,0.1105,0.09203,0.07849,0.1423,31.41,3002,192900,46240000,464.3,480.7,7.006,1314000000,10970000,167800,5.385E+15,104000000,1529000,6023000000,10.79,0.07505,0.000197,1545,0.001639,0.063,0.5701,32.88,-0.949,0.2664,-0.07023,0.009021,0.01981,0.02949,-0.02476,-0.04413,-0.04051,0.1174,39.89,2924,194500,46040000,-1452,1366000,11980,-1.867E+12,-16370000000,-143200000,5.10E+18,1.528E+11,1340000000,3.427E+12,angry
11.73,0.142,0.000446,177.6,0.00193,0.07367,0.07563,33.16,0.08654,0.5731,0.2774,0.1987,0.1884,0.1543,0.1105,0.09203,0.07849,0.1423,31.41,3002,192900,46240000,464.3,480.7,7.006,1315000000,10970000,167500,5.398E+15,104000000,1526000,6001000000,10.79,0.07505,0.000197,1545,0.001639,0.063,0.5701,32.88,-0.949,0.2664,-0.07023,0.009021,0.01981,0.02949,-0.02476,-0.04413,-0.04051,0.1174,39.89,2924,194500,46040000,-1452,1368000,11960,-1.872E+12,-16360000000,-142700000,5.12E+18,1.527E+11,1335000000,3.408E+12,angry
7.989,0.06349,0.000171,235.6,0.001687,0.06349,0.08284,21.2,0.04024,0.449,0.2235,0.1906,0.1916,0.1281,0.1279,0.09887,0.1123,0.09905,18.44,2136,253100,50890000,405.1,557.3,12.81,1527000000,11860000,305400,6.275E+15,100800000,2756000,10900000000,6.321,0.0346,6.50E-05,1551,0.001399,0.05315,0.5707,20.71,-0.98,0.2109,0.06051,0.1249,0.004233,0.02968,-0.005911,-0.01175,-0.007664,0.08056,30.31,2592,284200,53070000,-1463,1370000,11920,-1.876E+12,-16330000000,-141600000,5.14E+18,1.524E+11,1326000000,3.372E+12,disgust
9.633,0.0699,0.000134,246.6,0.001515,0.05671,0.05675,22.79,0.04977,0.4119,0.2433,0.1778,0.1646,0.1332,0.1126,0.08694,0.09189,0.08469,15.96,1778,228500,45730000,366.8,456.9,11.19,1253000000,10110000,265500,5.157E+15,86700000,2409000,9432000000,6.85,0.03799,7.70E-05,1561,0.001512,0.05776,0.5284,19.23,-0.9793,0.3337,0.02712,0.1333,-0.01313,0.01969,-0.004127,0.01859,-0.005535,0.08988,27.17,2051,226900,41250000,-1344,1372000,11860,-1.881E+12,-16260000000,-140200000,5.16E+18,1.519E+11,1313000000,3.319E+12,disgust
7.449,0.05836,0.000145,243,0.001572,0.05893,0.06362,19.13,0.04464,0.3845,0.2137,0.1464,0.1372,0.1369,0.1131,0.08889,0.08769,0.09022,14.32,1649,203400,40740000,341.6,451.1,4.397,1239000000,9132000,104000,5.104E+15,87100000,961500,3684000000,5.942,0.03316,8.20E-05,1581,0.00173,0.0659,0.5174,16.83,-0.9845,0.3671,0.03882,0.1314,0.01842,0.01936,-0.008556,-0.008845,-0.007881,0.1012,24.75,1834,203400,36280000,-1306,1373000,11830,-1.886E+12,-16240000000,-139600000,5.18E+18,1.517E+11,1307000000,3.297E+12,disgust
6.903,0.0498,0.000256,254.1,0.001658,0.06204,0.07023,18.74,0.03591,0.4781,0.1984,0.1456,0.1514,0.1238,0.1134,0.09743,0.07851,0.09674,17.25,2213,259200,52080000,408.9,493,9.945,1355000000,18330000,234800,5.59E+15,170200000,2181000,8317000000,5.852,0.03045,0.0001,1555,0.001704,0.06465,0.4959,17.99,-0.9836,0.2604,0.1046,0.1481,0.01389,0.01539,-0.0106,0.003752,0.002717,0.09734,26.44,2232,252600,46980000,-1401,1375000,11820,-1.89E+12,-16250000000,-139300000,5.20E+18,1.518E+11,1305000000,3.289E+12,disgust
7.989,0.06349,0.000171,235.6,0.001687,0.06349,0.08284,21.2,0.04024,0.449,0.2235,0.1906,0.1916,0.1281,0.1279,0.09887,0.1123,0.09905,18.44,2136,253100,50890000,405.1,557.3,12.81,1534000000,12000000,302200,6.337E+15,102000000,2728000,10680000000,6.321,0.0346,6.50E-05,1551,0.001399,0.05315,0.5707,20.71,-0.98,0.2109,0.06051,0.1249,0.004233,0.02968,-0.005911,-0.01175,-0.007664,0.08056,30.31,2592,284200,53070000,-1463,1377000,11800,-1.895E+12,-16240000000,-138700000,5.22E+18,1.517E+11,1300000000,3.268E+12,disgust
16.91,0.209,0.000261,178.6,0.001391,0.05266,0.104,40.83,0.1146,0.6395,0.245,0.1608,0.1449,0.1033,0.0901,0.07584,0.07359,0.09753,37.91,3415,171100,46280000,467.3,509.2,7.961,1404000000,12380000,187000,5.805E+15,113500000,1708000,6583000000,14.9,0.1206,0.000105,1552,0.00119,0.04529,0.5805,42.47,-0.9214,0.1696,-0.02511,-0.04955,-0.06988,-0.004206,-0.02238,-0.01069,-0.013,0.08082,46.47,3374,173500,48980000,-1579,1378000,11750,-1.9E+12,-16200000000,-137700000,5.24E+18,1.514E+11,1290000000,3.231E+12,happy
13.37,0.1566,0.000198,201.4,0.001397,0.05367,0.07927,34.99,0.08677,0.6319,0.2697,0.1609,0.1735,0.1346,0.0998,0.1025,0.09671,0.1077,33.46,3206,191500,46740000,449.4,542.2,7.536,1497000000,13610000,176500,6.198E+15,127100000,1631000,6196000000,13.39,0.09299,8.00E-05,1537,0.001084,0.04173,0.5995,39.73,-0.9385,0.2194,-0.06534,-0.05636,-0.02782,0.01159,-0.04189,-0.04117,-0.02456,0.08175,45.89,3396,210500,52750000,-1581,1380000,11720,-1.905E+12,-16170000000,-136900000,5.26E+18,1.511E+11,1283000000,3.203E+12,happy
12.43,0.152,8.50E-05,175.8,0.001024,0.039,0.08397,33.66,0.09654,0.6082,0.2623,0.1475,0.1518,0.1186,0.1003,0.0841,0.0708,0.07044,33.77,3127,191300,45790000,411.3,527,12.77,1457000000,23340000,298700,6.04E+15,214300000,2761000,10470000000,11.88,0.08539,3.90E-05,1556,0.000951,0.03647,0.528,35.51,-0.9445,0.2702,0.03053,-0.03409,-0.02495,0.01368,-0.02067,-0.03553,-0.03995,0.06352,40.84,3029,199300,49170000,-1563,1382000,11700,-1.91E+12,-16170000000,-136500000,5.28E+18,1.512E+11,1280000000,3.19E+12,happy
10.93,0.135,0.000145,205.1,0.001404,0.0535,0.07055,28.87,0.0812,0.5691,0.2754,0.1655,0.1396,0.1277,0.09244,0.08507,0.07514,0.09943,30.3,2895,184100,44000000,407.2,451,7.853,1248000000,14590000,183800,5.182E+15,134200000,1694000,6445000000,10.53,0.07625,7.50E-05,1536,0.001404,0.0537,0.5119,29.46,-0.9558,0.3659,0.01116,-0.01949,-0.02877,-0.02448,-0.05402,-0.02453,-0.01549,0.09787,34.45,2411,169900,40020000,-1419,1384000,11710,-1.915E+12,-16200000000,-136700000,5.30E+18,1.514E+11,1281000000,3.195E+12,happy
9.988,0.1178,0.000184,184.3,0.001452,0.05546,0.1173,30.04,0.06233,0.6283,0.2699,0.1517,0.1497,0.1156,0.08583,0.08964,0.07546,0.1065,32.39,3279,197900,48310000,462.6,524.7,9.982,1454000000,14640000,233200,6.043E+15,134400000,2153000,8160000000,10.87,0.06631,8.00E-05,1553,0.001226,0.04713,0.5578,34.44,-0.9522,0.207,-0.03675,-0.04919,-0.04116,0.006433,-0.03096,-0.02297,-0.02096,0.08761,43.61,3348,216900,52020000,-1542,1386000,11680,-1.92E+12,-16180000000,-136000000,5.32E+18,1.513E+11,1275000000,3.172E+12,happy
17.06,0.197,4.40E-05,184.6,0.000705,0.0263,0.07864,39.6,0.1141,0.6302,0.2441,0.1613,0.1157,0.1208,0.1051,0.09855,0.09796,0.05146,35.19,3219,186000,44190000,394.5,389.9,10.67,1082000000,10710000,248700,4.501E+15,95870000,2289000,8684000000,14.48,0.1108,1.90E-05,1480,0.000567,0.02159,0.5913,41.51,-0.9254,0.1884,0.02081,-0.07311,-0.08436,-0.02833,-0.039,-0.008198,-0.001355,0.04034,46.04,3498,226500,56620000,-1673,1387000,11650,-1.924E+12,-16160000000,-135300000,5.34E+18,1.511E+11,1269000000,3.149E+12,neutral
14.89,0.1743,4.10E-05,208,0.000656,0.02508,0.06867,35.66,0.1005,0.6303,0.2564,0.1601,0.1529,0.1114,0.1127,0.1014,0.09401,0.04964,34.22,3093,170600,42040000,360.7,368.9,6.582,1024000000,9616000,153000,4.267E+15,86150000,1384000,5332000000,13.49,0.09604,1.80E-05,1491,0.000543,0.02114,0.5718,36.52,-0.936,0.2954,-0.0113,-0.1355,-0.1059,-0.03869,-0.05431,-0.01634,0.01138,0.04047,44.79,3253,210100,52940000,-1657,1388000,11630,-1.928E+12,-16150000000,-134900000,5.35E+18,1.51E+11,1265000000,3.133E+12,neutral
12.57,0.1467,4.80E-05,215.3,0.000857,0.03373,0.03258,32.97,0.09053,0.645,0.2665,0.1558,0.1361,0.1185,0.1275,0.1218,0.1089,0.06314,34.91,3262,161200,43800000,398.2,370.6,5.821,1030000000,6696000,135000,4.294E+15,60440000,1240000,4689000000,12.13,0.0777,2.40E-05,1517,0.000726,0.02827,0.581,34.63,-0.9394,0.2673,-0.07899,-0.09905,-0.0939,-0.04425,-0.01792,0.03025,0.04257,0.05171,43.74,3228,193100,50080000,-1598,1390000,11600,-1.931E+12,-16110000000,-134100000,5.37E+18,1.507E+11,1257000000,3.105E+12,neutral
12.51,0.1235,6.90E-05,193.9,0.000867,0.03387,0.06504,32.71,0.08644,0.5812,0.3212,0.1852,0.138,0.1327,0.1127,0.1035,0.09304,0.06241,29.99,2975,198900,44410000,394.5,424.3,14.79,1181000000,15920000,341600,4.926E+15,139500000,3116000,11820000000,13.22,0.08538,3.00E-05,1518,0.000637,0.02489,0.6049,38.52,-0.9408,0.3117,-0.01902,-0.1051,-0.07714,-0.01458,-0.03552,-0.009727,-0.001543,0.04722,43.23,3195,239200,53320000,-1604,1391000,11550,-1.935E+12,-16060000000,-132900000,5.38E+18,1.502E+11,1247000000,3.064E+12,neutral
12.51,0.1235,6.90E-05,193.9,0.000867,0.03387,0.06504,32.71,0.08644,0.5812,0.3212,0.1852,0.138,0.1327,0.1127,0.1035,0.09304,0.06241,29.99,2975,198900,44410000,394.5,424.3,14.79,1182000000,15970000,339700,4.937E+15,139900000,3099000,11680000000,13.22,0.08538,3.00E-05,1518,0.000637,0.02489,0.6049,38.52,-0.9408,0.3117,-0.01902,-0.1051,-0.07714,-0.01458,-0.03552,-0.009727,-0.001543,0.04722,43.23,3195,239200,53320000,-1604,1393000,11480,-1.939E+12,-15990000000,-131400000,5.40E+18,1.496E+11,1233000000,3.013E+12,neutral
4.759,0.03269,0.000111,212.5,0.001018,0.03818,0.1115,14.48,0.02019,0.344,0.2351,0.1459,0.1347,0.1183,0.1066,0.104,0.0945,0.05918,15.15,1744,216100,42360000,316.7,565.4,18.56,1577000000,19720000,424000,6.595E+15,171300000,3857000,14500000000,5.128,0.02785,6.00E-05,1505,0.001022,0.03879,0.5036,15.7,-0.9871,0.3095,0.102,0.07715,0.05108,0.02721,0.00443,0.01099,0.0176,0.05664,23.1,1817,213400,39550000,-1451,1394000,11420,-1.944E+12,-15920000000,-130000000,5.42E+18,1.49E+11,1221000000,2.966E+12,sad
5.596,0.04679,0.000115,214.1,0.001238,0.04616,0.08046,11.8,0.0263,0.3711,0.2443,0.1408,0.1237,0.1306,0.1098,0.07916,0.08178,0.06513,13.33,1722,247200,49280000,345.5,600.5,9.364,1677000000,11000000,213300,7.024E+15,98650000,1948000,7273000000,4.607,0.02653,5.80E-05,1514,0.001181,0.04466,0.5106,12.17,-0.9901,0.2648,0.1582,0.1308,0.08632,0.062,0.01539,0.01151,0.02034,0.06117,20.29,1832,247200,47310000,-1490,1396000,11380,-1.949E+12,-15890000000,-129200000,5.44E+18,1.488E+11,1213000000,2.936E+12,sad
7.671,0.05711,8.50E-05,210.4,0.00103,0.03866,0.06454,21.76,0.04212,0.4489,0.2666,0.1877,0.1697,0.1349,0.1185,0.1291,0.1098,0.05739,19.96,2285,247900,49620000,351.4,586.2,11.31,1639000000,18950000,257000,6.877E+15,173400000,2360000,8755000000,6.031,0.03118,4.00E-05,1504,0.000975,0.03699,0.5163,19.58,-0.9791,0.241,0.04292,0.07417,-0.004958,0.01753,0.03511,0.02256,0.01138,0.05367,28.02,2343,247900,47230000,-1522,1398000,11370,-1.955E+12,-15900000000,-129000000,5.47E+18,1.489E+11,1211000000,2.929E+12,sad
6.965,0.05155,6.60E-05,201.6,0.000808,0.0304,0.08638,17.43,0.03499,0.457,0.2251,0.1471,0.1215,0.1078,0.1144,0.1124,0.08302,0.04672,16.13,2021,257800,51410000,324.5,722.8,16.78,2025000000,17440000,380200,8.507E+15,150900000,3455000,12890000000,5.09,0.02783,2.60E-05,1508,0.000714,0.02718,0.5808,15.63,-0.9848,0.2146,0.08522,0.06844,0.0157,0.03072,0.01408,0.0177,0.01464,0.04111,26.02,2345,288800,55280000,-1561,1401000,11330,-1.962E+12,-15870000000,-128000000,5.50E+18,1.486E+11,1202000000,2.897E+12,sad
5.596,0.04679,0.000115,214.1,0.001238,0.04616,0.08046,11.8,0.0263,0.3711,0.2443,0.1408,0.1237,0.1306,0.1098,0.07916,0.08178,0.06513,13.33,1722,247200,49280000,345.5,600.5,9.364,1685000000,11060000,211200,7.091E+15,99100000,1929000,7128000000,4.607,0.02653,5.80E-05,1514,0.001181,0.04466,0.5106,12.17,-0.9901,0.2648,0.1582,0.1308,0.08632,0.062,0.01539,0.01151,0.02034,0.06117,20.29,1832,247200,47310000,-1490,1403000,11270,-1.968E+12,-15810000000,-126600000,5.52E+18,1.481E+11,1189000000,2.849E+12,sad
8.548,0.06834,0.001112,266.1,0.002701,0.1037,0.06454,19.44,0.05201,0.4506,0.2609,0.1936,0.1403,0.1652,0.1149,0.1098,0.09638,0.2103,15.68,1821,214400,42970000,373,465.9,12.39,1309000000,13090000,278100,5.516E+15,114600000,2539000,9346000000,9.28,0.06072,0.000498,1531,0.002357,0.09147,0.5662,25.16,-0.975,0.4932,0.0191,0.041,-0.0916,-0.0421,-0.02562,-0.002843,-0.03047,0.1814,27.72,1823,196000,35940000,-1255,1405000,11220,-1.973E+12,-15760000000,-125500000,5.54E+18,1.476E+11,1179000000,2.812E+12,angry
8.087,0.06499,0.000878,294.6,0.002476,0.09532,0.08194,20,0.04101,0.4793,0.2932,0.1763,0.1384,0.1622,0.1412,0.1222,0.1277,0.2044,16.81,2029,218400,43900000,381.6,423.9,9.792,1192000000,11940000,218700,5.029E+15,102700000,1967000,7314000000,10.52,0.06933,0.000467,1491,0.002314,0.09031,0.568,27.99,-0.9721,0.509,-0.001305,0.05046,-0.08517,-0.03808,-0.06697,0.02038,0.01869,0.1871,29.86,1978,203600,37560000,-1254,1406000,11170,-1.978E+12,-15710000000,-124500000,5.56E+18,1.472E+11,1170000000,2.777E+12,angry
7.291,0.05813,0.000957,272.1,0.00242,0.09327,0.04189,17.93,0.03774,0.4643,0.2929,0.1909,0.1421,0.1767,0.1477,0.1021,0.1026,0.2042,15.49,1914,218000,43550000,365.6,432.8,10.06,1218000000,13150000,223700,5.146E+15,114500000,2014000,7456000000,10.23,0.06628,0.000479,1507,0.002058,0.08053,0.5947,27.85,-0.9733,0.5233,-0.04098,0.01725,-0.08097,-0.02451,-0.08049,-0.03025,-0.01616,0.1665,29.32,1882,196300,35940000,-1293,1408000,11130,-1.982E+12,-15670000000,-123500000,5.58E+18,1.469E+11,1161000000,2.746E+12,angry
13.89,0.1039,0.000797,271.7,0.002348,0.09013,0.05986,31.9,0.095,0.3854,0.2759,0.1415,0.136,0.1304,0.1108,0.09533,0.09508,0.1841,19.79,1683,169000,34100000,343.9,425.6,9.008,1200000000,12790000,199700,5.071E+15,111900000,1797000,6635000000,11.92,0.08126,0.000367,1517,0.002062,0.08041,0.5663,30.94,-0.9584,0.5265,0.00927,0.04331,-0.0705,-0.01191,-0.06108,-0.02777,-0.04078,0.1625,31.52,1918,186800,34620000,-1268,1409000,11100,-1.986E+12,-15640000000,-122700000,5.60E+18,1.466E+11,1154000000,2.72E+12,angry
7.924,0.06221,0.001003,321,0.002496,0.09527,0.08274,20.28,0.04365,0.4737,0.265,0.1724,0.1394,0.1601,0.1474,0.1189,0.1223,0.2073,16.03,1922,223200,45080000,367.7,426.4,10.66,1203000000,13670000,235400,5.091E+15,117400000,2110000,7787000000,10.14,0.06704,0.000472,1494,0.002318,0.09002,0.573,26.33,-0.9732,0.4906,0.02519,0.03163,-0.07797,-0.03851,-0.05982,0.01343,0.01802,0.187,28.83,1933,208100,38600000,-1250,1411000,11050,-1.99E+12,-15590000000,-121800000,5.62E+18,1.462E+11,1146000000,2.688E+12,angry
12.89,0.08049,0.000429,265.7,0.001712,0.06409,0.07594,26.94,0.08208,0.3492,0.302,0.1633,0.1477,0.1456,0.115,0.07863,0.08847,0.1121,17.55,1543,206000,40470000,379.4,505.8,25.89,1429000000,31230000,568400,6.053E+15,274100000,5184000,18690000000,8.958,0.05346,0.000201,1455,0.001589,0.06115,0.5525,22.83,-0.9674,0.4333,0.09023,0.04471,-0.04496,0.041,0.01512,0.01455,0.009985,0.1051,26.78,1787,202000,37390000,-1361,1412000,10980,-1.995E+12,-15510000000,-120200000,5.63E+18,1.454E+11,1131000000,2.634E+12,disgust
10.22,0.07503,0.000391,254.4,0.001299,0.04866,0.03047,19.85,0.05916,0.2973,0.2893,0.1513,0.1293,0.1405,0.1148,0.09518,0.08871,0.07981,16.89,1406,177300,34710000,311.5,494.2,24.3,1398000000,29110000,529300,5.929E+15,256300000,4837000,17270000000,7.845,0.04913,0.000137,1474,0.001107,0.04261,0.6004,20.71,-0.9736,0.4307,0.04414,0.008194,-0.01349,0.0595,0.01386,0.008929,-0.0109,0.06674,26.5,1779,197200,36300000,-1416,1414000,10900,-1.999E+12,-15410000000,-118300000,5.66E+18,1.446E+11,1114000000,2.575E+12,disgust
11,0.07269,0.000531,259.3,0.001693,0.06404,0.06207,23.88,0.06649,0.3458,0.2844,0.1752,0.1596,0.1679,0.1141,0.09217,0.08935,0.1156,16.68,1455,192400,37730000,353.5,517.9,15.51,1466000000,16600000,335800,6.228E+15,144700000,3065000,10890000000,8.772,0.05336,0.000188,1479,0.001372,0.05307,0.6066,23.95,-0.9711,0.4561,0.0694,0.03084,-0.04183,0.02512,-0.01603,-0.008102,-0.007618,0.08923,27.54,1863,210400,38630000,-1414,1416000,10830,-2.004E+12,-15330000000,-116800000,5.68E+18,1.438E+11,1100000000,2.524E+12,disgust
10.99,0.07601,0.000489,266.6,0.002047,0.07722,0.06999,22.81,0.07105,0.3166,0.2814,0.1911,0.17,0.1824,0.1172,0.09331,0.08795,0.144,16.76,1401,175800,34690000,346.9,485.7,16.8,1377000000,19020000,362000,5.855E+15,167800000,3316000,11680000000,9.13,0.05574,0.000205,1472,0.001674,0.06444,0.5948,22.93,-0.9698,0.4804,0.06809,0.0853,0.002005,0.03516,-0.003986,0.005929,-0.000149,0.1139,26.32,1705,188200,34210000,-1357,1418000,10780,-2.009E+12,-15270000000,-115700000,5.70E+18,1.434E+11,1090000000,2.49E+12,disgust
9.911,0.07226,0.000302,262.7,0.001472,0.05557,0.06959,22.48,0.06388,0.3648,0.2989,0.1833,0.1772,0.1735,0.1301,0.09586,0.09213,0.09327,17.26,1610,201300,39610000,356.3,510.9,17.77,1450000000,20100000,380800,6.174E+15,176100000,3479000,12220000000,9.29,0.05699,0.000141,1460,0.001271,0.04913,0.6007,25.45,-0.9703,0.4511,0.08257,0.04238,-0.04522,0.02759,-0.01237,0.000692,-0.01051,0.08473,28.56,1919,210100,38630000,-1416,1419000,10720,-2.014E+12,-15210000000,-114500000,5.72E+18,1.428E+11,1079000000,2.449E+12,disgust
12.65,0.1033,0.000292,243.8,0.001391,0.05355,0.05135,29.54,0.09212,0.4817,0.2497,0.1706,0.1322,0.1539,0.1277,0.1037,0.1,0.1138,19.42,2044,228800,45930000,368,448.1,25.05,1273000000,31640000,533300,5.428E+15,276300000,4853000,17000000000,10.11,0.06687,0.00015,1509,0.001214,0.04738,0.5933,28.41,-0.9649,0.3629,0.02977,0.05999,-0.09321,-0.000742,-0.008095,0.001024,-0.01096,0.0962,31.66,2317,243300,45960000,-1391,1421000,10660,-2.019E+12,-15150000000,-113300000,5.74E+18,1.423E+11,1068000000,2.412E+12,happy
11.81,0.1093,0.000408,259.7,0.001493,0.05698,0.05536,27.96,0.07959,0.3737,0.2587,0.2298,0.1359,0.1728,0.1128,0.1188,0.1063,0.1212,19.34,1548,163800,32740000,295.8,422.3,18.03,1201000000,22160000,381400,5.126E+15,189900000,3446000,12080000000,11.75,0.0816,0.000196,1485,0.001457,0.0569,0.5741,30.87,-0.9613,0.5135,-0.04182,0.006748,-0.07501,0.001481,-0.003235,0.008663,-0.03588,0.1178,30.31,1805,174300,32760000,-1316,1422000,10590,-2.023E+12,-15070000000,-111800000,5.76E+18,1.416E+11,1054000000,2.364E+12,happy
11.05,0.08513,0.000432,269.1,0.001555,0.05949,0.04576,27.61,0.05972,0.3312,0.2908,0.1662,0.1297,0.1587,0.1074,0.1047,0.09895,0.1223,19.3,1474,129900,25850000,237,395.7,15.59,1127000000,19270000,327800,4.813E+15,162600000,2941000,10320000000,12.16,0.0794,0.000231,1492,0.00157,0.06154,0.5935,31.86,-0.961,0.5652,-0.05338,0.06279,-0.06985,-0.02359,-0.04167,0.02063,0.005248,0.1272,30.22,1609,138100,24820000,-1251,1424000,10530,-2.027E+12,-14990000000,-110500000,5.77E+18,1.409E+11,1042000000,2.323E+12,happy
12.12,0.116,0.000342,265.7,0.001499,0.05712,0.04845,28.22,0.07846,0.3609,0.2772,0.2235,0.1457,0.1711,0.1119,0.1175,0.1053,0.121,19.76,1542,153300,30610000,279.1,407,16.11,1160000000,19490000,336700,4.96E+15,166400000,3042000,10540000000,12.21,0.0843,0.000194,1517,0.001511,0.05885,0.5569,31.14,-0.9602,0.5166,-0.04198,0.03699,-0.07453,0.000329,-0.01838,0.005379,-0.03961,0.1219,30.34,1743,161900,30300000,-1294,1425000,10460,-2.031E+12,-14910000000,-109100000,5.79E+18,1.402E+11,1030000000,2.279E+12,happy
13.13,0.1052,0.000301,261.3,0.001402,0.05391,0.0475,30.91,0.09613,0.4337,0.2535,0.1775,0.1362,0.1533,0.114,0.104,0.103,0.1149,19.56,1850,197200,39830000,324.4,416.1,20.55,1187000000,25910000,426300,5.081E+15,223700000,3865000,13250000000,10.58,0.0705,0.000162,1503,0.001308,0.05105,0.5862,27.87,-0.9633,0.4288,0.01403,0.06607,-0.08978,-0.01674,-0.02865,0.000232,-0.00958,0.1035,30.27,2030,206100,38610000,-1335,1427000,10390,-2.035E+12,-14830000000,-107600000,5.81E+18,1.395E+11,1016000000,2.233E+12,happy
5.125,0.0511,0.00033,265.2,0.001078,0.04052,0.04003,14.2,0.02515,0.4531,0.3353,0.207,0.1535,0.1356,0.1164,0.1147,0.1026,0.08221,15.29,1927,233000,46060000,314.8,507,47.79,1448000000,63120000,980500,6.206E+15,563000000,9009000,30130000000,7.4,0.05153,0.00023,1444,0.001201,0.0467,0.5295,19.93,-0.9814,0.4978,0.03123,0.003691,-0.08476,-0.07694,-0.04989,0.006577,0.01415,0.08865,24.41,1638,182900,34520000,-1353,1428000,10270,-2.04E+12,-14670000000,-105000000,5.83E+18,1.38E+11,992500000,2.153E+12,neutral
7.679,0.07038,0.000407,291.4,0.001128,0.04204,0.03761,18.59,0.04349,0.345,0.3111,0.1923,0.1491,0.1363,0.1074,0.1035,0.1089,0.08659,15.01,1451,181800,35530000,246.7,445.7,34.64,1275000000,45070000,701300,5.468E+15,400500000,6438000,21260000000,8.86,0.06485,0.000282,1415,0.00127,0.04963,0.5276,21.51,-0.9765,0.5985,0.05565,-0.0231,-0.08798,-0.05256,-0.06134,-0.002718,-0.000625,0.09456,22.78,1260,138000,25910000,-1311,1430000,10130,-2.045E+12,-14480000000,-102200000,5.85E+18,1.364E+11,966500000,2.067E+12,neutral
11.6,0.08322,0.000294,284.6,0.001082,0.04046,0.0414,20.76,0.08099,0.379,0.2894,0.1886,0.1493,0.1604,0.1149,0.1076,0.1079,0.07876,18.94,1578,169000,33400000,280.5,467.3,42.76,1338000000,56680000,854600,5.745E+15,502300000,7835000,25580000000,9.244,0.06347,0.000211,1420,0.001294,0.05012,0.4981,21.86,-0.9692,0.5586,0.03419,-0.003083,-0.07769,-0.04914,-0.06381,0.007308,0.007699,0.09159,24.11,1369,140300,26510000,-1316,1431000,10000,-2.049E+12,-14320000000,-99680000,5.87E+18,1.35E+11,943200000,1.99E+12,neutral
12.74,0.09232,0.000342,301,0.001211,0.04568,0.0535,23.26,0.08955,0.3903,0.307,0.2034,0.1613,0.1708,0.1353,0.1327,0.1465,0.09197,18.34,1590,185400,36730000,286.7,502.3,28.95,1440000000,36810000,571200,6.19E+15,325000000,5236000,16880000000,11.62,0.07929,0.000225,1423,0.001197,0.04698,0.5598,27.91,-0.961,0.5569,-0.02499,0.0485,-0.08376,-0.06017,-0.08581,0.009949,0.01627,0.09345,28.8,1697,173000,32120000,-1360,1433000,9877,-2.054E+12,-14150000000,-97160000,5.89E+18,1.335E+11,920000000,1.915E+12,neutral
6.388,0.05276,0.000284,280,0.001017,0.03816,0.0365,14.01,0.03382,0.3954,0.2833,0.1937,0.1655,0.1569,0.1248,0.1091,0.1075,0.08029,12.55,1413,183400,36390000,228.3,443.3,39.19,1272000000,52080000,764700,5.475E+15,459000000,6997000,22340000000,7.943,0.05541,0.000208,1445,0.001232,0.04796,0.5118,18.79,-0.982,0.5867,0.01558,-0.01619,-0.09041,-0.09347,-0.06965,0.02133,0.04928,0.09148,20.93,1204,140500,26300000,-1310,1435000,9769,-2.059E+12,-14020000000,-95040000,5.91E+18,1.323E+11,900600000,1.853E+12,neutral
9.864,0.08118,8.40E-05,211.9,0.00081,0.03056,0.07195,23.6,0.05904,0.2967,0.3324,0.1862,0.1383,0.1098,0.1001,0.1061,0.09936,0.05726,16.58,1320,154400,29940000,253.1,470.8,35,1352000000,45790000,673600,5.828E+15,405400000,6182000,19410000000,8.734,0.05712,3.80E-05,1501,0.000746,0.02876,0.5713,22.52,-0.9755,0.5504,0.08689,0.01548,-0.03544,0.01056,0.000388,0.02889,0.007912,0.05051,23.95,1477,170000,32350000,-1459,1436000,9631,-2.063E+12,-13830000000,-92360000,5.93E+18,1.306E+11,875900000,1.775E+12,sad
7.445,0.0636,5.80E-05,236.5,0.000776,0.02968,0.0426,20.22,0.0401,0.3429,0.2925,0.1645,0.1355,0.1327,0.09894,0.08885,0.08944,0.05632,17.59,1545,162900,31620000,241.5,455.7,31.07,1311000000,40370000,591100,5.654E+15,359800000,5443000,16840000000,7.899,0.0504,3.10E-05,1487,0.000881,0.03415,0.5194,21.89,-0.9778,0.5122,0.05224,0.02005,-0.07074,-0.01657,-0.02106,0.02159,0.01787,0.06039,24.67,1528,160200,29980000,-1391,1438000,9517,-2.068E+12,-13690000000,-90180000,5.95E+18,1.293E+11,855800000,1.713E+12,sad
8.158,0.06931,6.60E-05,220.3,0.000609,0.02258,0.04002,21.56,0.04235,0.3314,0.2813,0.2086,0.1411,0.1159,0.1142,0.09684,0.1065,0.04036,16.53,1429,164000,32250000,210.1,443.5,22.44,1277000000,28350000,422500,5.514E+15,248000000,3865000,11910000000,7.6,0.04927,3.80E-05,1497,0.000687,0.02643,0.5262,20.29,-0.9788,0.4925,0.05186,-0.003458,-0.02736,0.003588,-0.01464,0.02283,0.009124,0.04447,23.21,1485,168200,32060000,-1460,1440000,9427,-2.072E+12,-13570000000,-88480000,5.97E+18,1.283E+11,840100000,1.664E+12,sad
9.913,0.08551,3.80E-05,223.2,0.000634,0.02414,0.06212,24.56,0.06099,0.3485,0.3179,0.172,0.1557,0.1338,0.103,0.1106,0.1132,0.04626,17.8,1490,180900,35350000,240.4,431.1,31.16,1242000000,40930000,580700,5.371E+15,360900000,5324000,16200000000,8.311,0.05701,2.30E-05,1503,0.000691,0.02673,0.5225,22.96,-0.9736,0.486,0.07431,0.05221,-0.08492,-0.0488,-0.0278,0.005999,0.02524,0.04685,24.88,1633,185200,35270000,-1450,1441000,9324,-2.077E+12,-13440000000,-86550000,5.99E+18,1.271E+11,822400000,1.61E+12,sad
10.68,0.08562,6.00E-05,210.6,0.000583,0.02157,0.04777,26.45,0.05498,0.298,0.309,0.2048,0.1422,0.1219,0.1187,0.09502,0.1037,0.03927,17.19,1235,145800,28910000,208.5,443.6,21.7,1280000000,27400000,399800,5.539E+15,240600000,3666000,11020000000,9.464,0.064,3.40E-05,1488,0.000642,0.02487,0.5286,24.91,-0.9711,0.5524,-0.02574,-0.02278,-0.029,0.00763,-0.001389,0.02684,0.008804,0.04365,26.11,1507,158900,29740000,-1454,1443000,9220,-2.081E+12,-13300000000,-84620000,6.00E+18,1.259E+11,804600000,1.557E+12,sad
8.078,0.07364,0.000762,213.1,0.002656,0.1012,0.1107,19.25,0.04157,0.4767,0.3441,0.2472,0.1633,0.1529,0.173,0.1138,0.1282,0.1919,14.44,2000,224600,45470000,305.2,372.9,40.27,1077000000,61490000,741600,4.665E+15,557600000,6867000,20450000000,10.7,0.06804,0.00031,1621,0.002412,0.09371,0.5689,28.42,-0.9698,0.4893,-0.2149,0.02837,0.01756,0.1262,-0.04421,0.04143,-0.009174,0.1843,32.13,2049,200900,36740000,-1290,1444000,9210,-2.085E+12,-13300000000,-84430000,6.02E+18,1.259E+11,802800000,1.552E+12,angry
11.65,0.07887,0.000451,199.8,0.002213,0.08418,0.07928,26.81,0.06916,0.5403,0.3443,0.2324,0.2052,0.1299,0.168,0.1122,0.1152,0.1501,19.85,2533,254700,53170000,362.1,395.9,28.62,1144000000,44650000,530200,4.962E+15,404100000,4903000,14710000000,10.43,0.06223,0.000176,1576,0.001824,0.07039,0.5452,28.54,-0.9629,0.3279,-0.1309,0.09107,0.02394,0.1375,-0.03515,0.03767,-0.01952,0.1305,34.39,2579,249900,47920000,-1376,1445000,9263,-2.089E+12,-13390000000,-85400000,6.04E+18,1.267E+11,811800000,1.578E+12,angry
9.071,0.06527,0.000416,203.9,0.00204,0.07758,0.05893,20.6,0.04589,0.4437,0.3202,0.252,0.218,0.2035,0.1693,0.1149,0.1285,0.1445,15.88,2174,216400,45090000,333.8,407,44.52,1178000000,68030000,831600,5.111E+15,615700000,7691000,23260000000,10.02,0.05745,0.00021,1587,0.001941,0.07483,0.533,27.42,-0.9692,0.4571,-0.1895,-0.03744,0.006183,0.1493,-0.02871,0.0808,0.02065,0.1417,32.37,2175,209800,39420000,-1350,1447000,9338,-2.093E+12,-13510000000,-86810000,6.06E+18,1.278E+11,824800000,1.618E+12,angry
9.182,0.06561,0.000475,212.9,0.002321,0.08791,0.08755,21,0.05002,0.4652,0.3642,0.2343,0.1745,0.1396,0.1617,0.1115,0.1195,0.1587,16.19,2100,217600,45460000,349.1,390.1,34.3,1130000000,53160000,646100,4.908E+15,481500000,5975000,18220000000,9.838,0.05886,0.000261,1591,0.002221,0.08588,0.5674,26.99,-0.97,0.4516,-0.1506,0.05583,0.02218,0.1039,-0.06824,0.0364,-0.01459,0.1633,31.66,2107,206800,38620000,-1295,1448000,9416,-2.097E+12,-13640000000,-88270000,6.07E+18,1.289E+11,838400000,1.659E+12,angry
9.373,0.06787,0.000397,217.2,0.002285,0.08706,0.06898,21.24,0.05023,0.3362,0.3917,0.2491,0.1984,0.1582,0.1527,0.1283,0.1235,0.165,13.67,1504,176700,36450000,289.1,365.4,37.32,1059000000,57430000,709300,4.605E+15,520000000,6557000,20190000000,11.02,0.07123,0.000229,1606,0.002227,0.08621,0.5365,28.31,-0.97,0.5854,-0.1506,0.05396,0.02453,0.05818,-0.06302,0.03632,0.002587,0.1694,28.77,1608,161900,29390000,-1271,1449000,9502,-2.101E+12,-13770000000,-89890000,6.09E+18,1.302E+11,853300000,1.704E+12,angry
19.45,0.1925,6.90E-05,195.5,0.000744,0.02792,0.03704,45.47,0.161,0.504,0.2709,0.2018,0.1862,0.1565,0.1539,0.1471,0.1437,0.05105,31.02,2558,155400,37610000,320.6,384.7,33.77,1116000000,52620000,648200,4.857E+15,479100000,6007000,18630000000,15.63,0.1147,3.40E-05,1621,0.000785,0.03056,0.57,40.2,-0.9198,0.3961,-0.03071,0.1804,0.08345,0.04594,0.002988,-0.06698,-0.06954,0.05626,37.82,2539,183800,40940000,-1614,1451000,9604,-2.104E+12,-13930000000,-91830000,6.11E+18,1.316E+11,871300000,1.76E+12,disgust
18.69,0.1854,0.000159,199.4,0.00108,0.04025,0.09383,46.1,0.1359,0.5136,0.2941,0.1833,0.216,0.1695,0.143,0.1296,0.1152,0.06238,31.04,2727,178700,42110000,400.2,373.8,11.53,1086000000,20130000,222400,4.729E+15,185700000,2072000,6428000000,13.94,0.09712,6.90E-05,1527,0.001053,0.0407,0.5161,38.57,-0.9278,0.2689,-0.05252,0.1445,0.02967,0.007838,-0.02943,-0.05514,-0.04013,0.06629,39.68,2869,206900,45660000,-1539,1452000,9654,-2.108E+12,-14020000000,-92810000,6.12E+18,1.324E+11,880400000,1.788E+12,disgust
16.74,0.1285,0.00014,182.8,0.000957,0.03502,0.07134,40.33,0.1226,0.3868,0.2871,0.1881,0.187,0.1553,0.1484,0.1158,0.1324,0.05452,26.95,2063,148800,30030000,285.7,386.4,12.98,1123000000,22250000,250800,4.896E+15,203600000,2326000,7262000000,11.83,0.07371,3.90E-05,1495,0.00091,0.03441,0.5548,34.11,-0.943,0.2832,-0.03871,0.1576,0.01766,0.04013,-0.01336,-0.01259,-0.05614,0.05526,38.4,2737,220000,43080000,-1510,1453000,9676,-2.112E+12,-14060000000,-93220000,6.14E+18,1.328E+11,884200000,1.8E+12,disgust
20.84,0.1461,6.90E-05,198.4,0.000691,0.02653,0.1025,44.12,0.1541,0.3242,0.3251,0.246,0.2613,0.2258,0.1647,0.2,0.1639,0.0626,22.63,1480,150500,29920000,221.4,347.4,25.93,1011000000,41050000,503700,4.41E+15,372700000,4659000,14650000000,18.46,0.1075,3.60E-05,1587,0.000659,0.02626,0.5914,48.57,-0.9103,0.3382,-0.2737,0.3008,0.05024,0.1678,0.004956,-0.04698,-0.05331,0.05919,44.08,2798,213800,39220000,-1574,1455000,9719,-2.116E+12,-14140000000,-94050000,6.16E+18,1.335E+11,891900000,1.824E+12,disgust
18.69,0.1854,0.000159,199.4,0.00108,0.04025,0.09383,46.1,0.1359,0.5136,0.2941,0.1833,0.216,0.1695,0.143,0.1296,0.1152,0.06238,31.04,2727,178700,42110000,400.2,373.8,11.53,1088000000,20220000,224900,4.754E+15,186500000,2094000,6571000000,13.94,0.09712,6.90E-05,1527,0.001053,0.0407,0.5161,38.57,-0.9278,0.2689,-0.05252,0.1445,0.02967,0.007838,-0.02943,-0.05514,-0.04013,0.06629,39.68,2869,206900,45660000,-1539,1456000,9761,-2.119E+12,-14210000000,-94880000,6.17E+18,1.342E+11,899700000,1.848E+12,disgust
13.03,0.07296,0.000331,212.5,0.001177,0.04416,0.05974,27.71,0.07347,0.4868,0.3421,0.2373,0.1989,0.1747,0.1497,0.1256,0.1326,0.0801,18.7,2264,226000,47210000,301.3,402,12.68,1172000000,22110000,247800,5.121E+15,205500000,2317000,7259000000,9.909,0.05287,0.000146,1522,0.001394,0.05401,0.5412,26.9,-0.9656,0.4653,-0.1691,0.06833,0.06242,0.04108,-0.05286,0.02102,0.006312,0.0977,28.82,1860,177300,34160000,-1338,1457000,9785,-2.123E+12,-14260000000,-95350000,6.19E+18,1.346E+11,904100000,1.862E+12,happy
15.24,0.07971,0.000205,207.4,0.001328,0.04931,0.0745,31.48,0.08783,0.4772,0.3013,0.2443,0.2388,0.1843,0.1784,0.1293,0.1224,0.09002,20.6,2323,210600,44940000,287.3,428.3,28.74,1250000000,45850000,564400,5.468E+15,417700000,5228000,16600000000,11.27,0.05898,0.000114,1503,0.001327,0.05104,0.6145,30.35,-0.9587,0.4733,-0.1994,0.04877,0.08442,0.07011,-0.04715,0.002085,-0.02114,0.09463,31.11,1932,172600,33430000,-1389,1459000,9833,-2.127E+12,-14340000000,-96290000,6.21E+18,1.354E+11,912800000,1.89E+12,happy
12.39,0.07502,0.000205,192,0.001314,0.04975,0.05931,27.66,0.07037,0.6271,0.3366,0.2311,0.1836,0.1447,0.1413,0.1132,0.1112,0.09159,26.04,3306,254200,57240000,361.6,437.1,12.39,1276000000,21650000,243800,5.591E+15,197100000,2254000,7189000000,10.32,0.05258,9.90E-05,1512,0.00114,0.04396,0.5993,28.72,-0.9593,0.3047,-0.1307,0.0226,-0.01454,0.05622,-0.01143,0.02178,-0.008939,0.07951,34.38,2712,223400,48690000,-1488,1460000,9846,-2.132E+12,-14380000000,-96540000,6.23E+18,1.357E+11,915100000,1.897E+12,happy
16.32,0.08463,0.000188,190.8,0.001307,0.04996,0.05165,33.08,0.09396,0.5327,0.3073,0.2834,0.1687,0.1779,0.1523,0.1531,0.1422,0.08908,20.84,2564,240200,50480000,314.5,431.9,22.8,1263000000,37460000,450000,5.536E+15,339200000,4153000,13300000000,12.34,0.06209,9.10E-05,1493,0.001177,0.04542,0.6245,32.49,-0.9527,0.4329,-0.1812,0.06009,0.08889,0.0789,-0.03328,0.01682,0.005739,0.08474,33.13,2177,200200,39300000,-1455,1462000,9875,-2.136E+12,-14430000000,-97110000,6.24E+18,1.362E+11,920500000,1.914E+12,happy
16.32,0.08463,0.000188,190.8,0.001307,0.04996,0.05165,33.08,0.09396,0.5327,0.3073,0.2834,0.1687,0.1779,0.1523,0.1531,0.1422,0.08908,20.84,2564,240200,50480000,314.5,431.9,22.8,1264000000,37510000,452300,5.548E+15,339600000,4173000,13440000000,12.34,0.06209,9.10E-05,1493,0.001177,0.04542,0.6245,32.49,-0.9527,0.4329,-0.1812,0.06009,0.08889,0.0789,-0.03328,0.01682,0.005739,0.08474,33.13,2177,200200,39300000,-1455,1463000,9925,-2.141E+12,-14520000000,-98100000,6.26E+18,1.37E+11,929600000,1.943E+12,happy
10.04,0.07832,0.00012,197,0.001201,0.04425,0.04339,22.98,0.0506,0.4587,0.3579,0.2217,0.1582,0.1369,0.1498,0.1452,0.143,0.08296,18.73,2320,216900,46180000,282.5,395.3,23.32,1158000000,37990000,465300,5.087E+15,345500000,4304000,13910000000,9.883,0.05492,6.50E-05,1511,0.001321,0.05014,0.5713,25.21,-0.9716,0.4858,-0.09296,0.02494,0.03855,0.04486,-0.0233,0.04715,0.02863,0.09176,28.06,1802,172100,34570000,-1403,1464000,9987,-2.145E+12,-14630000000,-99330000,6.28E+18,1.38E+11,941000000,1.98E+12,neutral
12.21,0.09068,0.000166,195.1,0.001218,0.04578,0.0718,22.65,0.09932,0.5927,0.3596,0.222,0.1794,0.1701,0.1227,0.1074,0.1101,0.08441,24.05,3020,251000,54860000,349.5,413.4,10.75,1212000000,19400000,215000,5.33E+15,177200000,1988000,6448000000,9.373,0.05047,8.40E-05,1500,0.001072,0.04125,0.5918,25.51,-0.9634,0.3313,-0.1315,0.0337,-0.02,0.02816,-0.01355,0.03436,0.001788,0.07345,32.54,2546,224800,47540000,-1472,1466000,10010,-2.149E+12,-14680000000,-99870000,6.30E+18,1.385E+11,946000000,1.996E+12,neutral
10.1,0.06223,0.000281,217.4,0.001596,0.06056,0.07352,23.59,0.05472,0.5385,0.3156,0.2072,0.2068,0.1797,0.1274,0.1261,0.1345,0.1171,16.16,2111,231300,45890000,251.1,392.9,12.66,1153000000,22200000,253600,5.076E+15,203400000,2350000,7611000000,8.07,0.04184,0.000131,1485,0.001456,0.0562,0.6339,24.31,-0.9729,0.2991,-0.1114,0.03923,0.02048,0.1197,-0.09474,0.08567,-0.0219,0.1018,30.14,2345,252900,47420000,-1338,1467000,10020,-2.153E+12,-14710000000,-100100000,6.32E+18,1.387E+11,947900000,2.002E+12,neutral
12.52,0.07017,0.00014,207,0.001308,0.04793,0.04183,28.57,0.06983,0.4965,0.345,0.1895,0.178,0.159,0.164,0.1488,0.1556,0.08237,20.5,2355,212500,45520000,283.7,381.1,20.58,1119000000,33920000,413700,4.931E+15,308700000,3827000,12460000000,10.81,0.05568,6.90E-05,1531,0.001249,0.04778,0.6003,29.11,-0.9637,0.4819,-0.0622,-0.008299,-0.01714,0.02936,-0.0327,0.07278,0.0529,0.08279,29.63,1952,189300,37780000,-1449,1469000,10060,-2.157E+12,-14770000000,-100700000,6.34E+18,1.393E+11,954100000,2.022E+12,neutral
10.1,0.06223,0.000281,217.4,0.001596,0.06056,0.07352,23.59,0.05472,0.5385,0.3156,0.2072,0.2068,0.1797,0.1274,0.1261,0.1345,0.1171,16.16,2111,231300,45890000,251.1,392.9,12.66,1155000000,22260000,255200,5.094E+15,203900000,2365000,7706000000,8.07,0.04184,0.000131,1485,0.001456,0.0562,0.6339,24.31,-0.9729,0.2991,-0.1114,0.03923,0.02048,0.1197,-0.09474,0.08567,-0.0219,0.1018,30.14,2345,252900,47420000,-1338,1470000,10090,-2.161E+12,-14830000000,-101300000,6.35E+18,1.398E+11,959500000,2.04E+12,neutral
12.84,0.1075,4.20E-05,169.6,0.000619,0.0234,0.05039,27.9,0.07619,0.5796,0.3662,0.2428,0.1892,0.1813,0.1537,0.1545,0.1471,0.04087,24.98,3065,205400,49980000,306.3,444,26.72,1307000000,43490000,539800,5.768E+15,390300000,4959000,16340000000,12.41,0.07297,2.10E-05,1568,0.000588,0.02268,0.57,33.96,-0.9465,0.3591,-0.2516,-0.01835,0.001006,0.01763,-0.03495,0.06999,0.0425,0.04168,39.61,2836,215900,47620000,-1598,1471000,10100,-2.165E+12,-14860000000,-101600000,6.37E+18,1.401E+11,961900000,2.048E+12,sad
14.25,0.07929,6.60E-05,196.7,0.00063,0.02387,0.06972,30.28,0.07634,0.5875,0.3151,0.2591,0.2097,0.1633,0.1548,0.1052,0.1392,0.04083,19.06,2345,218900,43920000,203.4,397.1,10.3,1170000000,18110000,208600,5.168E+15,163700000,1923000,6333000000,11.38,0.05572,2.60E-05,1535,0.000564,0.02169,0.5724,34.17,-0.9545,0.2307,-0.06265,-0.04472,-0.0544,0.1737,-0.1158,0.09947,-0.05246,0.04002,38.28,3031,312900,60650000,-1537,1473000,10140,-2.169E+12,-14930000000,-102400000,6.39E+18,1.408E+11,969000000,2.071E+12,sad
14.09,0.0887,1.90E-05,167.6,0.000305,0.01187,0.0971,29.78,0.07408,0.6069,0.2882,0.287,0.2442,0.1676,0.1599,0.1206,0.1349,0.02499,15.87,2214,213400,42300000,160.7,417.7,4.45,1232000000,8358000,90210,5.447E+15,76510000,825500,2739000000,13.76,0.08072,1.00E-05,1545,0.000367,0.01424,0.5178,40.22,-0.9434,0.2543,-0.07501,-0.117,-0.1016,0.1611,-0.211,0.1095,-0.05413,0.03205,42.64,3283,334900,64070000,-1561,1474000,10140,-2.173E+12,-14950000000,-102400000,6.41E+18,1.41E+11,969800000,2.074E+12,sad
14.65,0.08355,2.60E-05,172.1,0.000478,0.0181,0.1013,29.46,0.07766,0.491,0.3507,0.2442,0.194,0.1902,0.1615,0.1351,0.1397,0.03323,17.26,2245,223200,46410000,220.8,399.4,33.23,1179000000,52930000,675600,5.219E+15,475900000,6214000,20570000000,13.29,0.07438,1.50E-05,1597,0.000515,0.02,0.5511,35.65,-0.9539,0.4584,-0.2043,0.02043,0.07502,0.05511,-0.06259,0.04821,0.0277,0.03922,34.55,2238,224600,43850000,-1593,1476000,10160,-2.178E+12,-14990000000,-102800000,6.43E+18,1.414E+11,973300000,2.086E+12,sad
15.92,0.09992,1.80E-05,182,0.000461,0.01762,0.03963,30.57,0.09019,0.4717,0.3511,0.2618,0.1927,0.2191,0.1674,0.1565,0.1556,0.03573,17.16,2206,207300,43470000,220.9,392,28.99,1158000000,46720000,594300,5.132E+15,420900000,5469000,18250000000,16.35,0.09365,1.30E-05,1603,0.000521,0.02029,0.5506,41.09,-0.9395,0.5173,-0.2573,-0.03411,0.02075,0.005458,-0.09962,0.0621,0.0702,0.04295,37.9,2235,207800,40700000,-1603,1477000,10250,-2.182E+12,-15130000000,-104600000,6.45E+18,1.426E+11,989300000,2.139E+12,sad
