6.794,0.04474,0.000658,177.1,0.002369,0.08826,0.06434,15.83,0.03042,0.4081,0.2942,0.1181,0.1252,0.0912,0.09831,0.06586,0.06603,0.1132,14.07,1774,238600,46090000,246.5,249.9,21.92,242000000,22160000,2085000,3.52E+14,202100000,19000000,2.97E+11,9.024,0.05094,0.000273,1554,0.00178,0.06749,0.5949,23.78,-0.982,0.4807,0.2815,0.141,0.06282,0.08622,0.04062,0.02315,0.002296,0.09506,24.06,1765,228100,43050000,-1652,484300,47560,-2.35E+11,-23030000000,-2262000000,2.27E+17,2.08E+11,20440000000,2.15E+14,angry
6.834,0.05429,0.001198,183.2,0.003655,0.1374,0.09623,18.77,0.03756,0.3147,0.3346,0.1561,0.1442,0.08986,0.08969,0.07521,0.08218,0.1973,15.48,1585,193100,37670000,312.3,295.1,33.38,286300000,30070000,3179000,4.168E+14,272000000,28740000,4.541E+11,10.9,0.06015,0.000579,1569,0.00279,0.1058,0.5715,28.26,-0.9744,0.5689,0.182,0.09808,0.04972,0.09123,0.07903,0.03984,0.02339,0.1596,26.92,1717,198700,37120000,-1590,485200,47620,-2.354E+11,-23110000000,-2267000000,2.28E+17,2.088E+11,20500000000,2.159E+14,angry
8.029,0.0503,0.000705,167.4,0.002288,0.0862,0.05978,18.74,0.03724,0.4049,0.3141,0.1407,0.1032,0.08099,0.08009,0.07133,0.07038,0.1309,14.42,1763,231700,45170000,305.3,302.9,28.52,294600000,27710000,2720000,4.297E+14,252600000,24770000,3.892E+11,9.857,0.05315,0.000287,1569,0.001847,0.07049,0.5839,25.35,-0.9778,0.4721,0.1966,0.07116,0.01875,0.08526,0.06882,0.04979,0.02912,0.1129,27.93,1960,237200,44270000,-1608,486200,47710,-2.364E+11,-23200000000,-2276000000,2.30E+17,2.097E+11,20570000000,2.171E+14,angry
35.32,0.1612,0.00103,159.4,0.002952,0.1105,0.09329,67.67,0.3025,0.2801,0.347,0.1757,0.1534,0.09903,0.1191,0.1037,0.092,0.1671,32.21,1270,158400,28950000,332.9,283.4,47.59,276100000,36650000,4549000,4.036E+14,331200000,41110000,6.522E+11,17.66,0.0959,0.00049,1556,0.002606,0.09931,0.5372,41.91,-0.9196,0.597,0.07171,0.09946,0.02747,0.06671,0.08319,0.06487,0.03244,0.162,32.28,1577,159500,30170000,-1572,487300,47800,-2.374E+11,-23290000000,-2285000000,2.31E+17,2.105E+11,20650000000,2.184E+14,angry
41.68,0.1853,0.002011,190.9,0.004398,0.1641,0.03152,68.29,0.3418,0.2798,0.3187,0.1726,0.14,0.1047,0.1307,0.08023,0.08482,0.2051,36.82,1271,157800,26310000,361,256.8,28.85,250700000,26010000,2764000,3.672E+14,233000000,24780000,3.972E+11,20.25,0.1011,0.000873,1585,0.00338,0.1285,0.6031,41.73,-0.9078,0.6346,0.08474,0.09819,0.05534,0.09255,0.0752,0.05307,0.02684,0.1873,32.54,1380,127500,25680000,-1530,488200,47900,-2.383E+11,-23380000000,-2294000000,2.33E+17,2.113E+11,20740000000,2.197E+14,angry
15.63,0.1083,0.000143,193.8,0.001154,0.04316,0.09113,31.56,0.11,0.2272,0.3123,0.1651,0.1444,0.1203,0.1387,0.1206,0.1019,0.06217,19.78,1240,140900,26970000,231.3,283.9,22.33,277700000,24290000,2143000,4.075E+14,220900000,19490000,3.084E+11,14.44,0.09,6.90E-05,1551,0.001053,0.04035,0.4746,35.69,-0.9516,0.5815,0.1439,0.07004,-0.03062,0.09893,0.06604,0.02877,0.000472,0.06344,30.69,1760,188100,34750000,-1648,489100,47980,-2.392E+11,-23470000000,-2302000000,2.34E+17,2.121E+11,20810000000,2.209E+14,disgust
31.45,0.1386,8.30E-05,164.9,0.000964,0.03597,0.1012,58.38,0.2404,0.2015,0.29,0.182,0.1184,0.1072,0.1155,0.1021,0.1029,0.04779,28.55,1160,162900,29170000,279.2,306.2,31,300100000,29830000,2979000,4.413E+14,269300000,26890000,4.294E+11,14.41,0.07838,4.30E-05,1542,0.000972,0.03682,0.4551,34.66,-0.946,0.6167,0.1726,0.007137,0.05652,0.08108,0.04508,0.01755,-0.005245,0.05156,27.35,1370,157900,31080000,-1692,490100,48050,-2.402E+11,-23550000000,-2309000000,2.36E+17,2.129E+11,20870000000,2.219E+14,disgust
11.73,0.07329,0.000255,179,0.001629,0.06115,0.05601,27.5,0.0558,0.4202,0.3725,0.258,0.1589,0.1739,0.1788,0.1288,0.1421,0.08562,18.3,2026,246400,48460000,283.3,249,37.43,244600000,30090000,3604000,3.603E+14,273100000,32680000,5.205E+11,13.49,0.07533,0.000108,1575,0.00128,0.04873,0.619,34.68,-0.9605,0.4866,0.06176,0.07,-0.04414,0.08564,0.1057,0.08957,0.03659,0.07685,31.57,2078,232300,43290000,-1696,491100,48150,-2.412E+11,-23650000000,-2318000000,2.37E+17,2.137E+11,20960000000,2.232E+14,disgust
10.57,0.06365,6.70E-05,181.5,0.001037,0.03875,0.08044,23.22,0.05025,0.1981,0.3205,0.156,0.1223,0.09741,0.1476,0.1183,0.09634,0.05269,14.13,1122,165600,32530000,237.4,320.2,30.71,315100000,29950000,2962000,4.652E+14,272500000,26940000,4.286E+11,10.62,0.06585,3.70E-05,1550,0.001006,0.03818,0.5203,26.26,-0.973,0.596,0.1925,0.02275,-0.01225,0.06888,0.06173,0.06503,0.03048,0.05568,25.41,1542,196000,36320000,-1633,492100,48250,-2.421E+11,-23740000000,-2327000000,2.38E+17,2.146E+11,21040000000,2.245E+14,disgust
11.73,0.07329,0.000255,179,0.001629,0.06115,0.05601,27.5,0.0558,0.4202,0.3725,0.258,0.1589,0.1739,0.1788,0.1288,0.1421,0.08562,18.3,2026,246400,48460000,283.3,249,37.43,245500000,30200000,3617000,3.632E+14,274200000,32800000,5.243E+11,13.49,0.07533,0.000108,1575,0.00128,0.04873,0.619,34.68,-0.9605,0.4866,0.06176,0.07,-0.04414,0.08564,0.1057,0.08957,0.03659,0.07685,31.57,2078,232300,43290000,-1696,493100,48330,-2.431E+11,-23830000000,-2335000000,2.40E+17,2.154E+11,21110000000,2.257E+14,disgust
11.23,0.0604,0.000164,149.1,0.001536,0.05753,0.06918,24.58,0.05264,0.4419,0.3228,0.1242,0.1259,0.1035,0.1118,0.09989,0.0929,0.07831,16.59,1898,253100,49300000,278.1,326.6,38.38,322700000,34510000,3715000,4.784E+14,312200000,33600000,5.395E+11,10.05,0.05443,8.00E-05,1535,0.001231,0.04677,0.579,27.37,-0.9725,0.3978,0.1952,0.093,-0.004626,0.0634,0.06925,0.04971,0.003716,0.06991,28.59,2144,265000,50060000,-1680,494100,48420,-2.441E+11,-23920000000,-2344000000,2.41E+17,2.162E+11,21190000000,2.27E+14,happy
10.86,0.06411,0.000142,169.8,0.001328,0.04959,0.0417,24.57,0.05105,0.3686,0.3293,0.146,0.1506,0.08138,0.1142,0.09171,0.09549,0.06891,15.74,1568,214700,42030000,251.7,305.7,38.59,302700000,33810000,3745000,4.497E+14,306200000,33900000,5.45E+11,10.08,0.05885,7.60E-05,1564,0.001299,0.0494,0.5343,26.03,-0.9743,0.5012,0.1668,0.08419,0.02043,0.113,0.08517,0.05684,0.01849,0.07413,24.96,1603,195400,36740000,-1628,495200,48520,-2.452E+11,-24030000000,-2354000000,2.43E+17,2.171E+11,21280000000,2.284E+14,happy
11.16,0.06092,0.000195,158,0.001325,0.05006,0.07798,23.53,0.04833,0.4871,0.346,0.1374,0.1127,0.08019,0.07767,0.07821,0.07306,0.08461,16.06,2033,262300,51110000,290.4,377.8,41.3,375000000,38160000,4015000,5.584E+14,345200000,36300000,5.854E+11,10.46,0.0567,0.000107,1554,0.00117,0.04482,0.5333,27.69,-0.9719,0.3878,0.1522,0.0871,0.01308,0.07011,0.08078,0.05647,0.01236,0.07704,29.1,2169,266100,50440000,-1651,496300,48620,-2.463E+11,-24130000000,-2363000000,2.45E+17,2.181E+11,21360000000,2.298E+14,happy
8.583,0.05933,0.000178,161.2,0.001039,0.03884,0.0736,19.16,0.03733,0.4464,0.3796,0.1603,0.1216,0.1052,0.09049,0.09022,0.07996,0.05878,15.66,1949,252500,49270000,283.8,404.6,49.19,402700000,43930000,4792000,6.012E+14,396300000,43240000,7.004E+11,9.761,0.05365,8.30E-05,1534,0.000883,0.03375,0.5943,26.31,-0.9756,0.3787,0.1226,0.1102,0.03345,0.09656,0.08147,0.05138,0.03948,0.0548,29.28,2208,266800,50490000,-1717,497700,48720,-2.477E+11,-24250000000,-2374000000,2.47E+17,2.192E+11,21460000000,2.313E+14,happy
10.02,0.06178,0.000165,149.4,0.001391,0.05172,0.05364,22.78,0.046,0.4226,0.3373,0.1135,0.1277,0.07333,0.09975,0.09195,0.08846,0.06478,16.56,1860,238000,46580000,282.2,286.4,31.81,285800000,29730000,3106000,4.277E+14,267300000,27940000,4.549E+11,10.18,0.05513,0.000102,1550,0.001369,0.05199,0.5243,26.31,-0.9745,0.4696,0.1636,0.09275,0.02946,0.1016,0.09377,0.06524,0.04759,0.07568,26.51,1796,212600,40050000,-1650,498900,48820,-2.489E+11,-24360000000,-2383000000,2.48E+17,2.201E+11,21540000000,2.327E+14,happy
9.394,0.05639,0.000319,180.4,0.001595,0.05978,0.1175,20.29,0.048,0.391,0.2961,0.1229,0.1123,0.1028,0.1059,0.1095,0.0963,0.09399,14.57,1690,225500,44380000,301.2,307.1,49.21,307100000,39200000,4816000,4.605E+14,355500000,43620000,7.07E+11,9.075,0.04989,0.000115,1587,0.001639,0.06274,0.4453,22.44,-0.9785,0.4802,0.1629,0.1027,0.0252,0.1204,0.1172,0.07619,0.04773,0.09941,25.2,1765,217900,40420000,-1559,499900,48960,-2.499E+11,-24470000000,-2396000000,2.50E+17,2.212E+11,21660000000,2.346E+14,neutral
12.74,0.08102,0.000114,163.5,0.001178,0.04407,0.04869,27.78,0.06268,0.3525,0.3044,0.1517,0.0889,0.08947,0.08942,0.0957,0.08499,0.06187,16.11,1455,201900,39870000,223.7,281.3,36.73,281800000,31410000,3604000,4.235E+14,286300000,32770000,5.303E+11,10.55,0.06278,4.60E-05,1553,0.001171,0.04464,0.5292,25.47,-0.9699,0.4915,0.1416,0.1285,0.04133,0.09368,0.09618,0.05709,0.02843,0.06854,25.74,1610,194700,35950000,-1585,500900,49070,-2.509E+11,-24580000000,-2408000000,2.51E+17,2.222E+11,21760000000,2.363E+14,neutral
12.52,0.08095,0.000161,171,0.001158,0.04314,0.03801,28.57,0.06445,0.3448,0.3388,0.1541,0.1116,0.09594,0.1157,0.08691,0.09552,0.06231,16.86,1584,202800,39450000,234.5,276.9,29.89,277900000,27740000,2938000,4.185E+14,254700000,26910000,4.332E+11,11.17,0.06957,7.00E-05,1554,0.001134,0.04345,0.5569,27.94,-0.967,0.5114,0.1127,0.07718,0.02287,0.07843,0.07055,0.06109,0.03093,0.06923,26.5,1593,184100,34290000,-1594,501900,49170,-2.519E+11,-24680000000,-2418000000,2.53E+17,2.231E+11,21850000000,2.378E+14,neutral
9.936,0.07361,0.000109,177.2,0.001126,0.04209,0.06501,24.48,0.04654,0.3388,0.3262,0.1519,0.1139,0.08668,0.1168,0.08652,0.07598,0.0603,15.67,1418,188100,36520000,214.6,264.4,35.76,265900000,30080000,3522000,4.012E+14,274800000,32090000,5.203E+11,9.668,0.06162,4.90E-05,1593,0.001232,0.04704,0.5001,23.7,-0.9749,0.5284,0.1396,0.09692,0.05236,0.07829,0.05426,0.03845,0.01321,0.07264,23.25,1351,158400,29590000,-1549,502800,49270,-2.528E+11,-24770000000,-2427000000,2.54E+17,2.239E+11,21940000000,2.391E+14,neutral
10.68,0.06455,9.70E-05,174.1,0.000978,0.03642,0.04154,23.21,0.04715,0.3161,0.3194,0.1863,0.1262,0.09098,0.091,0.0795,0.08837,0.05285,14.74,1351,180400,35160000,207.8,277.2,34.72,279300000,30500000,3427000,4.221E+14,278500000,31220000,5.073E+11,10.55,0.06167,5.10E-05,1537,0.001014,0.03885,0.5562,25.35,-0.9744,0.585,0.1247,0.0717,0.04958,0.08344,0.0807,0.05379,0.02667,0.06232,23.75,1319,158200,29500000,-1584,503800,49370,-2.538E+11,-24870000000,-2437000000,2.56E+17,2.248E+11,22030000000,2.406E+14,neutral
10.3,0.06017,1.20E-05,150.7,0.000439,0.0164,0.04441,23.38,0.04276,0.3963,0.2951,0.1734,0.1088,0.1031,0.1085,0.07636,0.0888,0.02273,15.5,1771,237200,45910000,238.4,261.4,10.87,263900000,18240000,1074000,3.995E+14,165200000,9745000,1.591E+11,8.714,0.04898,6.00E-06,1544,0.000447,0.01696,0.5452,23.09,-0.9766,0.3574,0.1872,0.0825,0.06641,0.08085,0.09032,0.07938,0.04263,0.02493,26,1987,259000,49630000,-1703,504700,49420,-2.547E+11,-24940000000,-2441000000,2.57E+17,2.254E+11,22070000000,2.413E+14,sad
10.61,0.0625,1.80E-05,163.5,0.00041,0.01532,0.04327,24.32,0.04137,0.4394,0.2922,0.1598,0.1457,0.1052,0.1039,0.09274,0.08723,0.02201,16.9,1882,234300,45250000,187.5,261.9,21.62,264800000,23350000,2138000,4.017E+14,211700000,19370000,3.172E+11,9.42,0.05117,8.00E-06,1547,0.000415,0.01582,0.5426,25.34,-0.975,0.3836,0.1472,0.06455,0.06031,0.09344,0.102,0.0763,0.03861,0.02364,27.81,2073,258300,49340000,-1756,505600,49460,-2.556E+11,-25010000000,-2446000000,2.59E+17,2.26E+11,22110000000,2.419E+14,sad
9.365,0.05411,1.40E-05,167.8,0.000419,0.01563,0.07693,21.64,0.03523,0.4367,0.2254,0.1747,0.1078,0.1012,0.1015,0.09685,0.08419,0.02085,17.39,1964,233800,45090000,219.7,252.7,10.97,255900000,17670000,1085000,3.889E+14,160300000,9863000,1.611E+11,8.741,0.0484,4.00E-06,1555,0.000385,0.01465,0.5437,23.32,-0.9771,0.3326,0.2039,0.05501,0.04616,0.08571,0.09394,0.06659,0.03098,0.02103,27.91,2259,285100,54730000,-1745,506500,49490,-2.565E+11,-25070000000,-2449000000,2.60E+17,2.266E+11,22140000000,2.424E+14,sad
9.917,0.06112,1.20E-05,164.5,0.000475,0.01777,0.05425,22.74,0.04268,0.4114,0.2905,0.1828,0.1241,0.1128,0.1037,0.08513,0.0657,0.02349,14.89,1743,232500,44940000,228.8,250,7.732,253700000,16110000,765600,3.861E+14,146100000,6969000,1.137E+11,8.337,0.04882,7.00E-06,1545,0.000439,0.01668,0.5641,21.76,-0.9792,0.3757,0.2035,0.08485,0.06465,0.07209,0.06817,0.0542,0.03831,0.02463,25.03,1966,263100,50800000,-1689,507400,49510,-2.574E+11,-25120000000,-2451000000,2.61E+17,2.27E+11,22160000000,2.427E+14,sad
10.13,0.05789,8.00E-06,147.6,0.000465,0.01736,0.0497,23.15,0.04043,0.4093,0.2898,0.2092,0.136,0.1197,0.1278,0.0972,0.09193,0.02171,16.43,1814,229600,44250000,236.8,258.8,6.48,263100000,15300000,641900,4.011E+14,139600000,5893000,95370000000,8.901,0.0489,4.00E-06,1544,0.000433,0.01644,0.5502,24.43,-0.9758,0.3904,0.1485,0.03734,0.06439,0.1041,0.1141,0.1021,0.05766,0.02349,26.91,2051,260600,49920000,-1697,508200,49540,-2.583E+11,-25180000000,-2453000000,2.63E+17,2.275E+11,22180000000,2.43E+14,sad
4.883,0.0438,0.000683,273.6,0.00414,0.1567,0.09124,12.05,0.02578,0.2257,0.3435,0.1473,0.1005,0.09315,0.08658,0.08448,0.08636,0.2572,9.491,982.7,148500,29430000,352.2,260.8,15.63,265600000,20780000,1549000,4.056E+14,187000000,13910000,2.302E+11,7.725,0.04905,0.000376,1538,0.003354,0.1282,0.5868,19.02,-0.9851,0.6116,0.1171,0.04991,0.0464,0.047,0.02977,0.02968,0.03903,0.2132,20.02,1093,135100,24700000,-1292,509100,49560,-2.592E+11,-25230000000,-2455000000,2.64E+17,2.28E+11,22200000000,2.433E+14,angry
6.488,0.04569,0.000948,238.7,0.004971,0.187,0.1044,16.05,0.03212,0.3727,0.3623,0.1784,0.1266,0.09549,0.09598,0.09228,0.08508,0.2867,11.6,1517,223800,44230000,407.1,243.7,20.85,248600000,22650000,2068000,3.804E+14,204900000,18700000,3.078E+11,8.465,0.04961,0.000594,1533,0.00462,0.176,0.5351,20.45,-0.9831,0.5734,0.1519,0.1139,0.06335,0.05437,0.03451,0.01463,0.03236,0.2808,19.9,1173,148100,27810000,-1268,510000,49610,-2.601E+11,-25300000000,-2461000000,2.65E+17,2.287E+11,22250000000,2.442E+14,angry
12.06,0.06925,0.000413,212.4,0.00239,0.09046,0.09277,23.61,0.06476,0.4302,0.3902,0.1981,0.1667,0.1048,0.1171,0.09754,0.09904,0.163,16.17,1774,243100,47580000,362.5,253,24.47,258500000,25020000,2431000,3.961E+14,226200000,21970000,3.622E+11,9.701,0.05392,0.000181,1559,0.002202,0.08474,0.5503,23.23,-0.9734,0.5038,0.06188,0.1041,0.06767,0.04766,0.02471,0.02153,0.05219,0.1391,22.76,1415,170500,32370000,-1430,510900,49680,-2.61E+11,-25380000000,-2467000000,2.67E+17,2.294E+11,22300000000,2.451E+14,angry
12.07,0.06517,0.000255,217.4,0.002501,0.0944,0.0873,26.12,0.06778,0.4043,0.377,0.1723,0.149,0.1101,0.1009,0.1031,0.1238,0.1548,15.23,1636,235300,46260000,352.9,258.6,24.32,264700000,25240000,2420000,4.064E+14,228000000,21850000,3.611E+11,10.28,0.0563,0.000158,1541,0.002394,0.09148,0.5135,25.18,-0.9728,0.5419,0.1193,0.1428,0.02476,0.05169,0.0196,-0.007203,0.02654,0.1516,22.75,1386,171200,32120000,-1401,511800,49750,-2.619E+11,-25460000000,-2474000000,2.68E+17,2.301E+11,22370000000,2.462E+14,angry
9.996,0.06116,0.000384,227.6,0.003085,0.1159,0.05644,20.74,0.05248,0.2521,0.4059,0.2092,0.1506,0.1165,0.09885,0.1047,0.1036,0.1843,11.46,884.2,136100,27480000,276.4,211.1,18.52,216400000,19930000,1845000,3.327E+14,180500000,16700000,2.756E+11,10.59,0.06073,0.000262,1592,0.002904,0.1112,0.5585,23.97,-0.9753,0.6761,-0.02722,0.08288,0.07302,0.01884,0.003825,0.02007,0.057,0.1859,21.46,863.6,91290,16510000,-1308,512600,49810,-2.627E+11,-25530000000,-2481000000,2.69E+17,2.308E+11,22430000000,2.471E+14,angry
10.83,0.06888,0.000313,192.2,0.002593,0.09798,0.0947,24.13,0.06117,0.3733,0.4192,0.2039,0.1423,0.1161,0.09625,0.1114,0.09562,0.1657,14.04,1496,216100,42630000,318.2,300.3,35.51,308400000,33140000,3543000,4.75E+14,299600000,32040000,5.302E+11,10.74,0.06333,0.000183,1622,0.002427,0.09311,0.5328,25.66,-0.9736,0.5837,0.05881,0.1405,0.05317,0.02683,0.03611,0.02003,0.04005,0.1563,21.92,1136,136800,25890000,-1403,513500,49890,-2.636E+11,-25620000000,-2489000000,2.71E+17,2.315E+11,22500000000,2.483E+14,disgust
9.331,0.05593,0.00025,225.2,0.002454,0.09278,0.1129,20.04,0.04751,0.3272,0.3578,0.2084,0.1315,0.1111,0.1018,0.09133,0.07493,0.1552,11.25,1173,187700,38080000,279.9,275.3,26.25,283300000,27180000,2624000,4.372E+14,246200000,23760000,3.935E+11,8.392,0.0476,0.000168,1613,0.002711,0.1034,0.4963,19.23,-0.9814,0.6041,0.09568,0.1296,0.09046,0.039,0.01436,0.01107,0.02377,0.1664,17.38,865.4,111100,21300000,-1297,514500,49990,-2.647E+11,-25720000000,-2498000000,2.72E+17,2.324E+11,22580000000,2.497E+14,disgust
13.28,0.0869,0.000412,233.5,0.003202,0.1206,0.08742,26.75,0.06345,0.4072,0.3977,0.1806,0.1416,0.1133,0.1028,0.09424,0.1008,0.1847,16.17,1672,238200,46690000,340.7,283.2,32.35,292000000,30740000,3239000,4.514E+14,278200000,29320000,4.865E+11,12.3,0.07279,0.000219,1614,0.002656,0.1013,0.5806,28.63,-0.9675,0.563,0.13,0.1301,0.04697,0.008149,-0.0123,0.005237,0.03085,0.1619,23.82,1285,154900,29550000,-1422,515400,50070,-2.657E+11,-25810000000,-2507000000,2.74E+17,2.332E+11,22660000000,2.51E+14,disgust
8.271,0.04735,0.000149,192.9,0.002232,0.08407,0.07535,17.99,0.04131,0.3931,0.3235,0.1844,0.1303,0.1082,0.1209,0.09558,0.08172,0.1306,12.42,1557,225300,44430000,291.8,274.4,25.53,283400000,26840000,2561000,4.39E+14,243000000,23180000,3.852E+11,9.005,0.04961,8.80E-05,1604,0.001969,0.07504,0.5558,22.24,-0.9812,0.5743,0.1952,0.09463,0.0281,0.02312,0.02263,0.006833,0.01388,0.1182,19.73,1143,153000,29640000,-1461,516400,50150,-2.667E+11,-25900000000,-2515000000,2.75E+17,2.341E+11,22730000000,2.522E+14,disgust
20.28,0.1252,0.000511,196.9,0.002319,0.08723,0.05983,43.12,0.1407,0.3817,0.3684,0.2035,0.1756,0.1329,0.1238,0.1208,0.1001,0.141,22.13,1698,232800,45240000,380.6,368.9,28.9,381800000,33430000,2903000,5.927E+14,303300000,26360000,4.374E+11,13.54,0.07861,0.0002,1566,0.001914,0.07336,0.6042,32.88,-0.9434,0.4836,0.09241,0.1001,-0.01223,0.004294,-0.01988,-0.03472,-0.03221,0.1208,29,1681,185100,35710000,-1475,517500,50230,-2.678E+11,-25990000000,-2522000000,2.77E+17,2.349E+11,22800000000,2.533E+14,disgust
9.207,0.0707,0.000101,203.8,0.001345,0.05128,0.0969,19.3,0.04755,0.2463,0.3192,0.1735,0.1458,0.1142,0.08916,0.07783,0.0722,0.09283,13.32,1173,168600,33070000,298.4,272.4,9.986,282500000,18510000,1004000,4.396E+14,167700000,9089000,1.514E+11,8.5,0.05513,5.30E-05,1532,0.00125,0.04798,0.5208,20.26,-0.9794,0.5339,0.1977,0.1164,0.04256,0.001173,-0.02184,-0.004469,-0.006283,0.08205,21.31,1313,167600,31620000,-1441,518600,50280,-2.69E+11,-26080000000,-2528000000,2.79E+17,2.357E+11,22850000000,2.542E+14,happy
8.151,0.05822,7.70E-05,207.7,0.001341,0.05076,0.07303,18.48,0.04815,0.2572,0.2744,0.1744,0.1202,0.1033,0.1135,0.08507,0.08386,0.08699,13.73,1191,155100,30480000,302.5,258.3,17.5,268400000,22040000,1761000,4.182E+14,198500000,15850000,2.658E+11,8.273,0.05082,5.20E-05,1521,0.001328,0.05109,0.5295,21.94,-0.9799,0.568,0.1053,0.05942,0.0384,0.03317,-0.01506,0.01765,0.03785,0.08684,23.91,1476,171400,31250000,-1427,519500,50310,-2.699E+11,-26140000000,-2531000000,2.80E+17,2.362E+11,22880000000,2.547E+14,happy
14.08,0.09408,0.000283,216.6,0.002314,0.08795,0.05386,31.21,0.09088,0.2387,0.3303,0.1579,0.1541,0.1214,0.0908,0.1028,0.09517,0.1636,17.79,1146,129000,24750000,299.9,176,9.205,183200000,13610000,926800,2.859E+14,122700000,8342000,1.4E+11,11.77,0.07845,0.000212,1570,0.002844,0.1093,0.5536,28.42,-0.9603,0.5994,-0.003431,0.08856,-0.0242,0.02769,-0.006828,0.01968,0.03713,0.2028,26.57,1278,116200,20270000,-1158,520300,50350,-2.707E+11,-26200000000,-2535000000,2.82E+17,2.368E+11,22910000000,2.552E+14,happy
8.963,0.0556,0.000249,221.7,0.002222,0.08419,0.07778,19.47,0.05328,0.2153,0.3014,0.1381,0.1404,0.1068,0.08667,0.09575,0.09235,0.1524,12.27,891.7,118900,23270000,299.3,233.6,15.76,243400000,19940000,1588000,3.804E+14,179700000,14300000,2.4E+11,8.797,0.0506,0.000188,1541,0.002559,0.09829,0.4772,20.87,-0.979,0.6049,0.06882,0.1134,0.01003,0.04164,0.02059,0.04225,0.04815,0.1763,22.98,1248,135800,23380000,-1229,521000,50390,-2.714E+11,-26250000000,-2539000000,2.83E+17,2.373E+11,22950000000,2.558E+14,happy
14.08,0.09408,0.000283,216.6,0.002314,0.08795,0.05386,31.21,0.09088,0.2387,0.3303,0.1579,0.1541,0.1214,0.0908,0.1028,0.09517,0.1636,17.79,1146,129000,24750000,299.9,176,9.205,183700000,13640000,928200,2.875E+14,122900000,8354000,1.404E+11,11.77,0.07845,0.000212,1570,0.002844,0.1093,0.5536,28.42,-0.9603,0.5994,-0.003431,0.08856,-0.0242,0.02769,-0.006828,0.01968,0.03713,0.2028,26.57,1278,116200,20270000,-1158,521700,50430,-2.722E+11,-26310000000,-2542000000,2.84E+17,2.377E+11,22980000000,2.564E+14,happy
57.58,0.2479,0.000196,251.4,0.001656,0.06312,0.05697,96.84,0.4961,0.2128,0.3338,0.1796,0.1546,0.1238,0.1038,0.08375,0.08943,0.1165,49.89,855.2,128400,20650000,549,243.5,1.736,254400000,12730000,175100,3.987E+14,114700000,1598000,26490000000,27.3,0.1355,9.60E-05,1514,0.001456,0.05616,0.5486,52.09,-0.8303,0.6915,0.07028,0.07581,0.05121,0.03237,-0.01024,-0.004267,-0.01004,0.1041,36.08,1080,88170,20210000,-1452,522400,50440,-2.729E+11,-26350000000,-2543000000,2.85E+17,2.381E+11,22990000000,2.565E+14,neutral
12.91,0.06923,0.000224,232,0.001696,0.06481,0.09482,25.82,0.06978,0.2558,0.3152,0.1569,0.1321,0.1228,0.1088,0.1025,0.09068,0.1261,13.73,944.4,132800,26150000,278.5,209.8,5.068,219500000,12980000,511300,3.445E+14,118100000,4692000,77380000000,11.42,0.06647,0.000119,1555,0.001702,0.066,0.5247,25.98,-0.9692,0.641,0.06357,0.1424,0.04252,0.07226,0.01931,-0.01214,-0.02316,0.1262,23.71,1201,135200,23800000,-1313,523200,50450,-2.737E+11,-26400000000,-2545000000,2.86E+17,2.386E+11,23000000000,2.568E+14,neutral
11.86,0.06942,0.000307,250.3,0.001741,0.06637,0.06317,25.72,0.06351,0.2841,0.3885,0.1961,0.1188,0.1307,0.09058,0.06664,0.08014,0.1235,13.93,1185,168500,32770000,294.3,240,4.913,251500000,14470000,495700,3.954E+14,131600000,4543000,75040000000,10.04,0.06069,0.000131,1546,0.001583,0.06114,0.5567,25,-0.9716,0.5913,0.0737,0.02779,0.03487,0.01365,-0.00454,-0.002708,0.003376,0.1079,22.57,1221,147400,27870000,-1378,524000,50460,-2.746E+11,-26440000000,-2546000000,2.88E+17,2.39E+11,23020000000,2.57E+14,neutral
11.29,0.06969,0.000193,219.1,0.001562,0.05959,0.05003,23.14,0.05518,0.2996,0.3097,0.1751,0.1293,0.1124,0.08153,0.08101,0.08035,0.1125,14.54,1311,180300,35440000,335.1,262.7,7.282,275800000,17010000,735000,4.342E+14,154100000,6681000,1.113E+11,10.23,0.06039,9.80E-05,1510,0.001459,0.05567,0.5238,25.14,-0.9712,0.4837,0.0826,0.04742,0.02012,0.09827,0.06304,0.03683,0.000208,0.1046,26.5,1640,189400,34370000,-1391,524900,50480,-2.755E+11,-26490000000,-2547000000,2.89E+17,2.394E+11,23030000000,2.571E+14,neutral
10.83,0.06245,0.000336,254.5,0.001883,0.07149,0.03173,22.14,0.05305,0.2693,0.3676,0.2101,0.1142,0.1103,0.09688,0.08113,0.08662,0.1307,12.6,1118,153800,29870000,277.5,217.2,4.164,228300000,13000000,420400,3.601E+14,118100000,3854000,63670000000,10.9,0.06516,0.000158,1563,0.001702,0.06602,0.5249,26.43,-0.973,0.6562,0.0389,0.08194,0.0723,0.03599,0.001871,0.003442,0.003898,0.1198,23.24,1149,130600,23800000,-1342,525700,50490,-2.763E+11,-26540000000,-2549000000,2.91E+17,2.399E+11,23040000000,2.574E+14,neutral
11.69,0.06458,6.00E-05,219.2,0.001059,0.04087,0.06602,24.37,0.05791,0.2741,0.3446,0.1628,0.1141,0.1235,0.09015,0.08154,0.08756,0.07027,14.12,1133,158300,31020000,265.2,261.2,12.32,275000000,19650000,1245000,4.344E+14,177000000,11200000,1.886E+11,10.34,0.06269,3.90E-05,1548,0.001189,0.04605,0.5102,24.65,-0.9745,0.6433,0.1056,0.09482,0.04028,0.0309,-0.004192,-0.03407,-0.01323,0.08018,21.95,1166,140800,25870000,-1422,526500,50510,-2.772E+11,-26600000000,-2551000000,2.92E+17,2.404E+11,23060000000,2.577E+14,sad
7.458,0.05396,5.60E-05,173.2,0.001082,0.04086,0.04759,16.55,0.03824,0.282,0.3174,0.1661,0.1147,0.1091,0.08671,0.08574,0.1019,0.07124,12.15,1296,183200,35810000,289.7,271.8,8.207,286800000,18020000,829500,4.537E+14,162400000,7458000,1.258E+11,8.232,0.05171,3.80E-05,1517,0.00105,0.04028,0.5301,21.33,-0.9821,0.534,0.1602,0.05314,0.06702,0.06748,0.02619,0.01056,0.02346,0.06898,22.09,1392,175900,32990000,-1460,527400,50540,-2.782E+11,-26660000000,-2554000000,2.94E+17,2.409E+11,23090000000,2.582E+14,sad
4.397,0.03274,6.40E-05,181.6,0.001292,0.04906,0.05816,9.428,0.01335,0.2804,0.2964,0.1878,0.1256,0.1014,0.08918,0.1037,0.1077,0.08353,10.38,1200,166800,32510000,280.9,243.2,8.325,257000000,16630000,841800,4.073E+14,149900000,7575000,1.277E+11,7.545,0.04642,4.50E-05,1537,0.001219,0.04674,0.5423,19.03,-0.9872,0.6032,0.157,0.02918,0.0605,0.0488,-0.002305,-0.01016,0.001563,0.07813,20.27,1248,161200,30060000,-1441,528300,50570,-2.791E+11,-26720000000,-2557000000,2.95E+17,2.415E+11,23110000000,2.585E+14,sad
7.497,0.05435,4.10E-05,159.5,0.000939,0.03551,0.05374,16.14,0.03824,0.2725,0.3395,0.2132,0.1149,0.1223,0.1128,0.1016,0.08277,0.05921,10.93,1080,156200,30540000,237.4,244.1,7.901,258300000,16500000,799300,4.101E+14,149000000,7218000,1.213E+11,8.171,0.05207,3.10E-05,1552,0.001038,0.03958,0.5392,20.76,-0.9826,0.607,0.1271,0.03273,0.0548,0.03183,0.0221,0.02792,0.02492,0.06685,19.15,1048,136000,25960000,-1427,529200,50590,-2.8E+11,-26770000000,-2559000000,2.96E+17,2.42E+11,23130000000,2.59E+14,sad
6.116,0.04481,9.60E-05,178.9,0.001424,0.05375,0.08702,15.34,0.03573,0.2573,0.2559,0.1524,0.1261,0.1337,0.08341,0.08163,0.06117,0.08771,10.75,1117,153400,29500000,245,253.6,10.3,268800000,18210000,1043000,4.275E+14,164300000,9398000,1.583E+11,7.565,0.04624,5.60E-05,1537,0.001382,0.05278,0.5195,17.74,-0.9854,0.5922,0.2482,0.09151,0.1131,0.07859,0.01292,-0.02073,-0.01591,0.08207,17,1006,136000,26090000,-1453,530000,50620,-2.809E+11,-26830000000,-2562000000,2.98E+17,2.425E+11,23160000000,2.594E+14,sad
67.53,0.2903,0.001746,183.4,0.003287,0.1235,0.05864,116.8,0.5851,0.2502,0.329,0.1621,0.1651,0.1063,0.1186,0.09626,0.1003,0.1816,57.55,1073,173500,28310000,649.8,247.9,26.95,263200000,26610000,2731000,4.192E+14,243400000,24950000,4.151E+11,34.76,0.1637,0.000635,1548,0.002579,0.09844,0.5953,68.22,-0.7675,0.6309,0.08159,0.09999,0.03675,0.07862,0.0171,0.05274,0.05887,0.161,45.13,1433,112600,26380000,-1620,530900,50680,-2.819E+11,-26910000000,-2568000000,2.99E+17,2.432E+11,23210000000,2.602E+14,angry
8.673,0.04929,0.000728,211,0.003533,0.1331,0.0955,18.98,0.04615,0.2618,0.2843,0.1735,0.1362,0.1078,0.08802,0.09586,0.1071,0.196,12.85,1226,171000,33450000,277.7,262,44.54,278700000,36470000,4522000,4.446E+14,332800000,41150000,6.886E+11,9.765,0.05359,0.000396,1578,0.003286,0.1248,0.4914,23.76,-0.979,0.6185,0.1575,0.06422,0.04553,0.08236,0.0131,0.01753,0.03301,0.1938,23.43,1315,156700,28570000,-1448,531800,50780,-2.828E+11,-27000000000,-2578000000,3.01E+17,2.44E+11,23300000000,2.618E+14,angry
9.495,0.05667,0.001108,214.2,0.003435,0.1295,0.06478,20.42,0.05199,0.2913,0.2973,0.1839,0.1513,0.1014,0.1036,0.09173,0.09847,0.2004,12.81,1268,187000,37090000,290.9,274.6,44.25,292600000,36820000,4502000,4.676E+14,335800000,40940000,6.871E+11,9.794,0.05368,0.000444,1594,0.00297,0.1131,0.5684,24.79,-0.9777,0.5675,0.1567,0.08005,0.04821,0.08744,0.008949,0.01892,0.03626,0.1803,25.19,1563,190300,34850000,-1479,532700,50890,-2.838E+11,-27110000000,-2590000000,3.02E+17,2.45E+11,23410000000,2.636E+14,angry
8.61,0.05659,0.002337,202.3,0.005129,0.1932,0.1048,18.45,0.04355,0.2864,0.2685,0.1858,0.1115,0.09581,0.08296,0.07389,0.08721,0.2929,12.41,1302,183100,36060000,310.8,291.7,41.86,311300000,36680000,4268000,4.985E+14,335100000,38900000,6.527E+11,9.764,0.05479,0.000998,1577,0.004176,0.1589,0.5346,24.42,-0.9782,0.5449,0.1581,0.03198,0.05459,0.1033,0.03204,0.02602,0.03111,0.251,25.74,1572,188800,34560000,-1440,533700,51000,-2.848E+11,-27220000000,-2600000000,3.04E+17,2.46E+11,23510000000,2.652E+14,angry
8.673,0.04929,0.000728,211,0.003533,0.1331,0.0955,18.98,0.04615,0.2618,0.2843,0.1735,0.1362,0.1078,0.08802,0.09586,0.1071,0.196,12.85,1226,171000,33450000,277.7,262,44.54,280200000,36680000,4551000,4.494E+14,334700000,41410000,6.975E+11,9.765,0.05359,0.000396,1578,0.003286,0.1248,0.4914,23.76,-0.979,0.6185,0.1575,0.06422,0.04553,0.08236,0.0131,0.01753,0.03301,0.1938,23.43,1315,156700,28570000,-1448,534600,51110,-2.858E+11,-27320000000,-2611000000,3.06E+17,2.47E+11,23610000000,2.669E+14,angry
10.09,0.06684,0.000311,210.8,0.002864,0.1073,0.05947,21.39,0.04693,0.2692,0.3254,0.1722,0.09752,0.1152,0.1019,0.1106,0.1058,0.137,13.76,1205,167400,32710000,235.6,313.8,38.78,336200000,36390000,3971000,5.402E+14,331300000,36100000,6.099E+11,10.88,0.06192,0.00019,1603,0.002704,0.1024,0.567,25.57,-0.9757,0.6345,0.1305,0.04932,0.04402,0.06794,0.01971,0.04168,0.04369,0.15,23.7,1251,147800,27190000,-1506,535600,51220,-2.869E+11,-27430000000,-2623000000,3.07E+17,2.48E+11,23710000000,2.686E+14,disgust
10.32,0.06301,0.000756,208.2,0.003004,0.1125,0.08959,24.86,0.05143,0.5146,0.2756,0.1491,0.1268,0.1237,0.1053,0.08479,0.1111,0.1661,20.55,2396,264200,52840000,351,306.2,50.58,328700000,42270000,5191000,5.292E+14,385200000,47180000,7.992E+11,10.93,0.05813,0.000351,1583,0.002888,0.1099,0.5246,27.91,-0.9696,0.4237,0.1787,0.1374,-0.000655,0.04136,0.03381,0.03051,0.01852,0.1671,27.44,1901,203900,38740000,-1525,536700,51340,-2.881E+11,-27550000000,-2635000000,3.09E+17,2.49E+11,23820000000,2.705E+14,disgust
8.78,0.05135,0.000393,223.3,0.00311,0.1172,0.06796,19.18,0.04641,0.2149,0.2432,0.1827,0.1154,0.1047,0.08513,0.07871,0.07833,0.1821,14.02,1174,152500,29660000,285.8,354.1,64.21,380900000,51950000,6609000,6.146E+14,472300000,59970000,1.02E+12,10.03,0.05775,0.000197,1604,0.00326,0.1242,0.5032,23.7,-0.9781,0.6423,0.1791,0.01467,0.01211,0.06312,0.009988,0.02488,0.03821,0.2018,22.67,1173,134800,24580000,-1402,537800,51490,-2.893E+11,-27690000000,-2651000000,3.11E+17,2.503E+11,23960000000,2.729E+14,disgust
9.721,0.05912,0.000309,203.2,0.00269,0.1015,0.08517,22.25,0.05317,0.3049,0.2753,0.1612,0.1146,0.101,0.07533,0.08665,0.08968,0.1622,15.04,1336,179900,35020000,306.6,324.2,50.46,349500000,43250000,5209000,5.652E+14,393300000,47290000,8.066E+11,9.207,0.05246,0.000186,1600,0.003048,0.116,0.4847,21.93,-0.9777,0.5555,0.1699,0.06817,0.04105,0.08758,0.04559,0.05864,0.04588,0.1867,22.38,1308,155400,28640000,-1399,539000,51630,-2.905E+11,-27830000000,-2666000000,3.13E+17,2.516E+11,24100000000,2.753E+14,disgust
10.32,0.06301,0.000756,208.2,0.003004,0.1125,0.08959,24.86,0.05143,0.5146,0.2756,0.1491,0.1268,0.1237,0.1053,0.08479,0.1111,0.1661,20.55,2396,264200,52840000,351,306.2,50.58,330800000,42570000,5234000,5.359E+14,387900000,47580000,8.125E+11,10.93,0.05813,0.000351,1583,0.002888,0.1099,0.5246,27.91,-0.9696,0.4237,0.1787,0.1374,-0.000655,0.04136,0.03381,0.03051,0.01852,0.1671,27.44,1901,203900,38740000,-1525,540100,51760,-2.917E+11,-27960000000,-2679000000,3.15E+17,2.527E+11,24220000000,2.773E+14,disgust
10.23,0.06067,0.000391,181.6,0.002271,0.08612,0.05044,22.07,0.05577,0.2563,0.3085,0.1871,0.1219,0.1115,0.09252,0.1036,0.09577,0.1514,13.58,1218,167000,32630000,302.7,388.8,56.4,420900000,50230000,5851000,6.835E+14,454500000,52910000,9.104E+11,10.06,0.05826,0.000193,1594,0.002076,0.07964,0.5143,24.87,-0.9747,0.5888,0.08524,0.008375,0.04562,0.073,0.007715,0.01361,0.03853,0.1413,25.38,1460,170300,31250000,-1454,541300,51890,-2.93E+11,-28090000000,-2692000000,3.17E+17,2.539E+11,24330000000,2.793E+14,happy
58.95,0.2524,0.000424,211.5,0.002163,0.08196,0.03238,102.1,0.5088,0.2428,0.3244,0.1964,0.1872,0.1305,0.1126,0.1096,0.1113,0.139,51.51,1164,159700,27100000,585.2,328.5,38.01,356400000,37420000,3952000,5.802E+14,338500000,35740000,6.165E+11,28.43,0.1415,0.000213,1587,0.00216,0.08281,0.4875,56.44,-0.8212,0.6656,0.0642,0.03513,0.01673,0.03697,-0.005393,0.03248,0.03213,0.1466,38.07,1192,94000,21870000,-1509,542600,52000,-2.944E+11,-28210000000,-2704000000,3.19E+17,2.55E+11,24440000000,2.812E+14,happy
54.95,0.2376,0.000385,207.6,0.002335,0.08803,0.07326,93.39,0.4726,0.2286,0.2862,0.1787,0.1424,0.1138,0.08969,0.08925,0.09429,0.1485,47.79,1013,138500,23060000,511.5,293.5,46.91,319100000,40590000,4888000,5.204E+14,366900000,44180000,7.64E+11,25.25,0.1256,0.000249,1601,0.002568,0.09827,0.4791,49.74,-0.8481,0.6664,0.08382,0.07229,0.07983,0.05974,-0.01699,0.01896,0.03144,0.1656,35.18,1132,91160,19930000,-1488,543600,52120,-2.955E+11,-28330000000,-2716000000,3.21E+17,2.561E+11,24550000000,2.83E+14,happy
12.92,0.08058,0.000316,201.8,0.001925,0.07286,0.05065,28.33,0.07007,0.2332,0.3359,0.1969,0.1287,0.1263,0.1174,0.09774,0.09263,0.1299,15.58,1005,117700,22470000,248.8,298.8,42.71,325500000,38580000,4462000,5.318E+14,349900000,40430000,6.993E+11,12.44,0.0804,0.000216,1600,0.002263,0.08677,0.4657,30.98,-0.9632,0.6809,-0.03385,0.01386,0.007945,-0.004008,0.005302,0.03986,0.05433,0.1539,24.7,1097,111800,19920000,-1376,544600,52250,-2.966E+11,-28460000000,-2730000000,3.23E+17,2.572E+11,24680000000,2.852E+14,happy
12.92,0.08058,0.000316,201.8,0.001925,0.07286,0.05065,28.33,0.07007,0.2332,0.3359,0.1969,0.1287,0.1263,0.1174,0.09774,0.09263,0.1299,15.58,1005,117700,22470000,248.8,298.8,42.71,326100000,38660000,4473000,5.338E+14,350700000,40530000,7.025E+11,12.44,0.0804,0.000216,1600,0.002263,0.08677,0.4657,30.98,-0.9632,0.6809,-0.03385,0.01386,0.007945,-0.004008,0.005302,0.03986,0.05433,0.1539,24.7,1097,111800,19920000,-1376,545700,52370,-2.978E+11,-28580000000,-2742000000,3.25E+17,2.583E+11,24790000000,2.872E+14,happy
90.54,0.3887,0.000211,189.8,0.001918,0.07289,0.07666,159.2,0.7875,0.1817,0.3107,0.1984,0.2009,0.113,0.1083,0.1112,0.08714,0.1281,78.36,1178,139700,19690000,908,306.8,24.98,335500000,29360000,2620000,5.503E+14,266100000,23740000,4.123E+11,62.37,0.2909,0.000108,1576,0.001649,0.06344,0.5251,117.6,-0.5303,0.6889,0.08079,0.08694,0.1063,0.0828,-0.03261,0.008314,0.03199,0.1126,66.26,1293,32600,19690000,-1807,546700,52460,-2.989E+11,-28680000000,-2751000000,3.27E+17,2.592E+11,24870000000,2.886E+14,neutral
12.33,0.08115,0.000156,200.5,0.00145,0.05496,0.0507,27.57,0.06526,0.2499,0.3361,0.1975,0.114,0.1276,0.09867,0.08671,0.09742,0.09573,15.6,1038,141200,27490000,231.4,256.2,23.87,280700000,26280000,2506000,4.612E+14,237800000,22670000,3.948E+11,11.04,0.06887,8.00E-05,1566,0.001671,0.06404,0.4714,26.2,-0.9701,0.6283,0.09442,0.08707,0.04463,0.05599,-0.000161,0.0325,0.04167,0.1118,22.42,1066,119800,22150000,-1379,547700,52520,-3E+11,-28770000000,-2758000000,3.29E+17,2.6E+11,24930000000,2.897E+14,neutral
11.39,0.07308,0.000214,210.9,0.001842,0.06988,0.05678,24.32,0.06141,0.2429,0.296,0.1803,0.1402,0.1244,0.1119,0.1078,0.1095,0.1222,15.49,1177,150900,29650000,276.9,276.9,24.33,303800000,27560000,2558000,5E+14,249700000,23180000,4.035E+11,10.09,0.05924,0.000103,1559,0.001801,0.06893,0.5229,24.61,-0.9719,0.5833,0.04703,0.03131,0.06767,0.08644,0.0129,0.01352,0.03977,0.1196,25.23,1406,154000,28220000,-1395,548600,52590,-3.01E+11,-28850000000,-2765000000,3.30E+17,2.608E+11,25000000000,2.908E+14,neutral
12.4,0.07873,0.000215,207.7,0.001804,0.06819,0.02837,26.75,0.0661,0.2394,0.3223,0.1794,0.123,0.123,0.1008,0.1089,0.09974,0.1203,15.13,1053,138800,26950000,242.8,244.6,28.51,268900000,28410000,3002000,4.433E+14,256700000,27130000,4.742E+11,10.98,0.06478,0.000127,1583,0.001985,0.07613,0.4997,25.26,-0.9694,0.6027,0.03382,0.08133,0.07787,0.09206,0.003269,0.02158,0.05118,0.134,23.8,1155,119900,21390000,-1347,549500,52660,-3.02E+11,-28940000000,-2772000000,3.32E+17,2.615E+11,25060000000,2.92E+14,neutral
8.867,0.05259,0.000266,189.8,0.002026,0.07678,0.0539,19.75,0.04572,0.2034,0.2871,0.1812,0.1066,0.1191,0.1009,0.08169,0.0947,0.1381,11.97,974.7,136200,26550000,283.8,332.6,32.81,366200000,35440000,3460000,6.048E+14,320000000,31250000,5.474E+11,9.595,0.05581,0.000142,1580,0.00191,0.07312,0.5635,23.67,-0.9782,0.6191,0.06988,0.02444,0.08028,0.08794,0.01541,0.006685,0.03185,0.1281,23.17,1206,139000,25110000,-1408,550500,52750,-3.031E+11,-29040000000,-2782000000,3.34E+17,2.625E+11,25150000000,2.934E+14,neutral
9.799,0.06326,0.00027,200.6,0.001918,0.07209,0.03174,22.2,0.04902,0.4287,0.2866,0.2074,0.1605,0.1252,0.1318,0.1026,0.09665,0.1123,18.14,2020,242500,48140000,298.8,266.7,46.5,294200000,39550000,4915000,4.868E+14,358600000,44540000,7.793E+11,10.3,0.05722,0.000117,1634,0.00194,0.07372,0.5906,24.32,-0.9745,0.4996,0.1678,0.1386,0.0678,0.09417,0.05716,0.02094,0.02534,0.1119,23.62,1492,167900,31770000,-1561,551600,52870,-3.042E+11,-29160000000,-2794000000,3.36E+17,2.635E+11,25260000000,2.954E+14,sad
11.28,0.07224,0.000134,197.8,0.001403,0.05295,0.04741,25.16,0.06444,0.2573,0.3102,0.1688,0.1552,0.1436,0.09726,0.09915,0.08083,0.08651,14.99,1152,158300,30980000,245.9,300.7,45.32,332300000,40640000,4803000,5.508E+14,367700000,43440000,7.634E+11,10.06,0.05837,6.50E-05,1621,0.001594,0.06087,0.5105,24.03,-0.9727,0.584,0.1119,0.08657,0.04366,0.07911,0.005134,0.01239,0.03528,0.1009,23.7,1288,144100,26200000,-1475,552500,53000,-3.053E+11,-29280000000,-2808000000,3.37E+17,2.647E+11,25390000000,2.977E+14,sad
10.78,0.06994,0.000116,201.1,0.001266,0.04792,0.07545,22.27,0.06055,0.2812,0.3155,0.2141,0.1439,0.1199,0.09485,0.09708,0.09975,0.08219,14.43,1240,173500,34190000,262.8,325.3,41.3,360200000,39820000,4386000,5.983E+14,359500000,39600000,6.986E+11,9.822,0.06009,4.80E-05,1587,0.001295,0.04962,0.491,24.82,-0.9733,0.5562,0.08957,0.06709,0.05186,0.06395,0.008108,0.01532,0.03444,0.08667,25.57,1533,178600,32870000,-1503,553600,53110,-3.065E+11,-29400000000,-2820000000,3.39E+17,2.657E+11,25490000000,2.995E+14,sad
75.31,0.3222,0.00013,180.3,0.001383,0.05218,0.05924,131.1,0.6438,0.2118,0.2953,0.1673,0.1555,0.1262,0.1159,0.09091,0.0902,0.08561,65.25,927.3,134800,19590000,660.3,301.7,37.68,334700000,36630000,4009000,5.57E+14,331200000,36240000,6.399E+11,40.44,0.1908,6.00E-05,1596,0.00149,0.0569,0.5339,76.52,-0.7175,0.6539,0.06709,0.09403,0.1062,0.07689,-0.01801,0.02102,0.0667,0.09507,47.11,1114,57050,18280000,-1629,554700,53220,-3.077E+11,-29520000000,-2832000000,3.41E+17,2.668E+11,25600000000,3.014E+14,sad
11.28,0.07224,0.000134,197.8,0.001403,0.05295,0.04741,25.16,0.06444,0.2573,0.3102,0.1688,0.1552,0.1436,0.09726,0.09915,0.08083,0.08651,14.99,1152,158300,30980000,245.9,300.7,45.32,334200000,40890000,4833000,5.572E+14,369900000,43710000,7.732E+11,10.06,0.05837,6.50E-05,1621,0.001594,0.06087,0.5105,24.03,-0.9727,0.584,0.1119,0.08657,0.04366,0.07911,0.005134,0.01239,0.03528,0.1009,23.7,1288,144100,26200000,-1475,555800,53340,-3.089E+11,-29640000000,-2844000000,3.43E+17,2.679E+11,25710000000,3.034E+14,sad
77.03,0.3307,0.00227,223.5,0.004328,0.1629,0.08457,134.6,0.6689,0.1721,0.3654,0.2182,0.1731,0.1156,0.1186,0.09904,0.08015,0.2496,64.97,899.8,161700,24470000,783.6,261.4,38.48,291100000,34830000,4112000,4.862E+14,317700000,37430000,6.593E+11,44.64,0.2046,0.000997,1556,0.003251,0.1246,0.5819,86.26,-0.6862,0.6757,0.01238,0.1299,0.1161,0.08188,0.003832,0.01907,0.03985,0.2076,53.49,1395,87810,23810000,-1683,556700,53460,-3.099E+11,-29760000000,-2857000000,3.45E+17,2.69E+11,25830000000,3.055E+14,angry
10.96,0.061,0.001262,183.6,0.003446,0.1294,0.0852,22.21,0.05922,0.272,0.3223,0.1622,0.1164,0.08024,0.08105,0.07613,0.06615,0.1873,11.64,1129,180500,36530000,304.9,294.9,35.05,329000000,34540000,3752000,5.504E+14,314700000,34120000,6.026E+11,9.836,0.05386,0.000516,1552,0.002431,0.09299,0.617,25.34,-0.9746,0.5115,0.1454,0.06702,0.05517,0.08764,0.02709,0.04016,0.05149,0.1501,27.21,1765,219500,40470000,-1502,557700,53550,-3.11E+11,-29870000000,-2867000000,3.47E+17,2.699E+11,25920000000,3.071E+14,angry
9.316,0.05319,0.003091,187.9,0.004356,0.1639,0.1008,19.33,0.05028,0.2903,0.349,0.1543,0.1477,0.09422,0.09248,0.07879,0.08356,0.2478,10.19,1132,185300,37590000,318.9,323.3,35.23,361300000,35800000,3778000,6.057E+14,326700000,34400000,6.077E+11,8.828,0.04751,0.000976,1532,0.002944,0.1125,0.6275,22.77,-0.9795,0.4936,0.1183,0.08076,0.08714,0.1004,0.02672,0.02511,0.04506,0.1808,26.18,1766,223700,41490000,-1479,558800,53640,-3.122E+11,-29970000000,-2877000000,3.49E+17,2.709E+11,26000000000,3.086E+14,angry
84.96,0.3629,0.002253,191.5,0.00346,0.1302,0.05212,146,0.7373,0.193,0.3141,0.1587,0.1684,0.1041,0.1032,0.09452,0.0804,0.2056,71.24,852.8,161000,22820000,881.5,256,36.41,286600000,33820000,3910000,4.813E+14,307200000,35490000,6.3E+11,53.49,0.2411,0.000826,1561,0.002878,0.1103,0.5936,100.7,-0.6077,0.6396,0.004122,0.1323,0.132,0.09176,-0.01689,0.01669,0.05122,0.1884,61.9,1452,68320,21550000,-1716,559800,53720,-3.133E+11,-30070000000,-2885000000,3.51E+17,2.718E+11,26080000000,3.099E+14,angry
77.03,0.3307,0.00227,223.5,0.004328,0.1629,0.08457,134.6,0.6689,0.1721,0.3654,0.2182,0.1731,0.1156,0.1186,0.09904,0.08015,0.2496,64.97,899.8,161700,24470000,783.6,261.4,38.48,293200000,35070000,4141000,4.931E+14,319900000,37690000,6.684E+11,44.64,0.2046,0.000997,1556,0.003251,0.1246,0.5819,86.26,-0.6862,0.6757,0.01238,0.1299,0.1161,0.08188,0.003832,0.01907,0.03985,0.2076,53.49,1395,87810,23810000,-1683,560700,53830,-3.143E+11,-30180000000,-2897000000,3.53E+17,2.727E+11,26180000000,3.118E+14,angry
14.52,0.08341,0.000407,174,0.002035,0.07625,0.08966,29.46,0.07768,0.5572,0.3438,0.1616,0.1827,0.1244,0.1031,0.09179,0.09849,0.1052,19.81,2483,293100,58990000,309.8,284.9,41.78,320000000,38400000,4505000,5.391E+14,348500000,40840000,7.286E+11,12.89,0.06827,0.000173,1589,0.001728,0.06585,0.5671,32.29,-0.9587,0.3943,0.09537,0.248,0.05712,0.06651,0.05092,0.01675,0.02494,0.1,32.26,2310,250500,46910000,-1635,561600,53930,-3.154E+11,-30290000000,-2908000000,3.54E+17,2.737E+11,26280000000,3.136E+14,disgust
14.02,0.08314,0.000514,200.7,0.002828,0.1058,0.09369,28.84,0.0726,0.5483,0.3481,0.2459,0.2022,0.1255,0.1341,0.09679,0.09747,0.1455,18.51,2374,294200,58810000,339.5,324.6,41.98,365300000,40120000,4536000,6.166E+14,366200000,41290000,7.352E+11,12.72,0.06908,0.000244,1549,0.002223,0.08499,0.5666,32.36,-0.9589,0.3947,0.03899,0.1133,-0.03622,0.05895,0.04222,0.02718,0.04359,0.133,34.32,2430,264800,49410000,-1583,562700,54050,-3.166E+11,-30410000000,-2921000000,3.56E+17,2.748E+11,26400000000,3.157E+14,disgust
13.41,0.07766,0.000335,194.9,0.003148,0.1175,0.08127,28.33,0.06879,0.3077,0.3303,0.2036,0.1362,0.1021,0.08766,0.08452,0.09186,0.1432,14.76,1124,169900,34010000,241.5,316.4,38.75,356800000,38240000,4193000,6.034E+14,346600000,37970000,6.806E+11,10.72,0.06011,0.000213,1529,0.002385,0.09068,0.561,26.06,-0.9685,0.5418,0.06281,0.09584,0.07227,0.08383,0.03995,0.03228,0.02644,0.132,26.11,1513,179000,32940000,-1472,563800,54120,-3.178E+11,-30510000000,-2929000000,3.58E+17,2.758E+11,26470000000,3.17E+14,disgust
82.46,0.3511,0.000326,230.5,0.002691,0.1006,0.09534,146.6,0.7161,0.1906,0.3316,0.1799,0.1846,0.1083,0.1034,0.08887,0.08754,0.1322,70.22,870.5,139900,18750000,764,299,33.78,337800000,34370000,3662000,5.724E+14,313400000,33330000,5.954E+11,50.82,0.2343,0.000183,1543,0.002203,0.08364,0.544,99.18,-0.6287,0.6568,0.007344,0.1406,0.1005,0.08329,0.001034,0.02374,0.03797,0.1297,58.39,1334,61630,19950000,-1698,564800,54220,-3.19E+11,-30620000000,-2939000000,3.60E+17,2.768E+11,26570000000,3.187E+14,disgust
14.52,0.08341,0.000407,174,0.002035,0.07625,0.08966,29.46,0.07768,0.5572,0.3438,0.1616,0.1827,0.1244,0.1031,0.09179,0.09849,0.1052,19.81,2483,293100,58990000,309.8,284.9,41.78,322400000,38680000,4537000,5.473E+14,351100000,41130000,7.39E+11,12.89,0.06827,0.000173,1589,0.001728,0.06585,0.5671,32.29,-0.9587,0.3943,0.09537,0.248,0.05712,0.06651,0.05092,0.01675,0.02494,0.1,32.26,2310,250500,46910000,-1635,565800,54310,-3.202E+11,-30730000000,-2949000000,3.62E+17,2.777E+11,26650000000,3.203E+14,disgust
13.8,0.08146,0.000224,181.9,0.001487,0.05578,0.04831,28.95,0.07599,0.4698,0.2837,0.1629,0.1663,0.1089,0.1164,0.09493,0.1238,0.0911,17.76,2017,245900,49990000,350.9,248.5,30.25,281700000,30540000,3290000,4.79E+14,276400000,29770000,5.368E+11,12.25,0.07,0.00015,1556,0.001455,0.05613,0.5476,31.91,-0.9591,0.3938,0.01863,0.1434,0.02222,0.09425,0.02284,0.052,0.05724,0.09816,34.39,2418,255700,46330000,-1535,566800,54390,-3.212E+11,-30830000000,-2958000000,3.64E+17,2.786E+11,26740000000,3.218E+14,happy
15.05,0.08188,0.001747,206,0.002977,0.1127,0.02962,31.06,0.08427,0.5095,0.3769,0.205,0.1884,0.1367,0.1247,0.1072,0.1005,0.1933,17.3,2173,281500,56240000,386.3,257.6,40.37,292500000,36820000,4398000,4.981E+14,331300000,39620000,7.188E+11,13,0.06899,0.000634,1552,0.002396,0.09219,0.6083,32.76,-0.957,0.3957,0.06929,0.09426,-0.04014,0.04874,0.03877,0.04044,0.04875,0.1594,34.43,2482,280600,52270000,-1557,567600,54480,-3.222E+11,-30930000000,-2968000000,3.66E+17,2.795E+11,26830000000,3.234E+14,happy
12.3,0.06533,0.001198,212.3,0.003524,0.133,0.08862,25.74,0.06956,0.5521,0.369,0.1844,0.1932,0.11,0.1185,0.1091,0.1245,0.2094,17.3,2349,308500,60920000,345,287.6,47.49,327100000,42060000,5185000,5.579E+14,382400000,47050000,8.49E+11,10.6,0.0556,0.000541,1574,0.002564,0.09823,0.5647,26.61,-0.9689,0.3787,0.1694,0.09024,-0.03777,0.03937,0.05543,0.02948,0.01385,0.1581,30.07,2395,296600,57110000,-1610,568600,54600,-3.233E+11,-31050000000,-2981000000,3.68E+17,2.806E+11,26950000000,3.255E+14,happy
11.81,0.06726,0.001061,194,0.002805,0.1061,0.02722,25.13,0.0595,0.5959,0.3295,0.1875,0.1377,0.1155,0.1111,0.07091,0.1033,0.1763,15.92,2386,320100,64360000,371.4,305.6,32.48,348200000,34810000,3552000,5.95E+14,316200000,32250000,5.826E+11,10.82,0.05584,0.000362,1551,0.001663,0.06419,0.6817,29.05,-0.9667,0.2387,0.08414,0.1787,-0.01495,0.0728,0.04535,0.02177,0.01939,0.1119,35.32,2945,347000,65430000,-1627,569600,54680,-3.244E+11,-31150000000,-2990000000,3.70E+17,2.815E+11,27020000000,3.269E+14,happy
11.64,0.06644,0.001479,229.1,0.003072,0.1157,0.09479,25.55,0.06436,0.5148,0.3743,0.1669,0.1634,0.1446,0.1304,0.08883,0.09182,0.1848,15.19,2054,284700,57190000,342,253.4,35.69,289100000,33940000,3908000,4.949E+14,308200000,35440000,6.42E+11,11.14,0.057,0.000635,1584,0.002534,0.09742,0.5514,28.16,-0.9688,0.4231,0.02753,0.1544,0.05035,0.08916,0.0349,0.03754,0.05471,0.1603,30.04,2110,245400,45810000,-1513,570600,54770,-3.256E+11,-31250000000,-2999000000,3.72E+17,2.824E+11,27110000000,3.285E+14,happy
13.39,0.07422,0.000202,226.1,0.00165,0.06244,0.08741,27.26,0.0641,0.5787,0.3489,0.191,0.1484,0.1251,0.1242,0.09617,0.09865,0.1066,18.14,2401,302800,60280000,352.2,272.7,33.4,311700000,33700000,3664000,5.344E+14,305600000,33190000,6.028E+11,12.02,0.06484,0.000104,1576,0.001432,0.05501,0.5493,31.38,-0.9646,0.3872,0.06972,0.1524,-0.01656,0.00492,0.06615,0.08339,0.06437,0.09765,31.36,2269,263200,49650000,-1595,571500,54860,-3.266E+11,-31350000000,-3009000000,3.73E+17,2.833E+11,27200000000,3.301E+14,neutral
13.39,0.07807,0.000161,223.6,0.001715,0.06469,0.07189,28.15,0.06701,0.5075,0.3277,0.1899,0.1873,0.1361,0.1001,0.1088,0.1055,0.1003,18.69,2329,282400,56890000,359.9,281.3,32.79,322100000,33720000,3602000,5.532E+14,304900000,32550000,5.935E+11,11.94,0.06941,9.40E-05,1557,0.001455,0.05575,0.5359,31.82,-0.9613,0.3713,0.0801,0.1626,-0.02081,-0.003559,-0.00297,0.001757,0.0307,0.0939,34.74,2604,284200,52520000,-1556,572400,54930,-3.277E+11,-31450000000,-3017000000,3.75E+17,2.842E+11,27270000000,3.315E+14,neutral
13.12,0.07046,0.000187,206,0.001632,0.06146,0.04389,28.69,0.0653,0.5405,0.2869,0.1895,0.1361,0.1291,0.1194,0.1045,0.1018,0.09323,17.85,2278,286300,58060000,356.4,278.5,33.51,319400000,34160000,3685000,5.495E+14,308800000,33310000,6.08E+11,11.36,0.05942,9.30E-05,1591,0.001424,0.05454,0.5348,30.63,-0.9654,0.3446,0.08049,0.2025,0.04165,0.06838,0.04821,0.05195,0.06896,0.0901,32.79,2532,289100,53550000,-1589,573400,55010,-3.288E+11,-31540000000,-3025000000,3.77E+17,2.85E+11,27340000000,3.328E+14,neutral
13.97,0.07812,0.000231,230.2,0.001676,0.06298,0.06269,29.4,0.07053,0.4308,0.3021,0.1583,0.1821,0.1257,0.1043,0.1143,0.123,0.09536,18.82,1974,253600,50410000,317.7,244.4,32.72,280800000,31950000,3605000,4.837E+14,289700000,32660000,5.957E+11,12.09,0.0668,0.000124,1577,0.001586,0.06065,0.5423,30.07,-0.9627,0.4545,0.1218,0.1389,0.007554,0.0324,0.01715,0.05513,0.03892,0.09892,30.05,1987,224500,41450000,-1535,574300,55090,-3.298E+11,-31640000000,-3035000000,3.79E+17,2.86E+11,27430000000,3.344E+14,neutral
14.94,0.09465,0.000342,234,0.001907,0.07165,0.04522,29.17,0.08116,0.5003,0.3322,0.2917,0.1873,0.1402,0.1255,0.1035,0.1104,0.1141,21.07,2345,267700,53550000,351.7,258.7,31.24,297600000,31660000,3446000,5.135E+14,287800000,31280000,5.703E+11,12.48,0.06652,0.000166,1577,0.001629,0.06226,0.5757,31.55,-0.9566,0.3909,0.002979,0.09348,-0.008236,0.05742,0.02622,0.0447,0.08737,0.1033,34.23,2363,236000,45100000,-1546,575200,55180,-3.308E+11,-31740000000,-3044000000,3.81E+17,2.868E+11,27520000000,3.359E+14,neutral
14.1,0.09101,6.00E-05,186.4,0.000985,0.03715,0.09021,30.72,0.06971,0.6142,0.3003,0.1668,0.1567,0.1038,0.1105,0.06799,0.08904,0.0574,20.61,2738,323200,64720000,345.9,323,29.34,372200000,34140000,3241000,6.434E+14,308500000,29280000,5.369E+11,11.45,0.06062,3.10E-05,1560,0.000761,0.02911,0.5561,31.99,-0.9595,0.1745,0.1287,0.1926,-0.03114,0.009511,0.04252,0.001994,0.000367,0.04724,37.75,3228,355500,67940000,-1711,576200,55230,-3.32E+11,-31830000000,-3050000000,3.83E+17,2.876E+11,27570000000,3.369E+14,sad
13.23,0.07673,5.90E-05,201.2,0.001195,0.04478,0.08862,28.4,0.06525,0.5335,0.3321,0.1856,0.1701,0.1309,0.08077,0.1022,0.09983,0.06219,19.18,2380,287800,57730000,303.2,256.4,34.81,295900000,33800000,3849000,5.124E+14,306600000,34880000,6.386E+11,11.37,0.06286,3.50E-05,1586,0.001062,0.04034,0.5556,28.81,-0.9628,0.3559,0.03175,0.1755,0.01335,0.005643,0.0467,0.01258,0.04433,0.0618,32.59,2405,260800,48890000,-1639,577200,55320,-3.331E+11,-31930000000,-3059000000,3.85E+17,2.885E+11,27650000000,3.384E+14,sad
17.88,0.09397,8.40E-05,176.3,0.001101,0.04122,0.04217,36.65,0.09192,0.4935,0.2949,0.229,0.1771,0.1299,0.1433,0.09753,0.1048,0.06136,20.83,2228,269500,54260000,291.1,259,28.64,299500000,30380000,3173000,5.194E+14,275600000,28750000,5.271E+11,13.85,0.07146,5.20E-05,1585,0.001074,0.04104,0.5503,34.64,-0.9491,0.4085,0.0316,0.1285,-0.00592,0.0589,0.04415,0.03451,0.04822,0.06698,34.17,2294,243500,45200000,-1596,578100,55390,-3.342E+11,-32020000000,-3068000000,3.86E+17,2.894E+11,27730000000,3.399E+14,sad
18.02,0.09584,6.90E-05,160.1,0.00095,0.03562,0.09798,37.3,0.0929,0.4884,0.3181,0.1608,0.1524,0.1407,0.09486,0.1028,0.09809,0.05471,21.44,2160,256400,51330000,273.8,282.5,28.95,327100000,31830000,3210000,5.682E+14,288200000,29040000,5.339E+11,12.83,0.06629,3.40E-05,1575,0.000934,0.03576,0.4771,31.43,-0.9514,0.346,0.002658,0.1448,0.04189,0.06411,0.03165,0.05845,0.05791,0.05652,34.34,2419,252600,47020000,-1626,579000,55460,-3.353E+11,-32110000000,-3075000000,3.88E+17,2.902E+11,27800000000,3.41E+14,sad
13.23,0.07673,5.90E-05,201.2,0.001195,0.04478,0.08862,28.4,0.06525,0.5335,0.3321,0.1856,0.1701,0.1309,0.08077,0.1022,0.09983,0.06219,19.18,2380,287800,57730000,303.2,256.4,34.81,297300000,33950000,3865000,5.173E+14,307900000,35020000,6.438E+11,11.37,0.06286,3.50E-05,1586,0.001062,0.04034,0.5556,28.81,-0.9628,0.3559,0.03175,0.1755,0.01335,0.005643,0.0467,0.01258,0.04433,0.0618,32.59,2405,260800,48890000,-1639,579900,55540,-3.363E+11,-32210000000,-3084000000,3.90E+17,2.911E+11,27870000000,3.425E+14,sad
60.38,0.2607,0.001199,185.2,0.004268,0.1598,0.06049,106.9,0.507,0.2598,0.315,0.152,0.1426,0.1164,0.1065,0.08958,0.07396,0.2139,52.04,1126,169800,28800000,566.7,236,44.79,274100000,38680000,4984000,4.776E+14,353300000,45380000,8.318E+11,26.71,0.1264,0.000583,1600,0.003428,0.13,0.6124,54.85,-0.8326,0.5888,0.08886,0.08277,0.1182,0.1127,0.03044,-0.005015,0.01024,0.1885,37.09,1299,110500,25340000,-1519,580800,55650,-3.373E+11,-32320000000,-3096000000,3.92E+17,2.921E+11,27990000000,3.446E+14,angry
6.848,0.04734,0.001102,227.9,0.00456,0.1713,0.07332,15.05,0.03398,0.261,0.3152,0.1554,0.1142,0.09587,0.09533,0.09146,0.06818,0.2397,9.915,1041,156700,31160000,249.6,196.7,48.23,228800000,38720000,5379000,3.992E+14,353600000,48950000,8.996E+11,8.642,0.04875,0.000703,1595,0.00419,0.1587,0.5269,19.97,-0.983,0.5868,0.121,0.08201,0.1043,0.1061,0.03764,0.00046,0.008661,0.2374,21.46,1188,144100,26180000,-1415,581600,55770,-3.382E+11,-32430000000,-3110000000,3.93E+17,2.931E+11,28110000000,3.469E+14,angry
52.32,0.2272,0.000628,249.6,0.004411,0.1653,0.02498,96.1,0.4515,0.2105,0.27,0.1525,0.1238,0.08331,0.07344,0.08201,0.07018,0.2181,45.82,956.8,139700,24690000,452.1,199.8,44.84,232600000,36960000,5011000,4.063E+14,338300000,45690000,8.402E+11,22.19,0.1081,0.000446,1588,0.003994,0.1511,0.5922,45.74,-0.867,0.6361,0.1596,0.07213,0.1102,0.09669,0.03861,0.008159,0.01849,0.2155,30.79,959.7,84240,18480000,-1468,582200,55900,-3.39E+11,-32550000000,-3125000000,3.95E+17,2.942E+11,28240000000,3.493E+14,angry
7.797,0.04569,0.000911,209.5,0.004513,0.1691,0.08004,16.39,0.03761,0.239,0.2879,0.1465,0.1026,0.07029,0.06832,0.06909,0.06766,0.2268,10.35,1018,149500,29740000,266.1,204.3,45.16,238200000,37310000,5059000,4.166E+14,342600000,46220000,8.502E+11,8.443,0.04739,0.000575,1617,0.004397,0.1664,0.5351,19.51,-0.9841,0.5944,0.1572,0.07046,0.1103,0.09766,0.04273,0.01231,0.01626,0.2386,19.56,992.2,119100,21700000,-1348,582900,56040,-3.398E+11,-32670000000,-3140000000,3.96E+17,2.952E+11,28380000000,3.519E+14,angry
53.55,0.237,0.001405,227.7,0.004754,0.178,0.08236,98.7,0.4604,0.24,0.2656,0.1225,0.1195,0.08493,0.09484,0.0836,0.08394,0.2384,46.82,1106,148500,27240000,479.4,212.5,46.06,248100000,38410000,5173000,4.344E+14,351900000,47180000,8.713E+11,22.63,0.1097,0.000758,1612,0.004258,0.1611,0.5621,46.51,-0.8674,0.6395,0.1903,0.09448,0.1288,0.1109,0.02989,0.002034,0.02325,0.2312,31.15,1055,95760,21810000,-1486,583700,56170,-3.407E+11,-32780000000,-3154000000,3.98E+17,2.963E+11,28510000000,3.543E+14,angry
20.54,0.1204,0.000192,171.8,0.001515,0.05678,0.08429,49.04,0.1187,0.2732,0.4083,0.2883,0.2782,0.1739,0.1554,0.1547,0.1101,0.07731,19.13,1286,155800,30440000,276.4,303,28.31,354200000,32370000,3185000,6.211E+14,296700000,29150000,5.374E+11,18.2,0.1095,7.40E-05,1581,0.001149,0.04359,0.6149,46.33,-0.9221,0.612,-0.07881,-0.001264,-0.02055,0.06144,0.07921,0.01595,-0.01985,0.0637,30.25,1654,162800,30740000,-1580,584600,56270,-3.417E+11,-32890000000,-3166000000,4.00E+17,2.973E+11,28620000000,3.562E+14,disgust
9.033,0.05497,0.000191,182.7,0.001438,0.05397,0.04671,19.5,0.04605,0.3223,0.3021,0.1631,0.14,0.08331,0.1082,0.09705,0.09899,0.07731,12.2,1308,187100,36840000,240.6,270.6,35.31,316900000,35190000,3978000,5.566E+14,320300000,36130000,6.721E+11,8.46,0.04779,8.90E-05,1537,0.001135,0.0432,0.6192,22.18,-0.9794,0.5154,0.1156,0.01911,0.06097,0.08572,0.01396,-0.01395,0.0102,0.06742,23.74,1500,187700,35380000,-1545,585500,56340,-3.429E+11,-32990000000,-3173000000,4.02E+17,2.981E+11,28690000000,3.575E+14,disgust
8.161,0.04895,9.10E-05,210.1,0.001643,0.06175,0.07401,18.14,0.04183,0.2923,0.285,0.1518,0.1012,0.08081,0.08131,0.09647,0.09315,0.08844,13.22,1373,192400,37170000,298.4,275.5,22.02,323200000,27910000,2484000,5.686E+14,253200000,22520000,4.201E+11,7.205,0.04364,5.70E-05,1571,0.00158,0.05974,0.5293,19.01,-0.9833,0.4974,0.1977,0.05484,0.04896,0.06746,0.02074,0.005416,0.01144,0.08708,20.02,1266,164300,31190000,-1427,586500,56400,-3.44E+11,-33080000000,-3180000000,4.04E+17,2.99E+11,28750000000,3.587E+14,disgust
7.713,0.05351,9.90E-05,174.1,0.001919,0.07205,0.02981,17.98,0.04012,0.2463,0.2881,0.17,0.1293,0.1064,0.1146,0.08902,0.08676,0.1038,12.19,1194,168600,33000000,283.5,279.9,41.24,328900000,39720000,4658000,5.796E+14,359900000,42180000,7.89E+11,8.187,0.04946,6.40E-05,1579,0.001756,0.06671,0.5522,20.88,-0.9815,0.5699,0.1473,0.0247,0.04381,0.05891,-0.008491,-0.0296,0.02422,0.1026,21.75,1239,149200,27660000,-1437,587500,56480,-3.451E+11,-33180000000,-3190000000,4.06E+17,2.999E+11,28830000000,3.603E+14,disgust
47.3,0.2036,0.000153,224,0.001615,0.06066,0.05954,86.29,0.4041,0.269,0.3172,0.1699,0.1321,0.0905,0.09484,0.09041,0.1009,0.09337,41.68,1186,163300,29420000,398,257.5,32.21,303000000,32900000,3645000,5.348E+14,300100000,33190000,6.187E+11,18.85,0.09486,6.80E-05,1592,0.001558,0.05929,0.5639,40.06,-0.8912,0.5822,0.1068,0.07143,0.09825,0.06541,0.006601,0.01027,0.04118,0.08981,29.28,1152,115600,24370000,-1499,588400,56590,-3.462E+11,-33300000000,-3202000000,4.07E+17,3.01E+11,28950000000,3.625E+14,disgust
4.324,0.03763,0.000241,232.7,0.001898,0.0714,0.04186,12.01,0.01808,0.2533,0.2947,0.1435,0.1119,0.09265,0.0819,0.09805,0.1111,0.1082,8.454,895.8,133500,26770000,193.6,255.6,53.63,301200000,45860000,6082000,5.325E+14,418100000,55300000,1.035E+12,8.204,0.04809,0.000131,1635,0.002062,0.07833,0.5557,19.15,-0.9867,0.6335,0.07773,0.06958,0.08941,0.07308,0.03411,0.01514,0.03181,0.1231,20.29,1009,116100,20500000,-1481,589300,56720,-3.472E+11,-33420000000,-3216000000,4.09E+17,3.021E+11,29070000000,3.648E+14,happy
80.59,0.3419,0.000209,247.6,0.001723,0.06485,0.06698,142.6,0.6995,0.1409,0.2531,0.1329,0.166,0.1084,0.08937,0.09145,0.1053,0.1103,69.52,650.8,94460,9703000,695.5,264.2,60.13,311900000,50460000,6838000,5.522E+14,455200000,61720000,1.166E+12,44.83,0.2054,0.000157,1671,0.002251,0.08578,0.4304,84.85,-0.6762,0.7106,0.1094,0.1214,0.1177,0.05787,-0.01872,-0.03595,-0.002343,0.1414,49.87,921.9,26930,12730000,-1696,590200,56870,-3.483E+11,-33560000000,-3234000000,4.11E+17,3.033E+11,29230000000,3.678E+14,happy
94.68,0.4021,0.000147,205.4,0.001594,0.06008,0.09533,165.6,0.8186,0.1442,0.2447,0.1197,0.1596,0.09214,0.09997,0.08264,0.08191,0.09625,81.08,669.4,122200,10060000,903.1,314.1,49.03,371300000,46690000,5592000,6.585E+14,423300000,50660000,9.566E+11,62.39,0.278,8.90E-05,1586,0.001711,0.06507,0.4743,114.8,-0.5151,0.6902,0.1019,0.09855,0.1384,0.08813,-0.01364,-0.02289,0.006688,0.1041,66.26,1199,31500,18510000,-1838,591200,57030,-3.495E+11,-33720000000,-3252000000,4.13E+17,3.047E+11,29400000000,3.709E+14,happy
103.4,0.4404,0.000124,232.9,0.001382,0.05203,0.08739,181.5,0.8977,0.1378,0.2298,0.1115,0.17,0.1067,0.1066,0.0863,0.09305,0.08185,88.25,717.1,135300,9477000,995.6,337.1,47.56,399400000,47290000,5436000,7.096E+14,428000000,49190000,9.321E+11,85.4,0.3773,6.50E-05,1593,0.001344,0.05107,0.4671,157.8,-0.3216,0.6941,0.1344,0.1248,0.1694,0.1067,-0.01212,-0.03436,-0.01105,0.08071,85.93,1386,9703,20430000,-2130,592300,57160,-3.508E+11,-33850000000,-3267000000,4.16E+17,3.06E+11,29530000000,3.734E+14,happy
94.68,0.4021,0.000147,205.4,0.001594,0.06008,0.09533,165.6,0.8186,0.1442,0.2447,0.1197,0.1596,0.09214,0.09997,0.08264,0.08191,0.09625,81.08,669.4,122200,10060000,903.1,314.1,49.03,372700000,46880000,5618000,6.636E+14,425000000,50890000,9.654E+11,62.39,0.278,8.90E-05,1586,0.001711,0.06507,0.4743,114.8,-0.5151,0.6902,0.1019,0.09855,0.1384,0.08813,-0.01364,-0.02289,0.006688,0.1041,66.26,1199,31500,18510000,-1838,593400,57300,-3.521E+11,-34000000000,-3282000000,4.18E+17,3.073E+11,29670000000,3.761E+14,happy
94.44,0.4012,9.70E-05,231,0.001527,0.05725,0.05852,165.5,0.8179,0.1574,0.2376,0.1121,0.1438,0.1017,0.1205,0.09646,0.09406,0.08209,81.58,775,123200,10980000,923.1,241.8,30.16,287400000,31680000,3462000,5.125E+14,286300000,31290000,5.96E+11,64.49,0.2908,6.10E-05,1581,0.001568,0.05978,0.5679,118.9,-0.5007,0.6945,0.1306,0.1535,0.1771,0.09651,-0.06288,-0.07338,-0.01473,0.0947,67.03,1190,25360,17920000,-1781,594400,57400,-3.533E+11,-34120000000,-3294000000,4.20E+17,3.084E+11,29780000000,3.782E+14,neutral
93.31,0.3961,9.90E-05,223.3,0.001374,0.05155,0.03665,165,0.809,0.1436,0.2459,0.09878,0.1521,0.1127,0.1148,0.1022,0.09699,0.081,80.44,821.8,118200,10790000,934.2,252.9,28.26,301000000,31210000,3249000,5.376E+14,282300000,29390000,5.602E+11,64.14,0.29,6.60E-05,1559,0.001596,0.0611,0.4886,121.8,-0.5067,0.6828,0.09699,0.1496,0.187,0.1141,-0.04329,-0.07068,-0.00883,0.1007,67.34,1214,23330,17060000,-1749,595200,57490,-3.543E+11,-34220000000,-3305000000,4.22E+17,3.093E+11,29870000000,3.799E+14,neutral
96.29,0.4097,7.20E-05,229.4,0.001401,0.05266,0.03574,169.3,0.8328,0.1502,0.2175,0.09188,0.1687,0.08962,0.1146,0.1057,0.09411,0.07984,82.94,724.2,124600,10240000,962.8,255.7,29.43,304900000,32130000,3388000,5.453E+14,290000000,30590000,5.851E+11,67.91,0.303,5.00E-05,1554,0.001474,0.0563,0.5043,125,-0.4703,0.6623,0.1171,0.1609,0.1945,0.1363,-0.03281,-0.06,-0.00304,0.09044,70.44,1247,24700,18550000,-1828,596100,57580,-3.554E+11,-34320000000,-3314000000,4.24E+17,3.102E+11,29960000000,3.816E+14,neutral
89.67,0.3819,0.0001,219.9,0.001342,0.05032,0.02296,157.1,0.7761,0.153,0.2218,0.1071,0.1521,0.08808,0.1094,0.09185,0.08711,0.07392,77.11,713.6,120900,10760000,830.9,226,27.73,269900000,29380000,3198000,4.833E+14,266500000,28990000,5.531E+11,55.77,0.2512,6.30E-05,1571,0.001447,0.05514,0.5263,104,-0.5726,0.6544,0.1266,0.1398,0.175,0.113,-0.03003,-0.06471,-0.01145,0.08777,60.23,1191,42460,18670000,-1697,597000,57660,-3.564E+11,-34420000000,-3324000000,4.26E+17,3.111E+11,30050000000,3.834E+14,neutral
94.26,0.4004,0.000104,246.6,0.001477,0.05526,0.02793,164.1,0.816,0.164,0.2369,0.1086,0.1364,0.0989,0.1156,0.09849,0.09257,0.08076,81.27,802.1,123400,11870000,925.1,249.6,32.15,298400000,33420000,3712000,5.351E+14,302400000,33580000,6.43E+11,64.25,0.2881,7.40E-05,1543,0.001637,0.06234,0.5011,117.8,-0.503,0.665,0.1211,0.1288,0.1897,0.1231,-0.04719,-0.06442,-0.01755,0.09835,66.99,1192,21610,17450000,-1763,597800,57750,-3.573E+11,-34520000000,-3334000000,4.27E+17,3.12E+11,30140000000,3.851E+14,neutral
98.37,0.417,4.40E-05,195,0.000854,0.03187,0.05292,171,0.8497,0.1563,0.2852,0.1421,0.146,0.1113,0.1164,0.09023,0.07584,0.04354,84.01,698.6,129600,9313000,928.1,299.8,29.33,359000000,34180000,3392000,6.448E+14,310200000,30750000,5.884E+11,71.34,0.3209,2.70E-05,1526,0.000793,0.03025,0.5323,132.1,-0.4399,0.6575,0.07507,0.1229,0.1995,0.1095,-0.03197,-0.0511,0.001044,0.04769,74.24,1315,26660,20380000,-1959,598700,57840,-3.585E+11,-34630000000,-3345000000,4.29E+17,3.13E+11,30230000000,3.869E+14,sad
94.85,0.4052,4.80E-05,182,0.000942,0.03498,0.08351,169.1,0.8108,0.1733,0.2475,0.1138,0.1532,0.1028,0.1384,0.1116,0.08648,0.04417,80.41,792.6,147600,12950000,881.8,283.4,17.67,340000000,26280000,2046000,6.117E+14,240000000,18710000,3.553E+11,61.91,0.2764,2.80E-05,1528,0.000847,0.03199,0.6103,117.1,-0.5206,0.5908,0.05696,0.1333,0.2196,0.1569,0.01046,-0.05665,-0.03401,0.04735,66.78,1444,52700,23650000,-1851,599700,57900,-3.597E+11,-34730000000,-3352000000,4.31E+17,3.138E+11,30300000000,3.881E+14,sad
94.08,0.4032,6.10E-05,194.3,0.000803,0.03001,0.05744,163.5,0.8062,0.1905,0.2528,0.147,0.1742,0.1125,0.1294,0.09788,0.08074,0.04116,80.52,758.8,139300,12640000,892.1,290,17.8,348400000,26340000,2062000,6.279E+14,240100000,18810000,3.584E+11,61.94,0.2763,3.40E-05,1518,0.000822,0.03125,0.5222,114.2,-0.5198,0.5938,0.1052,0.1326,0.1817,0.1141,-0.02964,-0.04237,-0.007037,0.04735,66.14,1340,49630,22480000,-1851,600700,57950,-3.609E+11,-34810000000,-3358000000,4.34E+17,3.146E+11,30350000000,3.892E+14,sad
98.69,0.4207,6.90E-05,195.7,0.000912,0.03423,0.03586,174.3,0.8503,0.1762,0.2379,0.1208,0.1605,0.1108,0.1234,0.09737,0.08441,0.0507,84.16,816,152400,14520000,930.4,294.6,26.67,354600000,32590000,3094000,6.401E+14,296000000,28090000,5.383E+11,71.4,0.317,3.80E-05,1537,0.000802,0.03072,0.5513,132.4,-0.4374,0.6262,0.1283,0.1242,0.1986,0.1337,-0.02849,-0.06532,-0.01073,0.04904,74.61,1433,45990,23850000,-1979,601700,58010,-3.621E+11,-34910000000,-3365000000,4.36E+17,3.155E+11,30410000000,3.903E+14,sad
98.7,0.4235,8.30E-05,171.5,0.001211,0.04514,0.06298,174.6,0.8516,0.1554,0.2771,0.1368,0.187,0.1077,0.1339,0.1023,0.08465,0.05676,83.59,933.4,141000,12120000,938.6,274.4,24.36,330700000,30230000,2829000,5.98E+14,275800000,25810000,4.927E+11,73.75,0.3309,4.30E-05,1524,0.000886,0.03375,0.6517,138.3,-0.4298,0.6279,0.05068,0.1478,0.2079,0.1487,-0.01439,-0.06557,-0.01787,0.05226,77.58,1534,35770,22910000,-1976,602700,58070,-3.633E+11,-35000000000,-3372000000,4.38E+17,3.164E+11,30480000000,3.916E+14,sad
11.32,0.06855,0.000781,251.2,0.003186,0.1188,0.08368,23.72,0.06003,0.4104,0.2698,0.125,0.1595,0.1178,0.1012,0.1053,0.1142,0.1564,18.46,1739,214500,42290000,266.6,243.6,37.03,294100000,35880000,4306000,5.325E+14,327900000,39240000,7.512E+11,11.19,0.05812,0.000367,1608,0.0027,0.1026,0.5863,28.3,-0.9707,0.4918,0.2088,0.1347,0.01409,0.08219,0.02632,0.01156,0.009331,0.1513,27.44,1825,211900,39390000,-1526,603600,58170,-3.643E+11,-35110000000,-3383000000,4.40E+17,3.173E+11,30580000000,3.935E+14,angry
9.982,0.06983,0.000544,230.7,0.003917,0.1468,0.09869,22.92,0.05029,0.2591,0.3176,0.2215,0.1723,0.1255,0.1197,0.1021,0.1167,0.1963,16.88,1471,180000,35030000,325.6,281.3,40.42,340100000,40130000,4708000,6.167E+14,365700000,42820000,8.227E+11,14.47,0.08398,0.000285,1626,0.003019,0.1147,0.5594,36.4,-0.9626,0.681,0.1416,0.02906,-0.001343,0.007834,-0.05254,-0.02415,-0.01268,0.1734,29.63,1639,181200,33030000,-1527,604500,58260,-3.654E+11,-35220000000,-3394000000,4.42E+17,3.183E+11,30680000000,3.955E+14,angry
9.53,0.07473,0.000644,265.5,0.003637,0.1372,0.08592,19.76,0.05606,0.3731,0.2622,0.1771,0.1435,0.1045,0.09433,0.08469,0.1012,0.21,16.13,1685,202200,39530000,338.4,250.3,26.61,303100000,30000000,3104000,5.506E+14,273800000,28290000,5.433E+11,10.84,0.06146,0.000363,1594,0.002913,0.1112,0.5904,27.51,-0.9713,0.5243,0.1292,0.07005,-0.006314,0.04339,-0.003252,0.02929,0.01967,0.1854,28.53,1841,205600,37620000,-1410,605400,58350,-3.666E+11,-35330000000,-3404000000,4.44E+17,3.193E+11,30770000000,3.973E+14,angry
6.965,0.04765,0.000744,248.9,0.004419,0.1655,0.07812,16.32,0.03173,0.4201,0.2748,0.21,0.1652,0.1241,0.1015,0.111,0.09856,0.2193,15.29,1851,232000,45610000,326.2,287.9,32.75,349100000,35620000,3826000,6.35E+14,325100000,34850000,6.704E+11,9.818,0.05469,0.000395,1584,0.003156,0.1196,0.5735,26.04,-0.9769,0.4813,0.1914,0.07875,-0.04333,0.03775,-0.008423,0.01435,0.02243,0.1785,27.52,1958,233000,43160000,-1473,606400,58420,-3.677E+11,-35420000000,-3413000000,4.46E+17,3.202E+11,30850000000,3.987E+14,angry
11.03,0.07057,0.000935,248.3,0.004478,0.168,0.07925,22.09,0.05226,0.4663,0.2131,0.1687,0.1507,0.1381,0.1312,0.1053,0.1062,0.2198,17.9,1997,220900,43580000,349.7,299.4,38.72,363700000,40400000,4529000,6.627E+14,367100000,41100000,7.946E+11,11.07,0.05781,0.000451,1593,0.003209,0.1219,0.5731,28.23,-0.9704,0.4631,0.1848,0.1027,-0.01353,0.04568,-0.01346,0.0149,-0.003625,0.1781,30.2,2158,240700,44550000,-1519,607400,58500,-3.689E+11,-35530000000,-3422000000,4.48E+17,3.212E+11,30930000000,4.003E+14,angry
14.96,0.1171,0.000115,209.3,0.001324,0.04968,0.08165,27.63,0.09384,0.2776,0.2653,0.3234,0.2577,0.2002,0.1304,0.125,0.1335,0.07115,20.22,1399,162800,31420000,248.8,294.5,20.59,358400000,29380000,2411000,6.541E+14,267200000,21940000,4.235E+11,15.4,0.1008,6.30E-05,1537,0.001081,0.04129,0.5396,37.29,-0.9495,0.5973,0.1272,0.000537,-0.09499,0.1018,0.000356,0.007363,-0.01954,0.0657,32.21,1952,211000,39810000,-1623,608400,58570,-3.702E+11,-35630000000,-3429000000,4.50E+17,3.221E+11,31000000000,4.017E+14,disgust
68.77,0.2972,0.000109,242.2,0.001377,0.0519,0.1047,121.8,0.5961,0.3483,0.2544,0.1988,0.1981,0.1592,0.1159,0.1182,0.1092,0.08219,59.04,1508,208900,34580000,633.4,306.8,36.86,373900000,40080000,4322000,6.837E+14,364500000,39270000,7.602E+11,36.84,0.1777,6.20E-05,1558,0.001093,0.0418,0.5369,73.33,-0.7498,0.57,0.1328,0.07561,0.01073,0.06805,-0.01556,0.005909,-0.009852,0.06992,48.24,1729,144100,33430000,-1792,609500,58640,-3.714E+11,-35740000000,-3438000000,4.53E+17,3.23E+11,31080000000,4.032E+14,disgust
78.69,0.3359,0.000143,233.8,0.001285,0.04819,0.1296,135.2,0.683,0.2582,0.2704,0.1831,0.2375,0.1453,0.1066,0.1255,0.09539,0.07114,66.47,1284,199500,30260000,728.3,313.6,36.12,382900000,39880000,4242000,7.012E+14,362900000,38570000,7.475E+11,46.29,0.2152,7.60E-05,1545,0.001084,0.04141,0.523,88.19,-0.6704,0.6255,0.1415,0.115,0.04317,0.05175,-0.04463,-0.02751,-0.003755,0.06506,56.38,1694,121400,30760000,-1880,610500,58750,-3.727E+11,-35870000000,-3451000000,4.55E+17,3.242E+11,31190000000,4.054E+14,disgust
10.29,0.06341,0.000131,210.1,0.001603,0.0603,0.07733,23.07,0.05765,0.4769,0.265,0.2546,0.1285,0.1284,0.1037,0.1163,0.09256,0.09048,17.92,2020,254400,50200000,325.1,348.7,30.78,426600000,38350000,3621000,7.827E+14,349400000,32980000,6.389E+11,10.9,0.05914,7.40E-05,1551,0.001178,0.04497,0.5787,30.58,-0.9673,0.3485,0.2058,0.1089,-0.01124,0.0921,0.01879,-0.02952,-0.03204,0.0732,33.02,2588,302500,56500000,-1668,611700,58830,-3.741E+11,-35990000000,-3461000000,4.58E+17,3.253E+11,31290000000,4.072E+14,disgust
14.37,0.08862,9.70E-05,262.8,0.001396,0.05241,0.08182,29.68,0.07515,0.3618,0.2574,0.2037,0.1162,0.1375,0.1004,0.1282,0.09635,0.08052,19.83,1610,198100,38680000,278.1,308.2,28.69,377700000,34750000,3379000,6.944E+14,316400000,30740000,5.97E+11,13.48,0.07822,6.00E-05,1544,0.001284,0.04915,0.5047,33.33,-0.958,0.5419,0.1501,0.06374,-0.007488,0.06189,-0.02871,-0.01907,-0.02836,0.0829,30.63,1848,204500,37720000,-1552,612800,58910,-3.755E+11,-36100000000,-3470000000,4.60E+17,3.263E+11,31370000000,4.088E+14,disgust
16.05,0.09526,9.30E-05,234.2,0.001574,0.0586,0.05175,28.71,0.1144,0.3616,0.2356,0.1707,0.1687,0.1245,0.09234,0.1065,0.08655,0.07792,22.76,1768,194000,37940000,253.4,246,30.65,301900000,32870000,3615000,5.56E+14,298300000,32770000,6.394E+11,11.36,0.06404,6.80E-05,1557,0.001418,0.05411,0.5625,25.57,-0.9573,0.4349,0.1437,0.09199,-0.03453,0.03203,-0.000499,0.03501,0.01719,0.07922,28.91,1889,198500,38150000,-1515,613800,58980,-3.767E+11,-36200000000,-3478000000,4.62E+17,3.272E+11,31440000000,4.102E+14,happy
11.19,0.07334,7.80E-05,194.4,0.001154,0.04311,0.05372,24.78,0.05471,0.4252,0.2265,0.2058,0.1629,0.1537,0.1427,0.1294,0.09854,0.05841,21.17,2064,240300,46980000,304.4,279.5,16.75,343600000,26190000,1977000,6.336E+14,237400000,17900000,3.501E+11,9.669,0.05729,4.10E-05,1543,0.001044,0.03961,0.5159,26.96,-0.9699,0.3837,0.2208,0.0762,-0.004615,0.03122,-0.03253,-0.002212,0.01416,0.05631,29,2204,255600,48840000,-1601,614700,59030,-3.778E+11,-36280000000,-3484000000,4.65E+17,3.28E+11,31490000000,4.113E+14,happy
21.31,0.1303,6.20E-05,215.5,0.001164,0.04337,0.04517,31.1,0.171,0.5354,0.2488,0.1669,0.1581,0.1395,0.1252,0.1162,0.08871,0.05414,27.85,2427,271900,51530000,316.7,282.5,18.72,347800000,27830000,2211000,6.423E+14,251000000,19940000,3.917E+11,12.72,0.07137,2.90E-05,1551,0.001043,0.03945,0.5326,30.27,-0.9466,0.315,0.1944,0.1474,0.003559,0.06303,-0.002166,-0.02468,-0.02122,0.05484,32.66,2491,260700,52880000,-1626,615600,59060,-3.79E+11,-36360000000,-3487000000,4.67E+17,3.286E+11,31530000000,4.119E+14,happy
11.97,0.07558,8.50E-05,224.4,0.001185,0.04467,0.09888,25.07,0.05058,0.3151,0.2773,0.2566,0.1604,0.1099,0.1049,0.1294,0.1033,0.07041,18.22,1667,214000,41930000,315.2,318.4,22.74,392700000,32470000,2688000,7.266E+14,294100000,24350000,4.767E+11,12.28,0.07496,5.20E-05,1553,0.000948,0.0363,0.5374,32.74,-0.9643,0.4689,0.1921,-0.01359,-0.05759,0.05374,0.01693,0.02883,0.006827,0.05969,32.39,2251,265200,49550000,-1639,616700,59110,-3.803E+11,-36450000000,-3494000000,4.69E+17,3.295E+11,31580000000,4.13E+14,happy
11.97,0.07558,8.50E-05,224.4,0.001185,0.04467,0.09888,25.07,0.05058,0.3151,0.2773,0.2566,0.1604,0.1099,0.1049,0.1294,0.1033,0.07041,18.22,1667,214000,41930000,315.2,318.4,22.74,393400000,32520000,2691000,7.292E+14,294500000,24370000,4.776E+11,12.28,0.07496,5.20E-05,1553,0.000948,0.0363,0.5374,32.74,-0.9643,0.4689,0.1921,-0.01359,-0.05759,0.05374,0.01693,0.02883,0.006827,0.05969,32.39,2251,265200,49550000,-1639,617800,59170,-3.817E+11,-36550000000,-3500000000,4.72E+17,3.304E+11,31640000000,4.142E+14,happy
80.55,0.3479,7.60E-05,248.2,0.001002,0.03755,0.08327,140,0.6952,0.4265,0.2189,0.1368,0.2095,0.1167,0.1199,0.09695,0.08981,0.05784,68.51,1878,238900,38390000,735.2,278.6,14.45,344800000,25180000,1710000,6.402E+14,227900000,15480000,3.038E+11,47.43,0.2196,4.10E-05,1527,0.000826,0.03172,0.5382,91.16,-0.6474,0.4498,0.1481,0.1868,0.08516,0.08476,0.00374,-0.01291,-0.01882,0.05008,59.23,2112,149200,38740000,-1823,618800,59210,-3.829E+11,-36640000000,-3505000000,4.74E+17,3.312E+11,31690000000,4.151E+14,neutral
9.248,0.06833,6.60E-05,225.9,0.001057,0.03958,0.08857,17.6,0.04757,0.4618,0.2239,0.1475,0.1826,0.134,0.1281,0.1064,0.1117,0.0584,20.46,2126,236800,47060000,313.1,263.9,13.11,327100000,23270000,1553000,6.081E+14,211200000,14100000,2.759E+11,9.186,0.05047,4.80E-05,1572,0.001058,0.04032,0.4842,22.98,-0.9744,0.3511,0.2074,0.1825,0.02229,0.07421,0.04115,0.02599,-0.006173,0.06044,28.37,2285,257900,48480000,-1559,619800,59250,-3.841E+11,-36720000000,-3510000000,4.76E+17,3.319E+11,31730000000,4.159E+14,neutral
10.5,0.08009,5.00E-05,230.9,0.00089,0.03328,0.08637,23.99,0.05433,0.454,0.2168,0.1806,0.1639,0.1108,0.1209,0.1114,0.09436,0.05036,20.65,2116,238400,47120000,309.8,255.9,14.03,317700000,23500000,1663000,5.915E+14,213500000,15110000,2.957E+11,9.764,0.05812,3.30E-05,1532,0.000854,0.03261,0.5065,26.95,-0.9704,0.3658,0.2033,0.1637,0.01265,0.03187,0.01252,0.01362,-0.002082,0.05063,29.72,2324,260300,49030000,-1586,620700,59280,-3.852E+11,-36790000000,-3514000000,4.78E+17,3.326E+11,31760000000,4.165E+14,neutral
100.2,0.4253,8.70E-05,223.6,0.001003,0.03757,0.1045,177.1,0.8681,0.1635,0.2201,0.1341,0.1815,0.1273,0.1228,0.09614,0.08601,0.06164,85.76,860.8,150200,11270000,983.3,259.5,11.91,322600000,22070000,1412000,6.016E+14,200700000,12860000,2.513E+11,78.5,0.3538,4.80E-05,1546,0.000968,0.03719,0.463,146.3,-0.3826,0.6393,0.1613,0.1852,0.1666,0.104,-0.02413,-0.02245,-0.00568,0.06099,80.8,1528,42370,25060000,-1970,621600,59310,-3.863E+11,-36870000000,-3518000000,4.80E+17,3.332E+11,31800000000,4.172E+14,neutral
12.62,0.08842,8.40E-05,242,0.000892,0.03324,0.07505,27.28,0.06489,0.4389,0.2691,0.2083,0.1739,0.1498,0.1456,0.1104,0.08962,0.05156,20.73,1978,221000,43940000,292.6,257.2,13.08,320100000,22680000,1552000,5.978E+14,206700000,14150000,2.764E+11,11.11,0.06776,3.90E-05,1520,0.000873,0.03334,0.5156,28.28,-0.9615,0.3715,0.1147,0.1515,0.03725,0.08978,0.01345,0.01754,-0.006083,0.05272,30.51,2223,243500,45650000,-1560,622400,59350,-3.874E+11,-36940000000,-3522000000,4.82E+17,3.339E+11,31840000000,4.18E+14,neutral
99.78,0.4259,0.000133,186.2,0.000667,0.02453,0.1353,175.5,0.8573,0.2484,0.1785,0.1405,0.1711,0.1333,0.1018,0.09854,0.07313,0.02851,84.99,950.5,171700,15030000,944,313,9.31,390300000,16990000,1105000,7.299E+14,155500000,9878000,1.968E+11,73.18,0.3279,3.10E-05,1519,0.000561,0.02136,0.5287,136.3,-0.4193,0.5345,0.1685,0.1793,0.1541,0.06324,-0.04227,-0.03755,-0.02106,0.02938,77.21,1671,75200,30430000,-2016,623400,59360,-3.887E+11,-37010000000,-3523000000,4.85E+17,3.345E+11,31850000000,4.182E+14,sad
101.1,0.4315,7.00E-06,213.1,0.000406,0.01519,0.08509,176.7,0.8649,0.2287,0.1869,0.1623,0.1803,0.1214,0.09988,0.08956,0.0863,0.02157,84.68,935.5,199900,19230000,918.9,260.7,4.918,325600000,16600000,583700,6.1E+14,151700000,5357000,1.039E+11,76.05,0.3375,5.00E-06,1520,0.000386,0.01467,0.5028,139,-0.3999,0.5533,0.1725,0.1481,0.1542,0.07709,-0.04837,-0.04341,-0.03079,0.02245,80.52,1823,84430,34380000,-2074,624400,59360,-3.899E+11,-37060000000,-3523000000,4.87E+17,3.35E+11,31850000000,4.182E+14,sad
102.2,0.4348,8.00E-06,220.5,0.000387,0.0145,0.1124,178.8,0.8724,0.2619,0.2154,0.1028,0.2063,0.1184,0.09922,0.08824,0.06646,0.02055,85.55,1056,197900,18820000,931.9,267.9,4.544,335000000,17460000,539400,6.286E+14,158700000,4903000,96060000000,78.56,0.3519,5.00E-06,1510,0.000377,0.01428,0.4359,144.8,-0.3715,0.4777,0.1664,0.1856,0.1454,0.09377,-0.03427,-0.0213,0.001856,0.02152,83.92,1932,87950,35000000,-2105,625300,59360,-3.911E+11,-37120000000,-3524000000,4.89E+17,3.356E+11,31860000000,4.183E+14,sad
101.1,0.4302,5.00E-06,188.2,0.000459,0.01713,0.06651,177,0.869,0.2222,0.146,0.1577,0.1896,0.1317,0.1104,0.09098,0.07317,0.02151,85.39,830.7,194200,17460000,924,302.1,7.846,378400000,21390000,931600,7.11E+14,194300000,8490000,1.659E+11,75.32,0.3334,3.00E-06,1536,0.000428,0.01614,0.4835,140.3,-0.3975,0.5295,0.1959,0.1758,0.1606,0.0889,-0.04801,-0.0407,0.002632,0.02289,79.48,1784,94550,34790000,-2083,626300,59380,-3.923E+11,-37190000000,-3525000000,4.91E+17,3.362E+11,31870000000,4.186E+14,sad
104.9,0.4483,1.10E-05,193.3,0.000376,0.01409,0.1009,183.7,0.8984,0.2506,0.1624,0.1531,0.1705,0.1143,0.1076,0.09186,0.07286,0.02056,86.59,946.5,224900,21540000,969.9,322.5,4.223,404600000,18950000,501500,7.616E+14,172200000,4536000,89350000000,85.51,0.3752,4.00E-06,1520,0.000339,0.01286,0.4828,156.2,-0.3102,0.476,0.1677,0.1974,0.1909,0.1037,-0.03586,-0.03217,0.003326,0.01924,90.64,2106,101100,39030000,-2198,627400,59390,-3.936E+11,-37260000000,-3526000000,4.94E+17,3.368E+11,31880000000,4.188E+14,sad
69.35,0.2997,0.000752,279.7,0.003266,0.1233,0.07615,121.5,0.6028,0.1523,0.2728,0.164,0.185,0.1077,0.1371,0.1314,0.0897,0.2005,60.33,939.9,112100,15430000,572.1,256.4,47.25,322300000,44360000,5618000,6.075E+14,404800000,51130000,1.002E+12,37.05,0.1755,0.000458,1583,0.003303,0.1263,0.5455,71.51,-0.7562,0.7372,0.08371,0.081,0.03772,0.06505,0.02894,0.0344,0.009642,0.2184,43.88,1059,59950,16760000,-1516,628400,59480,-3.949E+11,-37380000000,-3537000000,4.96E+17,3.379E+11,31980000000,4.207E+14,angry
7.06,0.04088,0.000846,249.4,0.003138,0.1191,0.06872,17.01,0.0437,0.3954,0.349,0.1849,0.1531,0.1303,0.1306,0.1231,0.09984,0.2118,14,1848,230200,45690000,341.7,286.4,58.23,360500000,53360000,6942000,6.807E+14,483600000,62860000,1.241E+12,11.8,0.0633,0.000372,1605,0.002916,0.1122,0.5267,28.8,-0.9744,0.6269,0.08569,0.06756,-0.02003,0.04675,0.06708,0.04047,0.02645,0.2044,26.79,1599,182900,33460000,-1490,629300,59620,-3.961E+11,-37520000000,-3555000000,4.99E+17,3.392E+11,32130000000,4.238E+14,angry
8.382,0.04744,0.000869,256.3,0.002992,0.1131,0.06565,18.14,0.04582,0.2508,0.3086,0.1484,0.1323,0.1066,0.1243,0.09961,0.08865,0.1877,10.92,995,148600,29660000,244.8,275.8,49.77,347700000,47330000,5949000,6.575E+14,430000000,53950000,1.066E+12,10.48,0.0573,0.000415,1584,0.002669,0.1025,0.5621,24.27,-0.9783,0.6468,0.09577,0.04588,0.005429,0.07793,0.053,0.0286,0.02008,0.1824,23.97,1265,150700,27330000,-1416,630300,59780,-3.973E+11,-37680000000,-3573000000,5.01E+17,3.406E+11,32300000000,4.272E+14,angry
7.382,0.04408,0.000709,263.7,0.003736,0.1421,0.07805,17.64,0.04045,0.5094,0.3611,0.1982,0.1301,0.1064,0.1084,0.09358,0.112,0.2585,15.49,2259,274900,54580000,350.5,287.4,61.14,362900000,55460000,7326000,6.873E+14,502800000,66350000,1.317E+12,11.42,0.06009,0.000435,1593,0.003318,0.1275,0.5557,28.14,-0.9737,0.5295,0.06585,0.09673,-0.02631,0.0527,0.08979,0.07659,0.04234,0.2343,27.75,1820,205100,38390000,-1481,631300,59930,-3.985E+11,-37840000000,-3592000000,5.03E+17,3.42E+11,32470000000,4.305E+14,angry
9.181,0.04659,0.00108,268.8,0.003729,0.1409,0.09902,19.64,0.05146,0.3112,0.3432,0.1441,0.1548,0.1145,0.1228,0.0925,0.08701,0.228,13.03,1444,204000,40400000,272,235.4,51.67,297700000,46440000,6209000,5.646E+14,422600000,56380000,1.119E+12,11.57,0.06123,0.00043,1621,0.003284,0.1255,0.6186,26.87,-0.9758,0.6606,0.1744,0.1069,0.02895,0.06129,0.02734,0.005702,-0.006587,0.2115,22.09,1112,137100,25480000,-1480,632200,60110,-3.997E+11,-38000000000,-3612000000,5.05E+17,3.435E+11,32660000000,4.342E+14,angry
9.427,0.05347,0.000162,234,0.00155,0.05847,0.1028,19.66,0.05216,0.2721,0.2937,0.1499,0.1326,0.1185,0.1206,0.09162,0.0822,0.09996,11.58,1071,158100,31430000,214.1,313.5,48.42,397000000,49070000,5834000,7.541E+14,445900000,52940000,1.054E+12,9.807,0.05581,0.000109,1547,0.001753,0.06707,0.5011,23.31,-0.9785,0.6116,0.08739,0.01122,-0.01761,0.0932,0.08881,0.06227,0.03066,0.1173,23.48,1270,150000,27100000,-1470,633100,60260,-4.009E+11,-38150000000,-3631000000,5.08E+17,3.449E+11,32820000000,4.376E+14,disgust
10.09,0.05853,0.00023,293.4,0.00207,0.0785,0.0558,21.9,0.05869,0.2707,0.3636,0.1749,0.1316,0.1167,0.1297,0.1111,0.1027,0.1403,11.87,1061,155000,30730000,238.4,279.6,41.02,354600000,42370000,4953000,6.747E+14,384700000,44930000,8.971E+11,11.7,0.06627,0.000158,1578,0.002062,0.07948,0.5546,27.34,-0.971,0.6494,0.003476,-0.01837,-0.02437,0.07722,0.07206,0.05316,0.04209,0.1496,25.75,1305,148600,27000000,-1430,634200,60390,-4.022E+11,-38300000000,-3647000000,5.10E+17,3.462E+11,32970000000,4.404E+14,disgust
10.11,0.05635,0.000312,234.7,0.001725,0.06518,0.04016,20.11,0.06113,0.2903,0.3025,0.148,0.1057,0.1144,0.1053,0.0952,0.09383,0.1075,12.34,1162,169700,33750000,226.8,317.5,46.03,403300000,47830000,5570000,7.686E+14,433600000,50450000,1.011E+12,10.27,0.05523,0.000178,1585,0.001671,0.06441,0.5665,24.74,-0.976,0.6205,0.09562,0.00257,-0.03097,0.09116,0.09591,0.06834,0.03501,0.1128,24.48,1396,167800,30620000,-1481,635200,60520,-4.035E+11,-38440000000,-3662000000,5.13E+17,3.474E+11,33100000000,4.431E+14,disgust
9.174,0.05344,0.000334,250,0.002422,0.09116,0.05562,19.08,0.05242,0.3321,0.2922,0.1363,0.1226,0.09231,0.11,0.09847,0.09121,0.1448,12.08,1279,189500,37610000,253.4,323.9,46.25,412200000,48600000,5607000,7.869E+14,439400000,50680000,1.02E+12,9.75,0.05426,0.000191,1562,0.002022,0.07754,0.5867,23.21,-0.9775,0.5445,0.1497,-0.000726,-0.02968,0.08339,0.08411,0.05988,0.0237,0.1306,24.84,1536,193300,36050000,-1491,636300,60630,-4.049E+11,-38580000000,-3676000000,5.15E+17,3.487E+11,33230000000,4.457E+14,disgust
9.427,0.05347,0.000162,234,0.00155,0.05847,0.1028,19.66,0.05216,0.2721,0.2937,0.1499,0.1326,0.1185,0.1206,0.09162,0.0822,0.09996,11.58,1071,158100,31430000,214.1,313.5,48.42,399700000,49430000,5883000,7.643E+14,449100000,53390000,1.072E+12,9.807,0.05581,0.000109,1547,0.001753,0.06707,0.5011,23.31,-0.9785,0.6116,0.08739,0.01122,-0.01761,0.0932,0.08881,0.06227,0.03066,0.1173,23.48,1270,150000,27100000,-1470,637400,60770,-4.063E+11,-38740000000,-3693000000,5.18E+17,3.501E+11,33380000000,4.488E+14,disgust
14.79,0.0731,0.000152,218.6,0.001069,0.04059,0.02535,29.58,0.1008,0.2781,0.3008,0.1683,0.1336,0.107,0.1354,0.1195,0.131,0.07716,17.03,1069,143400,28300000,214.7,328.8,23.74,419900000,34560000,2889000,8.043E+14,312900000,26150000,5.275E+11,10.9,0.05636,8.70E-05,1554,0.001289,0.04948,0.5277,24.79,-0.9669,0.6123,0.05922,0.01709,-0.03969,0.04728,0.09039,0.09575,0.04152,0.08956,24.31,1293,147300,27000000,-1419,638500,60870,-4.077E+11,-38870000000,-3705000000,5.21E+17,3.513E+11,33490000000,4.51E+14,happy
11.79,0.06312,0.000178,228.1,0.001349,0.05132,0.08663,25.29,0.07492,0.2946,0.3035,0.1429,0.1139,0.1031,0.1333,0.1082,0.1032,0.09511,14.03,1198,173100,34330000,252.5,341.8,42.98,437300000,47740000,5240000,8.392E+14,432700000,47460000,9.582E+11,10.28,0.05776,9.60E-05,1572,0.001496,0.05759,0.5227,25.26,-0.9723,0.574,0.07827,-0.01224,-0.03332,0.07756,0.07466,0.07367,0.04915,0.1061,25.29,1468,175500,32450000,-1469,639700,60980,-4.092E+11,-39010000000,-3717000000,5.24E+17,3.525E+11,33600000000,4.533E+14,happy
13.75,0.07636,0.00017,269.6,0.001577,0.06061,0.07022,28.1,0.09196,0.2814,0.34,0.1545,0.1207,0.1216,0.1376,0.116,0.1033,0.1276,15.63,1292,169700,32350000,271.5,377,39.99,483300000,48290000,4885000,9.293E+14,437000000,44190000,8.949E+11,12.51,0.07021,0.000109,1590,0.001616,0.06257,0.5554,29.86,-0.9632,0.61,-0.008815,-0.03845,-0.05098,0.06442,0.09465,0.1152,0.06054,0.1233,28.4,1556,172200,31140000,-1456,640900,61090,-4.108E+11,-39150000000,-3731000000,5.27E+17,3.539E+11,33730000000,4.558E+14,happy
14.26,0.07123,0.000187,230.2,0.001376,0.05244,0.06636,27.61,0.09785,0.2757,0.312,0.1431,0.1341,0.1074,0.1035,0.09822,0.09084,0.1019,15.92,1168,165300,32470000,253.7,318.5,35.24,409000000,41600000,4312000,7.88E+14,377300000,39070000,7.913E+11,10.96,0.05827,9.50E-05,1551,0.001538,0.05913,0.5188,25.17,-0.9673,0.5959,0.08285,-0.002341,-0.01709,0.05768,0.0706,0.06937,0.03968,0.1091,25.3,1373,158500,29350000,-1436,642100,61190,-4.123E+11,-39290000000,-3744000000,5.30E+17,3.552E+11,33840000000,4.582E+14,happy
11.79,0.06312,0.000178,228.1,0.001349,0.05132,0.08663,25.29,0.07492,0.2946,0.3035,0.1429,0.1139,0.1031,0.1333,0.1082,0.1032,0.09511,14.03,1198,173100,34330000,252.5,341.8,42.98,439800000,48000000,5268000,8.487E+14,435100000,47710000,9.686E+11,10.28,0.05776,9.60E-05,1572,0.001496,0.05759,0.5227,25.26,-0.9723,0.574,0.07827,-0.01224,-0.03332,0.07756,0.07466,0.07367,0.04915,0.1061,25.29,1468,175500,32450000,-1469,643300,61300,-4.138E+11,-39440000000,-3758000000,5.32E+17,3.564E+11,33970000000,4.607E+14,happy
10.99,0.05608,0.0001,229.9,0.001151,0.04357,0.06253,23.28,0.06281,0.2373,0.2967,0.1618,0.1222,0.1051,0.1291,0.1155,0.08734,0.07876,13.02,1039,143600,28220000,217.9,284.7,25.89,366900000,33900000,3178000,7.093E+14,307200000,28800000,5.852E+11,11.34,0.06236,6.80E-05,1584,0.001263,0.04867,0.5373,25.82,-0.9734,0.6674,0.09868,0.01765,-0.004046,0.06316,0.02582,0.02385,0.018,0.08776,23.82,1190,138500,25220000,-1434,644400,61400,-4.152E+11,-39560000000,-3769000000,5.35E+17,3.576E+11,34070000000,4.628E+14,neutral
9.714,0.05402,0.000337,261.2,0.00205,0.07785,0.06018,19.95,0.05463,0.2849,0.3123,0.1325,0.1316,0.1099,0.136,0.1151,0.1003,0.1403,12.03,1133,170400,34090000,257.6,301.8,31.73,389600000,38750000,3901000,7.542E+14,350700000,35290000,7.192E+11,10.21,0.05422,0.000143,1598,0.001894,0.07268,0.579,23.27,-0.9773,0.5995,0.1049,0.02691,-0.03273,0.07963,0.1061,0.08681,0.05313,0.1326,24.18,1367,166900,30690000,-1419,645400,61480,-4.165E+11,-39680000000,-3779000000,5.38E+17,3.586E+11,34160000000,4.646E+14,neutral
12.31,0.07461,0.000147,234.7,0.001492,0.05675,0.0485,25.37,0.07494,0.2967,0.3157,0.1545,0.1295,0.1099,0.1396,0.09356,0.1014,0.1056,14.25,1131,166500,33120000,238.3,314.7,30.06,406900000,38450000,3700000,7.892E+14,347700000,33450000,6.831E+11,11.17,0.06473,8.90E-05,1578,0.001405,0.05416,0.5653,25.87,-0.9696,0.5959,0.06938,0.01493,-0.0622,0.0733,0.1019,0.08762,0.04189,0.1002,26.17,1493,178300,32840000,-1457,646400,61550,-4.179E+11,-39790000000,-3788000000,5.40E+17,3.596E+11,34240000000,4.664E+14,neutral
10.48,0.05976,0.000361,228.1,0.001605,0.05987,0.07536,22.38,0.06116,0.272,0.2734,0.1365,0.1183,0.08531,0.1275,0.103,0.08468,0.1002,13.37,886.5,119600,23240000,197.4,354.7,32.57,459400000,42390000,4012000,8.925E+14,380400000,36050000,7.415E+11,9.093,0.04897,0.000154,1564,0.001852,0.07059,0.5599,20.36,-0.978,0.5614,0.08564,0.0646,-0.0141,0.0423,0.05988,0.05947,0.04271,0.1155,20.51,1019,116900,20900000,-1362,647600,61610,-4.194E+11,-39900000000,-3795000000,5.43E+17,3.606E+11,34300000000,4.676E+14,neutral
11.37,0.05882,0.00016,215.4,0.001183,0.04509,0.07652,22.76,0.06543,0.3317,0.3249,0.1575,0.1214,0.1131,0.134,0.1215,0.109,0.08889,13.52,1257,186000,36570000,245.4,334.4,27.13,433900000,37820000,3347000,8.444E+14,342600000,30310000,6.194E+11,10.66,0.05685,7.00E-05,1574,0.001184,0.04561,0.5342,25.02,-0.9734,0.5811,0.07904,-0.004386,-0.01621,0.09091,0.1184,0.08131,0.03358,0.08445,24.33,1405,176900,33170000,-1491,648800,61690,-4.209E+11,-40030000000,-3806000000,5.46E+17,3.618E+11,34400000000,4.695E+14,neutral
85.81,0.3643,3.00E-05,253,0.000653,0.02484,0.08567,150.5,0.7418,0.175,0.2524,0.1507,0.2032,0.1089,0.1365,0.1077,0.08056,0.04746,73.33,767.5,131700,12650000,808.5,309.1,20.21,401800000,31780000,2496000,7.834E+14,288000000,22630000,4.624E+11,50.77,0.2318,2.50E-05,1550,0.000843,0.03236,0.4452,96.26,-0.6166,0.6737,0.06967,0.03349,0.04166,0.09827,0.04792,0.04956,0.02159,0.06069,57.06,1288,66850,22510000,-1695,649900,61760,-4.224E+11,-40140000000,-3814000000,5.49E+17,3.628E+11,34470000000,4.71E+14,sad
91.64,0.3905,3.60E-05,228.8,0.000945,0.03578,0.08604,159.2,0.7912,0.1888,0.2356,0.09938,0.2129,0.1016,0.1259,0.09953,0.05536,0.06073,78.26,777,135200,11100000,888.6,324.9,22.26,423000000,33740000,2752000,8.261E+14,306200000,24980000,5.102E+11,59.09,0.2649,2.80E-05,1542,0.001054,0.04021,0.4951,109.8,-0.5451,0.6257,0.1187,0.1075,0.06224,0.04737,0.02284,0.0369,0.03418,0.06874,64.25,1363,54500,22250000,-1761,651000,61830,-4.238E+11,-40250000000,-3822000000,5.52E+17,3.638E+11,34550000000,4.725E+14,sad
13.87,0.07301,3.70E-05,233.5,0.00077,0.02909,0.06495,28.24,0.08582,0.3226,0.332,0.1583,0.1184,0.0999,0.1412,0.106,0.1119,0.05167,15.65,1207,177000,34890000,206.3,297.6,21.73,388100000,32060000,2689000,7.593E+14,291300000,24440000,4.992E+11,11.49,0.06227,2.70E-05,1576,0.000863,0.03321,0.5172,26.31,-0.9672,0.6095,0.05282,-0.03945,-0.03254,0.09362,0.1101,0.0967,0.04101,0.06077,25.16,1366,165500,31460000,-1501,652100,61890,-4.252E+11,-40360000000,-3830000000,5.55E+17,3.648E+11,34620000000,4.741E+14,sad
11.34,0.06523,2.60E-05,269,0.00073,0.02769,0.06593,22.97,0.07309,0.2961,0.2954,0.1589,0.1597,0.1372,0.1307,0.1329,0.126,0.05043,14.97,1137,144200,28160000,199.4,286,24.97,373600000,33610000,3093000,7.32E+14,304500000,28020000,5.747E+11,10.52,0.06125,2.20E-05,1592,0.000848,0.03261,0.5171,25.45,-0.9711,0.5916,0.03033,0.05567,-0.08084,0.07899,0.1093,0.07392,0.0617,0.05923,25.82,1492,167400,30050000,-1481,653100,61960,-4.265E+11,-40460000000,-3838000000,5.57E+17,3.657E+11,34690000000,4.756E+14,sad
91.64,0.3905,3.60E-05,228.8,0.000945,0.03578,0.08604,159.2,0.7912,0.1888,0.2356,0.09938,0.2129,0.1016,0.1259,0.09953,0.05536,0.06073,78.26,777,135200,11100000,888.6,324.9,22.26,425100000,33870000,2761000,8.341E+14,307400000,25070000,5.136E+11,59.09,0.2649,2.80E-05,1542,0.001054,0.04021,0.4951,109.8,-0.5451,0.6257,0.1187,0.1075,0.06224,0.04737,0.02284,0.0369,0.03418,0.06874,64.25,1363,54500,22250000,-1761,654200,62030,-4.279E+11,-40580000000,-3847000000,5.60E+17,3.667E+11,34780000000,4.773E+14,sad
72.23,0.3093,0.000943,187.1,0.002317,0.087,0.05712,124.9,0.6224,0.2289,0.3337,0.1748,0.1637,0.1145,0.1077,0.08793,0.08006,0.1312,61.5,1051,175500,28030000,694.5,308.6,32.91,404400000,40260000,4087000,7.95E+14,364000000,36940000,7.612E+11,37.11,0.1713,0.000285,1535,0.001922,0.07317,0.5572,71.81,-0.7378,0.6155,0.1072,0.1016,0.09131,0.09176,0.05908,0.05091,0.04103,0.1136,46.51,1362,103200,25770000,-1691,655300,62100,-4.293E+11,-40690000000,-3856000000,5.63E+17,3.677E+11,34850000000,4.788E+14,angry
13.88,0.07873,0.001152,192.2,0.002639,0.09923,0.07605,28.62,0.0875,0.2441,0.3645,0.2073,0.1297,0.1266,0.1038,0.09345,0.09353,0.1559,14.51,977.5,144100,28430000,225.3,257.3,32.13,337700000,36620000,3995000,6.648E+14,332400000,36220000,7.452E+11,11.03,0.06207,0.000453,1566,0.00255,0.09716,0.5514,25.87,-0.966,0.5937,0.05491,0.09002,0.05196,0.08829,0.09261,0.08273,0.05816,0.153,23.41,1129,124800,22730000,-1422,656200,62190,-4.306E+11,-40810000000,-3867000000,5.65E+17,3.688E+11,34950000000,4.809E+14,angry
12.58,0.07324,0.000767,176.5,0.002114,0.07919,0.06341,27.14,0.08101,0.2659,0.3577,0.1743,0.1231,0.12,0.08807,0.08806,0.08893,0.1236,13.79,1081,165500,32700000,225.2,273.2,34.75,359000000,39410000,4326000,7.078E+14,356100000,39070000,8.08E+11,10.23,0.05934,0.000302,1569,0.002012,0.07686,0.5135,24.9,-0.9701,0.5857,0.1188,0.08593,0.04448,0.0711,0.07023,0.05709,0.05527,0.1233,22.97,1226,147700,27470000,-1457,657100,62270,-4.318E+11,-40920000000,-3877000000,5.68E+17,3.698E+11,35040000000,4.828E+14,angry
63.47,0.2733,0.000664,239.8,0.002991,0.1117,0.03844,115.1,0.548,0.2512,0.3638,0.193,0.159,0.09652,0.1,0.08557,0.08594,0.1642,54.48,1087,179800,31280000,654.4,293.2,37.66,385900000,42840000,4696000,7.62E+14,387700000,42480000,8.783E+11,30.71,0.1428,0.000419,1549,0.002741,0.1044,0.5417,62.92,-0.7964,0.6006,0.08543,0.1087,0.0862,0.1039,0.06494,0.04937,0.04942,0.1604,40.85,1284,107600,24640000,-1629,658100,62360,-4.331E+11,-41040000000,-3888000000,5.70E+17,3.709E+11,35140000000,4.849E+14,angry
50.94,0.2213,0.000644,221.5,0.002404,0.09029,0.05362,93.57,0.4383,0.184,0.3609,0.1701,0.1715,0.1314,0.1154,0.11,0.09525,0.1402,44.24,935.2,118700,19670000,425.3,261.8,24.26,345100000,31910000,3030000,6.823E+14,290300000,27550000,5.675E+11,23.99,0.1174,0.000383,1501,0.002451,0.09368,0.5479,51.87,-0.8585,0.662,0.0072,0.1107,0.02585,0.04917,0.0329,0.05858,0.06447,0.1573,36.04,1224,93830,18940000,-1437,659100,62450,-4.344E+11,-41160000000,-3900000000,5.73E+17,3.72E+11,35250000000,4.87E+14,angry
72.39,0.3102,0.000142,235.3,0.001483,0.05557,0.07861,126.4,0.6266,0.2273,0.3556,0.1765,0.155,0.1174,0.1175,0.1143,0.08954,0.08576,62.46,959,153100,24180000,685.2,332.1,31.21,438500000,40870000,3902000,8.684E+14,370400000,35350000,7.318E+11,38.16,0.1754,9.60E-05,1533,0.001578,0.06026,0.4914,73.29,-0.7319,0.6713,0.07092,0.1038,0.07589,0.09061,0.0556,0.04847,0.04904,0.09618,45.61,1147,73450,20410000,-1685,660100,62530,-4.358E+11,-41280000000,-3910000000,5.75E+17,3.731E+11,35340000000,4.889E+14,disgust
13.56,0.07777,0.000156,208.9,0.001619,0.06062,0.04893,27.84,0.08374,0.2641,0.3342,0.1813,0.1592,0.1167,0.08099,0.08739,0.08492,0.08993,15.47,1173,173600,34170000,217.6,317.4,38.19,419700000,44510000,4782000,8.326E+14,403000000,43270000,8.982E+11,10.47,0.06018,0.0001,1557,0.001521,0.05804,0.5362,25,-0.9693,0.5653,0.1374,0.09735,0.07433,0.1002,0.06149,0.04895,0.04239,0.08975,23.92,1364,163900,30500000,-1533,661200,62630,-4.372E+11,-41410000000,-3922000000,5.78E+17,3.743E+11,35450000000,4.912E+14,disgust
62.56,0.2717,0.000161,223.3,0.001659,0.06211,0.05567,110.1,0.5367,0.261,0.3486,0.1941,0.1477,0.09551,0.107,0.09688,0.0968,0.08989,54.06,1206,178500,30840000,562.5,365,34.48,483600000,45370000,4324000,9.611E+14,410500000,39120000,8.133E+11,30.23,0.1452,0.0001,1519,0.001536,0.05835,0.5326,59.64,-0.8032,0.6332,0.1256,0.0655,0.08208,0.09344,0.0464,0.05465,0.05001,0.08716,38.75,1233,106000,25700000,-1691,662400,62720,-4.388E+11,-41550000000,-3933000000,5.81E+17,3.755E+11,35550000000,4.933E+14,disgust
12.01,0.07405,0.000159,204.5,0.001574,0.0589,0.04967,25.76,0.07029,0.2555,0.3513,0.1623,0.1225,0.1238,0.09465,0.09563,0.08439,0.08409,14.88,1072,158300,31300000,234.4,343.2,21.34,455500000,35480000,2680000,9.069E+14,321100000,24250000,5.048E+11,10.36,0.06018,0.000107,1548,0.001525,0.05779,0.5366,25.56,-0.9714,0.5903,0.1168,0.07728,0.04225,0.07722,0.07407,0.07021,0.05169,0.08892,22.99,1257,150200,27970000,-1495,663600,62790,-4.404E+11,-41670000000,-3942000000,5.85E+17,3.766E+11,35630000000,4.95E+14,disgust
10.74,0.06278,0.000671,191.8,0.001917,0.0719,0.1261,23.19,0.0633,0.2726,0.3424,0.1701,0.1371,0.1206,0.09686,0.09357,0.09442,0.1012,12.88,1072,162400,32300000,210.6,322.6,31.38,428900000,40550000,3945000,8.553E+14,367000000,35680000,7.438E+11,9.519,0.05455,0.000186,1576,0.001569,0.05978,0.6001,23.03,-0.976,0.5987,0.1134,0.08159,0.04275,0.06899,0.06796,0.07076,0.04334,0.09445,22.57,1256,152100,28070000,-1491,664800,62870,-4.419E+11,-41800000000,-3952000000,5.88E+17,3.777E+11,35720000000,4.969E+14,disgust
11.42,0.05849,0.000468,171.3,0.001787,0.06655,0.06589,22.87,0.07163,0.2474,0.3083,0.17,0.1368,0.09006,0.11,0.09264,0.09149,0.09483,13.79,1112,158200,30960000,230.3,298.1,33.98,397000000,41200000,4278000,7.931E+14,373800000,38790000,8.079E+11,9.443,0.04983,0.000208,1552,0.00157,0.05984,0.5441,22.93,-0.9754,0.5667,0.1691,0.08628,0.06809,0.09878,0.04001,0.04005,0.04747,0.08733,21.97,1289,162400,30330000,-1562,665900,62960,-4.434E+11,-41920000000,-3963000000,5.91E+17,3.789E+11,35820000000,4.99E+14,happy
13.33,0.06762,0.00032,204.1,0.001723,0.06431,0.06112,26.28,0.08675,0.2531,0.3932,0.198,0.1529,0.1218,0.09699,0.08177,0.07895,0.09095,13.42,1033,151500,29410000,196.8,244.8,20.16,326400000,28610000,2541000,6.53E+14,259700000,23060000,4.804E+11,10.78,0.05707,0.000226,1519,0.001791,0.06836,0.4911,24.86,-0.969,0.6391,0.05897,0.03384,0.06538,0.0666,0.05555,0.05718,0.03672,0.1038,22.14,1065,127300,23970000,-1486,666800,63030,-4.446E+11,-42030000000,-3972000000,5.93E+17,3.798E+11,35900000000,5.007E+14,happy
12.93,0.07182,0.00053,205.4,0.001788,0.06673,0.04995,27.13,0.08549,0.2275,0.3383,0.171,0.1219,0.08636,0.09173,0.1016,0.0818,0.1054,15.21,1096,148300,28690000,221.2,268.2,25.69,358100000,33860000,3241000,7.173E+14,305900000,29260000,6.133E+11,11.04,0.05947,0.000277,1565,0.001909,0.07304,0.4804,26.86,-0.9679,0.6261,0.1285,0.06668,0.04611,0.03435,0.01502,0.02204,0.03275,0.1146,23.4,1178,136200,25280000,-1484,667700,63090,-4.458E+11,-42120000000,-3980000000,5.95E+17,3.807E+11,35970000000,5.021E+14,happy
58.26,0.25,0.000255,202.5,0.001482,0.05542,0.05928,102.5,0.5023,0.2201,0.3735,0.1943,0.1507,0.115,0.1572,0.1338,0.1169,0.08235,50.99,1107,143300,24540000,506.4,258.3,19.92,345300000,29500000,2516000,6.927E+14,268300000,22900000,4.767E+11,27.7,0.1319,0.000144,1548,0.001583,0.06057,0.4819,55.05,-0.8246,0.6537,0.04741,0.09441,0.1041,0.09934,0.008563,0.01715,0.04611,0.09018,36.3,1119,87870,20950000,-1609,668600,63150,-4.47E+11,-42220000000,-3988000000,5.98E+17,3.816E+11,36040000000,5.037E+14,happy
68.48,0.2926,0.000362,209.4,0.001634,0.06099,0.0424,119.9,0.5927,0.2167,0.3404,0.1752,0.1694,0.1068,0.1112,0.1073,0.08758,0.09779,59.69,1039,153200,24770000,635.1,264.3,23.38,353900000,32060000,2956000,7.107E+14,290000000,26720000,5.605E+11,35.43,0.1641,0.000243,1540,0.001665,0.06396,0.5229,68.01,-0.7614,0.6671,0.1316,0.09891,0.09848,0.09321,0.03176,0.03128,0.008449,0.1016,42.17,1118,84590,22200000,-1678,669500,63220,-4.482E+11,-42330000000,-3996000000,6.00E+17,3.825E+11,36120000000,5.053E+14,happy
12.17,0.07019,0.000132,203.2,0.001117,0.042,0.0691,26.13,0.07369,0.2863,0.3237,0.1767,0.1504,0.1174,0.09893,0.08918,0.07732,0.07124,14.13,1066,156000,30910000,199.3,271.5,23.13,364000000,31690000,2927000,7.322E+14,287500000,26500000,5.555E+11,9.724,0.05668,6.40E-05,1554,0.00111,0.04256,0.5732,24.27,-0.9715,0.5463,0.08359,0.1259,0.05333,0.04788,0.05063,0.06382,0.03961,0.07337,23.92,1396,167200,30540000,-1472,670400,63290,-4.495E+11,-42430000000,-4005000000,6.03E+17,3.834E+11,36200000000,5.069E+14,neutral
59.5,0.2574,0.000163,204.4,0.001354,0.051,0.04962,104.3,0.5138,0.2457,0.3354,0.1526,0.1596,0.1193,0.123,0.08391,0.08551,0.08483,51.31,1067,167800,29060000,542.4,292.1,26.67,392200000,35730000,3378000,7.9E+14,322500000,30480000,6.417E+11,27.83,0.1347,0.0001,1552,0.001327,0.05089,0.4964,55.47,-0.818,0.6193,0.1098,0.1221,0.08063,0.07191,0.05006,0.0568,0.04716,0.08634,38.35,1344,122200,27160000,-1588,671400,63340,-4.508E+11,-42520000000,-4011000000,6.05E+17,3.843E+11,36250000000,5.08E+14,neutral
12.17,0.07019,0.000132,203.2,0.001117,0.042,0.0691,26.13,0.07369,0.2863,0.3237,0.1767,0.1504,0.1174,0.09893,0.08918,0.07732,0.07124,14.13,1066,156000,30910000,199.3,271.5,23.13,365100000,31760000,2932000,7.364E+14,288200000,26550000,5.575E+11,9.724,0.05668,6.40E-05,1554,0.00111,0.04256,0.5732,24.27,-0.9715,0.5463,0.08359,0.1259,0.05333,0.04788,0.05063,0.06382,0.03961,0.07337,23.92,1396,167200,30540000,-1472,672400,63400,-4.521E+11,-42630000000,-4019000000,6.08E+17,3.852E+11,36320000000,5.096E+14,neutral
62.31,0.2701,8.50E-05,219.6,0.001007,0.03782,0.04176,110.3,0.5274,0.1974,0.3281,0.1958,0.162,0.1317,0.1172,0.1028,0.1026,0.05939,54.02,977.8,145900,23720000,547.5,263.3,13.98,354600000,25360000,1773000,7.162E+14,229900000,16060000,3.374E+11,30.28,0.1459,5.30E-05,1540,0.001047,0.04011,0.545,59.64,-0.8097,0.676,0.1094,0.09022,0.06241,0.03375,0.02642,0.04459,0.02601,0.06717,38.28,1113,85210,21780000,-1579,673300,63440,-4.533E+11,-42710000000,-4024000000,6.11E+17,3.86E+11,36370000000,5.104E+14,neutral
12.52,0.06852,9.80E-05,218.1,0.00098,0.03737,0.04496,25.29,0.079,0.2629,0.3357,0.189,0.1232,0.1068,0.09584,0.08973,0.09213,0.06697,13.67,991.9,150100,29740000,187.2,265.2,15.88,357600000,26810000,2015000,7.234E+14,243000000,18240000,3.835E+11,10.17,0.05815,6.20E-05,1553,0.001079,0.04197,0.5096,23.73,-0.9713,0.6182,0.08042,0.01144,0.04188,0.0626,0.0844,0.09159,0.05512,0.07329,22.54,1115,133500,25260000,-1442,674200,63470,-4.546E+11,-42790000000,-4027000000,6.13E+17,3.867E+11,36400000000,5.112E+14,neutral
89.76,0.3823,3.80E-05,186.8,0.000593,0.02224,0.0487,159.3,0.7719,0.1716,0.2462,0.1333,0.1725,0.09838,0.09536,0.07872,0.07898,0.03707,77.03,765.9,130200,11280000,849,345.3,13.35,466300000,29820000,1695000,9.447E+14,270300000,15370000,3.228E+11,55.12,0.2488,2.60E-05,1515,0.000749,0.02867,0.447,105,-0.5749,0.6306,0.1301,0.1278,0.1357,0.07029,-0.006454,0.02966,0.04603,0.04901,60.19,1281,56470,21910000,-1765,675300,63500,-4.56E+11,-42880000000,-4032000000,6.16E+17,3.875E+11,36440000000,5.12E+14,sad
89.96,0.386,3.60E-05,185.7,0.000639,0.02405,0.05438,158.3,0.7733,0.168,0.2626,0.1342,0.1673,0.1081,0.08861,0.09875,0.08514,0.03978,77.18,834,127800,11860000,876.4,388.9,7.967,526200000,28120000,1012000,1.068E+15,254700000,9166000,1.928E+11,55.45,0.2496,2.90E-05,1525,0.000801,0.03065,0.4677,103.5,-0.5718,0.6198,0.1014,0.1302,0.1458,0.07725,-0.007848,0.03219,0.049,0.05173,60.58,1287,51960,21350000,-1752,676500,63530,-4.577E+11,-42980000000,-4035000000,6.19E+17,3.884E+11,36470000000,5.126E+14,sad
89.25,0.3838,3.70E-05,190.6,0.000643,0.02411,0.07556,158.1,0.7682,0.1514,0.3007,0.137,0.1634,0.1144,0.1049,0.0982,0.08277,0.03947,76.62,863.8,122100,11640000,858.8,351.4,17.41,476400000,33530000,2213000,9.688E+14,302900000,19980000,4.218E+11,56.16,0.2576,2.70E-05,1542,0.000873,0.03337,0.4591,105.9,-0.5693,0.6381,0.0963,0.1432,0.1463,0.07046,0.000773,0.03817,0.05868,0.05627,60.94,1279,45620,20210000,-1746,677800,63560,-4.594E+11,-43080000000,-4039000000,6.23E+17,3.893E+11,36500000000,5.134E+14,sad
84.22,0.3623,4.30E-05,199,0.000476,0.01782,0.06138,150,0.7221,0.1693,0.2505,0.1449,0.1679,0.1126,0.1008,0.1071,0.09775,0.03224,71.52,817.8,128900,12450000,769.7,326.1,11.19,442800000,27360000,1423000,9.021E+14,248200000,12920000,2.714E+11,47.26,0.2151,2.30E-05,1523,0.000696,0.0267,0.4047,90,-0.6409,0.6155,0.06513,0.0913,0.1124,0.05166,0.01222,0.0659,0.08376,0.04619,54.44,1342,70410,22860000,-1677,679000,63600,-4.61E+11,-43180000000,-4044000000,6.26E+17,3.902E+11,36550000000,5.144E+14,sad
86.63,0.3704,2.10E-05,184.9,0.000514,0.01935,0.04725,152.9,0.7439,0.1606,0.2823,0.148,0.1781,0.1101,0.09543,0.09086,0.07658,0.03169,73.82,678.2,127700,10280000,799.5,340.5,14.13,463100000,30240000,1798000,9.45E+14,273800000,16280000,3.431E+11,50.72,0.2288,1.80E-05,1516,0.000669,0.02559,0.4503,95.44,-0.6105,0.6121,0.05213,0.1318,0.154,0.07962,0.004235,0.04846,0.07266,0.04353,57.71,1357,69520,22770000,-1738,680200,63640,-4.626E+11,-43280000000,-4049000000,6.29E+17,3.911E+11,36590000000,5.153E+14,sad
15.18,0.08138,0.000501,192.5,0.004258,0.1592,0.06293,31.55,0.07207,0.3341,0.3793,0.2903,0.2378,0.1857,0.1423,0.1393,0.1342,0.2012,15.58,1358,189500,37410000,343.6,258.1,41.11,351700000,43170000,5237000,7.186E+14,394600000,47710000,1.001E+12,14.11,0.0785,0.00024,1561,0.002953,0.1116,0.6351,35.25,-0.9543,0.4854,0.05855,0.1396,0.04259,0.009516,0.01102,0.08374,0.01893,0.1535,32.88,2092,252200,46050000,-1621,681200,63730,-4.64E+11,-43410000000,-4061000000,6.32E+17,3.923E+11,36710000000,5.176E+14,angry
12.83,0.07011,0.000519,192.5,0.003913,0.1455,0.06363,26.41,0.05769,0.3006,0.3351,0.2277,0.2499,0.1881,0.1259,0.1455,0.1043,0.1691,15.23,1369,187800,37530000,364.9,266.3,43.43,363200000,46140000,5544000,7.433E+14,418000000,50180000,1.061E+12,11.75,0.06471,0.00024,1545,0.002967,0.1125,0.6203,29.32,-0.966,0.4606,0.1127,0.2021,-0.0321,-0.03507,0.04294,0.04304,0.04171,0.1511,30.18,1984,235700,42170000,-1530,682100,63840,-4.652E+11,-43540000000,-4075000000,6.35E+17,3.935E+11,36830000000,5.202E+14,angry
95.2,0.4101,0.000273,204.1,0.00392,0.1461,0.05632,170.2,0.8266,0.205,0.2555,0.1763,0.2042,0.1382,0.1257,0.1274,0.0931,0.1696,80.06,819.3,158100,13260000,947.4,282.8,39.98,386400000,44670000,5112000,7.917E+14,406500000,46440000,9.805E+11,70.81,0.3141,0.000156,1577,0.003037,0.1147,0.5771,131.4,-0.4574,0.5778,0.05468,0.2344,0.1664,0.06069,-0.00139,0.06115,0.08436,0.1509,75.79,1667,65560,25750000,-1916,683000,63960,-4.666E+11,-43690000000,-4090000000,6.37E+17,3.948E+11,36970000000,5.231E+14,angry
13.98,0.07312,0.000374,208.3,0.004148,0.1545,0.04033,28.38,0.06126,0.2906,0.3014,0.2173,0.1884,0.1618,0.1026,0.1326,0.113,0.1716,14.37,1183,171800,34670000,340.6,273.4,40.75,374000000,44640000,5220000,7.674E+14,405600000,47360000,1.003E+12,12,0.063,0.000218,1558,0.003063,0.1159,0.5876,28.68,-0.965,0.502,0.06995,0.1053,-0.003895,0.003876,0.04374,0.09859,0.07338,0.1547,30.17,1842,219900,38900000,-1492,684000,64070,-4.679E+11,-43820000000,-4104000000,6.40E+17,3.96E+11,37090000000,5.258E+14,angry
13.41,0.07712,0.000538,227.8,0.004855,0.1808,0.03875,27.2,0.06077,0.2683,0.3026,0.2111,0.1865,0.166,0.1032,0.1119,0.1066,0.2073,14.63,1118,154300,30920000,346.3,247.2,50.75,338700000,50060000,6513000,6.959E+14,456200000,59200000,1.254E+12,12.28,0.06756,0.000317,1561,0.00391,0.1479,0.6079,29.22,-0.9634,0.541,0.001277,0.08099,-0.004992,-0.004722,0.05194,0.09257,0.07706,0.2,29.6,1681,188700,33060000,-1447,684900,64190,-4.691E+11,-43970000000,-4120000000,6.43E+17,3.973E+11,37240000000,5.289E+14,angry
15.38,0.09186,0.000158,167.7,0.001585,0.05939,0.06159,33.3,0.07276,0.2112,0.2807,0.2678,0.1965,0.1752,0.1238,0.1355,0.1293,0.08732,16.62,865.5,108400,21750000,244.5,305.6,48,419200000,52300000,6174000,8.625E+14,474700000,55970000,1.191E+12,14.17,0.08512,7.70E-05,1620,0.001649,0.06265,0.5572,33.79,-0.954,0.5639,-0.04315,0.1755,0.02141,-0.03676,-0.001334,0.1086,0.09889,0.09354,30.93,1684,178300,29910000,-1538,685900,64330,-4.704E+11,-44120000000,-4137000000,6.45E+17,3.987E+11,37390000000,5.322E+14,disgust
14.03,0.07462,0.000232,212.1,0.001456,0.05456,0.06008,28.81,0.06754,0.3042,0.3379,0.2408,0.1789,0.1725,0.1308,0.1693,0.1186,0.08045,15.7,1310,190100,38180000,244.5,330.4,56.37,454000000,59550000,7267000,9.356E+14,540400000,65860000,1.405E+12,11.88,0.06464,9.20E-05,1605,0.001435,0.05455,0.5666,28.18,-0.9653,0.5077,0.08546,0.1291,-0.03695,-0.0155,0.07777,0.1278,0.1073,0.07995,28.23,1734,211200,38090000,-1647,687000,64470,-4.719E+11,-44290000000,-4156000000,6.48E+17,4.002E+11,37560000000,5.358E+14,disgust
14.26,0.07816,0.000436,215.3,0.002911,0.1084,0.08867,30.35,0.0711,0.2954,0.2985,0.2064,0.1707,0.1371,0.1007,0.1245,0.09801,0.1375,16.49,1295,177900,35900000,269.9,331.5,66.52,456200000,66500000,8598000,9.417E+14,604700000,78020000,1.667E+12,11.48,0.06303,0.000218,1605,0.002733,0.1036,0.5615,27.82,-0.9642,0.437,0.1008,0.1564,0.04418,0.0289,0.03398,0.09747,0.08542,0.1422,28.98,1891,222300,39050000,-1559,688100,64650,-4.735E+11,-44490000000,-4179000000,6.52E+17,4.02E+11,37770000000,5.404E+14,disgust
17.39,0.1006,0.000345,184.1,0.002985,0.1118,0.1111,36.06,0.08691,0.2967,0.37,0.2566,0.1885,0.1565,0.1283,0.1422,0.1099,0.15,16.43,1243,184600,37090000,337.9,405.8,65.58,559500000,70970000,8499000,1.157E+15,642900000,76940000,1.652E+12,15.82,0.09175,0.000176,1598,0.002388,0.09056,0.5588,38.8,-0.943,0.4957,-0.004269,0.1151,-0.05253,-0.01176,0.04226,0.07859,0.07501,0.1335,35.53,2072,228900,40850000,-1571,689400,64820,-4.752E+11,-44680000000,-4200000000,6.55E+17,4.038E+11,37960000000,5.445E+14,disgust
14.03,0.07462,0.000232,212.1,0.001456,0.05456,0.06008,28.81,0.06754,0.3042,0.3379,0.2408,0.1789,0.1725,0.1308,0.1693,0.1186,0.08045,15.7,1310,190100,38180000,244.5,330.4,56.37,456400000,59930000,7324000,9.457E+14,543800000,66380000,1.427E+12,11.88,0.06464,9.20E-05,1605,0.001435,0.05455,0.5666,28.18,-0.9653,0.5077,0.08546,0.1291,-0.03695,-0.0155,0.07777,0.1278,0.1073,0.07995,28.23,1734,211200,38090000,-1647,690700,64980,-4.77E+11,-44880000000,-4222000000,6.59E+17,4.056E+11,38160000000,5.487E+14,disgust
14.95,0.08236,0.000122,183.7,0.001704,0.06337,0.03876,32.12,0.07429,0.2565,0.3473,0.2113,0.1757,0.1285,0.1243,0.1162,0.09964,0.07668,17.08,1133,164100,32490000,263.1,274.5,38.13,379700000,43950000,4963000,7.88E+14,397700000,44880000,9.691E+11,13.5,0.07695,9.00E-05,1600,0.001471,0.05597,0.6183,31.03,-0.9603,0.6103,0.1479,0.09003,-0.01773,0.02577,0.009177,0.03311,0.0386,0.08066,26.85,1449,177700,32570000,-1579,691700,65100,-4.785E+11,-45030000000,-4237000000,6.62E+17,4.069E+11,38300000000,5.517E+14,happy
14.89,0.08918,0.000322,218.5,0.002658,0.09923,0.03553,29.58,0.07088,0.2636,0.2851,0.2671,0.1537,0.152,0.1595,0.1425,0.1215,0.1306,17.26,1034,142600,28600000,287.1,305.4,34.55,423100000,43560000,4505000,8.793E+14,394600000,40790000,8.809E+11,11.95,0.06492,0.000203,1579,0.002015,0.07692,0.6237,27.83,-0.9639,0.4431,0.1044,0.1717,-0.02399,0.03391,-0.003069,0.09927,0.07367,0.1191,31.34,2074,244100,43610000,-1519,692700,65200,-4.798E+11,-45160000000,-4250000000,6.65E+17,4.081E+11,38420000000,5.542E+14,happy
15.67,0.08006,0.000481,192.5,0.002269,0.08462,0.05713,31.56,0.07887,0.3166,0.3778,0.2602,0.184,0.1475,0.1554,0.1347,0.1258,0.1047,16.92,1360,186600,36440000,267.2,309.4,33.47,429400000,43030000,4370000,8.936E+14,390100000,39590000,8.558E+11,13.65,0.07302,0.000152,1566,0.001774,0.0675,0.6174,31.88,-0.9581,0.5434,0.1108,0.06893,-0.02741,0.0528,0.05136,0.06901,0.09841,0.09704,27.8,1571,197100,36480000,-1603,693800,65290,-4.813E+11,-45300000000,-4263000000,6.68E+17,4.094E+11,38530000000,5.566E+14,happy
12.36,0.06779,0.00031,182.3,0.002173,0.08143,0.05893,25.99,0.06533,0.28,0.3322,0.2374,0.1644,0.126,0.1422,0.1522,0.1263,0.1161,15.59,1241,170000,34180000,286.5,302,50.55,419700000,54410000,6611000,8.749E+14,494000000,59940000,1.297E+12,11.22,0.0635,0.000154,1570,0.00173,0.06601,0.6039,28.13,-0.9672,0.4061,0.172,0.1841,-0.06339,0.05902,-0.03108,0.03938,0.04894,0.103,32.69,2403,289600,52050000,-1623,694800,65410,-4.828E+11,-45450000000,-4277000000,6.71E+17,4.107E+11,38660000000,5.595E+14,happy
17.09,0.0842,0.000289,195.6,0.002353,0.08809,0.04845,35.9,0.08912,0.2742,0.258,0.2344,0.1674,0.1352,0.1299,0.135,0.1356,0.1248,18.81,1076,143400,28730000,287.9,266.7,45.69,371200000,48680000,5986000,7.748E+14,442900000,54340000,1.177E+12,13.76,0.07004,0.000159,1556,0.002048,0.07813,0.5957,31.89,-0.9525,0.4543,0.06054,0.152,-0.03019,0.06817,0.02362,0.09286,0.0824,0.1246,34.28,2136,234800,40700000,-1529,695800,65530,-4.842E+11,-45600000000,-4294000000,6.74E+17,4.121E+11,38810000000,5.628E+14,happy
16.24,0.09122,0.000197,172.3,0.001444,0.05374,0.04433,34.78,0.07978,0.2718,0.3186,0.2032,0.1718,0.1375,0.1501,0.1483,0.1108,0.07567,18.79,1168,128200,24230000,240.3,309.7,36.7,431700000,45330000,4816000,9.023E+14,411000000,43630000,9.481E+11,14.83,0.08334,0.000102,1597,0.00161,0.06151,0.513,33.95,-0.9528,0.5971,0.04998,0.1338,0.008838,0.05402,0.03962,0.07551,0.01699,0.09535,27.8,1341,142600,25000000,-1478,696800,65640,-4.855E+11,-45740000000,-4307000000,6.77E+17,4.133E+11,38930000000,5.654E+14,neutral
16.5,0.08435,8.30E-05,201.6,0.000777,0.02904,0.06243,33.68,0.08011,0.2763,0.3288,0.2328,0.1663,0.1346,0.1277,0.1286,0.1162,0.0516,17.63,1133,148700,28910000,221.7,281.9,24.35,393500000,35020000,3200000,8.237E+14,319200000,29160000,6.309E+11,14.43,0.07579,5.00E-05,1592,0.001021,0.03912,0.5084,32.38,-0.9555,0.6199,0.05664,0.09839,0.03251,0.02001,0.07459,0.1209,0.06702,0.06465,26.73,1285,151600,27510000,-1554,697800,65730,-4.87E+11,-45870000000,-4320000000,6.80E+17,4.145E+11,39040000000,5.678E+14,neutral
14.97,0.07281,0.000105,176.1,0.001023,0.03865,0.04087,30.09,0.07201,0.3633,0.3875,0.19,0.1979,0.1236,0.1212,0.1313,0.12,0.06542,16.49,1587,222000,43100000,295.9,351,30.59,490700000,44120000,4025000,1.029E+15,399300000,36420000,7.944E+11,13.99,0.07392,5.30E-05,1569,0.000962,0.03689,0.5543,32.24,-0.9593,0.5676,0.1175,0.03024,0.01948,0.07993,0.08458,0.05654,0.03519,0.06116,27.86,1552,196100,37160000,-1622,698900,65800,-4.885E+11,-45990000000,-4330000000,6.83E+17,4.156E+11,39130000000,5.698E+14,neutral
14.13,0.06858,0.000157,193.4,0.001323,0.04951,0.06312,27.79,0.06592,0.3156,0.3316,0.196,0.1675,0.1333,0.1357,0.1491,0.1193,0.07652,15.41,1323,186800,36940000,277.8,323.9,43.42,453500000,51330000,5723000,9.524E+14,465200000,51830000,1.131E+12,12.87,0.06724,8.90E-05,1594,0.001398,0.05344,0.5294,29.67,-0.9644,0.5716,0.08454,0.08125,0.01631,0.05518,0.09828,0.0911,0.04099,0.08548,28.13,1584,190200,34400000,-1567,700100,65910,-4.901E+11,-46150000000,-4344000000,6.86E+17,4.17E+11,39260000000,5.726E+14,neutral
16.64,0.09295,0.000129,192.7,0.00128,0.04796,0.04458,34.15,0.08658,0.278,0.3785,0.1917,0.1729,0.1613,0.134,0.1669,0.1384,0.07277,18.08,1159,160900,31850000,237.8,340.6,41.12,477700000,50930000,5430000,1.005E+15,461100000,49140000,1.075E+12,16.58,0.09258,7.10E-05,1613,0.001321,0.05039,0.5579,38.17,-0.9461,0.6313,-0.01089,0.08213,-0.00553,0.05594,0.1248,0.1005,0.06964,0.08126,31.3,1483,158800,28550000,-1578,701200,66030,-4.917E+11,-46300000000,-4360000000,6.90E+17,4.185E+11,39400000000,5.757E+14,neutral
15.88,0.08653,4.70E-05,167.2,0.000914,0.03428,0.08832,32.8,0.08398,0.3196,0.3575,0.2099,0.176,0.1137,0.1178,0.1254,0.09772,0.05308,18.25,1449,207200,40570000,271.3,353.6,32.62,496800000,45800000,4314000,1.047E+15,415500000,39120000,8.559E+11,11.38,0.06574,2.60E-05,1577,0.001027,0.03902,0.5103,27.93,-0.9637,0.4877,0.1812,0.1372,0.03881,0.04066,0.04247,0.04671,0.05315,0.05686,24.07,1437,187500,35690000,-1596,702400,66140,-4.934E+11,-46460000000,-4374000000,6.93E+17,4.199E+11,39530000000,5.785E+14,sad
17.34,0.102,3.70E-05,161.4,0.000823,0.03062,0.04335,34.48,0.09158,0.2646,0.3496,0.2168,0.2234,0.1839,0.1634,0.1666,0.1267,0.04111,17.74,1127,159000,31210000,233.7,312.1,30.39,439200000,41720000,4024000,9.27E+14,378200000,36460000,7.993E+11,13.18,0.07486,1.80E-05,1578,0.000828,0.0315,0.5679,31.55,-0.9532,0.4971,-0.03496,0.1471,0.007588,-0.01463,0.07184,0.1354,0.132,0.04613,29.37,1682,188800,33460000,-1609,703600,66220,-4.951E+11,-46590000000,-4385000000,6.97E+17,4.211E+11,39630000000,5.807E+14,sad
17.15,0.1026,5.50E-05,190.5,0.00142,0.05286,0.04952,36.82,0.08842,0.2375,0.3376,0.207,0.1617,0.1517,0.1294,0.1017,0.1122,0.06135,19.34,1023,125300,25250000,210.7,291,27.26,410100000,37560000,3615000,8.669E+14,342600000,32950000,7.19E+11,12.17,0.0685,2.70E-05,1586,0.001202,0.04537,0.6101,29.1,-0.9536,0.3531,-0.03336,0.2484,0.1112,0.05937,-0.001983,0.03468,0.0833,0.05743,30.4,1963,212700,36880000,-1572,704600,66320,-4.965E+11,-46730000000,-4398000000,7.00E+17,4.223E+11,39750000000,5.832E+14,sad
73.25,0.3224,3.80E-05,176.3,0.001687,0.06283,0.05435,128.7,0.629,0.2778,0.3543,0.2247,0.2473,0.1861,0.1741,0.153,0.1156,0.07065,62.26,1313,176000,25730000,669.2,349,43.51,492600000,53160000,5777000,1.043E+15,481600000,52310000,1.151E+12,39.92,0.1897,2.30E-05,1587,0.001252,0.04726,0.5877,78.33,-0.7055,0.475,-0.03913,0.1785,0.0318,0.02806,0.02598,0.05951,0.0997,0.06209,53.83,1905,119600,30850000,-1791,705800,66410,-4.981E+11,-46870000000,-4410000000,7.03E+17,4.236E+11,39860000000,5.858E+14,sad
17.15,0.1026,5.50E-05,190.5,0.00142,0.05286,0.04952,36.82,0.08842,0.2375,0.3376,0.207,0.1617,0.1517,0.1294,0.1017,0.1122,0.06135,19.34,1023,125300,25250000,210.7,291,27.26,411400000,37680000,3626000,8.724E+14,343700000,33060000,7.235E+11,12.17,0.0685,2.70E-05,1586,0.001202,0.04537,0.6101,29.1,-0.9536,0.3531,-0.03336,0.2484,0.1112,0.05937,-0.001983,0.03468,0.0833,0.05743,30.4,1963,212700,36880000,-1572,706900,66520,-4.996E+11,-47020000000,-4425000000,7.06E+17,4.25E+11,39990000000,5.886E+14,sad
11.13,0.06383,0.001451,221.2,0.004255,0.1604,0.08138,23.43,0.07456,0.3079,0.3668,0.1973,0.1885,0.1367,0.1507,0.1667,0.1403,0.2538,14.75,1386,206500,41450000,317.7,292.5,61.86,414100000,63220000,8244000,8.794E+14,571100000,74480000,1.648E+12,13.72,0.06949,0.00076,1631,0.003503,0.1346,0.5847,31.12,-0.9645,0.5637,0.1311,0.1649,-0.05745,-0.00741,0.03473,0.163,0.1341,0.2394,32.3,2109,254000,46270000,-1617,707900,66650,-5.011E+11,-47180000000,-4441000000,7.09E+17,4.263E+11,40140000000,5.919E+14,angry
38.1,0.1671,0.00136,237.6,0.003649,0.1375,0.07811,70.12,0.3258,0.1962,0.3202,0.1913,0.145,0.1239,0.1337,0.1406,0.1448,0.2325,33.17,928.2,131700,23650000,293.4,255,35.49,361600000,41880000,4741000,7.688E+14,381900000,43150000,9.499E+11,19.43,0.09402,0.000797,1590,0.003771,0.1451,0.5175,40.83,-0.91,0.6961,0.01632,0.008939,-0.06494,0.02399,0.08385,0.1683,0.1153,0.2586,32.45,1293,125600,23640000,-1404,708800,66810,-5.024E+11,-47350000000,-4463000000,7.12E+17,4.28E+11,40330000000,5.962E+14,angry
9.916,0.05559,0.001448,226.3,0.003058,0.1153,0.06306,19.67,0.0613,0.2181,0.3227,0.2343,0.1275,0.1436,0.128,0.1401,0.1391,0.1852,11.64,884.5,119500,23660000,215,260.2,39.94,369300000,45620000,5344000,7.863E+14,413900000,48450000,1.073E+12,12.85,0.06818,0.000595,1603,0.002837,0.109,0.5616,29.01,-0.9679,0.6909,-0.03497,-0.01206,-0.08802,0.0345,0.1188,0.1907,0.1116,0.1957,27.53,1348,148600,26210000,-1463,709700,66920,-5.037E+11,-47490000000,-4477000000,7.15E+17,4.292E+11,40470000000,5.992E+14,angry
11.13,0.06383,0.001451,221.2,0.004255,0.1604,0.08138,23.43,0.07456,0.3079,0.3668,0.1973,0.1885,0.1367,0.1507,0.1667,0.1403,0.2538,14.75,1386,206500,41450000,317.7,292.5,61.86,415700000,63520000,8297000,8.864E+14,573800000,74950000,1.669E+12,13.72,0.06949,0.00076,1631,0.003503,0.1346,0.5847,31.12,-0.9645,0.5637,0.1311,0.1649,-0.05745,-0.00741,0.03473,0.163,0.1341,0.2394,32.3,2109,254000,46270000,-1617,710700,67070,-5.05E+11,-47660000000,-4497000000,7.18E+17,4.307E+11,40650000000,6.032E+14,angry
62.79,0.2708,0.000795,219.4,0.002951,0.1122,0.0952,111.2,0.5479,0.2211,0.2896,0.2115,0.1831,0.1471,0.1502,0.1616,0.1534,0.2024,53.26,992.9,151300,23240000,599.8,251.8,43.16,358400000,47030000,5802000,7.651E+14,428900000,52770000,1.17E+12,33.74,0.1584,0.000362,1621,0.002575,0.09926,0.5317,67.15,-0.7873,0.649,0.03574,0.06545,0.000476,0.04553,0.04463,0.143,0.1011,0.1874,45.89,1616,139000,29860000,-1615,711600,67240,-5.064E+11,-47850000000,-4520000000,7.21E+17,4.324E+11,40860000000,6.078E+14,angry
12.45,0.0714,0.000396,215.1,0.002819,0.1069,0.08408,27.28,0.07793,0.5239,0.2879,0.2261,0.1701,0.1627,0.1441,0.1427,0.1357,0.1835,20.11,2235,275100,53990000,368.4,263.2,38.06,375000000,44150000,5125000,8.015E+14,402000000,46580000,1.035E+12,13.67,0.07118,0.000213,1604,0.00217,0.08305,0.5664,34.04,-0.9579,0.4421,0.1495,0.03204,-0.1127,0.03615,0.1279,0.1425,0.0673,0.1456,32.81,2286,260300,49300000,-1637,712500,67340,-5.077E+11,-47980000000,-4534000000,7.23E+17,4.336E+11,40980000000,6.105E+14,disgust
12.78,0.0782,0.000358,211.1,0.002302,0.08703,0.08694,28.43,0.07869,0.4885,0.3348,0.263,0.1586,0.1404,0.1363,0.1354,0.1271,0.1499,18.41,2173,255600,51270000,360.4,291.6,49.97,416100000,54880000,6740000,8.906E+14,498200000,61120000,1.364E+12,13.84,0.07705,0.000175,1603,0.002107,0.08116,0.5148,35.67,-0.9558,0.5181,-0.01938,0.03902,-0.1393,0.01043,0.1304,0.1412,0.08443,0.149,33.34,2104,219300,40530000,-1536,713500,67460,-5.09E+11,-48130000000,-4550000000,7.26E+17,4.349E+11,41120000000,6.137E+14,disgust
9.577,0.05577,0.001091,225.4,0.003728,0.1413,0.08291,18.43,0.0546,0.2344,0.2973,0.2456,0.137,0.1408,0.1375,0.1583,0.1453,0.2402,11.72,917.2,133900,27020000,279.5,311.1,50.29,444600000,56200000,6797000,9.529E+14,511200000,61710000,1.378E+12,10.89,0.0645,0.000478,1595,0.003017,0.1155,0.5491,26.28,-0.9737,0.6368,0.01938,-0.01187,-0.03753,0.01691,0.01554,0.08662,0.07349,0.2013,27,1520,177600,31820000,-1454,714500,67600,-5.105E+11,-48300000000,-4569000000,7.30E+17,4.365E+11,41290000000,6.176E+14,disgust
10.16,0.05528,0.001801,217.1,0.004757,0.1791,0.07695,20.74,0.06091,0.254,0.2884,0.2018,0.1327,0.1317,0.1071,0.1131,0.1312,0.274,12.5,1083,161500,32440000,299.2,320.1,47.55,458100000,54870000,6438000,9.834E+14,499200000,58470000,1.308E+12,9.522,0.04922,0.000698,1615,0.00391,0.1491,0.5762,23.16,-0.977,0.5562,0.1271,0.05366,-0.009274,0.07261,0.07543,0.1028,0.06129,0.2356,25.65,1558,187900,34200000,-1434,715600,67720,-5.121E+11,-48460000000,-4585000000,7.33E+17,4.38E+11,41450000000,6.21E+14,disgust
10.99,0.05525,0.000336,247.7,0.002401,0.09101,0.08412,20.84,0.0651,0.2426,0.2873,0.1894,0.1599,0.1559,0.1332,0.1523,0.1402,0.1604,13.43,983.4,134000,26790000,217.2,285.1,37.95,408700000,45320000,5147000,8.786E+14,414000000,46890000,1.047E+12,10.99,0.05793,0.000202,1604,0.00231,0.08871,0.5174,25.04,-0.9705,0.5894,0.03251,0.0457,-0.08521,0.007401,0.0803,0.1535,0.1056,0.1593,26.81,1482,167000,29620000,-1436,716600,67830,-5.136E+11,-48610000000,-4601000000,7.36E+17,4.393E+11,41590000000,6.241E+14,disgust
14.24,0.08811,0.000119,194.6,0.001086,0.04103,0.0395,29.07,0.0994,0.373,0.3486,0.239,0.1999,0.1642,0.171,0.155,0.162,0.07236,17.78,1703,209000,41120000,242.2,260.1,35.68,373300000,43070000,4846000,8.036E+14,389400000,43810000,9.873E+11,14.33,0.08044,7.70E-05,1614,0.001184,0.04559,0.5314,33.38,-0.9572,0.5925,0.05291,0.1059,-0.1142,-0.01708,0.08769,0.1406,0.07092,0.08329,28.73,1626,178400,33110000,-1622,717600,67920,-5.149E+11,-48740000000,-4612000000,7.39E+17,4.405E+11,41690000000,6.265E+14,happy
10.46,0.06833,0.000337,211.9,0.001684,0.06377,0.05407,23.54,0.06969,0.2372,0.3331,0.1986,0.1376,0.1123,0.1271,0.1562,0.128,0.113,12.83,1056,143600,28390000,210.1,288.6,39.83,414800000,47740000,5419000,8.941E+14,432600000,49060000,1.106E+12,12.19,0.07209,0.000161,1624,0.001692,0.06528,0.5519,27.98,-0.9689,0.6616,0.0392,0.02043,-0.09889,-0.00306,0.04485,0.1335,0.0793,0.1229,26.6,1368,154600,27840000,-1465,718500,68040,-5.163E+11,-48890000000,-4628000000,7.42E+17,4.418E+11,41830000000,6.298E+14,happy
58.53,0.2512,0.000349,204.7,0.001783,0.06749,0.04399,101.5,0.5081,0.1876,0.3403,0.2206,0.1829,0.1219,0.1286,0.124,0.1178,0.1204,50,851.1,125600,19350000,519.1,265.9,42.98,382600000,48620000,5858000,8.259E+14,440900000,53070000,1.197E+12,30.84,0.1509,0.000164,1609,0.001759,0.06802,0.5414,62.18,-0.8127,0.7185,-0.04751,0.0246,-0.04167,0.03029,0.06163,0.1033,0.05879,0.1298,40.93,1191,84890,19360000,-1558,719500,68150,-5.177E+11,-49040000000,-4644000000,7.45E+17,4.432E+11,41980000000,6.33E+14,happy
40.21,0.1777,0.000184,214.1,0.001367,0.05217,0.03926,72.86,0.3492,0.2429,0.3463,0.2256,0.1897,0.1346,0.1582,0.154,0.1358,0.09868,34.84,1076,152500,27360000,311.5,290.3,33.63,418300000,43770000,4590000,9.041E+14,396100000,41520000,9.397E+11,20.61,0.1082,0.000113,1602,0.001336,0.0518,0.5678,44.91,-0.8983,0.6547,-0.000643,0.04458,-0.08872,0.005338,0.05312,0.1092,0.04844,0.104,33.93,1444,144300,27900000,-1514,720500,68250,-5.191E+11,-49170000000,-4658000000,7.48E+17,4.444E+11,42100000000,6.358E+14,happy
38.79,0.1725,0.000241,224.9,0.001634,0.06209,0.04787,71.76,0.3317,0.2421,0.3605,0.2176,0.168,0.1275,0.1251,0.1325,0.1337,0.1211,33.95,1016,142100,26390000,286.3,249.7,34.52,360200000,41600000,4718000,7.796E+14,377200000,42750000,9.674E+11,19.23,0.1028,0.000172,1573,0.001882,0.07285,0.5095,40.89,-0.9026,0.6859,-0.07056,-0.002173,-0.02115,0.02434,0.04934,0.08435,0.08534,0.1397,31.12,1109,99530,19700000,-1437,721400,68360,-5.204E+11,-49310000000,-4672000000,7.51E+17,4.456E+11,42230000000,6.387E+14,happy
13.47,0.07256,0.000193,199.8,0.001459,0.05503,0.06001,27.33,0.08497,0.2507,0.3561,0.1879,0.1467,0.1339,0.1266,0.1213,0.1229,0.09576,14.83,1053,148700,29240000,231.2,265.4,29.03,383400000,38600000,3973000,8.308E+14,349500000,35950000,8.157E+11,11.14,0.06499,0.000113,1585,0.001572,0.06039,0.5259,26.14,-0.9665,0.6216,0.008036,0.01589,-0.06506,0.03141,0.07329,0.1066,0.05698,0.1104,25.32,1275,140100,25530000,-1419,722300,68440,-5.217E+11,-49440000000,-4684000000,7.54E+17,4.468E+11,42330000000,6.411E+14,neutral
13.33,0.0765,6.20E-05,209.9,0.000878,0.03309,0.07911,27.26,0.07694,0.2786,0.3558,0.2314,0.1386,0.1253,0.09755,0.1134,0.1187,0.05497,13.87,1119,167100,32840000,205.7,245.8,24.94,355500000,34130000,3416000,7.712E+14,309700000,30970000,7.02E+11,11.55,0.06808,4.10E-05,1575,0.000874,0.03354,0.5353,27.22,-0.9669,0.6169,0.07324,0.006404,0.009346,0.06086,0.07761,0.06655,0.03373,0.05713,24.91,1355,169600,32130000,-1573,723200,68520,-5.23E+11,-49550000000,-4694000000,7.56E+17,4.478E+11,42420000000,6.431E+14,neutral
11.77,0.06565,0.000157,222,0.001224,0.0463,0.05107,24.74,0.07108,0.2203,0.3126,0.2199,0.1494,0.1379,0.1351,0.1365,0.1468,0.08007,13.31,974.4,130100,25140000,197.7,252.2,25.47,365300000,34920000,3493000,7.934E+14,317600000,31730000,7.186E+11,11.19,0.06473,8.50E-05,1592,0.001321,0.05073,0.5367,26.2,-0.9695,0.6598,0.04816,-0.01961,-0.06155,0.04245,0.08647,0.1036,0.05733,0.08903,24.14,1214,140200,25500000,-1472,724000,68590,-5.242E+11,-49660000000,-4703000000,7.59E+17,4.488E+11,42510000000,6.451E+14,neutral
60.24,0.2625,0.000148,209.2,0.001341,0.05058,0.03941,110,0.5178,0.2403,0.3153,0.205,0.1871,0.1455,0.1231,0.1254,0.1139,0.08884,52.19,975.6,138400,22400000,548.4,286.7,31.86,415700000,42210000,4374000,9.042E+14,380300000,39410000,9.006E+11,29.91,0.1459,9.40E-05,1566,0.001423,0.05458,0.507,61.23,-0.8047,0.6207,0.02149,0.05709,-0.000509,0.04659,0.03967,0.09287,0.07103,0.09305,40.59,1303,101600,22920000,-1574,725000,68650,-5.256E+11,-49770000000,-4712000000,7.62E+17,4.498E+11,42590000000,6.469E+14,neutral
12.12,0.06767,0.000112,217.9,0.001026,0.03859,0.06806,23.57,0.0691,0.2789,0.3184,0.2054,0.124,0.1284,0.1166,0.1258,0.1044,0.0632,13.27,1095,164400,32750000,209,264.1,27.65,383400000,37730000,3800000,8.349E+14,341300000,34360000,7.833E+11,10.88,0.06386,7.40E-05,1514,0.001151,0.04419,0.4582,25.19,-0.9698,0.5948,0.08088,0.04736,-0.03629,0.02704,0.06715,0.08013,0.03637,0.0785,25.46,1383,164600,30240000,-1476,725900,68730,-5.27E+11,-49890000000,-4723000000,7.65E+17,4.509E+11,42690000000,6.492E+14,neutral
10.62,0.05938,4.80E-05,212.1,0.000778,0.02908,0.0639,21.85,0.06137,0.2463,0.2705,0.1998,0.1132,0.1401,0.09527,0.108,0.1271,0.04032,13.94,1133,153700,30200000,176.5,243.3,27.89,353600000,36490000,3837000,7.711E+14,331600000,34830000,7.918E+11,9.787,0.0554,2.70E-05,1544,0.000737,0.0281,0.6204,24.17,-0.9735,0.5579,0.1121,0.02826,0.004684,0.03367,0.0485,0.09261,0.07853,0.04372,25.77,1543,185200,34010000,-1626,726800,68810,-5.282E+11,-50010000000,-4733000000,7.68E+17,4.519E+11,42780000000,6.513E+14,sad
8.192,0.04495,9.00E-05,155.2,0.001242,0.04662,0.08093,17.35,0.04195,0.2632,0.2842,0.1764,0.1019,0.1003,0.0808,0.07272,0.09096,0.07198,10.9,1096,164700,32470000,228.7,296.8,32.11,432000000,43130000,4422000,9.432E+14,389900000,39960000,9.135E+11,8.485,0.04831,4.90E-05,1604,0.001381,0.05258,0.4612,20.26,-0.9815,0.5734,0.1568,0.03433,0.04166,0.04142,0.04695,0.08217,0.06639,0.08333,20.98,1174,149100,27930000,-1464,727700,68870,-5.296E+11,-50120000000,-4743000000,7.71E+17,4.53E+11,42870000000,6.533E+14,sad
9.854,0.05657,0.000142,184.6,0.001488,0.05626,0.06824,20.32,0.05492,0.2669,0.3125,0.1908,0.1258,0.09384,0.09526,0.1187,0.1073,0.09372,12.17,1106,163800,32190000,233.8,283.3,37.94,412800000,46470000,5233000,9.026E+14,421800000,47450000,1.083E+12,9.446,0.05426,8.80E-05,1606,0.00149,0.05682,0.5466,23.14,-0.9781,0.5943,0.1165,0.003882,0.007652,0.0674,0.06898,0.07662,0.07124,0.09451,22.09,1200,150200,28350000,-1499,728700,68980,-5.31E+11,-50270000000,-4757000000,7.74E+17,4.543E+11,43000000000,6.563E+14,sad
54.94,0.2363,0.000136,281,0.001202,0.04524,0.06401,97.71,0.4759,0.2407,0.3057,0.1891,0.1597,0.1117,0.1129,0.1393,0.1118,0.07287,47.77,1078,159700,27450000,479,311.4,34.13,454500000,45560000,4715000,9.951E+14,414900000,42870000,9.769E+11,24.93,0.1197,6.50E-05,1591,0.001253,0.04788,0.5095,50.28,-0.8497,0.6657,0.07733,0.005115,0.02193,0.06357,0.08539,0.1079,0.09762,0.08049,35.17,1211,115400,24920000,-1608,729800,69080,-5.326E+11,-50410000000,-4772000000,7.77E+17,4.556E+11,43130000000,6.592E+14,sad
9.082,0.05179,8.50E-05,203.8,0.001049,0.03956,0.08377,18.41,0.05283,0.2803,0.2998,0.1857,0.1346,0.1113,0.08992,0.1175,0.09506,0.06278,12.09,1164,163800,31950000,216,279.9,34.24,409000000,43700000,4736000,8.967E+14,396500000,42930000,9.825E+11,8.44,0.04762,3.80E-05,1599,0.001214,0.04611,0.4594,20.02,-0.9809,0.5727,0.1528,0.05889,0.05022,0.03966,0.03603,0.05072,0.05256,0.07186,20.29,1144,145600,27590000,-1509,730800,69170,-5.34E+11,-50550000000,-4784000000,7.81E+17,4.568E+11,43230000000,6.617E+14,sad
11.46,0.08482,0.000753,171.9,0.002272,0.08458,0.03176,25.87,0.08133,0.3561,0.3333,0.1343,0.1525,0.1101,0.1039,0.08499,0.07828,0.1143,18.64,1611,201700,39170000,284.9,319.1,39.16,118800000,15420000,2014000,6.64E+13,140100000,18310000,1.55E+11,9.701,0.05338,0.000342,1601,0.002044,0.0782,0.5831,24.13,-0.9707,0.4982,0.1678,0.1236,-0.02136,0.02563,0.02621,0.01521,0.007935,0.1161,26.32,1674,184000,34830000,-1526,186200,25730,-34660000000,-4790000000,-661700000,1.29E+16,43280000000,5980000000,3.40E+13,angry
13.64,0.1021,0.002158,207.9,0.003272,0.1225,0.04836,29.84,0.09708,0.3766,0.3328,0.1834,0.1269,0.1125,0.1033,0.08487,0.07641,0.1904,18.69,1673,197800,38260000,342.4,374.4,44.52,140300000,17820000,2300000,7.886E+13,162000000,20920000,1.783E+11,11.83,0.06881,0.000812,1571,0.002531,0.09761,0.609,28.77,-0.9601,0.5478,0.06567,0.01035,-0.04454,0.02197,0.02286,0.02872,-0.003862,0.1618,30.4,1873,196500,37120000,-1517,187400,25850,-35110000000,-4844000000,-668000000,1.32E+16,43760000000,6038000000,3.453E+13,angry
9.667,0.09035,0.001357,169.8,0.003305,0.1227,0.04729,25.4,0.06571,0.3902,0.3108,0.1597,0.1242,0.0978,0.08427,0.0792,0.08298,0.1465,18.17,1766,209000,40520000,302.3,346,36.13,130500000,15720000,1875000,7.385E+13,142500000,17010000,1.459E+11,9.065,0.05351,0.000551,1559,0.002413,0.09228,0.588,24.79,-0.9732,0.4677,0.1015,0.05001,-0.03685,0.02607,0.04817,0.06363,0.0177,0.1333,28.21,1868,198800,37200000,-1494,188600,25960,-35580000000,-4896000000,-673500000,1.34E+16,44240000000,6087000000,3.496E+13,angry
11.2,0.09024,0.001114,191.1,0.002969,0.1105,0.04078,23.85,0.06368,0.3138,0.29,0.1646,0.118,0.1038,0.1109,0.09289,0.07823,0.1433,18.52,1577,179000,34990000,303.7,351.2,50.16,133300000,18580000,2616000,7.592E+13,168500000,23710000,2.046E+11,10.41,0.05917,0.000446,1569,0.002411,0.09225,0.5837,26.39,-0.9702,0.5183,0.1098,0.01798,-0.0339,0.04674,0.05063,0.05575,0.009168,0.1382,28.56,1720,177500,33160000,-1515,189800,26080,-36030000000,-4951000000,-680200000,1.37E+16,44740000000,6148000000,3.548E+13,angry
81.22,0.3553,0.001292,193.3,0.002805,0.105,0.04516,141.1,0.7064,0.2195,0.3011,0.1706,0.1976,0.1181,0.09625,0.09328,0.0795,0.1628,70.34,1201,119400,16150000,784.7,348.7,50.78,133200000,18780000,2662000,7.634E+13,170200000,24130000,2.093E+11,49.32,0.2393,0.000575,1577,0.002513,0.09665,0.5724,94.96,-0.6384,0.6561,0.0553,0.03972,0.03098,0.03452,-0.02941,-0.00052,0.005996,0.1587,56.8,1276,40320,17890000,-1695,191000,26220,-36500000000,-5010000000,-687500000,1.39E+16,45270000000,6214000000,3.605E+13,angry
21.74,0.1367,0.000784,181.4,0.001608,0.05985,0.03215,46.63,0.1777,0.221,0.3189,0.1798,0.2048,0.1262,0.1266,0.1183,0.1078,0.08133,22.76,1107,127100,23210000,235.7,364.6,36.78,140200000,16490000,1938000,8.086E+13,149600000,17580000,1.531E+11,16.56,0.106,0.000185,1537,0.001125,0.04381,0.6333,40.67,-0.9303,0.5839,0.05814,0.02304,-0.1221,0.04925,0.02835,0.002447,-0.03193,0.07368,35.44,1946,192600,36670000,-1577,192300,26350,-36970000000,-5067000000,-694300000,1.42E+16,45780000000,6275000000,3.659E+13,disgust
12.89,0.09326,0.000113,172.5,0.001073,0.03978,0.04337,31.35,0.07861,0.2043,0.3113,0.2147,0.1577,0.1187,0.1354,0.1208,0.1244,0.04428,17.99,1077,123100,23230000,174.1,336,26.88,130000000,13710000,1421000,7.546E+13,124800000,12930000,1.127E+11,12.02,0.077,4.30E-05,1538,0.000692,0.0266,0.6821,32.18,-0.9599,0.5351,0.02982,0.05346,-0.04331,0.03038,0.06893,0.000397,-0.05315,0.03892,30.58,1770,184000,33670000,-1646,193500,26450,-37430000000,-5116000000,-699100000,1.45E+16,46230000000,6319000000,3.697E+13,disgust
23.86,0.1351,0.000249,137.8,0.001271,0.04711,0.04436,49.86,0.1784,0.3413,0.383,0.2655,0.1915,0.1619,0.1901,0.1453,0.1367,0.0644,24.35,1612,208000,39810000,284.8,333.4,42.77,129800000,16800000,2269000,7.578E+13,153100000,20670000,1.806E+11,19.54,0.1159,9.10E-05,1585,0.001033,0.04011,0.5918,46.21,-0.914,0.5827,-0.06088,0.01823,-0.1177,0.04072,0.05327,0.003078,-0.04729,0.06647,36.88,1848,176100,34140000,-1641,194600,26550,-37880000000,-5168000000,-704900000,1.48E+16,46700000000,6371000000,3.743E+13,disgust
26.32,0.1598,0.00018,171.1,0.001127,0.04175,0.05178,54.94,0.2104,0.2255,0.3782,0.2267,0.1398,0.08908,0.1445,0.1114,0.1186,0.05509,26.05,1112,144500,25740000,213.7,432.1,44.53,169300000,19820000,2373000,9.955E+13,179600000,21500000,1.897E+11,17.14,0.1011,6.40E-05,1540,0.000826,0.03197,0.6195,40.73,-0.9167,0.5153,0.05843,0.06804,-0.05418,0.03321,0.01299,0.04941,-0.02647,0.052,35.49,1970,191300,37370000,-1617,196000,26670,-38400000000,-5226000000,-710900000,1.51E+16,47220000000,6426000000,3.791E+13,disgust
23.86,0.1351,0.000249,137.8,0.001271,0.04711,0.04436,49.86,0.1784,0.3413,0.383,0.2655,0.1915,0.1619,0.1901,0.1453,0.1367,0.0644,24.35,1612,208000,39810000,284.8,333.4,42.77,131600000,16990000,2290000,7.786E+13,154900000,20860000,1.84E+11,19.54,0.1159,9.10E-05,1585,0.001033,0.04011,0.5918,46.21,-0.914,0.5827,-0.06088,0.01823,-0.1177,0.04072,0.05327,0.003078,-0.04729,0.06647,36.88,1848,176100,34140000,-1641,197300,26800,-38920000000,-5287000000,-718000000,1.54E+16,47770000000,6490000000,3.848E+13,disgust
10.05,0.06366,0.000449,176.5,0.001718,0.06375,0.05927,23.42,0.04847,0.3928,0.3246,0.1481,0.1387,0.09619,0.1028,0.09631,0.1041,0.08198,17.44,1789,233900,45700000,283.3,387.6,57.11,153900000,21500000,3074000,9.166E+13,194800000,27840000,2.481E+11,8.846,0.04857,0.000156,1584,0.001454,0.05549,0.5811,24.07,-0.975,0.3941,0.1539,0.09285,-0.02049,0.04449,0.03523,0.02934,-0.004003,0.0793,28.2,1991,230000,43150000,-1599,198500,26930,-39410000000,-5346000000,-724900000,1.57E+16,48310000000,6552000000,3.904E+13,happy
14.88,0.1097,0.000309,182.7,0.001506,0.05601,0.05985,33.52,0.09228,0.3999,0.3347,0.1475,0.1384,0.09929,0.09386,0.09646,0.08987,0.0759,20.58,1806,232600,44880000,289.6,426.7,53.34,170600000,21800000,2885000,1.023E+14,197900000,26170000,2.341E+11,11.24,0.06735,0.000113,1563,0.001286,0.04905,0.5929,29.22,-0.9588,0.4138,0.1246,0.0637,-0.04272,0.03501,0.04382,0.04055,0.01227,0.07264,29.79,1943,214300,41010000,-1605,199900,27070,-39970000000,-5412000000,-732600000,1.60E+16,48910000000,6622000000,3.966E+13,happy
29.35,0.135,0.000688,179.2,0.001972,0.07304,0.05192,48.06,0.2468,0.3458,0.2728,0.1485,0.1204,0.07458,0.09558,0.09003,0.09919,0.09132,29.27,1640,191400,36220000,265.2,360.8,62.25,145300000,22230000,3385000,8.772E+13,200600000,30550000,2.761E+11,12.7,0.06641,0.000233,1567,0.001694,0.06491,0.608,29.53,-0.9429,0.4921,0.1399,0.02819,-0.03367,0.03222,0.01182,0.02526,-0.005591,0.09438,28.79,1595,164300,32100000,-1522,201300,27200,-40520000000,-5475000000,-739600000,1.63E+16,49470000000,6685000000,4.023E+13,happy
10.86,0.08554,0.0004,144.3,0.001462,0.05411,0.05646,26.19,0.06026,0.3546,0.3503,0.1544,0.1306,0.08767,0.108,0.1017,0.08571,0.06669,17.7,1643,214000,41740000,278.3,394.8,50.05,160000000,20790000,2736000,9.723E+13,188400000,24800000,2.244E+11,10.09,0.06196,0.000128,1566,0.001224,0.04697,0.5984,27.03,-0.969,0.4616,0.09336,0.04341,-0.05213,0.02334,0.01258,0.01789,-0.000376,0.07124,28.72,1790,196000,36880000,-1558,202600,27350,-41040000000,-5541000000,-747800000,1.66E+16,50070000000,6759000000,4.09E+13,happy
8.624,0.07089,0.000234,168.8,0.001105,0.04117,0.05562,22.25,0.04504,0.4348,0.3368,0.1521,0.1316,0.08021,0.08124,0.09906,0.0816,0.05566,16.99,1917,246900,47870000,290,394.6,43.23,160900000,19420000,2373000,9.848E+13,175700000,21470000,1.955E+11,8.245,0.04848,8.10E-05,1578,0.000925,0.03544,0.5724,23.49,-0.9766,0.3683,0.14,0.06882,-0.04593,0.04222,0.04452,0.02556,0.007314,0.05293,27.99,2047,238800,45250000,-1625,204000,27470,-41600000000,-5602000000,-754200000,1.70E+16,50620000000,6817000000,4.142E+13,happy
13.12,0.09555,0.000333,183,0.001462,0.05461,0.04165,29.99,0.07705,0.4173,0.3474,0.1404,0.136,0.117,0.1363,0.09429,0.08497,0.08019,19.62,1872,241900,46680000,304.7,400.6,47.58,164500000,20420000,2623000,1.013E+14,185000000,23760000,2.169E+11,10.42,0.06238,0.000106,1572,0.001149,0.04405,0.593,29.5,-0.9637,0.3505,0.1245,0.122,-0.04834,0.01825,0.05926,0.0591,-0.0173,0.06933,31.49,2270,257000,48530000,-1617,205300,27590,-42160000000,-5664000000,-760800000,1.73E+16,51180000000,6877000000,4.197E+13,neutral
9.977,0.07008,0.000297,174.5,0.001299,0.04831,0.05916,22.96,0.0499,0.3971,0.3016,0.1521,0.135,0.1036,0.1005,0.07573,0.09314,0.06648,16.8,1712,222800,43570000,275.2,369.9,53.69,152900000,21200000,2973000,9.479E+13,191800000,26890000,2.469E+11,8.867,0.05161,9.10E-05,1589,0.00122,0.0466,0.5561,23.48,-0.9752,0.4386,0.1244,0.08507,-0.009003,0.03166,0.05486,0.03891,-0.01461,0.06895,26.88,1833,211900,39490000,-1582,206700,27700,-42710000000,-5725000000,-767100000,1.77E+16,51730000000,6933000000,4.249E+13,neutral
11.45,0.07995,0.000253,180.1,0.001349,0.04996,0.04137,27.04,0.06135,0.3133,0.3025,0.1454,0.1559,0.1153,0.1233,0.08613,0.08941,0.06673,18.89,1477,169200,33030000,243.3,324.6,53.39,135000000,20010000,2972000,8.416E+13,181200000,26900000,2.481E+11,9.984,0.06097,9.60E-05,1578,0.001423,0.05446,0.5448,25.71,-0.969,0.519,0.1142,0.1041,-0.04647,0.0046,0.03662,0.05412,-0.006405,0.08044,25.78,1463,152700,28330000,-1523,207900,27850,-43210000000,-5788000000,-775200000,1.80E+16,52300000000,7006000000,4.317E+13,neutral
8.329,0.06372,0.000406,194.1,0.001452,0.05378,0.05133,22.39,0.04315,0.3546,0.3265,0.1277,0.155,0.1046,0.1183,0.08463,0.08176,0.07142,17.7,1663,212400,41380000,265.8,339.6,46.99,141900000,19010000,2629000,8.9E+13,172700000,23870000,2.206E+11,8.372,0.0487,0.000121,1585,0.001369,0.05227,0.5576,23.56,-0.9775,0.4328,0.1543,0.1221,-0.01683,0.03054,0.02016,0.02709,0.01294,0.07454,25.74,1728,197100,37020000,-1552,209000,27990,-43690000000,-5850000000,-783200000,1.83E+16,52860000000,7079000000,4.384E+13,neutral
9.588,0.07086,0.00026,178.8,0.001169,0.04339,0.05478,22.72,0.04494,0.2773,0.2817,0.2055,0.1364,0.1017,0.1172,0.09064,0.08548,0.05827,17,1294,162200,31650000,226.8,351.7,54.76,147900000,21230000,3077000,9.325E+13,192200000,27850000,2.593E+11,10.04,0.0606,8.10E-05,1593,0.001158,0.04424,0.5522,24.92,-0.9735,0.5828,0.1147,0.01881,-0.04505,0.03011,0.06682,0.06234,0.007571,0.06483,25.55,1479,166900,31080000,-1574,210200,28110,-44190000000,-5908000000,-789800000,1.86E+16,53390000000,7139000000,4.439E+13,neutral
9.318,0.05757,4.90E-05,171.5,0.000601,0.02239,0.03684,21.22,0.03506,0.3578,0.2722,0.2324,0.1125,0.1178,0.1136,0.09264,0.0798,0.02959,14.35,1472,191500,37100000,212.5,303.2,14.65,128100000,11130000,825700,8.124E+13,101300000,7525000,69810000000,9.286,0.05283,1.70E-05,1552,0.000505,0.01927,0.5843,23.67,-0.9761,0.5079,0.1068,-0.05246,-0.06847,-0.01856,0.02031,0.04157,0.03551,0.02815,27.07,1781,219600,41610000,-1649,211300,28190,-44660000000,-5958000000,-794700000,1.89E+16,53840000000,7183000000,4.48E+13,sad
8.461,0.05033,3.80E-05,151.1,0.00048,0.01781,0.07476,20.53,0.03104,0.3703,0.2658,0.1879,0.1174,0.1015,0.1043,0.08534,0.07637,0.02206,13.93,1572,205000,39580000,201.3,351.4,15.13,149300000,12720000,853700,9.519E+13,115400000,7762000,72260000000,8.032,0.04514,1.20E-05,1563,0.000424,0.01612,0.5828,21.71,-0.9808,0.4453,0.1748,0.004409,-0.007333,0.01098,0.03952,0.05499,0.03964,0.02262,24.83,1809,236700,45460000,-1687,212500,28230,-45140000000,-5997000000,-796600000,1.92E+16,54200000000,7200000000,4.497E+13,sad
9.242,0.06221,3.30E-05,166.2,0.000525,0.01952,0.04516,21.59,0.03625,0.3982,0.3044,0.186,0.1294,0.1007,0.09773,0.09253,0.0723,0.02509,15.64,1725,221900,42920000,210.6,334.2,21.77,142800000,13670000,1231000,9.155E+13,124200000,11190000,1.043E+11,8.331,0.04805,1.20E-05,1551,0.000453,0.01725,0.5607,21.53,-0.9777,0.3606,0.1385,0.05441,-0.02705,0.01474,0.03618,0.04476,0.0483,0.02455,27.03,2036,256400,49140000,-1707,213700,28280,-45650000000,-6041000000,-799400000,1.95E+16,54590000000,7225000000,4.52E+13,sad
8.505,0.06633,3.30E-05,155.6,0.000531,0.01977,0.03933,21.11,0.03714,0.405,0.3224,0.1828,0.1124,0.1089,0.09601,0.08948,0.0915,0.02427,15.55,1711,224700,43220000,213.2,342.5,15.96,147100000,12770000,903300,9.483E+13,115900000,8202000,76700000000,7.832,0.0465,1.20E-05,1552,0.000411,0.01567,0.6313,21.3,-0.9791,0.3563,0.1971,0.07123,-0.006929,0.01444,0.02646,0.02833,0.02428,0.02164,26.54,2133,279300,54090000,-1721,214800,28310,-46150000000,-6082000000,-801400000,1.98E+16,54960000000,7243000000,4.537E+13,sad
9.549,0.06628,1.80E-05,172.4,0.000413,0.01533,0.05199,22.34,0.03858,0.38,0.3294,0.1957,0.09645,0.1268,0.1148,0.09266,0.09474,0.01846,16.37,1600,202400,39030000,181.9,306.2,5.632,132200000,9586000,319000,8.566E+13,87010000,2912000,27100000000,8.171,0.04852,7.00E-06,1543,0.000387,0.0147,0.5774,21.75,-0.9781,0.3953,0.1731,0.09143,0.04536,0.02229,0.04108,0.04837,0.03221,0.01939,24.84,1920,250600,48710000,-1699,215900,28330,-46630000000,-6118000000,-802400000,2.01E+16,55280000000,7253000000,4.546E+13,sad
12.74,0.1016,0.00113,238.8,0.002876,0.1079,0.04449,31.61,0.08282,0.2194,0.3486,0.1917,0.1587,0.1433,0.1098,0.09368,0.08011,0.1772,17.82,997,100200,19540000,252.5,286.3,11.57,124200000,10600000,656000,8.087E+13,96150000,5978000,55780000000,10.09,0.07026,0.000422,1524,0.002402,0.09243,0.6231,25.65,-0.9632,0.5845,0.01548,0.04636,-0.03452,0.007855,-0.0338,-0.01322,0.007064,0.1559,24.32,1219,115600,21050000,-1278,217000,28350,-47080000000,-6151000000,-803400000,2.04E+16,55580000000,7262000000,4.554E+13,angry
14.3,0.1067,0.00172,253.7,0.003798,0.1447,0.04376,35.17,0.09102,0.3376,0.3904,0.1803,0.1737,0.1414,0.1057,0.09608,0.09482,0.2722,18.96,1426,195000,38550000,325.6,287.4,12.8,125300000,10930000,726600,8.193E+13,99280000,6638000,61870000000,10.75,0.07157,0.000655,1562,0.002992,0.1159,0.6186,27.44,-0.9591,0.507,0.04344,0.1269,0.00566,0.03349,-0.01716,-0.04466,-0.01474,0.2015,24.72,1358,142900,27070000,-1302,218000,28390,-47510000000,-6188000000,-805800000,2.07E+16,55920000000,7284000000,4.575E+13,angry
17.44,0.1258,0.000852,209.4,0.002798,0.1051,0.05473,40.02,0.1084,0.2696,0.3914,0.1886,0.1779,0.1691,0.1043,0.123,0.1101,0.1767,21.04,1253,160300,31540000,282,276.4,23.21,121000000,12920000,1320000,7.949E+13,116600000,11910000,1.126E+11,13.7,0.09101,0.00033,1583,0.002182,0.08451,0.6345,31.63,-0.9448,0.5633,-0.01574,0.08611,0.01207,0.02946,-0.01998,-0.03065,-0.01357,0.1443,27.82,1334,126800,24210000,-1394,218900,28440,-47930000000,-6227000000,-808700000,2.10E+16,56270000000,7310000000,4.599E+13,angry
20.75,0.1325,0.000449,213,0.002177,0.0824,0.04601,46.61,0.1363,0.2584,0.3937,0.1753,0.1799,0.1679,0.1195,0.1081,0.1032,0.1473,22.1,1161,157300,30890000,253.1,282.3,16.54,124200000,11670000,942900,8.192E+13,105600000,8539000,80640000000,15.09,0.09297,0.000195,1568,0.00176,0.06815,0.6169,34.19,-0.9354,0.5836,0.01448,0.1394,0.0266,0.05815,-0.02462,-0.05096,-0.05214,0.1185,27.68,1329,133200,25280000,-1435,219900,28510,-48360000000,-6270000000,-812800000,2.13E+16,56660000000,7347000000,4.634E+13,angry
17.12,0.1096,0.000807,211.5,0.002309,0.08646,0.03307,37.42,0.1055,0.3377,0.4198,0.2,0.1457,0.1646,0.1048,0.09732,0.09375,0.1456,19.23,1419,195300,38570000,284.4,298,21.12,131600000,13160000,1206000,8.724E+13,119200000,10930000,1.034E+11,13.22,0.08203,0.00035,1512,0.001748,0.06767,0.6361,31.61,-0.9493,0.5508,-0.009954,0.08598,0.0212,0.01532,-0.07324,-0.04645,-0.01552,0.1205,28.3,1467,156100,29520000,-1430,220900,28570,-48800000000,-6312000000,-816100000,2.16E+16,57040000000,7377000000,4.663E+13,angry
16.21,0.1072,0.000519,196.1,0.002075,0.078,0.04521,35.75,0.09725,0.2723,0.3967,0.2287,0.1665,0.1202,0.1011,0.09581,0.09129,0.1295,18.11,1154,149400,29040000,255.8,298.5,21.33,132500000,13260000,1222000,8.82E+13,119600000,11010000,1.049E+11,12.8,0.07936,0.000221,1591,0.001893,0.07302,0.616,29.77,-0.9553,0.652,-0.01047,0.03723,-0.02853,-0.02775,-0.001216,0.003479,-0.006383,0.1237,23.92,992.8,100500,19040000,-1392,221900,28640,-49260000000,-6355000000,-819800000,2.19E+16,57430000000,7410000000,4.694E+13,disgust
16.85,0.1104,0.000661,221.8,0.00241,0.09078,0.05187,37.41,0.1048,0.3395,0.3735,0.1874,0.1747,0.164,0.1096,0.09207,0.08799,0.1543,19.61,1427,203500,40320000,299.8,331.9,21.54,148000000,14260000,1236000,9.905E+13,128800000,11170000,1.064E+11,11.99,0.07301,0.000272,1591,0.002114,0.08137,0.6033,29.08,-0.9549,0.5368,0.08859,0.1285,0.02607,0.0407,-0.03233,-0.03475,-0.00779,0.1365,23.85,1233,137600,26590000,-1366,223000,28700,-49740000000,-6401000000,-823600000,2.22E+16,57840000000,7444000000,4.727E+13,disgust
17.6,0.113,0.000813,195.9,0.00245,0.09246,0.06413,39.34,0.1049,0.3846,0.3945,0.1867,0.1539,0.1293,0.1099,0.1007,0.08496,0.1594,19.56,1636,228700,44760000,342,319.7,23.1,143300000,14320000,1329000,9.637E+13,129800000,12060000,1.147E+11,13.22,0.07771,0.000291,1608,0.001982,0.07626,0.6433,33.03,-0.9493,0.4904,0.06815,0.09817,0.01401,0.01645,-0.01761,-0.009572,0.006764,0.1305,27.59,1549,173900,32890000,-1442,224200,28760,-50240000000,-6447000000,-827000000,2.25E+16,58260000000,7475000000,4.757E+13,disgust
16.21,0.1072,0.000519,196.1,0.002075,0.078,0.04521,35.75,0.09725,0.2723,0.3967,0.2287,0.1665,0.1202,0.1011,0.09581,0.09129,0.1295,18.11,1154,149400,29040000,255.8,298.5,21.33,134400000,13380000,1230000,9.083E+13,120700000,11090000,1.064E+11,12.8,0.07936,0.000221,1591,0.001893,0.07302,0.616,29.77,-0.9553,0.652,-0.01047,0.03723,-0.02853,-0.02775,-0.001216,0.003479,-0.006383,0.1237,23.92,992.8,100500,19040000,-1392,225200,28830,-50720000000,-6493000000,-831000000,2.29E+16,58670000000,7511000000,4.791E+13,disgust
16.85,0.1104,0.000661,221.8,0.00241,0.09078,0.05187,37.41,0.1048,0.3395,0.3735,0.1874,0.1747,0.164,0.1096,0.09207,0.08799,0.1543,19.61,1427,203500,40320000,299.8,331.9,21.54,150200000,14390000,1245000,1.02E+14,130000000,11250000,1.079E+11,11.99,0.07301,0.000272,1591,0.002114,0.08137,0.6033,29.08,-0.9549,0.5368,0.08859,0.1285,0.02607,0.0407,-0.03233,-0.03475,-0.00779,0.1365,23.85,1233,137600,26590000,-1366,226300,28900,-51220000000,-6540000000,-834800000,2.32E+16,59090000000,7546000000,4.824E+13,disgust
10.64,0.07428,0.000257,205.3,0.001699,0.06337,0.0672,26.45,0.05996,0.2319,0.2935,0.1639,0.1605,0.1274,0.1045,0.07807,0.08794,0.08376,17.35,1093,134500,26230000,228.1,309.9,11.7,141000000,11620000,677400,9.616E+13,105100000,6131000,58820000000,8.602,0.05096,0.000109,1549,0.00141,0.05434,0.6106,21.53,-0.9746,0.5239,0.1397,0.1461,0.002153,-0.01961,-0.03154,0.003043,0.01364,0.08069,22.47,1284,143200,26500000,-1411,227400,28950,-51720000000,-6583000000,-837700000,2.35E+16,59490000000,7572000000,4.85E+13,happy
6.299,0.0529,0.000245,175.5,0.001455,0.05432,0.04371,18.01,0.03401,0.2352,0.248,0.1364,0.116,0.1103,0.1039,0.08649,0.08236,0.07489,14.94,1218,154300,30220000,255.4,317.5,13.55,145100000,12270000,785600,9.946E+13,111100000,7129000,68300000000,7.119,0.04136,8.40E-05,1501,0.00122,0.04642,0.604,19.92,-0.9817,0.4494,0.1381,0.0894,0.05001,0.02444,-0.008809,0.03055,0.004584,0.06896,24.58,1686,197400,36030000,-1460,228500,28990,-52210000000,-6623000000,-839900000,2.39E+16,59850000000,7592000000,4.869E+13,happy
10.97,0.08335,0.000492,195.9,0.002357,0.0879,0.04992,29.12,0.06646,0.2067,0.2536,0.1195,0.1299,0.1164,0.1033,0.09598,0.09284,0.1164,17.46,975,105800,20770000,234.2,345.9,15.98,158900000,13690000,927800,1.094E+14,124000000,8418000,80800000000,8.782,0.0525,0.00019,1528,0.001999,0.07606,0.5978,22.17,-0.9723,0.5326,0.1001,0.0677,0.02163,0.01747,-0.02071,0.008375,0.003077,0.1202,22.36,1178,121800,22280000,-1316,229700,29030,-52740000000,-6668000000,-842800000,2.42E+16,60250000000,7617000000,4.893E+13,happy
18.24,0.132,0.000302,219.6,0.001848,0.06958,0.03471,42.64,0.1206,0.224,0.2643,0.1503,0.1333,0.1068,0.1241,0.08607,0.1116,0.1167,23.24,1175,110400,21930000,246.3,306.2,9.907,141300000,11120000,575900,9.784E+13,100600000,5219000,50230000000,12.96,0.0872,0.000164,1536,0.001771,0.06839,0.6066,32.93,-0.9444,0.5403,0.04472,0.09182,-0.0139,-0.01674,-0.0525,0.03086,-0.02911,0.122,29.87,1616,150500,27710000,-1310,230800,29070,-53260000000,-6709000000,-845000000,2.46E+16,60630000000,7638000000,4.912E+13,happy
6.299,0.0529,0.000245,175.5,0.001455,0.05432,0.04371,18.01,0.03401,0.2352,0.248,0.1364,0.116,0.1103,0.1039,0.08649,0.08236,0.07489,14.94,1218,154300,30220000,255.4,317.5,13.55,147200000,12350000,789000,1.024E+14,111900000,7161000,68900000000,7.119,0.04136,8.40E-05,1501,0.00122,0.04642,0.604,19.92,-0.9817,0.4494,0.1381,0.0894,0.05001,0.02444,-0.008809,0.03055,0.004584,0.06896,24.58,1686,197400,36030000,-1460,231900,29110,-53760000000,-6750000000,-847300000,2.49E+16,60990000000,7658000000,4.933E+13,happy
51.5,0.2355,0.000274,243.7,0.001312,0.04979,0.04122,94.82,0.4373,0.2255,0.3486,0.1968,0.2055,0.1744,0.1186,0.1079,0.08357,0.09055,44.4,972.1,128700,20550000,435.9,295.7,2.214,137700000,8849000,128900,9.625E+13,79960000,1153000,11270000000,23.67,0.1256,0.00012,1532,0.001193,0.04686,0.6565,52.23,-0.8495,0.5495,-0.05184,0.1675,-0.04021,0.009498,-0.05532,0.000605,-0.04097,0.08766,39.04,1650,135200,27150000,-1429,232900,29130,-54250000000,-6785000000,-848300000,2.53E+16,61310000000,7668000000,4.942E+13,neutral
13.06,0.1031,0.000304,236.8,0.001474,0.05533,0.03337,32.94,0.08225,0.2686,0.3287,0.1623,0.1309,0.1396,0.1007,0.112,0.08219,0.1048,16.93,1181,155900,30470000,301.8,308.3,6.534,144300000,10470000,380700,1.013E+14,94960000,3480000,33280000000,10.18,0.06831,0.00014,1535,0.001312,0.05083,0.6009,27.42,-0.9641,0.4854,0.05474,0.1044,-0.03491,0.01306,-0.02674,-0.01082,-0.04055,0.0942,28.45,1788,194900,35410000,-1391,234000,29140,-54740000000,-6819000000,-849200000,2.56E+16,61620000000,7676000000,4.949E+13,neutral
15.61,0.1129,0.000428,232.5,0.001579,0.05952,0.04096,36.75,0.09479,0.2861,0.3849,0.1861,0.1534,0.143,0.1261,0.1529,0.1052,0.1049,18.8,1244,152400,29900000,254.5,281,5.091,132000000,9347000,296700,9.308E+13,84580000,2696000,25950000000,11.08,0.07118,0.000171,1517,0.001437,0.05567,0.6044,28.47,-0.9574,0.5257,0.01618,0.08572,0.02742,0.03024,-0.05064,-0.05935,-0.06377,0.09865,25.85,1436,151400,28630000,-1363,235000,29160,-55220000000,-6851000000,-849900000,2.60E+16,61910000000,7682000000,4.955E+13,neutral
16.21,0.1185,0.000252,229,0.001309,0.04997,0.0338,36.84,0.1094,0.2658,0.3269,0.1898,0.1478,0.1604,0.1166,0.1102,0.09222,0.09481,18.94,1123,145500,28540000,285.6,319.9,3.25,151000000,9942000,189500,1.069E+14,90230000,1751000,16580000000,11.49,0.07462,0.000103,1515,0.001095,0.04303,0.6494,29.62,-0.954,0.4721,0.01366,0.1069,-0.03287,0.0161,-0.01075,0.004644,-0.04814,0.08121,30.56,1896,199600,36680000,-1423,236000,29170,-55710000000,-6885000000,-850700000,2.63E+16,62220000000,7689000000,4.962E+13,neutral
15.14,0.1229,0.000268,209.7,0.001347,0.05123,0.04351,35.55,0.1055,0.2528,0.3289,0.169,0.1506,0.1563,0.1293,0.1246,0.1014,0.09375,19.04,1067,119200,23250000,220.1,275.9,3.774,130800000,8705000,220100,9.303E+13,78800000,2002000,19260000000,10.42,0.073,0.000114,1558,0.001214,0.04736,0.619,27.33,-0.9573,0.5005,-0.03127,0.1032,0.0487,0.04119,-0.004582,-0.01475,-0.06775,0.08442,26.76,1579,160800,29680000,-1381,237100,29170,-56190000000,-6915000000,-850800000,2.66E+16,62490000000,7690000000,4.963E+13,neutral
13.15,0.09843,0.000169,192,0.001123,0.04248,0.03838,31.43,0.08306,0.2499,0.347,0.1644,0.1558,0.1371,0.09709,0.08192,0.08936,0.07528,17.47,1115,143000,27850000,233,309.6,9.157,147400000,11170000,534400,1.053E+14,101000000,4835000,46800000000,10.29,0.06835,6.90E-05,1514,0.000989,0.03809,0.6175,27.09,-0.9631,0.5215,0.02914,0.1049,-0.01252,0.01923,-0.03457,-0.05346,-0.04281,0.06925,27.06,1563,165200,30310000,-1431,238100,29190,-56670000000,-6949000000,-851800000,2.70E+16,62800000000,7700000000,4.972E+13,sad
9.145,0.07047,9.50E-05,185.3,0.00096,0.03599,0.04754,21.23,0.05334,0.2661,0.3364,0.1723,0.1251,0.1323,0.09905,0.08408,0.07162,0.05889,14.16,1218,172400,34020000,274.7,329.3,4.724,157500000,10720000,275900,1.13E+14,96950000,2506000,24170000000,7.491,0.04704,4.00E-05,1508,0.000817,0.03126,0.6125,20.25,-0.9777,0.4429,0.09875,0.08246,0.05051,0.0403,-0.04043,-0.05076,-0.02766,0.05172,24.93,1691,203700,37960000,-1492,239200,29210,-57200000000,-6986000000,-853000000,2.74E+16,63130000000,7711000000,4.983E+13,sad
9.231,0.07312,0.000166,168,0.001039,0.03924,0.04817,23.06,0.05429,0.2464,0.3544,0.187,0.1282,0.1403,0.09178,0.07425,0.08487,0.06252,15.05,1152,151800,29570000,245.9,307.2,4.238,147600000,9912000,247500,1.064E+14,89800000,2258000,21700000000,7.872,0.04998,5.20E-05,1518,0.000903,0.03475,0.6163,21.9,-0.976,0.4702,0.0981,0.1145,0.04317,0.01238,-0.02033,-0.02363,-0.01207,0.05552,24.01,1537,179000,33120000,-1470,240300,29220,-57730000000,-7022000000,-853800000,2.77E+16,63450000000,7718000000,4.99E+13,sad
10.38,0.08521,9.30E-05,185.7,0.000819,0.03084,0.0657,23.55,0.05252,0.2744,0.3488,0.2079,0.1427,0.1582,0.1199,0.093,0.1013,0.05197,14.43,1223,170600,33210000,246.6,330.6,7.129,159600000,11350000,416700,1.156E+14,102700000,3785000,36540000000,8.213,0.05249,3.50E-05,1523,0.000746,0.02867,0.5797,21.18,-0.9777,0.5169,0.1139,0.06386,-0.009966,-0.0314,-0.02078,-0.007296,-0.005413,0.04716,23.46,1481,183300,34870000,-1511,241400,29240,-58260000000,-7056000000,-854500000,2.81E+16,63770000000,7724000000,4.995E+13,sad
9.735,0.06062,0.000141,160.4,0.001054,0.03919,0.0588,23.38,0.05722,0.2391,0.3513,0.1849,0.1307,0.1402,0.09058,0.09342,0.0905,0.05889,13.34,1037,134700,26060000,189.9,280,10.61,135800000,10740000,620900,9.874E+13,97030000,5609000,54500000000,7.364,0.04189,5.90E-05,1524,0.001,0.03843,0.5886,18.59,-0.9796,0.5402,0.1459,0.09071,0.08412,0.05934,-0.008379,-0.03784,-0.02992,0.056,19.62,1220,153000,29050000,-1492,242400,29260,-58770000000,-7093000000,-855900000,2.85E+16,64100000000,7737000000,5.008E+13,sad
66.3,0.3062,0.000695,206.7,0.002628,0.09817,0.03671,121,0.5706,0.272,0.3072,0.1866,0.1924,0.1483,0.122,0.1322,0.1119,0.1461,57.04,1296,155000,23710000,617.7,306.9,30.43,149400000,16250000,1784000,1.091E+14,147900000,16240000,1.569E+11,38.26,0.204,0.000278,1560,0.001921,0.07464,0.6592,79.4,-0.7328,0.5694,0.03123,0.09948,-0.01444,-0.00352,-0.0954,-0.0363,-0.03198,0.1294,51.26,1793,113100,28590000,-1603,243400,29330,-59260000000,-7140000000,-859900000,2.89E+16,64520000000,7773000000,5.043E+13,angry
19.96,0.1609,0.001137,217.1,0.002707,0.102,0.04531,44.99,0.1569,0.293,0.3477,0.2038,0.1348,0.1382,0.105,0.1295,0.09564,0.1733,23.55,1439,156400,30310000,283.9,297.5,44.4,145500000,19480000,2612000,1.067E+14,177000000,23720000,2.305E+11,14.12,0.0979,0.000377,1583,0.002314,0.08937,0.6338,34.95,-0.9351,0.5318,0.006164,0.07525,-0.05589,-0.02491,-0.04064,-0.003257,-0.01621,0.1544,31.11,1652,147500,28540000,-1435,244500,29430,-59770000000,-7195000000,-865800000,2.92E+16,65020000000,7826000000,5.095E+13,angry
27.63,0.1627,0.000916,213,0.002523,0.09517,0.05575,57.86,0.2378,0.3099,0.3427,0.193,0.1483,0.1507,0.1142,0.1081,0.08857,0.1665,26.07,1487,187300,33920000,306.9,337.9,49.12,166000000,21840000,2901000,1.223E+14,198200000,26300000,2.57E+11,14.85,0.09404,0.000339,1587,0.002103,0.08141,0.6209,36.44,-0.9227,0.4884,0.05206,0.02644,-0.05776,-0.01713,-0.06166,-0.007444,-0.01613,0.1449,32.17,1849,174900,36040000,-1456,245600,29540,-60310000000,-7255000000,-872500000,2.96E+16,65560000000,7887000000,5.154E+13,angry
23.87,0.1802,0.001135,202.8,0.002954,0.1108,0.0605,53.36,0.2063,0.3357,0.3704,0.1771,0.1321,0.1429,0.1066,0.1072,0.09257,0.1743,27.54,1620,182900,32930000,294.1,345.3,51.13,170400000,22630000,3032000,1.262E+14,205000000,27460000,2.697E+11,13.58,0.09394,0.000385,1572,0.002445,0.09402,0.6182,34.18,-0.9257,0.4502,0.02178,0.02195,-0.03254,0.006329,-0.05309,-0.00972,-0.003441,0.1564,31.82,1880,164100,35990000,-1409,246800,29660,-60890000000,-7320000000,-879700000,3.01E+16,66150000000,7952000000,5.218E+13,angry
66.3,0.3062,0.000695,206.7,0.002628,0.09817,0.03671,121,0.5706,0.272,0.3072,0.1866,0.1924,0.1483,0.122,0.1322,0.1119,0.1461,57.04,1296,155000,23710000,617.7,306.9,30.43,152100000,16520000,1811000,1.131E+14,150300000,16480000,1.617E+11,38.26,0.204,0.000278,1560,0.001921,0.07464,0.6592,79.4,-0.7328,0.5694,0.03123,0.09948,-0.01444,-0.00352,-0.0954,-0.0363,-0.03198,0.1294,51.26,1793,113100,28590000,-1603,247900,29770,-61450000000,-7379000000,-885800000,3.05E+16,66690000000,8008000000,5.273E+13,angry
18.98,0.1469,0.000503,198.4,0.002445,0.09165,0.0579,42.59,0.1243,0.3168,0.37,0.2054,0.1315,0.1323,0.1066,0.09539,0.1062,0.1404,24.35,1477,149000,29130000,257.4,366.2,33.86,182400000,19280000,2021000,1.363E+14,175200000,18380000,1.81E+11,16.18,0.1127,0.000224,1588,0.001956,0.07511,0.6234,39.38,-0.9304,0.5314,0.01307,0.06778,-0.07027,-0.02048,-0.07104,-0.007296,-0.03978,0.1265,34.37,1781,156900,30910000,-1511,249100,29850,-62020000000,-7435000000,-890900000,3.09E+16,67190000000,8054000000,5.318E+13,disgust
26.27,0.1566,0.00056,196.3,0.002558,0.09589,0.04744,55.16,0.2125,0.3309,0.3839,0.2396,0.188,0.1399,0.1255,0.1393,0.1193,0.1473,27.03,1757,215800,40860000,335,355,49.55,177700000,22940000,2969000,1.334E+14,208400000,26970000,2.669E+11,19.31,0.1218,0.000225,1597,0.002123,0.0818,0.6007,45.83,-0.9121,0.5931,0.07967,0.01322,-0.1587,-0.07663,-0.09365,-0.00734,-0.01504,0.1384,34.59,1822,170500,34580000,-1583,250300,29980,-62650000000,-7503000000,-898400000,3.14E+16,67810000000,8122000000,5.386E+13,disgust
25.01,0.1555,0.000483,211.2,0.002755,0.1041,0.0613,53.74,0.2137,0.2944,0.3388,0.2036,0.1317,0.1295,0.09117,0.09858,0.1055,0.1759,25.28,1446,157700,28750000,312.9,401.2,68.3,201900000,29050000,4116000,1.524E+14,263600000,37320000,3.72E+11,15.58,0.102,0.000233,1599,0.002573,0.09899,0.5733,37.58,-0.9271,0.6108,0.02032,-0.06019,-0.1138,-0.01768,-0.06403,-0.005839,-0.003557,0.1773,30.95,1559,138800,28610000,-1417,251600,30150,-63300000000,-7585000000,-908500000,3.19E+16,68550000000,8213000000,5.477E+13,disgust
26.48,0.1607,0.000573,182.4,0.002545,0.09513,0.08547,58.16,0.2284,0.2958,0.3348,0.191,0.1376,0.1341,0.1259,0.09722,0.1039,0.1473,27.55,1506,165700,30170000,301.4,385.5,49.54,195000000,24100000,3000000,1.48E+14,217200000,27050000,2.725E+11,15.03,0.09424,0.000218,1585,0.002547,0.09758,0.5793,36.83,-0.9225,0.5267,0.05876,0.01488,-0.0643,-0.009408,-0.0626,0.0038,-0.004701,0.1613,30.59,1594,138000,29070000,-1374,253000,30290,-63990000000,-7662000000,-917100000,3.24E+16,69250000000,8291000000,5.555E+13,disgust
18.98,0.1469,0.000503,198.4,0.002445,0.09165,0.0579,42.59,0.1243,0.3168,0.37,0.2054,0.1315,0.1323,0.1066,0.09539,0.1062,0.1404,24.35,1477,149000,29130000,257.4,366.2,33.86,186200000,19650000,2059000,1.421E+14,178600000,18720000,1.878E+11,16.18,0.1127,0.000224,1588,0.001956,0.07511,0.6234,39.38,-0.9304,0.5314,0.01307,0.06778,-0.07027,-0.02048,-0.07104,-0.007296,-0.03978,0.1265,34.37,1781,156900,30910000,-1511,254300,30410,-64650000000,-7731000000,-924400000,3.29E+16,69880000000,8357000000,5.621E+13,disgust
12.03,0.08399,0.000552,196.2,0.001734,0.06518,0.07998,27.23,0.06907,0.3066,0.3308,0.2055,0.1394,0.1611,0.1133,0.1114,0.1097,0.119,16.59,1297,150800,29760000,299.3,420.5,16.3,214900000,16840000,993300,1.648E+14,153400000,9109000,90800000000,10.8,0.0734,0.000158,1572,0.001362,0.05241,0.5991,28.68,-0.965,0.5218,0.02265,0.009129,-0.06041,-0.01273,-0.0387,-0.01649,-0.03755,0.09789,29.18,1763,187300,34700000,-1429,255600,30480,-65340000000,-7790000000,-928600000,3.34E+16,70410000000,8395000000,5.659E+13,happy
51.27,0.2307,0.000282,194.3,0.001589,0.06018,0.07231,92.99,0.4377,0.276,0.3313,0.2241,0.1905,0.1792,0.1111,0.1288,0.1059,0.1092,45.68,1251,145000,24720000,471.7,354.8,36.4,182300000,20130000,2223000,1.405E+14,181800000,20080000,2.037E+11,24.75,0.1422,0.000135,1590,0.001493,0.05765,0.5708,54.32,-0.849,0.6021,0.0028,-0.006231,-0.08049,-0.02501,-0.0789,-0.003086,-0.02483,0.1036,38.45,1466,115100,25390000,-1529,257000,30550,-66030000000,-7849000000,-932800000,3.39E+16,70940000000,8433000000,5.698E+13,happy
18.54,0.1028,0.000384,203.7,0.001787,0.06704,0.05456,37.19,0.077,0.2875,0.2976,0.2216,0.1584,0.1657,0.1055,0.1021,0.09028,0.1103,20.8,1258,135000,26320000,258.4,335,26.35,172900000,17000000,1614000,1.339E+14,153200000,14530000,1.483E+11,11.66,0.07086,0.00018,1580,0.001762,0.06787,0.567,30.01,-0.9654,0.5821,0.0158,-0.01952,-0.08937,-0.04174,-0.05814,-0.003158,-0.007353,0.1142,28.5,1475,144400,26750000,-1419,258200,30630,-66640000000,-7907000000,-938000000,3.44E+16,71470000000,8480000000,5.745E+13,happy
15.47,0.1103,0.000555,195.8,0.002064,0.07693,0.05456,35.14,0.0923,0.2335,0.3097,0.233,0.176,0.1651,0.1071,0.1332,0.1182,0.1094,19.8,1121,126100,24260000,233.5,324.4,27.56,168200000,17010000,1693000,1.308E+14,154200000,15360000,1.56E+11,12.99,0.08919,0.000241,1583,0.001773,0.068,0.6255,33.01,-0.9532,0.5906,0.004237,0.05743,-0.08304,-0.02763,-0.07442,-0.02874,-0.02831,0.1075,30.34,1555,148400,26560000,-1460,259300,30720,-67230000000,-7966000000,-943700000,3.49E+16,72000000000,8531000000,5.798E+13,happy
51.27,0.2307,0.000282,194.3,0.001589,0.06018,0.07231,92.99,0.4377,0.276,0.3313,0.2241,0.1905,0.1792,0.1111,0.1288,0.1059,0.1092,45.68,1251,145000,24720000,471.7,354.8,36.4,184800000,20350000,2243000,1.444E+14,183800000,20260000,2.072E+11,24.75,0.1422,0.000135,1590,0.001493,0.05765,0.5708,54.32,-0.849,0.6021,0.0028,-0.006231,-0.08049,-0.02501,-0.0789,-0.003086,-0.02483,0.1036,38.45,1466,115100,25390000,-1529,260500,30810,-67840000000,-8025000000,-949100000,3.53E+16,72540000000,8581000000,5.848E+13,happy
72.5,0.3106,0.000393,221.1,0.001573,0.05955,0.0523,125.8,0.6268,0.2194,0.3288,0.2205,0.2034,0.1487,0.1075,0.1209,0.1047,0.1094,62.29,1039,126000,16880000,677.7,331.4,24.06,173400000,16460000,1487000,1.361E+14,148200000,13370000,1.378E+11,39.28,0.1915,0.000145,1590,0.00158,0.06127,0.5377,76.97,-0.7235,0.6581,0.007505,0.06062,0.005124,-0.03319,-0.09195,-0.02422,0.008582,0.1152,48.89,1266,66870,19170000,-1548,261700,30890,-68460000000,-8083000000,-954100000,3.58E+16,73060000000,8626000000,5.894E+13,neutral
36.44,0.1751,0.000391,223.5,0.001343,0.05021,0.06934,64.68,0.3003,0.2344,0.369,0.2128,0.1586,0.1588,0.1112,0.1173,0.09388,0.09094,34.02,1127,87090,15360000,222.3,264.5,16.32,139000000,12400000,1010000,1.095E+14,111500000,9059000,93830000000,17.86,0.1054,0.000167,1590,0.001573,0.06109,0.5491,40.67,-0.9058,0.6325,-0.05136,0.05333,-0.03537,-0.01457,-0.07683,-0.03307,-0.009515,0.11,31.11,1167,83280,16830000,-1339,262700,30960,-69000000000,-8133000000,-958300000,3.63E+16,73500000000,8664000000,5.933E+13,neutral
10.95,0.08323,0.000253,200,0.001333,0.05006,0.06474,26.06,0.06902,0.2401,0.3385,0.2062,0.1527,0.1426,0.106,0.1051,0.0906,0.08108,16.41,1123,129200,24710000,242.1,333.3,16.82,175800000,14710000,1043000,1.391E+14,132600000,9393000,97070000000,9.45,0.06086,9.90E-05,1581,0.001246,0.04798,0.5549,24.29,-0.9704,0.5682,0.003373,0.01744,-0.03612,-0.01825,-0.0404,-0.01359,-0.000573,0.08203,26.21,1447,148400,27270000,-1430,263700,31020,-69540000000,-8179000000,-961800000,3.67E+16,73930000000,8695000000,5.966E+13,neutral
13.93,0.1067,0.0003,203.9,0.001296,0.04863,0.03429,31.19,0.09578,0.2225,0.3453,0.171,0.1673,0.1565,0.1275,0.1307,0.1196,0.08577,18.1,966,97420,18560000,191.8,269.8,14.08,142900000,12010000,875100,1.135E+14,108100000,7861000,81560000000,11.79,0.08344,0.00013,1587,0.001425,0.05524,0.5866,27.27,-0.957,0.6433,-0.05758,0.0408,-0.0177,-0.02568,-0.1062,-0.07196,-0.02024,0.1002,26.28,1206,106600,19330000,-1351,264700,31070,-70090000000,-8225000000,-965000000,3.71E+16,74340000000,8724000000,5.996E+13,neutral
6.898,0.06031,0.000614,219,0.00196,0.07424,0.07373,18.01,0.03832,0.2233,0.3085,0.1889,0.1499,0.1523,0.09741,0.09641,0.103,0.1344,13.81,1116,130900,25100000,282,372.2,29.75,197900000,19380000,1853000,1.578E+14,174400000,16670000,1.731E+11,9.059,0.05764,0.000219,1574,0.001738,0.06717,0.5531,24.23,-0.9771,0.6052,-0.00827,-0.01354,-0.03003,-0.01208,-0.0758,-0.04017,0.009371,0.1217,26.03,1391,142200,25670000,-1393,265900,31130,-70680000000,-8277000000,-969000000,3.76E+16,74810000000,8760000000,6.033E+13,neutral
18.53,0.1287,0.000277,192.2,0.001307,0.04887,0.07675,41.26,0.1196,0.434,0.3201,0.235,0.1586,0.1714,0.155,0.1277,0.08836,0.07489,24.77,2101,241400,46960000,295.6,358.5,42.03,191500000,22290000,2626000,1.535E+14,201900000,23780000,2.461E+11,14.91,0.09726,8.20E-05,1619,0.001101,0.04238,0.6224,37.74,-0.9408,0.5005,0.1007,0.0569,-0.07705,-0.01726,-0.0337,-0.0304,-0.04321,0.06901,31.81,1867,188900,37040000,-1591,267100,31250,-71350000000,-8347000000,-976200000,3.81E+16,75440000000,8825000000,6.1E+13,sad
13.24,0.1061,0.000115,211.7,0.001307,0.04925,0.07931,31.65,0.07398,0.2688,0.3252,0.1944,0.1489,0.1701,0.1122,0.123,0.1111,0.0813,19.19,1237,152300,29680000,239.7,368.3,36.03,197700000,21170000,2259000,1.591E+14,191200000,20400000,2.124E+11,11.52,0.08176,4.90E-05,1596,0.001234,0.04735,0.5896,29.45,-0.9611,0.5658,0.04316,0.0374,-0.06698,-0.01844,-0.07099,-0.01658,-0.01591,0.08072,28.26,1505,149700,27900000,-1460,268400,31350,-72020000000,-8414000000,-982600000,3.87E+16,76040000000,8883000000,6.16E+13,sad
11.42,0.08586,0.00013,221.9,0.0011,0.04135,0.07457,26.68,0.06986,0.2478,0.3103,0.1766,0.1405,0.174,0.1157,0.109,0.09257,0.06893,16.56,1103,132700,25880000,227.7,344.9,28.96,186000000,18630000,1821000,1.504E+14,168300000,16450000,1.717E+11,10.62,0.07701,5.90E-05,1593,0.00114,0.04384,0.5317,27.76,-0.9664,0.594,-0.000799,0.005189,-0.04201,-0.02143,-0.09903,-0.04256,-0.01093,0.07616,26.9,1392,141100,25680000,-1436,269600,31450,-72690000000,-8478000000,-988500000,3.92E+16,76620000000,8936000000,6.216E+13,sad
39.58,0.1925,0.000185,209.4,0.001191,0.04469,0.06039,73.5,0.3246,0.2776,0.3028,0.1878,0.1606,0.1457,0.1022,0.1299,0.1016,0.07355,36.55,1165,126600,22410000,309,356.7,21.29,193200000,16890000,1341000,1.57E+14,152800000,12140000,1.268E+11,16.97,0.09883,6.50E-05,1575,0.001034,0.0397,0.5832,38.19,-0.9076,0.5636,0.06013,0.03815,-0.04693,-0.02302,-0.0922,-0.04841,-0.04229,0.06676,32,1457,131600,26610000,-1481,270800,31510,-73340000000,-8535000000,-992800000,3.97E+16,77130000000,8975000000,6.257E+13,sad
13.24,0.1061,0.000115,211.7,0.001307,0.04925,0.07931,31.65,0.07398,0.2688,0.3252,0.1944,0.1489,0.1701,0.1122,0.123,0.1111,0.0813,19.19,1237,152300,29680000,239.7,368.3,36.03,200400000,21390000,2276000,1.636E+14,193200000,20550000,2.157E+11,11.52,0.08176,4.90E-05,1596,0.001234,0.04735,0.5896,29.45,-0.9611,0.5658,0.04316,0.0374,-0.06698,-0.01844,-0.07099,-0.01658,-0.01591,0.08072,28.26,1505,149700,27900000,-1460,272100,31590,-74030000000,-8595000000,-997600000,4.03E+16,77670000000,9018000000,6.302E+13,sad
60.76,0.2699,0.000572,223.9,0.002249,0.08546,0.04986,106.9,0.5191,0.2432,0.3542,0.2425,0.1974,0.1729,0.1165,0.12,0.1163,0.1642,51.14,1192,175100,29740000,581.6,345.6,55.92,188900000,26010000,3546000,1.549E+14,235700000,32110000,3.373E+11,32.02,0.1699,0.000281,1543,0.001631,0.06393,0.5981,68.03,-0.7886,0.5827,-0.03932,0.02041,-0.04608,-0.01968,-0.05382,0.003081,0.00514,0.1283,48.08,1786,138600,31310000,-1618,273300,31720,-74700000000,-8669000000,-1006000000,4.08E+16,78340000000,9092000000,6.379E+13,angry
17.68,0.1323,0.001247,221,0.002637,0.09928,0.03557,39.44,0.1128,0.3027,0.3697,0.2218,0.1523,0.1615,0.1114,0.1315,0.1029,0.1791,19.82,1247,163600,32710000,256,336.2,48.13,184600000,23700000,3064000,1.52E+14,214900000,27770000,2.926E+11,14.52,0.1003,0.000465,1559,0.002021,0.07949,0.6216,36.89,-0.9423,0.5398,-0.06526,0.1053,-0.07446,-0.03839,-0.02866,-0.01645,-0.01482,0.1533,33.51,1798,172700,32340000,-1435,274500,31840,-75340000000,-8741000000,-1014000000,4.14E+16,78990000000,9164000000,6.455E+13,angry
66.2,0.3028,0.001131,203.2,0.002932,0.1112,0.04888,115,0.5586,0.2948,0.3363,0.2226,0.2335,0.1748,0.1143,0.1441,0.1228,0.2041,56.04,1252,157900,26010000,632.8,320.7,43.98,176800000,22100000,2810000,1.462E+14,200700000,25490000,2.693E+11,37.63,0.2047,0.000521,1554,0.002226,0.08741,0.5935,77.91,-0.7501,0.571,-0.08226,0.1307,-0.02281,-0.007723,-0.06187,-0.02636,-0.01514,0.1715,52.17,1777,112400,27010000,-1579,275600,31960,-75970000000,-8810000000,-1021000000,4.19E+16,79620000000,9232000000,6.528E+13,angry
80.8,0.3486,0.00066,223.1,0.002672,0.101,0.0412,143.1,0.6954,0.2578,0.3452,0.2495,0.2526,0.1858,0.12,0.1649,0.1208,0.1764,67.43,1126,167300,24780000,788.9,344.9,50.52,190900000,24830000,3240000,1.585E+14,225200000,29370000,3.117E+11,50.13,0.2471,0.00031,1560,0.001818,0.0708,0.652,100.7,-0.6319,0.5697,-0.04393,0.137,-0.01069,0.005945,-0.07213,-0.03326,-0.002908,0.1324,62.83,1766,89710,26520000,-1765,276800,32080,-76600000000,-8879000000,-1029000000,4.24E+16,80240000000,9300000000,6.599E+13,angry
66.2,0.3028,0.001131,203.2,0.002932,0.1112,0.04888,115,0.5586,0.2948,0.3363,0.2226,0.2335,0.1748,0.1143,0.1441,0.1228,0.2041,56.04,1252,157900,26010000,632.8,320.7,43.98,178300000,22280000,2831000,1.486E+14,202300000,25680000,2.733E+11,37.63,0.2047,0.000521,1554,0.002226,0.08741,0.5935,77.91,-0.7501,0.571,-0.08226,0.1307,-0.02281,-0.007723,-0.06187,-0.02636,-0.01514,0.1715,52.17,1777,112400,27010000,-1579,277900,32200,-77240000000,-8949000000,-1036000000,4.29E+16,80880000000,9370000000,6.674E+13,angry
25.94,0.1566,0.000265,195.9,0.001353,0.05126,0.05303,54.2,0.1893,0.4647,0.3758,0.2175,0.1875,0.2138,0.1318,0.1271,0.1034,0.09719,25.68,2026,254200,49130000,243.9,339.5,59.48,189500000,27380000,3845000,1.586E+14,248400000,34860000,3.729E+11,19.64,0.1196,0.000124,1578,0.001158,0.04551,0.5782,47.01,-0.9052,0.5124,-0.05006,0.1465,-0.1006,-0.06954,-0.05966,-0.03077,-0.03807,0.0875,38.46,2088,195300,38420000,-1633,279100,32340,-77880000000,-9026000000,-1046000000,4.35E+16,81570000000,9454000000,6.764E+13,disgust
26.99,0.1575,0.000623,203.9,0.002082,0.07775,0.03524,55.46,0.201,0.4153,0.3294,0.2519,0.2122,0.2015,0.1457,0.1581,0.1229,0.1254,25.65,1883,225500,44180000,259,357.7,53.39,200500000,26300000,3468000,1.686E+14,238300000,31400000,3.378E+11,18.74,0.1141,0.000234,1588,0.001641,0.0638,0.5925,44.95,-0.9066,0.5018,-0.1074,0.129,-0.06344,-0.002421,-0.04273,-0.0202,-0.009117,0.1102,37.91,2034,180800,34580000,-1531,280300,32490,-78550000000,-9107000000,-1056000000,4.40E+16,82300000000,9542000000,6.859E+13,disgust
74.14,0.3299,0.000767,206.6,0.002137,0.07979,0.03802,131.3,0.6286,0.2288,0.3375,0.2545,0.2229,0.1815,0.1333,0.1308,0.1023,0.1295,62.73,985.2,138500,19640000,722,376.2,43.9,211800000,24360000,2862000,1.789E+14,220200000,25860000,2.799E+11,45.96,0.232,0.000278,1545,0.001633,0.06386,0.6098,91.11,-0.6738,0.6209,-0.09481,0.07648,-0.02301,0.005749,-0.03876,0.005525,0.007812,0.1149,56.46,1523,70650,21660000,-1665,281500,32620,-79260000000,-9183000000,-1064000000,4.46E+16,82980000000,9614000000,6.937E+13,disgust
67.08,0.2993,0.00031,224.2,0.001445,0.05439,0.05589,120.6,0.5727,0.2237,0.3111,0.2154,0.1952,0.1814,0.1225,0.1164,0.1183,0.09708,55.72,940.9,155400,22920000,602.9,397.7,44.17,225000000,25280000,2890000,1.91E+14,228800000,26150000,2.837E+11,39.25,0.199,0.000124,1538,0.001135,0.04443,0.6148,80.4,-0.7254,0.5714,-0.07153,0.141,0.02627,0.01592,-0.04686,-0.02778,-0.03912,0.08479,52.75,1763,117400,27810000,-1655,282900,32730,-80020000000,-9258000000,-1071000000,4.53E+16,83660000000,9679000000,7.008E+13,disgust
26.99,0.1575,0.000623,203.9,0.002082,0.07775,0.03524,55.46,0.201,0.4153,0.3294,0.2519,0.2122,0.2015,0.1457,0.1581,0.1229,0.1254,25.65,1883,225500,44180000,259,357.7,53.39,203300000,26630000,3506000,1.733E+14,241300000,31750000,3.454E+11,18.74,0.1141,0.000234,1588,0.001641,0.0638,0.5925,44.95,-0.9066,0.5018,-0.1074,0.129,-0.06344,-0.002421,-0.04273,-0.0202,-0.009117,0.1102,37.91,2034,180800,34580000,-1531,284200,32860,-80760000000,-9337000000,-1079000000,4.59E+16,84380000000,9755000000,7.091E+13,disgust
22.14,0.1453,0.000641,232.5,0.002056,0.07685,0.02281,48.22,0.1455,0.5115,0.2831,0.1785,0.1574,0.1475,0.1428,0.1069,0.1228,0.1193,25.58,2199,259500,51510000,307.1,297.6,50.39,169800000,23990000,3323000,1.453E+14,217100000,30050000,3.287E+11,16.37,0.09385,0.000263,1561,0.001656,0.06509,0.59,41.21,-0.9251,0.3619,0.005449,0.1583,-0.03991,0.01843,-0.03943,-0.005226,-0.02857,0.1132,39.49,2591,250500,47680000,-1543,285300,32990,-81410000000,-9412000000,-1088000000,4.65E+16,85050000000,9834000000,7.177E+13,happy
26.14,0.1758,0.000698,207.1,0.002644,0.09832,0.04363,55.79,0.2008,0.4821,0.2917,0.1633,0.161,0.1289,0.1325,0.0831,0.1189,0.1453,29.28,2140,268500,51100000,287.2,274.4,50.92,157100000,23360000,3371000,1.35E+14,212100000,30570000,3.348E+11,16.31,0.09734,0.000339,1576,0.002034,0.079,0.6286,39.73,-0.9154,0.3467,0.04193,0.09428,-0.02649,0.06675,-0.02693,0.01336,-0.01895,0.1315,37.2,2443,231000,47130000,-1510,286300,33120,-81970000000,-9484000000,-1097000000,4.69E+16,85700000000,9915000000,7.266E+13,happy
15.95,0.1052,0.000358,250.9,0.002294,0.086,0.04527,34.01,0.1004,0.618,0.3187,0.245,0.1432,0.114,0.1235,0.09214,0.09852,0.1317,23.04,2711,332400,64990000,335.8,365.6,61.6,210100000,29550000,4094000,1.812E+14,267100000,37000000,4.082E+11,10.7,0.06113,0.000188,1588,0.0016,0.0617,0.6305,30.25,-0.957,0.1658,0.1128,0.1337,-0.07988,-0.01779,-0.002267,0.001948,-0.02442,0.102,36.4,3097,344100,67180000,-1640,287400,33250,-82610000000,-9555000000,-1105000000,4.75E+16,86350000000,9988000000,7.347E+13,happy
23.08,0.1593,0.00062,224,0.002226,0.0832,0.03776,50.1,0.1548,0.5132,0.2836,0.1765,0.1518,0.1323,0.1534,0.1104,0.09489,0.1351,26.43,2211,267500,53250000,321.6,316.7,55.33,182800000,26330000,3693000,1.582E+14,238400000,33410000,3.696E+11,15.65,0.09549,0.000286,1550,0.001775,0.06937,0.6333,39.27,-0.9234,0.311,-0.000565,0.1373,-0.02341,0.02035,-0.04656,-0.01763,-0.03196,0.1255,39.38,2656,254800,49300000,-1491,288600,33380,-83290000000,-9633000000,-1114000000,4.81E+16,87050000000,10070000000,7.436E+13,happy
20.29,0.1459,0.000685,248.7,0.002001,0.07554,0.05959,43.88,0.1319,0.5301,0.3257,0.1949,0.144,0.1602,0.1432,0.1093,0.1035,0.1428,23.96,2205,280000,55220000,313.1,310.8,45.09,180000000,23260000,3020000,1.565E+14,211500000,27430000,3.035E+11,15.36,0.1015,0.000315,1556,0.001613,0.06305,0.5779,39.49,-0.9331,0.3775,-0.001785,0.1156,-0.04953,-0.03212,-0.05316,-0.004949,0.005055,0.1259,36.33,2323,233600,45370000,-1493,289700,33510,-83910000000,-9706000000,-1122000000,4.86E+16,87710000000,10140000000,7.52E+13,happy
19.73,0.1324,0.000223,223.8,0.001173,0.0443,0.05895,42.5,0.13,0.4925,0.3486,0.2474,0.1628,0.2206,0.1762,0.1458,0.1226,0.08336,23.21,2142,258400,50960000,280.4,329.2,34.75,191500000,21060000,2334000,1.67E+14,190600000,21120000,2.352E+11,16.29,0.1036,9.90E-05,1584,0.000977,0.03835,0.5684,40.03,-0.9323,0.4772,0.000319,0.1051,-0.1052,-0.08999,-0.04002,0.04019,0.01962,0.0725,35.7,2152,218400,42540000,-1602,290800,33600,-84560000000,-9770000000,-1129000000,4.92E+16,88290000000,10200000000,7.583E+13,neutral
18.97,0.1171,0.000294,228.1,0.001303,0.04887,0.03888,41.04,0.1226,0.4054,0.3696,0.2199,0.2207,0.1796,0.1265,0.1232,0.1234,0.08116,21.71,1962,252700,49710000,318.2,324,30.01,189200000,19550000,2021000,1.657E+14,177000000,18290000,2.041E+11,15.08,0.09193,0.000107,1574,0.001047,0.04071,0.6075,38.06,-0.9381,0.4413,0.03043,0.1237,-0.09628,-0.04149,-0.04803,0.008377,0.00367,0.07127,37.34,2455,253900,47510000,-1570,291900,33680,-85210000000,-9831000000,-1134000000,4.98E+16,88840000000,10250000000,7.636E+13,neutral
21.99,0.1302,0.000416,236.6,0.001457,0.05453,0.04348,46.55,0.1495,0.4571,0.3214,0.2013,0.1732,0.1914,0.1357,0.09748,0.1238,0.09359,23.74,2096,253900,50380000,312.7,320.5,33.83,187800000,20570000,2283000,1.651E+14,186600000,20710000,2.312E+11,15.88,0.09252,0.000158,1583,0.00122,0.04746,0.5846,40.41,-0.9278,0.393,-0.01184,0.1762,-0.04672,-0.02969,-0.03962,-0.007649,-0.005971,0.08421,37.87,2360,229000,43060000,-1540,293000,33760,-85870000000,-9892000000,-1139000000,5.03E+16,89390000000,10300000000,7.69E+13,neutral
24.3,0.1503,0.000331,208.2,0.001458,0.0546,0.05727,51.72,0.1789,0.4591,0.3489,0.2018,0.1577,0.1552,0.1387,0.1086,0.1205,0.09327,25.14,1953,260000,50480000,289.2,307.5,42.54,180900000,22820000,2879000,1.596E+14,206300000,26040000,2.923E+11,16.12,0.09254,0.000146,1566,0.001334,0.05173,0.5577,38.51,-0.9231,0.4352,0.01259,0.1193,-0.06093,-0.01962,-0.03892,0.005166,0.02398,0.09189,34.29,2047,207700,40670000,-1539,294100,33850,-86500000000,-9954000000,-1145000000,5.09E+16,89960000000,10350000000,7.751E+13,neutral
19.98,0.122,0.000269,201.9,0.001202,0.04476,0.05083,42.04,0.1299,0.5287,0.3408,0.2237,0.1586,0.1913,0.1397,0.1037,0.1075,0.07585,22.45,2311,281200,55890000,319.9,325.5,33.26,192200000,20620000,2257000,1.702E+14,186700000,20420000,2.298E+11,14.56,0.08193,0.000123,1591,0.001029,0.04037,0.562,36.73,-0.9383,0.3737,-0.005601,0.1316,-0.0881,-0.02756,-0.02187,0.0213,0.01821,0.06956,37.35,2515,258800,49410000,-1591,295200,33940,-87150000000,-10020000000,-1152000000,5.15E+16,90550000000,10410000000,7.818E+13,neutral
22.23,0.1408,7.80E-05,181.6,0.000792,0.02956,0.05822,46.77,0.1458,0.4756,0.3153,0.1907,0.1786,0.201,0.1267,0.1099,0.1113,0.04733,22.8,2071,260500,51760000,259.6,325,23.28,192600000,17600000,1583000,1.712E+14,160000000,14390000,1.615E+11,15.69,0.09609,3.60E-05,1562,0.000669,0.02598,0.5823,38.62,-0.9312,0.3717,-0.02096,0.2073,-0.01684,-0.0441,-0.01991,0.004274,-0.02131,0.04479,36.96,2384,244300,46140000,-1610,296300,34010,-87810000000,-10080000000,-1157000000,5.20E+16,91090000000,10460000000,7.867E+13,sad
16.86,0.1173,0.000176,180.6,0.001009,0.03753,0.05137,37.09,0.09212,0.4783,0.328,0.2171,0.1839,0.1791,0.1481,0.1075,0.1163,0.05795,21.07,1978,246500,49320000,271.3,332.7,22.39,197900000,17660000,1525000,1.766E+14,161100000,13940000,1.558E+11,12.41,0.07506,7.20E-05,1586,0.000838,0.03209,0.6197,31.68,-0.9507,0.3961,-0.05214,0.1848,-0.007824,-0.03794,-0.02645,0.004613,0.01818,0.0548,32.97,2104,218100,41570000,-1570,297500,34060,-88490000000,-10130000000,-1160000000,5.26E+16,91570000000,10490000000,7.901E+13,sad
20.5,0.1414,6.30E-05,201.9,0.00077,0.0288,0.03395,44.33,0.1302,0.3888,0.3229,0.2072,0.1889,0.2299,0.1414,0.1143,0.1092,0.05016,21.8,1629,222300,44180000,217.2,292.9,36.79,174900000,20760000,2511000,1.566E+14,188200000,22740000,2.57E+11,16.1,0.1017,3.50E-05,1560,0.000695,0.02721,0.5991,39.33,-0.9327,0.4699,-0.03544,0.1572,-0.04254,-0.0694,-0.04123,0.02371,0.002716,0.05146,36.58,2129,217700,41040000,-1623,298600,34130,-89130000000,-10190000000,-1165000000,5.32E+16,92090000000,10530000000,7.95E+13,sad
23.76,0.1451,8.80E-05,174.8,0.000787,0.0293,0.06479,50.8,0.165,0.4845,0.2737,0.1801,0.1736,0.178,0.1302,0.1064,0.1051,0.04543,25.29,2194,250700,49760000,248.2,327.1,32.68,196000000,20810000,2235000,1.762E+14,187900000,20180000,2.292E+11,15.88,0.08744,3.30E-05,1560,0.000647,0.02512,0.6204,38.95,-0.9246,0.2969,0.01537,0.1802,0.0224,0.004461,-0.01685,0.04302,0.0204,0.04273,39.32,2694,267000,51190000,-1687,299600,34200,-89770000000,-10250000000,-1169000000,5.38E+16,92610000000,10570000000,7.998E+13,sad
23.76,0.1451,8.80E-05,174.8,0.000787,0.0293,0.06479,50.8,0.165,0.4845,0.2737,0.1801,0.1736,0.178,0.1302,0.1064,0.1051,0.04543,25.29,2194,250700,49760000,248.2,327.1,32.68,196700000,20870000,2239000,1.775E+14,188500000,20220000,2.302E+11,15.88,0.08744,3.30E-05,1560,0.000647,0.02512,0.6204,38.95,-0.9246,0.2969,0.01537,0.1802,0.0224,0.004461,-0.01685,0.04302,0.0204,0.04273,39.32,2694,267000,51190000,-1687,300800,34270,-90450000000,-10310000000,-1174000000,5.44E+16,93160000000,10620000000,8.05E+13,sad
9.03,0.06166,0.000617,211.4,0.002155,0.0813,0.03716,21.25,0.04194,0.2863,0.333,0.171,0.1253,0.119,0.1161,0.09832,0.09592,0.1376,12.88,1095,160100,31660000,263,320.6,60.85,193500000,29200000,4185000,1.753E+14,265500000,38000000,4.318E+11,9.13,0.05907,0.000302,1586,0.001922,0.07383,0.5878,24.55,-0.9775,0.5714,0.0276,0.05114,0.008811,0.005606,-0.02728,-0.05514,-0.03117,0.1238,23.86,1278,147100,27030000,-1453,301900,34410,-91120000000,-10390000000,-1183000000,5.50E+16,93860000000,10700000000,8.143E+13,angry
60.63,0.2636,0.000851,239.6,0.002528,0.09495,0.03578,106,0.5263,0.2544,0.3301,0.1843,0.1662,0.129,0.116,0.09841,0.09863,0.1531,52.22,1097,161300,27400000,586.4,321.4,61.29,194700000,29510000,4235000,1.77E+14,267700000,38380000,4.389E+11,28.72,0.1457,0.000399,1607,0.002136,0.08207,0.6127,58.5,-0.8106,0.6226,0.005186,0.01979,0.01221,0.02005,-0.0427,-0.04908,-0.02142,0.1373,40.4,1312,101900,23350000,-1562,303000,34560,-91790000000,-10470000000,-1194000000,5.56E+16,94630000000,10800000000,8.254E+13,angry
47.49,0.2086,0.000805,221,0.002155,0.08081,0.02384,81.09,0.408,0.207,0.3467,0.1987,0.1513,0.1355,0.1127,0.1028,0.08701,0.1309,41.61,920.3,120100,21370000,393.1,276.1,55.37,167900000,26290000,3844000,1.531E+14,239200000,34920000,4.003E+11,20.91,0.1111,0.000351,1593,0.002006,0.07719,0.6041,44.52,-0.8825,0.6646,-0.01961,0.02895,0.01882,0.01272,-0.04255,-0.05414,0.005215,0.1274,31.71,990.2,77280,16640000,-1479,304000,34730,-92420000000,-10560000000,-1206000000,5.62E+16,95400000000,10900000000,8.371E+13,angry
7.022,0.05404,0.00071,221.4,0.002085,0.07843,0.04062,16.3,0.03502,0.2724,0.3355,0.1721,0.1199,0.1264,0.09865,0.09625,0.1072,0.1301,11.63,1156,160200,31420000,250.5,300.4,53.77,183200000,26540000,3749000,1.676E+14,241800000,34100000,3.922E+11,8.268,0.0513,0.000298,1607,0.001909,0.07339,0.5604,21.45,-0.9808,0.58,0.02164,-0.01165,-0.01604,-0.002022,-0.03577,-0.03447,-0.01238,0.1215,23.18,1256,143500,26350000,-1438,305000,34890,-93020000000,-10640000000,-1217000000,5.67E+16,96170000000,11000000000,8.491E+13,angry
8.598,0.06855,0.001236,236,0.003105,0.1165,0.03449,20.58,0.04057,0.2401,0.3524,0.1789,0.1173,0.1312,0.1004,0.09368,0.1079,0.184,12.8,1031,145100,28570000,265.8,316.6,69.78,193800000,32290000,4890000,1.779E+14,293500000,44390000,5.14E+11,9.477,0.06135,0.000471,1656,0.002697,0.1036,0.562,23.86,-0.9769,0.6319,-0.003296,-0.00272,-0.003871,0.004013,-0.05684,-0.05858,-0.01912,0.1706,23.68,1142,124300,22780000,-1421,306100,35060,-93670000000,-10730000000,-1229000000,5.73E+16,96970000000,11110000000,8.613E+13,angry
62.83,0.2817,0.000129,207.1,0.001053,0.03914,0.0997,110.4,0.536,0.2321,0.3158,0.2429,0.1644,0.1448,0.1455,0.1562,0.08405,0.05195,54.65,1139,141200,20960000,529,333.6,45.89,204900000,25560000,3230000,1.889E+14,229500000,29040000,3.41E+11,31.4,0.1624,4.40E-05,1564,0.000894,0.03407,0.6023,64.12,-0.7871,0.5473,0.03584,0.05576,0.05391,0.08454,0.006822,0.02856,-0.03601,0.04725,42.56,1476,113800,26580000,-1770,307200,35180,-94360000000,-10810000000,-1238000000,5.80E+16,97680000000,11190000000,8.708E+13,disgust
12.61,0.08443,7.60E-05,173.6,0.000797,0.02989,0.05234,28.45,0.06746,0.3031,0.3308,0.21,0.1352,0.117,0.1033,0.1071,0.09037,0.047,16.99,1295,177700,34880000,218.9,351.6,22.2,216800000,19180000,1567000,2.006E+14,172900000,14120000,1.659E+11,9.863,0.06291,3.40E-05,1544,0.000679,0.02618,0.6436,26.23,-0.9678,0.488,0.08358,0.04296,-0.005601,0.05092,-0.01197,0.007846,-0.002284,0.044,26.82,1657,193400,36620000,-1554,308400,35290,-95090000000,-10880000000,-1245000000,5.87E+16,98360000000,11260000000,8.788E+13,disgust
18.86,0.1379,0.000185,184.1,0.001153,0.04335,0.05082,43.15,0.1338,0.2873,0.3522,0.2037,0.126,0.1198,0.09925,0.1139,0.08203,0.0713,21.89,1342,166700,31860000,248.7,351.6,17.47,217700000,17710000,1234000,2.022E+14,160000000,11150000,1.308E+11,13.39,0.08987,7.10E-05,1569,0.000935,0.03624,0.6576,34.34,-0.9441,0.5414,0.08507,0.0171,-0.06053,0.01874,-0.01511,0.01404,-0.02404,0.06178,28.28,1575,165400,32530000,-1498,309600,35340,-95840000000,-10940000000,-1249000000,5.93E+16,98880000000,11290000000,8.825E+13,disgust
8.406,0.05686,0.000148,195,0.001061,0.0398,0.05566,20.1,0.03815,0.2788,0.3286,0.1736,0.1488,0.1184,0.1047,0.0845,0.08881,0.06119,14.74,1258,167300,32740000,256.4,358.1,18.93,222600000,18390000,1339000,2.075E+14,166000000,12080000,1.422E+11,7.892,0.04758,5.50E-05,1564,0.000886,0.03399,0.6156,21.9,-0.9794,0.4654,0.09137,0.04894,-0.00119,0.02563,-0.01156,-0.01612,-0.001744,0.05218,25.03,1611,188500,35280000,-1515,310800,35390,-96600000000,-11000000000,-1252000000,6.01E+16,99410000000,11320000000,8.861E+13,disgust
9.213,0.06567,0.000135,177.8,0.000999,0.03741,0.06142,23.54,0.04276,0.2704,0.3097,0.1713,0.169,0.138,0.09943,0.0908,0.07642,0.05918,15.87,1139,144500,28000000,212.7,339.3,24.38,211800000,19340000,1728000,1.982E+14,175000000,15620000,1.837E+11,8.727,0.05392,5.70E-05,1553,0.000864,0.03323,0.6233,22.33,-0.9765,0.5119,0.1298,0.05866,-0.02327,0.04236,-0.009565,-0.01634,-0.002489,0.05175,23.07,1358,162500,30810000,-1526,312000,35450,-97350000000,-11060000000,-1257000000,6.08E+16,99970000000,11360000000,8.908E+13,disgust
65.9,0.2819,0.000868,253.4,0.002669,0.09888,0.05572,114.2,0.5707,0.2101,0.2574,0.1657,0.1765,0.142,0.09502,0.08908,0.08957,0.118,56.48,896.9,124500,18750000,601.7,339,68.24,212300000,33350000,4856000,1.995E+14,301900000,43950000,5.184E+11,30.18,0.1409,0.000272,1665,0.002557,0.0971,0.5309,58.12,-0.7912,0.6274,0.06436,0.05005,0.03103,0.003822,-0.05976,-0.01775,0.01835,0.1291,40.13,1084,67510,16920000,-1649,313200,35590,-98090000000,-11150000000,-1266000000,6.14E+16,1.007E+11,11440000000,9.01E+13,happy
86.74,0.3692,0.000164,188.1,0.001133,0.04248,0.04245,153.2,0.7454,0.19,0.2647,0.1853,0.2015,0.1409,0.09451,0.0915,0.07431,0.06537,74.35,773.7,129800,14670000,759.9,343.8,52.06,216100000,28470000,3723000,2.038E+14,257600000,33680000,3.993E+11,52.61,0.2371,7.30E-05,1588,0.001043,0.03981,0.5571,98.8,-0.6099,0.646,0.1155,0.1063,0.04487,0.009611,-0.06938,-0.04578,-0.002474,0.06029,58.49,1189,48450,19380000,-1896,314400,35770,-98830000000,-11250000000,-1279000000,6.21E+16,1.016E+11,11560000000,9.151E+13,happy
91.08,0.3873,0.000197,228.1,0.001395,0.05227,0.05702,160.3,0.7859,0.1636,0.2348,0.1447,0.1948,0.1358,0.09233,0.07313,0.07311,0.07812,76.82,771.8,140000,13690000,841.2,391.9,62.9,247400000,33820000,4519000,2.343E+14,306200000,40900000,4.87E+11,57,0.2562,9.20E-05,1620,0.001341,0.0512,0.5402,107.5,-0.5619,0.6604,0.09297,0.0659,0.06781,0.007487,-0.06978,-0.03946,-0.005153,0.08044,63.97,1364,58640,22140000,-1869,315600,35930,-99630000000,-11340000000,-1291000000,6.29E+16,1.025E+11,11670000000,9.274E+13,happy
89.15,0.3793,0.000397,204.6,0.001726,0.06437,0.08385,154.8,0.77,0.2048,0.2671,0.1515,0.2151,0.1542,0.09472,0.07504,0.07413,0.08638,75.64,866.2,140400,15130000,838.7,376.3,56.35,238500000,31320000,4068000,2.268E+14,283200000,36770000,4.404E+11,54.76,0.2514,0.000123,1613,0.001639,0.06233,0.5159,103.2,-0.5801,0.6429,0.06697,0.0567,0.04413,-0.005565,-0.0724,-0.04326,-0.001869,0.09033,61.67,1328,55940,21120000,-1826,317000,36090,-1.005E+11,-11440000000,-1302000000,6.37E+16,1.034E+11,11770000000,9.399E+13,happy
91.08,0.3873,0.000197,228.1,0.001395,0.05227,0.05702,160.3,0.7859,0.1636,0.2348,0.1447,0.1948,0.1358,0.09233,0.07313,0.07311,0.07812,76.82,771.8,140000,13690000,841.2,391.9,62.9,249500000,34120000,4561000,2.382E+14,308900000,41280000,4.962E+11,57,0.2562,9.20E-05,1620,0.001341,0.0512,0.5402,107.5,-0.5619,0.6604,0.09297,0.0659,0.06781,0.007487,-0.06978,-0.03946,-0.005153,0.08044,63.97,1364,58640,22140000,-1869,318300,36270,-1.013E+11,-11540000000,-1315000000,6.45E+16,1.043E+11,11890000000,9.537E+13,happy
89.38,0.3802,0.000153,205.4,0.001065,0.0401,0.0731,157.6,0.7704,0.1975,0.3038,0.1573,0.1883,0.1461,0.09487,0.0926,0.07791,0.06675,75.18,860.3,144400,14200000,853,313.3,11.43,200200000,14900000,831000,1.919E+14,135000000,7541000,90640000000,55.75,0.2531,6.00E-05,1535,0.000975,0.03749,0.5489,107,-0.5723,0.6257,0.01569,0.09711,0.08625,0.04759,-0.078,-0.05507,-0.005626,0.06454,63.88,1504,70370,24200000,-1742,319500,36370,-1.021E+11,-11620000000,-1322000000,6.53E+16,1.05E+11,11950000000,9.616E+13,neutral
83.23,0.3571,0.000218,218.2,0.001244,0.04651,0.09067,147.3,0.716,0.2388,0.2773,0.1557,0.198,0.152,0.1022,0.09329,0.08133,0.0714,70.26,1028,137000,14880000,793.9,321.1,24.87,205900000,19490000,1811000,1.981E+14,174800000,16210000,1.979E+11,48.78,0.2249,9.50E-05,1553,0.00128,0.04905,0.5031,95.77,-0.632,0.5859,0.01776,0.0833,0.06353,0.04311,-0.06261,-0.03677,-0.003833,0.08005,58.73,1546,78150,23920000,-1660,320600,36410,-1.028E+11,-11670000000,-1326000000,6.59E+16,1.055E+11,11980000000,9.652E+13,neutral
87.96,0.3774,0.000161,215.1,0.001009,0.03791,0.07176,154.5,0.7575,0.2068,0.2701,0.1431,0.1863,0.1472,0.1106,0.103,0.09297,0.06527,74.06,954.5,143700,14650000,839,314.5,13.26,202400000,15610000,967300,1.953E+14,141300000,8761000,1.059E+11,53.82,0.247,6.60E-05,1539,0.000938,0.03625,0.5566,103.4,-0.588,0.5732,0.038,0.09964,0.1137,0.063,-0.07705,-0.04593,0.01174,0.06249,62.86,1580,82410,26020000,-1733,321700,36480,-1.035E+11,-11740000000,-1331000000,6.66E+16,1.061E+11,12030000000,9.709E+13,neutral
80.4,0.3433,0.000226,232.5,0.00125,0.047,0.05106,140.3,0.6958,0.2069,0.2979,0.1607,0.188,0.1347,0.09291,0.08712,0.07873,0.08167,67.98,974,119900,12110000,752.7,308.4,20.23,199100000,17730000,1478000,1.928E+14,160500000,13380000,1.619E+11,46.23,0.2185,0.000105,1560,0.001241,0.04801,0.5529,90.95,-0.6564,0.6263,0.01012,0.07659,0.04636,0.02646,-0.08096,-0.05798,-0.008734,0.08691,56.26,1452,71840,22040000,-1605,322800,36530,-1.042E+11,-11790000000,-1334000000,6.73E+16,1.066E+11,12060000000,9.749E+13,neutral
93.19,0.3971,0.000136,205.6,0.001044,0.0392,0.08434,162.1,0.8024,0.1845,0.2905,0.1459,0.1867,0.1373,0.1005,0.09927,0.07404,0.06339,78.4,841.1,141600,12740000,912.9,326.7,12.31,211600000,15800000,900100,2.056E+14,143200000,8174000,98760000000,61.15,0.2735,6.10E-05,1525,0.001013,0.03895,0.5255,116.4,-0.5233,0.6206,0.04153,0.09628,0.1095,0.04955,-0.07956,-0.05119,-0.01721,0.06521,68.17,1481,54190,22910000,-1777,323900,36580,-1.049E+11,-11850000000,-1338000000,6.80E+16,1.071E+11,12090000000,9.787E+13,neutral
84.95,0.3668,7.40E-05,192.9,0.000702,0.0262,0.04404,147.2,0.724,0.2232,0.2963,0.1503,0.1686,0.1394,0.1076,0.0837,0.08062,0.04049,71.94,967.4,143100,15190000,766.1,322.7,16.43,209800000,16810000,1203000,2.046E+14,152200000,10900000,1.321E+11,48.67,0.2215,3.30E-05,1548,0.000731,0.02803,0.5158,91.84,-0.6368,0.5935,0.05255,0.07295,0.09294,0.06449,-0.05016,-0.04667,-0.01276,0.04479,56.77,1462,81490,25720000,-1748,325000,36620,-1.056E+11,-11900000000,-1341000000,6.87E+16,1.076E+11,12120000000,9.821E+13,sad
94.13,0.401,6.50E-05,209.7,0.000704,0.0264,0.06604,164.7,0.809,0.1975,0.2607,0.1411,0.1763,0.133,0.1029,0.07601,0.06448,0.03947,79.33,804.2,149100,12620000,893.3,364,12.97,237500000,17070000,950800,2.324E+14,154300000,8587000,1.045E+11,60.52,0.2682,2.80E-05,1535,0.000702,0.02688,0.5073,114.6,-0.5232,0.5954,0.07914,0.09804,0.1344,0.08095,-0.04926,-0.04791,-0.01587,0.04179,67.37,1526,69410,25930000,-1867,326200,36660,-1.064E+11,-11960000000,-1344000000,6.94E+16,1.081E+11,12150000000,9.85E+13,sad
96.82,0.4149,6.60E-05,182.7,0.000696,0.02607,0.06052,169.3,0.8232,0.1781,0.255,0.1317,0.1599,0.117,0.1105,0.08036,0.06629,0.03892,81.67,735.7,154100,13320000,929.4,368,7.383,241000000,15350000,541400,2.368E+14,137900000,4830000,59570000000,64.88,0.2871,3.30E-05,1528,0.000657,0.02515,0.5311,121.2,-0.4954,0.5778,0.09356,0.09725,0.1464,0.08466,-0.05376,-0.05355,-0.01643,0.03929,70.68,1509,61580,25870000,-1905,327500,36680,-1.072E+11,-12010000000,-1345000000,7.02E+16,1.086E+11,12160000000,9.865E+13,sad
96.95,0.4144,6.80E-05,181.6,0.000719,0.02683,0.06459,170.9,0.8309,0.2134,0.2741,0.1562,0.1859,0.1213,0.1053,0.1041,0.06531,0.03961,81.84,926.5,149500,13770000,931.6,322.2,9.515,211800000,14120000,698300,2.088E+14,127900000,6339000,76880000000,65.72,0.2902,3.20E-05,1529,0.000735,0.02787,0.5097,125.4,-0.4773,0.582,0.07229,0.09003,0.1204,0.07932,-0.06906,-0.05994,-0.0255,0.04357,71.5,1492,51170,23950000,-1898,328700,36710,-1.08E+11,-12060000000,-1347000000,7.10E+16,1.09E+11,12180000000,9.889E+13,sad
97.26,0.4141,0.000112,205,0.000836,0.03132,0.08036,170.6,0.8384,0.1887,0.263,0.1531,0.1835,0.1288,0.09785,0.09917,0.07904,0.04782,81.77,847.8,148000,11970000,932.7,352.9,19.51,232800000,18960000,1433000,2.303E+14,171700000,12980000,1.58E+11,68.92,0.3076,4.20E-05,1546,0.000719,0.02761,0.5639,130.5,-0.4546,0.6138,0.04886,0.0721,0.1341,0.08752,-0.06193,-0.04573,-0.02652,0.04538,75.37,1566,51550,24430000,-1935,329800,36750,-1.088E+11,-12120000000,-1350000000,7.18E+16,1.095E+11,12200000000,9.92E+13,sad
16.55,0.1277,0.000484,242.4,0.001553,0.05851,0.04306,35.35,0.1153,0.4255,0.3025,0.176,0.1647,0.1492,0.1155,0.1204,0.1061,0.1128,21.28,1811,221200,42950000,268.4,295.6,49.13,195700000,26880000,3618000,1.943E+14,244200000,32830000,3.998E+11,12.83,0.08329,0.000225,1572,0.001377,0.05352,0.5731,31.62,-0.9517,0.4189,0.1086,0.09807,-0.102,-0.05144,-0.09748,-0.01949,0.01024,0.1004,32.95,2230,240200,45100000,-1576,331000,36840,-1.095E+11,-12190000000,-1357000000,7.25E+16,1.102E+11,12270000000,9.997E+13,angry
18.67,0.1496,0.001308,268.4,0.00262,0.09952,0.04073,41.12,0.1416,0.394,0.3289,0.185,0.1183,0.1363,0.09658,0.1091,0.1007,0.1922,23.55,1764,191900,37310000,311.9,311.4,40.72,206800000,24930000,3008000,2.059E+14,225800000,27240000,3.334E+11,16.04,0.1099,0.000502,1542,0.002021,0.07909,0.6173,38.12,-0.9346,0.5489,0.03382,0.03795,-0.06265,-0.05871,-0.1038,-0.03066,0.01725,0.1579,33.39,1912,182200,35200000,-1445,332000,36950,-1.102E+11,-12270000000,-1365000000,7.32E+16,1.108E+11,12340000000,1.008E+14,angry
22.6,0.1656,0.000537,246.7,0.002023,0.07648,0.03814,45.36,0.176,0.4808,0.2815,0.2175,0.1323,0.1795,0.08662,0.1061,0.1004,0.148,25.49,2057,223100,43110000,317.1,314.1,31.12,209300000,21890000,2305000,2.091E+14,198700000,20920000,2.56E+11,15.71,0.1072,0.000297,1547,0.001748,0.06858,0.6154,37.66,-0.93,0.4371,0.003527,0.1142,-0.08853,-0.08114,-0.08818,-0.007351,0.008492,0.1355,35.09,2192,201300,39100000,-1441,333100,37040,-1.109E+11,-12340000000,-1372000000,7.39E+16,1.115E+11,12400000000,1.016E+14,angry
18.61,0.1542,0.000773,254.7,0.002395,0.09035,0.03468,39.76,0.1336,0.4575,0.2762,0.1847,0.131,0.1312,0.09114,0.1212,0.09141,0.1595,25.03,2055,224300,44020000,322.7,313.6,22.03,209600000,18890000,1634000,2.101E+14,171100000,14800000,1.819E+11,14.1,0.09655,0.000341,1552,0.001688,0.06599,0.6597,34.92,-0.9408,0.4113,0.06456,0.09292,-0.07544,-0.06539,-0.07778,-0.01629,-0.01892,0.1254,34.68,2267,218400,42190000,-1460,334200,37110,-1.117E+11,-12400000000,-1377000000,7.46E+16,1.121E+11,12440000000,1.022E+14,angry
71.13,0.3192,0.001135,272.7,0.002325,0.08822,0.05919,125,0.6179,0.2877,0.3093,0.1816,0.1987,0.1627,0.09056,0.1227,0.1065,0.1767,61.2,1472,183500,28390000,728.1,358.4,45.17,240400000,28160000,3359000,2.418E+14,255400000,30450000,3.747E+11,43.41,0.2257,0.000505,1597,0.001962,0.07686,0.5653,86.72,-0.7042,0.6144,0.0759,0.09114,-0.02974,-0.05524,-0.1248,-0.03769,-0.04356,0.1508,53.78,1789,120200,30300000,-1648,335300,37200,-1.124E+11,-12480000000,-1384000000,7.54E+16,1.127E+11,12510000000,1.029E+14,angry
22.59,0.1464,9.30E-05,249.9,0.000826,0.03122,0.04932,47.01,0.1846,0.2818,0.2857,0.2971,0.1921,0.1488,0.1243,0.1383,0.09459,0.05884,23.02,1342,142400,26480000,221.7,357,36.4,240300000,25380000,2715000,2.426E+14,229700000,24560000,3.038E+11,18.91,0.1219,4.80E-05,1566,0.000739,0.02875,0.6036,44.35,-0.9203,0.6308,0.01362,-0.01058,-0.1421,-0.04889,-0.07968,-0.009919,-0.002276,0.05523,35.24,1893,181600,34890000,-1610,336600,37300,-1.133E+11,-12550000000,-1391000000,7.63E+16,1.135E+11,12580000000,1.038E+14,disgust
21.17,0.1724,0.000124,281.8,0.000872,0.03304,0.02575,44.39,0.1516,0.347,0.276,0.3095,0.2085,0.1839,0.1322,0.1533,0.1491,0.06134,26.61,1666,175100,32670000,214.4,348.9,39.46,235700000,26200000,2951000,2.388E+14,237900000,26780000,3.311E+11,18.12,0.1336,5.80E-05,1528,0.000716,0.0282,0.6179,42.74,-0.9176,0.4976,-0.000381,0.02218,-0.07566,-0.02889,-0.07971,-0.01266,-0.04759,0.05347,38.27,2339,212400,42130000,-1652,337800,37410,-1.141E+11,-12630000000,-1399000000,7.71E+16,1.142E+11,12640000000,1.046E+14,disgust
43.11,0.2075,0.000124,250.4,0.000801,0.03061,0.02158,80.17,0.3576,0.3026,0.3079,0.2961,0.1867,0.1905,0.1138,0.1372,0.1215,0.0659,37.38,1396,171600,28980000,247.7,356.8,45.53,241900000,28690000,3415000,2.46E+14,259600000,30890000,3.843E+11,28.06,0.1617,6.50E-05,1541,0.000672,0.02693,0.6193,61.75,-0.8443,0.5724,-0.01588,0.02568,-0.1481,-0.04477,-0.05881,-0.01028,-0.02281,0.05786,45.06,2160,184300,37630000,-1692,339000,37520,-1.149E+11,-12720000000,-1407000000,7.79E+16,1.149E+11,12720000000,1.056E+14,disgust
74.54,0.3431,0.00014,253.7,0.000949,0.03577,0.04839,133.4,0.6413,0.339,0.3128,0.1821,0.2021,0.1692,0.1216,0.1111,0.102,0.06771,62.26,1525,219500,31860000,627.7,384.3,32.16,261600000,25290000,2419000,2.67E+14,228700000,21890000,2.729E+11,46.28,0.2365,6.20E-05,1553,0.000709,0.02789,0.6331,90.73,-0.6641,0.4997,0.05733,0.09835,-0.0297,-0.0159,-0.09224,-0.03384,-0.02225,0.05405,59.02,2229,142800,39560000,-1783,340300,37620,-1.158E+11,-12800000000,-1415000000,7.88E+16,1.157E+11,12790000000,1.064E+14,disgust
29.97,0.1949,0.000127,241.9,0.000981,0.037,0.07426,61.9,0.2428,0.4299,0.3214,0.1993,0.1606,0.1623,0.1091,0.1114,0.09854,0.06538,29.89,1859,236600,43500000,267.6,374.7,18.81,256000000,20260000,1417000,2.624E+14,183800000,12880000,1.602E+11,18.44,0.1156,6.00E-05,1532,0.000787,0.03066,0.6195,42.55,-0.9041,0.378,0.109,0.07472,-0.08208,-0.02565,-0.07983,-0.003745,0.007393,0.059,37.78,2452,241900,50030000,-1587,341600,37690,-1.167E+11,-12880000000,-1420000000,7.97E+16,1.164E+11,12840000000,1.071E+14,disgust
19.66,0.1572,0.000222,209.4,0.001161,0.04318,0.06395,43.62,0.1341,0.3864,0.2445,0.1787,0.1756,0.1529,0.137,0.1442,0.1231,0.06541,25.94,1881,189900,37270000,256.3,329.2,36.59,225700000,24730000,2763000,2.321E+14,224000000,25020000,3.129E+11,13.64,0.09077,7.90E-05,1590,0.001091,0.04211,0.5909,34.1,-0.9393,0.3726,0.08794,0.1023,-0.04974,-0.000281,-0.07726,-0.02479,-0.01346,0.06712,34.01,2286,222200,42030000,-1541,342800,37760,-1.175E+11,-12950000000,-1426000000,8.06E+16,1.17E+11,12890000000,1.077E+14,happy
22.17,0.1463,0.000189,250.3,0.001124,0.04209,0.05559,46.46,0.173,0.4377,0.2609,0.222,0.1962,0.155,0.1263,0.115,0.09477,0.07002,25.93,1997,222600,42340000,269.2,335.7,30.09,230900000,22650000,2276000,2.383E+14,205100000,20600000,2.583E+11,14.14,0.08756,8.30E-05,1541,0.000972,0.03739,0.5827,35.69,-0.9379,0.4108,0.1108,0.04714,-0.03617,-0.0174,-0.08641,-0.01999,-0.008422,0.06203,32.93,2261,235300,46580000,-1606,344000,37840,-1.183E+11,-13020000000,-1432000000,8.14E+16,1.176E+11,12940000000,1.083E+14,happy
23.48,0.174,0.0002,207.7,0.001091,0.04066,0.05048,46.67,0.1891,0.4321,0.2898,0.1909,0.1711,0.1291,0.1022,0.1115,0.115,0.0599,28.7,2055,239100,44070000,268.9,328.1,27.94,226500000,21780000,2117000,2.345E+14,197000000,19140000,2.407E+11,13.25,0.08146,6.40E-05,1548,0.0009,0.03455,0.5754,33.09,-0.9296,0.2446,0.1199,0.1049,-0.06833,-0.001176,-0.04676,-0.02734,0.002614,0.05145,37.02,2797,277300,56240000,-1644,345100,37900,-1.191E+11,-13080000000,-1436000000,8.22E+16,1.182E+11,12980000000,1.088E+14,happy
15.54,0.1311,0.000283,211.9,0.001296,0.04845,0.06255,36.88,0.1102,0.4287,0.2646,0.245,0.1822,0.1376,0.1189,0.1092,0.1028,0.07448,22.76,1999,222800,43210000,306.3,371.4,32.39,257300000,25030000,2458000,2.673E+14,226100000,22210000,2.799E+11,11.61,0.07615,0.000113,1583,0.001118,0.04308,0.5661,33.34,-0.9535,0.3485,0.1283,0.02862,-0.1096,0.00221,-0.04766,0.002377,-0.000504,0.06785,33.83,2518,266300,50590000,-1570,346300,37960,-1.199E+11,-13140000000,-1440000000,8.31E+16,1.188E+11,13020000000,1.093E+14,happy
22.17,0.1463,0.000189,250.3,0.001124,0.04209,0.05559,46.46,0.173,0.4377,0.2609,0.222,0.1962,0.155,0.1263,0.115,0.09477,0.07002,25.93,1997,222600,42340000,269.2,335.7,30.09,233300000,22820000,2288000,2.433E+14,206600000,20700000,2.61E+11,14.14,0.08756,8.30E-05,1541,0.000972,0.03739,0.5827,35.69,-0.9379,0.4108,0.1108,0.04714,-0.03617,-0.0174,-0.08641,-0.01999,-0.008422,0.06203,32.93,2261,235300,46580000,-1606,347500,38040,-1.208E+11,-13220000000,-1446000000,8.40E+16,1.195E+11,13070000000,1.1E+14,happy
85.66,0.3634,0.0001,171.7,0.001085,0.04055,0.04427,152.2,0.7386,0.2176,0.2079,0.2137,0.2194,0.1724,0.1104,0.1022,0.09693,0.05889,72.35,933,137100,11120000,803.9,345.9,12.75,241300000,17440000,970400,2.524E+14,158200000,8839000,1.108E+11,55.31,0.2581,4.60E-05,1555,0.000876,0.03376,0.5878,107.2,-0.5952,0.6236,0.05915,0.1303,0.0306,-0.009965,-0.1327,-0.05056,-0.03337,0.05579,65,1658,82480,24740000,-1795,348700,38080,-1.216E+11,-13280000000,-1450000000,8.48E+16,1.2E+11,13110000000,1.104E+14,neutral
15.41,0.1029,0.000101,215,0.000832,0.03103,0.03656,28.91,0.1077,0.4076,0.2617,0.2212,0.1872,0.1378,0.1179,0.1297,0.1093,0.04939,21.21,1667,197400,38100000,269.9,325.3,9.155,227600000,15500000,697600,2.389E+14,140800000,6372000,79740000000,10.89,0.06586,4.20E-05,1561,0.000749,0.02876,0.5664,27.12,-0.959,0.3433,0.08218,0.1542,-0.03575,-0.001769,-0.05946,-0.02034,-0.008731,0.04631,32.93,2477,268000,49250000,-1573,349900,38110,-1.224E+11,-13330000000,-1452000000,8.57E+16,1.205E+11,13120000000,1.106E+14,neutral
10.05,0.0657,6.10E-05,210.2,0.000788,0.02948,0.04029,24.06,0.04803,0.4929,0.2201,0.2341,0.1518,0.1413,0.1192,0.1226,0.102,0.04442,19.59,2133,218200,44430000,291.9,341.1,6.498,239500000,15150000,495300,2.522E+14,137700000,4554000,56640000000,9.908,0.05126,2.70E-05,1542,0.000632,0.0243,0.6076,27.89,-0.9667,0.2731,0.05722,0.1784,-0.06448,-0.04221,-0.08582,-0.001675,-0.01181,0.03959,36.2,2905,299200,55080000,-1619,351000,38120,-1.232E+11,-13380000000,-1453000000,8.65E+16,1.209E+11,13130000000,1.108E+14,neutral
94.29,0.4042,8.40E-05,226.6,0.000902,0.03393,0.04059,165,0.8118,0.2596,0.2395,0.1767,0.2391,0.1447,0.09967,0.102,0.0898,0.05489,77.87,1014,184200,17950000,904.2,316.9,6.23,223200000,13970000,475100,2.358E+14,126600000,4330000,54350000000,63.61,0.2832,3.90E-05,1531,0.000799,0.03071,0.5352,120.8,-0.5013,0.5249,0.08662,0.1834,0.04909,0.03109,-0.1072,-0.05298,-0.01195,0.05183,73.73,2002,110700,33080000,-1874,352200,38140,-1.24E+11,-13430000000,-1454000000,8.74E+16,1.214E+11,13150000000,1.109E+14,neutral
7.455,0.05677,0.0001,231.7,0.000778,0.0291,0.03202,19.86,0.04127,0.4169,0.2521,0.1599,0.153,0.1262,0.1252,0.1107,0.1114,0.04505,17.93,1877,205100,40840000,287.6,328,4.469,231700000,13940000,340900,2.456E+14,126900000,3169000,39020000000,7.658,0.04128,3.70E-05,1535,0.000718,0.02756,0.5507,22.21,-0.9759,0.2736,0.06381,0.1731,-0.02706,-0.006036,-0.07325,-0.01263,-0.01448,0.04317,32.89,2677,286800,52280000,-1564,353300,38150,-1.248E+11,-13480000000,-1455000000,8.82E+16,1.218E+11,13160000000,1.11E+14,neutral
87.85,0.3781,4.70E-05,206.8,0.000478,0.01764,0.06285,154.4,0.7512,0.24,0.1702,0.1382,0.211,0.113,0.09453,0.08257,0.08826,0.02459,73.52,922.7,173200,15860000,814.7,364.8,18.89,258700000,7444000,1440000,2.751E+14,67080000,13030000,1.647E+11,49.93,0.224,2.20E-05,1517,0.000519,0.01977,0.5217,94.38,-0.6091,0.4153,0.1173,0.1647,0.07609,0.0322,-0.05927,-0.008228,-0.009332,0.0284,60.8,1948,147800,37720000,-1796,354500,38130,-1.257E+11,-13520000000,-1453000000,8.91E+16,1.222E+11,13140000000,1.108E+14,sad
87.9,0.3778,1.30E-05,201.3,0.000367,0.01373,0.08141,154.8,0.7526,0.2495,0.1632,0.143,0.2084,0.1296,0.08793,0.07928,0.0881,0.02003,72.92,939.9,194200,20590000,771.1,344.4,5.137,245000000,11430000,391500,2.614E+14,103900000,3488000,44750000000,49.79,0.2195,7.00E-06,1513,0.000393,0.01495,0.4865,95.22,-0.6086,0.4553,0.1542,0.1415,0.06115,0.01226,-0.0564,-0.03056,-0.000163,0.02269,61.44,2037,167300,41600000,-1859,355700,38100,-1.265E+11,-13550000000,-1451000000,9.00E+16,1.225E+11,13120000000,1.106E+14,sad
97.63,0.4185,1.10E-05,216.9,0.000352,0.01314,0.07589,169.4,0.8316,0.2638,0.147,0.1306,0.2144,0.1331,0.08383,0.07851,0.08582,0.01894,80.81,930.3,215100,21890000,874.8,363.9,4.974,259800000,12330000,379000,2.782E+14,112000000,3393000,43310000000,64.77,0.2849,7.00E-06,1520,0.00036,0.01366,0.4885,118.7,-0.4845,0.4463,0.1756,0.161,0.1008,0.03149,-0.06646,-0.02397,-0.01101,0.01979,73.53,2076,141900,41550000,-2018,356900,38090,-1.274E+11,-13600000000,-1451000000,9.10E+16,1.229E+11,13120000000,1.105E+14,sad
98.15,0.4196,2.00E-05,207.2,0.000405,0.01508,0.07712,172.3,0.8391,0.2453,0.1843,0.1419,0.2025,0.1162,0.09672,0.08596,0.08573,0.02062,80.74,852.1,209700,19680000,889.4,371,3.059,265800000,13120000,233100,2.856E+14,118800000,2078000,26630000000,67.67,0.299,9.00E-06,1511,0.000379,0.01441,0.5107,126.9,-0.4578,0.4241,0.1415,0.1745,0.1183,0.07325,-0.05102,-0.0141,-0.005434,0.02093,77.01,2162,142500,41190000,-2032,358200,38080,-1.283E+11,-13640000000,-1450000000,9.19E+16,1.233E+11,13110000000,1.104E+14,sad
92.12,0.3979,1.10E-05,212.5,0.000388,0.0145,0.1232,164.2,0.7877,0.2944,0.1943,0.1483,0.1978,0.1222,0.1035,0.08091,0.07553,0.01988,75.62,1145,222900,25080000,820.5,412.4,6.271,296600000,13810000,477600,3.2E+14,125500000,4269000,54550000000,56.89,0.2529,5.00E-06,1531,0.000375,0.01421,0.4795,107.8,-0.5494,0.3793,0.1275,0.1879,0.1161,0.04854,-0.05103,-0.02419,-0.01043,0.02027,69.46,2361,183400,46300000,-1967,359600,38080,-1.293E+11,-13690000000,-1450000000,9.30E+16,1.238E+11,13110000000,1.104E+14,sad
69.08,0.3089,0.00051,300.8,0.002038,0.07675,0.04165,121,0.5988,0.2487,0.3356,0.1668,0.2205,0.1643,0.1308,0.1255,0.1043,0.1318,60.79,1240,112200,15880000,600.3,312,35.81,225100000,24550000,2730000,2.437E+14,223500000,24840000,3.122E+11,39.43,0.2117,0.000236,1587,0.001746,0.06753,0.6236,79.49,-0.7245,0.634,-0.02131,0.08271,-0.0593,-0.02962,-0.02536,0.04065,-0.02635,0.123,49.95,1383,59870,19120000,-1544,360800,38140,-1.302E+11,-13760000000,-1454000000,9.40E+16,1.244E+11,13140000000,1.109E+14,angry
19.29,0.1393,0.000416,225.7,0.0014,0.05281,0.03023,42.52,0.1401,0.4413,0.3991,0.215,0.1739,0.1355,0.1442,0.1208,0.1347,0.09827,22.72,1871,241600,46980000,283.8,329,50.29,238100000,30600000,3847000,2.586E+14,277300000,34850000,4.414E+11,16.43,0.1115,0.00017,1603,0.001226,0.04805,0.6047,40.78,-0.9319,0.5075,-0.04751,0.1023,-0.1405,-0.01701,0.003634,-0.006143,-0.05958,0.09422,36.21,2078,201300,38440000,-1560,361900,38260,-1.31E+11,-13850000000,-1464000000,9.48E+16,1.252E+11,13230000000,1.12E+14,angry
21.41,0.1469,0.000473,233.8,0.001601,0.06049,0.04066,46.3,0.167,0.2549,0.314,0.1709,0.1434,0.1351,0.1287,0.1131,0.1026,0.1156,22.76,1101,127800,24430000,191.4,309.7,39.95,224900000,26160000,3067000,2.449E+14,238000000,27870000,3.53E+11,14.58,0.09666,0.000223,1588,0.001599,0.06224,0.5826,34.65,-0.9344,0.5749,-0.03806,0.03798,-0.1217,-0.0421,-0.01388,0.02117,-0.01001,0.1212,30.44,1476,130600,25110000,-1377,363000,38390,-1.318E+11,-13940000000,-1473000000,9.57E+16,1.26E+11,13320000000,1.131E+14,angry
19.19,0.1388,0.000436,235.4,0.001729,0.06571,0.03235,43.92,0.1446,0.3922,0.3911,0.216,0.1461,0.1257,0.1216,0.1092,0.1053,0.128,24.15,1890,226400,43860000,266.5,308.5,52.93,224600000,30860000,4076000,2.454E+14,280500000,37000000,4.708E+11,15.87,0.1065,0.000217,1575,0.001448,0.05664,0.6255,37.75,-0.9322,0.5384,-0.003505,0.05879,-0.1381,-0.03011,-0.02358,-0.003714,-0.03562,0.1126,33.65,1871,177000,34820000,-1536,364100,38520,-1.326E+11,-14030000000,-1484000000,9.65E+16,1.268E+11,13410000000,1.143E+14,angry
16.11,0.1222,0.000598,224.5,0.001516,0.05722,0.02972,36.74,0.1076,0.3923,0.384,0.2174,0.1649,0.1238,0.1508,0.1303,0.1229,0.1068,23,1659,212700,41800000,226.3,290.5,50.15,212200000,29360000,3877000,2.324E+14,266500000,35160000,4.495E+11,13.83,0.09382,0.000209,1639,0.001395,0.05449,0.6471,34.23,-0.9478,0.568,-0.01157,0.03769,-0.1396,-0.06289,-0.03267,0.01409,-0.01069,0.1025,30.53,1632,162300,31740000,-1523,365100,38660,-1.333E+11,-14120000000,-1495000000,9.74E+16,1.276E+11,13510000000,1.156E+14,angry
15.25,0.1086,0.000209,254.3,0.001197,0.04509,0.05551,34.83,0.09255,0.247,0.3613,0.2036,0.1683,0.1391,0.1219,0.0911,0.09144,0.07985,19.62,1113,145300,29110000,227.5,411.5,34.39,301500000,28410000,2666000,3.313E+14,256600000,24080000,3.1E+11,13.84,0.09466,0.0001,1555,0.00096,0.03778,0.6304,34.08,-0.9497,0.5719,-0.002954,0.03233,-0.09555,0.01648,-0.003432,0.00158,-0.0152,0.07578,32.03,1714,176900,33090000,-1490,366400,38770,-1.342E+11,-14200000000,-1503000000,9.83E+16,1.284E+11,13580000000,1.165E+14,disgust
17.77,0.1325,0.000183,262.7,0.001215,0.04582,0.05798,41.1,0.1183,0.2366,0.3464,0.1692,0.1792,0.142,0.1256,0.08668,0.1105,0.08437,21.39,982.9,113900,22360000,162.3,335.7,36.37,246900000,26200000,2826000,2.723E+14,237500000,25610000,3.295E+11,14.4,0.09779,9.00E-05,1596,0.001034,0.04046,0.642,34.69,-0.9411,0.5795,-0.07563,0.0982,-0.1207,0.002136,0.007898,0.03491,0.003047,0.07841,31.95,1563,141700,26210000,-1462,367700,38870,-1.352E+11,-14290000000,-1511000000,9.94E+16,1.292E+11,13660000000,1.174E+14,disgust
15.75,0.1171,0.000325,247.6,0.00132,0.04948,0.04379,36.12,0.1003,0.2692,0.3174,0.1735,0.1585,0.1279,0.1125,0.09385,0.1209,0.08012,20.51,1170,146100,28910000,206.9,361.9,34.29,267000000,26550000,2671000,2.954E+14,240500000,24200000,3.122E+11,13.13,0.09066,0.000124,1563,0.001038,0.04047,0.6472,32.46,-0.9504,0.5461,-0.001317,0.05601,-0.1181,-0.02276,-0.02468,0.01915,-0.006859,0.07362,31.67,1695,166500,30960000,-1484,368900,38970,-1.361E+11,-14370000000,-1518000000,1.00E+17,1.299E+11,13720000000,1.183E+14,disgust
21.7,0.1503,0.000222,232.7,0.001235,0.04635,0.044,45.14,0.1422,0.2841,0.3196,0.1974,0.1637,0.139,0.1244,0.09678,0.1118,0.07895,23.47,1218,157400,30780000,208.9,359.2,31.21,265900000,25360000,2437000,2.952E+14,229900000,22090000,2.854E+11,15.28,0.09958,9.70E-05,1574,0.000996,0.03903,0.6673,36.09,-0.9342,0.527,-0.004365,0.07131,-0.1286,-0.01564,0.0042,0.03955,0.0225,0.07369,33.43,1802,176400,33230000,-1485,370100,39050,-1.37E+11,-14450000000,-1525000000,1.01E+17,1.306E+11,13780000000,1.191E+14,disgust
15.75,0.1171,0.000325,247.6,0.00132,0.04948,0.04379,36.12,0.1003,0.2692,0.3174,0.1735,0.1585,0.1279,0.1125,0.09385,0.1209,0.08012,20.51,1170,146100,28910000,206.9,361.9,34.29,268800000,26690000,2683000,2.994E+14,241900000,24310000,3.149E+11,13.13,0.09066,0.000124,1563,0.001038,0.04047,0.6472,32.46,-0.9504,0.5461,-0.001317,0.05601,-0.1181,-0.02276,-0.02468,0.01915,-0.006859,0.07362,31.67,1695,166500,30960000,-1484,371300,39140,-1.379E+11,-14530000000,-1531000000,1.02E+17,1.314E+11,13840000000,1.199E+14,disgust
15.29,0.09478,0.000287,227.2,0.001386,0.05226,0.0358,33.77,0.1011,0.2776,0.3284,0.1893,0.1724,0.1507,0.1285,0.1446,0.1223,0.08705,20.31,1256,134900,26560000,217.4,406,16.18,302600000,21880000,1268000,3.383E+14,197800000,11460000,1.491E+11,11.58,0.07041,9.60E-05,1603,0.001196,0.04618,0.637,28.43,-0.9586,0.5644,-0.014,0.0308,-0.1204,-0.03552,-0.02059,0.03057,-0.001319,0.081,30.95,1705,164000,30420000,-1449,372700,39200,-1.389E+11,-14610000000,-1536000000,1.04E+17,1.32E+11,13890000000,1.204E+14,happy
14.29,0.08999,0.000265,253.8,0.001323,0.05006,0.05593,31.78,0.08882,0.2901,0.2947,0.1811,0.16,0.1459,0.1244,0.09857,0.1196,0.09107,17.42,1173,152800,30180000,231.1,401,25,300000000,25060000,1963000,3.366E+14,226700000,17770000,2.312E+11,11.68,0.07513,0.0001,1578,0.001123,0.04359,0.6077,28.09,-0.9609,0.5441,0.02819,0.02432,-0.1191,-0.04619,-0.03277,0.007435,-0.02204,0.08126,29.78,1673,178700,32730000,-1455,374100,39260,-1.399E+11,-14690000000,-1541000000,1.05E+17,1.327E+11,13930000000,1.21E+14,happy
14.93,0.09146,0.000198,234.8,0.00128,0.04852,0.03612,32.46,0.09861,0.2702,0.3115,0.2244,0.1219,0.1281,0.1359,0.1077,0.1089,0.09106,16.54,1162,145000,28100000,232.2,424.1,22.7,318500000,25130000,1785000,3.588E+14,227200000,16130000,2.106E+11,12.96,0.08723,9.40E-05,1574,0.001069,0.04153,0.6226,32.39,-0.9562,0.6088,-0.06139,-0.05506,-0.1628,-0.06178,-0.007349,0.04438,0.000934,0.08013,31.58,1695,175600,31770000,-1466,375500,39330,-1.41E+11,-14770000000,-1546000000,1.06E+17,1.335E+11,13980000000,1.216E+14,happy
16.42,0.1022,0.000307,223.6,0.001367,0.05142,0.03568,36.43,0.1103,0.3024,0.319,0.1691,0.1515,0.1372,0.112,0.09327,0.115,0.08618,19.5,1300,147900,29130000,232.3,400.8,19.02,302100000,22910000,1498000,3.417E+14,207800000,13610000,1.77E+11,12.21,0.0755,0.000112,1576,0.001188,0.04601,0.6077,30.4,-0.9553,0.5623,-0.01125,0.02171,-0.1075,-0.04711,-0.04556,0.002415,0.01264,0.08364,29.85,1613,160700,29980000,-1431,376900,39380,-1.421E+11,-14840000000,-1551000000,1.07E+17,1.342E+11,14020000000,1.221E+14,happy
16.42,0.1022,0.000307,223.6,0.001367,0.05142,0.03568,36.43,0.1103,0.3024,0.319,0.1691,0.1515,0.1372,0.112,0.09327,0.115,0.08618,19.5,1300,147900,29130000,232.3,400.8,19.02,303300000,22950000,1500000,3.442E+14,208200000,13630000,1.774E+11,12.21,0.0755,0.000112,1576,0.001188,0.04601,0.6077,30.4,-0.9553,0.5623,-0.01125,0.02171,-0.1075,-0.04711,-0.04556,0.002415,0.01264,0.08364,29.85,1613,160700,29980000,-1431,378300,39430,-1.431E+11,-14920000000,-1555000000,1.08E+17,1.348E+11,14050000000,1.226E+14,happy
11.85,0.08574,0.000103,237.7,0.000806,0.03051,0.03723,26.45,0.06958,0.3098,0.3797,0.1581,0.1434,0.1534,0.116,0.1051,0.1068,0.05601,16.56,1148,161200,31860000,208.2,361.7,12.47,274600000,18820000,984600,3.128E+14,170900000,8966000,1.166E+11,10.88,0.07419,4.10E-05,1579,0.000739,0.02863,0.6076,27.86,-0.966,0.561,-0.01841,0.01005,-0.1096,-0.05096,-0.03378,0.0225,-0.006902,0.05409,28.74,1603,173900,32720000,-1494,379600,39480,-1.441E+11,-14990000000,-1558000000,1.09E+17,1.355E+11,14090000000,1.23E+14,neutral
12.96,0.08345,0.000198,236.1,0.001091,0.04119,0.0466,30.41,0.08167,0.2546,0.3185,0.1633,0.1775,0.1468,0.1205,0.1212,0.1274,0.07612,17.97,1103,122200,24260000,190,321.9,13.35,245100000,17720000,1055000,2.801E+14,160100000,9532000,1.25E+11,11.66,0.07864,8.40E-05,1562,0.001048,0.04081,0.6184,29.3,-0.9621,0.5992,-0.008733,0.0648,-0.1246,-0.05507,-0.03513,0.02233,-0.008589,0.07836,29.66,1558,152200,27650000,-1421,380800,39500,-1.45E+11,-15040000000,-1560000000,1.10E+17,1.36E+11,14100000000,1.232E+14,neutral
15.44,0.1142,0.000405,267.6,0.001624,0.0611,0.03544,34.79,0.1062,0.2869,0.3022,0.161,0.1765,0.1349,0.1122,0.1091,0.08962,0.1024,19.45,1203,140000,26350000,224.6,379.8,22.42,290200000,23530000,1773000,3.326E+14,212600000,16030000,2.104E+11,11.98,0.07667,0.000131,1613,0.001297,0.05033,0.6281,29.81,-0.9546,0.5221,-0.0412,0.09283,-0.1023,-0.03532,-0.03424,0.01852,0.01613,0.09244,32.58,1846,173700,31330000,-1428,382000,39550,-1.459E+11,-15110000000,-1564000000,1.12E+17,1.366E+11,14140000000,1.237E+14,neutral
18.92,0.1237,0.000185,240.6,0.000996,0.03749,0.04531,41.76,0.1276,0.2687,0.341,0.1749,0.1717,0.1323,0.1137,0.105,0.1022,0.06536,20.85,1071,148700,28680000,212.3,373.4,14.18,286300000,20150000,1123000,3.292E+14,182200000,10160000,1.334E+11,13.49,0.08525,7.00E-05,1557,0.000885,0.03444,0.6188,32.36,-0.9439,0.5339,-0.001022,0.06504,-0.09456,-0.01984,-0.01763,0.004859,-0.007648,0.0641,31.51,1693,171300,32480000,-1469,383300,39600,-1.469E+11,-15180000000,-1568000000,1.13E+17,1.372E+11,14180000000,1.242E+14,neutral
16.3,0.1167,0.000367,270.9,0.00135,0.05085,0.04801,37.05,0.1161,0.2615,0.3392,0.1576,0.1783,0.1471,0.1369,0.09947,0.09472,0.09078,19.98,1119,140900,27200000,208.5,350.3,13.68,269400000,19100000,1084000,3.108E+14,172600000,9797000,1.289E+11,11.96,0.07793,0.000123,1573,0.001137,0.04421,0.6167,28.74,-0.9527,0.5317,0.02717,0.06014,-0.09663,-0.03511,-0.02038,0.04155,0.006084,0.08062,28.79,1555,156000,29700000,-1427,384600,39630,-1.479E+11,-15240000000,-1570000000,1.14E+17,1.378E+11,14200000000,1.245E+14,neutral
78.87,0.3385,3.80E-05,203.3,0.000504,0.01874,0.04504,138.8,0.6744,0.2286,0.2461,0.1232,0.1951,0.118,0.1022,0.1066,0.07781,0.02693,66.07,1018,142100,13500000,700.3,390.2,4.056,301100000,16510000,321600,3.486E+14,148900000,2872000,38250000000,40.11,0.1781,2.00E-05,1540,0.000591,0.02259,0.5781,78.88,-0.6952,0.5062,0.06287,0.1001,0.03268,0.01563,-0.03743,0.04545,0.03505,0.03611,53.16,1769,123900,31040000,-1667,385900,39660,-1.489E+11,-15300000000,-1572000000,1.15E+17,1.383E+11,14210000000,1.247E+14,sad
75.75,0.3308,5.10E-05,211.1,0.000484,0.01794,0.08211,136.1,0.6477,0.243,0.2415,0.1296,0.1921,0.122,0.1417,0.09865,0.08685,0.03025,63.67,1050,131500,12750000,659.4,362.1,3.416,280400000,15240000,270900,3.257E+14,137100000,2396000,32230000000,39.12,0.1842,3.00E-05,1536,0.000557,0.02159,0.5316,80.01,-0.7091,0.5205,0.01711,0.05987,0.003523,0.006427,-0.02678,0.04889,0.006267,0.03823,52.75,1772,120800,30280000,-1632,387200,39670,-1.499E+11,-15360000000,-1573000000,1.16E+17,1.388E+11,14220000000,1.248E+14,sad
13.1,0.07938,6.90E-05,188.7,0.000661,0.02466,0.07549,28.6,0.0764,0.2782,0.3172,0.1986,0.1387,0.1365,0.1283,0.08793,0.1074,0.03675,16.56,1158,158400,31090000,190.6,408.5,13.73,317400000,21470000,1090000,3.699E+14,194000000,9848000,1.298E+11,9.718,0.05518,2.90E-05,1543,0.000602,0.02317,0.6,24.49,-0.9685,0.5236,0.08155,-0.006457,-0.06904,0.0041,-0.006912,0.03167,-0.000537,0.03806,27.39,1616,188400,35650000,-1557,388500,39690,-1.509E+11,-15420000000,-1575000000,1.17E+17,1.394E+11,14240000000,1.25E+14,sad
16.42,0.1188,5.20E-05,231.6,0.000544,0.02029,0.03722,38.18,0.1032,0.2578,0.2969,0.1712,0.1501,0.1443,0.1416,0.1127,0.1237,0.03249,20.95,1096,134800,26790000,161.4,354,14.44,276000000,19670000,1147000,3.227E+14,177400000,10340000,1.367E+11,11.62,0.07074,2.50E-05,1548,0.000501,0.01939,0.626,28.91,-0.9534,0.4763,0.0295,0.07417,-0.06065,-0.04783,-0.02332,0.07105,0.01526,0.0326,31.24,1909,201600,38070000,-1579,389800,39730,-1.519E+11,-15490000000,-1578000000,1.19E+17,1.4E+11,14260000000,1.253E+14,sad
78.87,0.3385,3.80E-05,203.3,0.000504,0.01874,0.04504,138.8,0.6744,0.2286,0.2461,0.1232,0.1951,0.118,0.1022,0.1066,0.07781,0.02693,66.07,1018,142100,13500000,700.3,390.2,4.056,305200000,16560000,322400,3.581E+14,149400000,2879000,38450000000,40.11,0.1781,2.00E-05,1540,0.000591,0.02259,0.5781,78.88,-0.6952,0.5062,0.06287,0.1001,0.03268,0.01563,-0.03743,0.04545,0.03505,0.03611,53.16,1769,123900,31040000,-1667,391100,39750,-1.53E+11,-15550000000,-1580000000,1.20E+17,1.405E+11,14280000000,1.256E+14,sad
72.15,0.3091,0.000756,209.5,0.002229,0.08364,0.05703,127.5,0.6219,0.2158,0.3577,0.1816,0.2054,0.1548,0.1109,0.09733,0.08812,0.1321,61.44,898.7,141000,20610000,683.1,347.2,42.34,272500000,30120000,3372000,3.207E+14,273100000,30560000,4.028E+11,39.46,0.1946,0.000291,1523,0.001531,0.05942,0.6349,79.41,-0.7213,0.6136,-0.003283,0.1134,0.02573,0.003248,-0.051,-0.02904,-0.01318,0.1037,50.03,1387,83190,21980000,-1668,392400,39830,-1.539E+11,-15630000000,-1586000000,1.21E+17,1.413E+11,14340000000,1.264E+14,angry
15.21,0.111,0.000753,228.9,0.002783,0.1038,0.06851,35.18,0.1041,0.2428,0.3732,0.1688,0.2061,0.1673,0.1218,0.1081,0.09066,0.1428,19.38,1007,127600,25080000,165.8,309.7,38.82,243700000,27190000,3100000,2.877E+14,247600000,28190000,3.714E+11,12.49,0.08687,0.000328,1545,0.001985,0.07636,0.6617,31.55,-0.9531,0.5927,-0.04047,0.1276,-0.03565,-0.01086,-0.03648,-0.02982,-0.01483,0.1251,28.35,1360,124600,22880000,-1429,393500,39950,-1.548E+11,-15720000000,-1596000000,1.22E+17,1.421E+11,14430000000,1.275E+14,angry
16.86,0.1007,0.000759,204.7,0.002328,0.08719,0.07185,36.47,0.1093,0.2592,0.3452,0.1887,0.1649,0.1369,0.1085,0.08573,0.07861,0.1323,17.85,1005,137900,27110000,190.2,329.5,43.71,260100000,30060000,3500000,3.079E+14,273100000,31760000,4.204E+11,12.03,0.07479,0.000311,1542,0.00194,0.07492,0.605,29.47,-0.9565,0.5792,0.004197,0.08732,-0.03804,-0.01415,-0.0332,-0.009806,-0.003862,0.1269,27.24,1328,133500,24220000,-1411,394600,40060,-1.557E+11,-15810000000,-1604000000,1.23E+17,1.429E+11,14500000000,1.285E+14,angry
14.83,0.0804,0.000951,228.1,0.003063,0.1148,0.07152,30.66,0.09589,0.2462,0.3646,0.1855,0.149,0.1468,0.1269,0.09216,0.08308,0.1762,15.69,931.6,137700,27370000,202.7,319.3,46.34,252700000,30880000,3721000,3E+14,280100000,33730000,4.482E+11,11.71,0.06956,0.0005,1562,0.0023,0.08886,0.6407,28.15,-0.9625,0.6016,-0.01759,0.09413,-0.008494,-0.001367,-0.04085,-0.0349,0.004303,0.1491,26.65,1286,132600,23920000,-1422,395700,40170,-1.566E+11,-15890000000,-1613000000,1.24E+17,1.437E+11,14580000000,1.296E+14,angry
12.53,0.08947,0.000915,223.7,0.003179,0.1186,0.06464,29.8,0.08398,0.245,0.3504,0.1673,0.1604,0.1245,0.1155,0.1076,0.1032,0.1593,17.58,1077,120500,24010000,176.2,340.7,32.22,270500000,26080000,2595000,3.22E+14,237100000,23590000,3.135E+11,10.85,0.06951,0.000379,1550,0.002228,0.08561,0.6504,28.15,-0.9639,0.5793,-0.0119,0.09513,-0.03699,-0.01568,-0.03785,-0.02077,0.004712,0.1344,27.89,1464,141200,25510000,-1413,396900,40290,-1.575E+11,-15990000000,-1623000000,1.25E+17,1.445E+11,14670000000,1.307E+14,angry
62.03,0.2686,0.001122,210.2,0.002767,0.1028,0.03417,108.7,0.5335,0.2182,0.3242,0.2046,0.2122,0.1628,0.1325,0.1239,0.09547,0.1367,53.06,961.5,120600,17870000,583.9,400.4,45.13,318900000,33790000,3645000,3.809E+14,306900000,33080000,4.416E+11,29.67,0.1461,0.000317,1554,0.002025,0.0779,0.6177,60.04,-0.8017,0.6165,-0.04093,0.07349,-0.01828,0.009315,-0.007513,0.00837,0.007797,0.12,43.53,1395,89790,20370000,-1581,398200,40400,-1.585E+11,-16090000000,-1632000000,1.26E+17,1.454E+11,14750000000,1.318E+14,disgust
14.28,0.09322,0.000527,188.4,0.002309,0.08623,0.04756,31.1,0.09109,0.2505,0.3917,0.1997,0.1784,0.156,0.1257,0.1399,0.1084,0.1187,17.72,1090,145200,28600000,207.2,388,46.88,310000000,33660000,3798000,3.716E+14,306100000,34490000,4.616E+11,11.8,0.07764,0.000199,1572,0.001645,0.06322,0.6056,30.7,-0.96,0.5692,-0.04017,0.1123,0.01329,0.01722,-0.05463,-0.04269,-0.02213,0.1015,29.01,1533,151600,27710000,-1495,399500,40530,-1.596E+11,-16190000000,-1643000000,1.28E+17,1.464E+11,14850000000,1.332E+14,disgust
31.24,0.1451,0.000558,229.7,0.002219,0.08217,0.0399,58.88,0.2633,0.2395,0.3942,0.1705,0.1701,0.1466,0.1228,0.1181,0.0976,0.09244,29.59,998.3,128800,24160000,224.4,399.9,37.46,320700000,30790000,3043000,3.856E+14,279900000,27640000,3.709E+11,14.65,0.08251,0.00017,1578,0.001781,0.06798,0.5878,33.68,-0.9328,0.6039,0.01117,0.07612,0.01323,-0.003037,-0.05828,-0.01112,0.0222,0.09519,28.15,1200,112700,22050000,-1491,400900,40640,-1.607E+11,-16290000000,-1651000000,1.29E+17,1.473E+11,14930000000,1.342E+14,disgust
10.87,0.07592,0.000478,213.6,0.001827,0.06792,0.0645,22.29,0.05865,0.2785,0.3517,0.1525,0.1615,0.1658,0.1423,0.1477,0.1077,0.08433,16.82,1200,146600,28900000,176.2,434.8,48.01,349900000,36440000,3912000,4.223E+14,330300000,35430000,4.781E+11,9.135,0.05207,0.000137,1568,0.001397,0.0534,0.6132,21.57,-0.9753,0.5039,0.03388,0.1329,0.02788,0.02359,-0.01555,-0.008696,-0.001032,0.07635,26.4,1585,164500,30070000,-1548,402300,40760,-1.619E+11,-16400000000,-1661000000,1.30E+17,1.482E+11,15020000000,1.354E+14,disgust
11.96,0.08699,0.000335,173.6,0.001515,0.05651,0.04926,27.99,0.07484,0.2712,0.372,0.1629,0.1734,0.1449,0.1132,0.1135,0.0904,0.08097,16,1070,145600,29190000,178,389.3,39.28,314400000,31300000,3209000,3.808E+14,284100000,29110000,3.932E+11,10.47,0.07052,0.00013,1570,0.001136,0.04384,0.6183,28.16,-0.9667,0.5438,-0.001779,0.09395,-0.000425,0.003234,-0.0421,-0.0351,0.00043,0.07286,27.42,1539,161200,29650000,-1515,403700,40860,-1.63E+11,-16500000000,-1670000000,1.32E+17,1.491E+11,15090000000,1.364E+14,disgust
16.66,0.09279,0.000287,218.4,0.001337,0.04958,0.05587,34.91,0.1067,0.2957,0.3856,0.181,0.1705,0.1559,0.1304,0.1109,0.1114,0.07091,19.74,1249,144400,28320000,191.3,316.6,33.6,256400000,26300000,2752000,3.115E+14,239100000,25000000,3.38E+11,12.7,0.07529,0.000122,1571,0.0012,0.04667,0.6199,30.83,-0.9544,0.6057,0.00755,0.02967,-0.06059,-0.003933,-0.02512,0.01581,-0.000429,0.07605,27.65,1417,147300,28030000,-1501,405000,40960,-1.64E+11,-16590000000,-1677000000,1.33E+17,1.499E+11,15160000000,1.374E+14,happy
69.34,0.2963,0.000469,184.7,0.001786,0.06646,0.05973,120.7,0.5974,0.1956,0.3531,0.2263,0.192,0.1395,0.1139,0.09637,0.09499,0.09584,59.9,806.5,102300,13730000,654.3,314.1,34.52,255100000,26420000,2834000,3.107E+14,241300000,25840000,3.489E+11,39.75,0.1933,0.000188,1560,0.001712,0.06634,0.584,77.08,-0.7304,0.7003,-0.06263,0.02218,-0.000872,0.006765,-0.04408,-0.008872,0.00209,0.1123,47.73,1035,45090,14820000,-1613,406100,41070,-1.649E+11,-16670000000,-1686000000,1.34E+17,1.507E+11,15240000000,1.385E+14,happy
16.89,0.1014,0.000545,213.7,0.001569,0.05874,0.05854,37.14,0.1088,0.2675,0.3668,0.1855,0.143,0.1154,0.09901,0.0859,0.07736,0.09921,19.43,1098,143300,27730000,181.3,309.8,33.06,252200000,25700000,2720000,3.081E+14,233600000,24690000,3.357E+11,12.74,0.08254,0.000218,1566,0.001347,0.05257,0.6149,31.7,-0.9531,0.6151,0.009899,-0.02513,-0.05133,-0.01123,-0.04111,-0.01562,-0.02796,0.09122,26.38,1248,131100,25410000,-1474,407100,41160,-1.658E+11,-16760000000,-1694000000,1.35E+17,1.515E+11,15310000000,1.394E+14,happy
62.4,0.2679,0.000346,223.6,0.001369,0.05078,0.06177,110.8,0.5333,0.2464,0.3383,0.1819,0.203,0.161,0.1324,0.1108,0.0997,0.07115,54.3,1019,129100,19790000,543.8,317.2,34.26,259000000,26560000,2825000,3.171E+14,241500000,25650000,3.493E+11,30.9,0.1494,0.000133,1579,0.001179,0.04561,0.6099,63.67,-0.7943,0.6233,0.01839,0.05735,0.01895,-0.0113,-0.06063,-0.01631,-0.004759,0.071,40.75,1221,88940,21480000,-1628,408200,41240,-1.666E+11,-16840000000,-1701000000,1.36E+17,1.522E+11,15370000000,1.402E+14,happy
26.71,0.1363,0.000363,229.2,0.001614,0.05995,0.06263,54.5,0.203,0.2678,0.3022,0.1909,0.1925,0.1419,0.1162,0.08752,0.09578,0.0834,26.54,1292,156100,29700000,194.7,329.3,35.67,269600000,27430000,2948000,3.311E+14,250000000,26810000,3.654E+11,14.67,0.08864,0.000168,1523,0.001406,0.054,0.5777,36.1,-0.9348,0.5681,0.1176,0.0177,-0.06393,-0.01119,-0.06468,-0.02544,-0.03099,0.08488,28.03,1356,144500,28120000,-1494,409300,41340,-1.676E+11,-16920000000,-1708000000,1.37E+17,1.529E+11,15450000000,1.412E+14,happy
18.99,0.1313,0.00024,201.7,0.001329,0.04935,0.07606,41.52,0.1246,0.2795,0.3367,0.1961,0.2197,0.2037,0.1276,0.1351,0.1156,0.06896,23.9,1221,91910,16360000,132,298.1,15.72,244700000,18580000,1301000,3.013E+14,168300000,11780000,1.614E+11,13.73,0.0908,0.000108,1531,0.001209,0.0465,0.6202,35.59,-0.9419,0.514,-0.02432,0.2276,-0.005307,-0.01052,-0.0107,-0.03649,-0.04674,0.0726,30.46,1606,134100,24050000,-1437,410400,41390,-1.684E+11,-16990000000,-1713000000,1.38E+17,1.535E+11,15480000000,1.418E+14,neutral
14.46,0.1099,0.000241,186.2,0.00123,0.04603,0.05462,33.78,0.09509,0.263,0.3564,0.1814,0.2081,0.1498,0.09964,0.1133,0.0918,0.06883,18.35,1122,136100,26630000,186.6,353.7,17.64,291100000,21680000,1461000,3.594E+14,196000000,13200000,1.816E+11,11.62,0.07926,0.000102,1540,0.000945,0.03686,0.6039,30.71,-0.9562,0.5246,-0.0606,0.07305,-0.008227,0.002713,-0.03342,-0.03827,-0.01385,0.06357,30.15,1691,167900,31050000,-1483,411500,41430,-1.694E+11,-17050000000,-1716000000,1.39E+17,1.541E+11,15520000000,1.422E+14,neutral
16.23,0.1072,0.000303,227.2,0.001261,0.04708,0.04338,35.66,0.1005,0.2906,0.3795,0.1932,0.1884,0.1605,0.1112,0.1473,0.1054,0.06915,19.96,1210,139100,27780000,190.8,348.9,17.54,288000000,21640000,1454000,3.567E+14,194700000,13060000,1.809E+11,12.45,0.08093,0.000111,1513,0.001008,0.03912,0.6319,32.73,-0.9532,0.5277,-0.03119,0.151,-0.01404,-0.009401,-0.04195,-0.03036,-0.01028,0.06769,30.59,1705,164400,30490000,-1475,412800,41460,-1.704E+11,-17110000000,-1719000000,1.41E+17,1.547E+11,15540000000,1.425E+14,neutral
20.25,0.1299,0.000315,222.8,0.001175,0.04366,0.05317,45.27,0.1423,0.26,0.3491,0.1885,0.2215,0.1951,0.1245,0.1207,0.09217,0.06736,23.14,1094,110000,20760000,149.1,326.5,17.86,270300000,20490000,1483000,3.356E+14,185600000,13410000,1.846E+11,14.65,0.09558,0.000115,1547,0.001021,0.03975,0.6027,35.84,-0.9378,0.5952,-0.01884,0.128,-0.1034,-0.08413,-0.04045,0.007986,-0.01672,0.06932,30.41,1491,131800,25170000,-1443,413900,41520,-1.713E+11,-17190000000,-1723000000,1.42E+17,1.553E+11,15580000000,1.431E+14,neutral
16.19,0.1117,0.000313,203.1,0.001331,0.04981,0.06855,37.06,0.1088,0.2728,0.3796,0.1886,0.1656,0.1346,0.09279,0.08601,0.08064,0.07684,19,1153,157900,30940000,208.8,375.9,21.33,312100000,24220000,1772000,3.887E+14,218800000,16000000,2.209E+11,11.9,0.07812,0.000115,1540,0.001084,0.04207,0.59,30.54,-0.9532,0.5681,0.02463,0.04236,-0.05522,-0.03444,-0.02797,-0.01606,-0.0029,0.07248,27.83,1492,157600,30150000,-1468,415100,41560,-1.723E+11,-17250000000,-1727000000,1.43E+17,1.559E+11,15610000000,1.435E+14,neutral
78.85,0.3383,0.000129,203.2,0.000889,0.03313,0.05188,137.7,0.6745,0.1883,0.2702,0.131,0.1875,0.1282,0.09257,0.08389,0.07686,0.04648,66.52,768.3,129400,12480000,727.2,422.9,16.38,352300000,23320000,1362000,4.402E+14,211400000,12340000,1.7E+11,40.41,0.1824,4.60E-05,1525,0.000913,0.0349,0.5522,78.9,-0.693,0.5335,0.04495,0.1492,0.08713,0.03325,-0.03226,-0.02227,0.007378,0.05542,51.14,1494,97010,24860000,-1623,416500,41610,-1.735E+11,-17330000000,-1731000000,1.45E+17,1.566E+11,15650000000,1.44E+14,sad
93.13,0.3969,9.60E-05,179.7,0.00089,0.03311,0.05768,163.2,0.797,0.1843,0.3031,0.1211,0.196,0.1389,0.09485,0.07888,0.07762,0.0469,77.97,723.9,139600,11430000,926.1,479.5,12.27,400900000,24380000,1021000,5.029E+14,220800000,9254000,1.275E+11,60.1,0.2701,4.30E-05,1526,0.000808,0.03116,0.5748,114.3,-0.532,0.5941,0.007257,0.1296,0.1057,0.03748,-0.04814,-0.0365,0.003618,0.05153,67.51,1523,60300,23410000,-1814,418100,41630,-1.748E+11,-17410000000,-1733000000,1.46E+17,1.573E+11,15670000000,1.443E+14,sad
77.56,0.333,5.80E-05,209.1,0.00066,0.02468,0.08038,134.7,0.6658,0.173,0.2704,0.1309,0.1573,0.1371,0.09478,0.08392,0.08602,0.0379,64.78,767.3,138900,14270000,710.1,410.9,11.57,344800000,21600000,964000,4.341E+14,195400000,8709000,1.205E+11,39.38,0.1772,2.80E-05,1550,0.000768,0.02939,0.5115,77.19,-0.7039,0.5443,0.01544,0.1733,0.119,0.01926,-0.04179,-0.01775,-0.002457,0.04924,51.32,1635,115900,27940000,-1621,419600,41660,-1.761E+11,-17480000000,-1735000000,1.48E+17,1.58E+11,15690000000,1.446E+14,sad
87.05,0.3734,8.70E-05,191.9,0.000855,0.03187,0.08296,152,0.7473,0.1725,0.3018,0.1169,0.204,0.1406,0.1032,0.08403,0.07498,0.04657,72.35,735.8,136200,10920000,842.3,438.3,9.408,369100000,21960000,784200,4.663E+14,198500000,7082000,98060000000,51.64,0.2324,3.90E-05,1519,0.000823,0.03161,0.5168,99.69,-0.6008,0.5618,-0.03281,0.1662,0.09432,0.03025,-0.03872,-0.02449,0.005646,0.05328,62.3,1623,78420,23900000,-1717,421100,41690,-1.773E+11,-17560000000,-1738000000,1.49E+17,1.587E+11,15710000000,1.449E+14,sad
68.08,0.2944,0.000132,183.2,0.000846,0.03136,0.05723,119.2,0.5828,0.1744,0.266,0.1548,0.172,0.127,0.09517,0.08234,0.07952,0.04135,57.43,767.5,118500,13270000,582.3,395.6,15.25,334300000,22580000,1273000,4.238E+14,204000000,11490000,1.593E+11,30.53,0.1414,4.90E-05,1527,0.000871,0.03325,0.5395,61.06,-0.7793,0.5403,0.01425,0.1314,0.1132,0.04596,-0.02799,-0.01508,0.01989,0.05138,43.02,1493,113800,25510000,-1545,422500,41730,-1.785E+11,-17630000000,-1741000000,1.51E+17,1.594E+11,15740000000,1.452E+14,sad
17.78,0.1386,0.001073,198.2,0.002876,0.1086,0.05425,38.39,0.1242,0.3249,0.3823,0.2404,0.2612,0.237,0.1328,0.1367,0.1306,0.1788,24.14,1554,164500,31670000,270,308.5,45.39,261500000,31630000,3794000,3.324E+14,288200000,34500000,4.757E+11,15.33,0.0995,0.000393,1571,0.001814,0.07041,0.6977,39.78,-0.9378,0.512,-0.02691,0.1011,-0.1309,-0.1146,-0.1085,-0.003043,0.04458,0.1213,36.54,2123,187500,38100000,-1517,423800,41810,-1.796E+11,-17720000000,-1748000000,1.52E+17,1.601E+11,15800000000,1.461E+14,angry
28.24,0.1766,0.000802,201,0.002232,0.08305,0.07799,56.53,0.2156,0.2666,0.3394,0.2392,0.2266,0.2177,0.1493,0.1365,0.1214,0.1214,28.01,1294,169600,31570000,285.5,336.1,36.22,285600000,28990000,3035000,3.64E+14,263900000,27600000,3.815E+11,17.48,0.1064,0.000274,1561,0.001599,0.06232,0.6199,41.32,-0.9116,0.4896,-0.002709,0.1293,-0.08184,-0.09781,-0.085,-0.007682,0.02105,0.1066,37.77,2136,201700,38360000,-1491,424900,41910,-1.805E+11,-17810000000,-1756000000,1.53E+17,1.61E+11,15880000000,1.472E+14,angry
62.13,0.2914,0.000969,224.5,0.002353,0.08743,0.06665,112.2,0.5264,0.2834,0.3548,0.2152,0.286,0.2195,0.163,0.1331,0.1256,0.1179,53.36,1334,196100,29850000,560.8,353.1,27.59,300900000,26200000,2316000,3.846E+14,236500000,20890000,2.917E+11,31.93,0.1671,0.000324,1543,0.001644,0.06323,0.6118,67.11,-0.7794,0.4829,-0.01492,0.07752,-0.08106,-0.03097,-0.07735,-0.01912,0.04576,0.09831,49.09,2064,145800,35490000,-1600,426100,41990,-1.815E+11,-17890000000,-1763000000,1.55E+17,1.617E+11,15940000000,1.481E+14,angry
24.42,0.1646,0.001442,174.5,0.002671,0.09963,0.02514,51.29,0.1907,0.2757,0.3434,0.1819,0.2003,0.215,0.132,0.1186,0.1275,0.1506,26.06,1345,171600,31100000,291.4,315,28.19,269100000,24780000,2371000,3.449E+14,224600000,21470000,2.992E+11,16.27,0.1039,0.000505,1545,0.001749,0.06775,0.648,41.58,-0.9184,0.4636,-0.02975,0.04841,-0.1251,-0.09411,-0.07382,0.02959,0.04319,0.1165,38.19,2220,201700,39520000,-1486,427200,42070,-1.825E+11,-17970000000,-1770000000,1.56E+17,1.625E+11,16000000000,1.489E+14,angry
26.5,0.1612,0.000973,198.5,0.002539,0.09442,0.03162,54.03,0.2154,0.2822,0.3434,0.1631,0.1733,0.2126,0.1295,0.1064,0.1226,0.1431,26.06,1379,182300,33500000,324.9,306,35.03,262100000,27620000,2952000,3.368E+14,250100000,26720000,3.732E+11,16.07,0.09658,0.000425,1549,0.001955,0.07593,0.6014,40.43,-0.9186,0.4755,-0.03127,0.04802,-0.09379,-0.0848,-0.09773,0.004809,0.03256,0.1301,37.46,2142,192600,37200000,-1451,428300,42160,-1.834E+11,-18060000000,-1777000000,1.57E+17,1.632E+11,16060000000,1.498E+14,angry
25.41,0.1497,0.000432,182.8,0.001753,0.06547,0.06892,52.31,0.2063,0.2777,0.357,0.182,0.1835,0.1639,0.1326,0.1052,0.1095,0.09577,25.67,1295,187700,34860000,293.5,465.9,84.29,400300000,55860000,7134000,5.16E+14,505000000,64490000,9.056E+11,15.91,0.09791,0.000153,1579,0.001448,0.05545,0.5547,38.79,-0.9233,0.4546,0.02269,0.04626,-0.05063,-0.01358,-0.04639,-0.002328,0.04219,0.08503,37.03,2137,215000,41470000,-1641,429600,42330,-1.846E+11,-18180000000,-1791000000,1.59E+17,1.644E+11,16190000000,1.516E+14,disgust
24,0.1574,0.000236,190.3,0.001361,0.05095,0.03439,48.94,0.1899,0.3054,0.3742,0.2104,0.2508,0.2182,0.1449,0.1222,0.1142,0.07836,26.25,1296,169900,30920000,238,360.7,40.36,311000000,32120000,3431000,4.022E+14,292300000,31170000,4.374E+11,17.82,0.1188,8.60E-05,1592,0.001001,0.03874,0.6386,41.43,-0.9177,0.5682,-0.09291,0.01806,-0.1242,-0.1021,-0.0555,0.01082,0.00928,0.06636,36.98,1858,165900,34180000,-1610,431000,42520,-1.858E+11,-18330000000,-1808000000,1.60E+17,1.657E+11,16350000000,1.537E+14,disgust
23.25,0.1732,0.00165,217.9,0.002628,0.0981,0.05062,48.02,0.179,0.3009,0.332,0.1816,0.2132,0.1939,0.1374,0.1271,0.1192,0.1482,26.81,1353,158000,28260000,266.9,388,59.98,335500000,42310000,5117000,4.351E+14,384400000,46430000,6.548E+11,17.87,0.1228,0.000548,1571,0.002033,0.07924,0.63,43.21,-0.9161,0.5281,-0.1018,0.05994,-0.09763,-0.08386,-0.1003,0.01792,0.06013,0.1344,40.01,2100,166300,33580000,-1513,432300,42670,-1.869E+11,-18450000000,-1820000000,1.62E+17,1.668E+11,16460000000,1.553E+14,disgust
20.67,0.151,0.001414,206,0.002439,0.09157,0.06408,42.71,0.1628,0.346,0.3853,0.1665,0.1685,0.1625,0.1445,0.1042,0.09195,0.1483,23,1478,211100,40070000,321.8,472.6,74.4,410100000,52310000,6374000,5.337E+14,473900000,57730000,8.192E+11,14.52,0.09724,0.000453,1567,0.001801,0.0699,0.6196,36.86,-0.9371,0.4706,0.03892,0.003085,-0.1403,-0.06529,-0.07664,-0.01846,0.02738,0.1199,37.34,2254,227600,44750000,-1586,433800,42860,-1.882E+11,-18590000000,-1836000000,1.63E+17,1.68E+11,16600000000,1.574E+14,disgust
24,0.1574,0.000236,190.3,0.001361,0.05095,0.03439,48.94,0.1899,0.3054,0.3742,0.2104,0.2508,0.2182,0.1449,0.1222,0.1142,0.07836,26.25,1296,169900,30920000,238,360.7,40.36,314000000,32470000,3471000,4.101E+14,295400000,31540000,4.478E+11,17.82,0.1188,8.60E-05,1592,0.001001,0.03874,0.6386,41.43,-0.9177,0.5682,-0.09291,0.01806,-0.1242,-0.1021,-0.0555,0.01082,0.00928,0.06636,36.98,1858,165900,34180000,-1610,435300,43030,-1.895E+11,-18730000000,-1851000000,1.65E+17,1.693E+11,16730000000,1.593E+14,disgust
16.79,0.1131,0.000294,209.9,0.001436,0.05387,0.05785,39.29,0.1083,0.2355,0.3614,0.191,0.1794,0.1622,0.1507,0.1363,0.1011,0.09051,21.23,1099,125400,24080000,194.8,311,49.2,271500000,34580000,4245000,3.555E+14,313800000,38480000,5.493E+11,12.97,0.08006,0.000132,1596,0.001266,0.04882,0.6228,31.92,-0.9494,0.581,0.02395,0.06296,-0.03749,-0.01198,-0.08995,0.00378,0.02477,0.07954,28.76,1526,149800,28430000,-1545,436400,43150,-1.905E+11,-18830000000,-1862000000,1.66E+17,1.702E+11,16830000000,1.607E+14,happy
22.71,0.1549,0.000651,210.8,0.001973,0.0739,0.05255,47.5,0.1658,0.2641,0.3121,0.2222,0.194,0.1813,0.1878,0.1555,0.1275,0.1197,24.59,1134,148000,25950000,275.2,361.7,47.76,316600000,36340000,4133000,4.156E+14,328900000,37400000,5.364E+11,16.07,0.09737,0.000246,1597,0.001659,0.06408,0.611,38.75,-0.9272,0.4572,-0.02119,0.153,-0.05794,-0.001645,-0.1086,0.03111,0.0455,0.1076,38.08,2246,212300,39310000,-1497,437600,43280,-1.915E+11,-18940000000,-1873000000,1.68E+17,1.712E+11,16930000000,1.621E+14,happy
20.01,0.1115,0.000238,222.2,0.001303,0.04885,0.0353,41.24,0.1325,0.2896,0.3838,0.2453,0.2218,0.1813,0.172,0.1371,0.1415,0.07977,22.5,1314,166000,31690000,266.1,371.1,40.39,325800000,33640000,3505000,4.289E+14,304500000,31720000,4.562E+11,15.05,0.08786,0.000106,1602,0.001244,0.04799,0.6067,35.34,-0.9421,0.6007,-0.001512,-0.03226,-0.1022,-0.0395,-0.04342,0.02811,0.03359,0.08122,30.3,1462,150300,29410000,-1546,438900,43400,-1.926E+11,-19050000000,-1883000000,1.69E+17,1.721E+11,17020000000,1.634E+14,happy
18.89,0.1325,0.000323,206.6,0.001515,0.05697,0.07881,39.74,0.1357,0.2601,0.3097,0.2705,0.1893,0.1694,0.1379,0.1271,0.1121,0.09692,22.01,1107,132100,24280000,239.7,413.6,52,364100000,40560000,4525000,4.809E+14,366400000,40880000,5.905E+11,13.92,0.08761,0.000129,1616,0.001284,0.04944,0.5607,33.15,-0.9448,0.5287,0.05548,0.09134,-0.05469,-0.06797,-0.1213,0.01281,0.01632,0.0814,32.89,2005,210300,39370000,-1568,440200,43510,-1.938E+11,-19160000000,-1893000000,1.71E+17,1.731E+11,17110000000,1.647E+14,happy
13.17,0.1227,0.000387,222.7,0.002159,0.08119,0.0333,31.97,0.09783,0.2891,0.2673,0.1533,0.1619,0.1498,0.134,0.1169,0.1028,0.1356,20.62,1382,142300,27750000,264.4,362.8,57.22,320400000,40660000,4996000,4.245E+14,369200000,45320000,6.544E+11,10.46,0.07228,0.000187,1618,0.002139,0.0822,0.565,26.84,-0.9611,0.4596,0.01772,0.06586,-0.0857,-0.05455,-0.09077,-0.005447,0.03204,0.138,32.66,2037,190500,35020000,-1397,441600,43680,-1.95E+11,-19290000000,-1907000000,1.72E+17,1.743E+11,17240000000,1.666E+14,happy
19.16,0.1083,0.000301,199.4,0.001634,0.06097,0.03823,39.98,0.1221,0.2408,0.3623,0.2129,0.1824,0.1696,0.1392,0.1497,0.1023,0.09075,19.26,1008,144900,28250000,263.6,387.8,35.48,343500000,32630000,3107000,4.563E+14,295800000,28160000,4.081E+11,14.25,0.08587,0.000135,1602,0.00159,0.06094,0.5677,33.3,-0.9456,0.6077,-0.001009,0.06354,-0.07537,-0.06199,-0.017,0.033,0.007079,0.09773,29.49,1442,152800,27960000,-1463,442900,43800,-1.961E+11,-19400000000,-1918000000,1.74E+17,1.753E+11,17340000000,1.68E+14,neutral
20.3,0.1221,0.000206,167,0.001115,0.04145,0.06301,44.18,0.1361,0.288,0.374,0.2201,0.2472,0.1791,0.1556,0.1401,0.13,0.06,21.75,1269,150300,27420000,249.4,411.2,33.3,365300000,32810000,2923000,4.869E+14,296900000,26450000,3.85E+11,16.56,0.09394,7.00E-05,1601,0.000951,0.03666,0.6016,40.44,-0.932,0.5529,-0.1141,0.1323,-0.006314,-0.04673,0.002765,0.02169,0.01851,0.05915,34.05,1753,161300,30290000,-1592,444200,43900,-1.973E+11,-19500000000,-1927000000,1.75E+17,1.763E+11,17420000000,1.692E+14,neutral
17.94,0.1018,0.000329,203.9,0.001291,0.0484,0.06746,35.76,0.1179,0.314,0.4318,0.1937,0.2011,0.1483,0.129,0.1224,0.09904,0.08183,19.18,1370,193600,37260000,285.7,407.3,36.58,363100000,34200000,3219000,4.854E+14,309000000,29090000,4.249E+11,14.6,0.0873,0.000124,1568,0.001222,0.04717,0.5739,34.09,-0.9444,0.5804,-0.02129,0.001837,-0.07498,-0.03649,-0.01202,0.01309,0.01377,0.08049,29.93,1465,154900,29700000,-1535,445700,44010,-1.986E+11,-19610000000,-1936000000,1.77E+17,1.773E+11,17510000000,1.704E+14,neutral
17.07,0.1025,0.000354,185.9,0.001629,0.06129,0.05929,36.82,0.1081,0.2438,0.3512,0.2,0.1907,0.1767,0.1377,0.1155,0.102,0.1034,18.96,1018,146400,29200000,294.3,400.5,44.22,358100000,37390000,3902000,4.802E+14,338000000,35270000,5.166E+11,13.81,0.08091,0.00016,1587,0.001412,0.05459,0.5592,33.27,-0.9489,0.5543,-0.04276,0.06762,-0.03463,-0.02249,-0.018,0.02613,0.02628,0.09612,32.26,1730,176800,32120000,-1513,447100,44130,-1.999E+11,-19730000000,-1947000000,1.79E+17,1.783E+11,17610000000,1.719E+14,neutral
23.65,0.1566,0.000126,210.8,0.000967,0.03649,0.05637,50.93,0.1706,0.3083,0.377,0.2122,0.2246,0.2021,0.1631,0.1356,0.1306,0.0665,22.72,1347,161000,30160000,276.3,424,36.57,380300000,35130000,3236000,5.117E+14,316700000,29160000,4.294E+11,22.24,0.1417,6.00E-05,1595,0.000861,0.03363,0.5538,53.23,-0.8947,0.5479,-0.1778,0.1088,-0.1196,-0.04568,-0.0646,-0.02709,0.01359,0.06593,42.52,2089,166100,31900000,-1590,448500,44250,-2.011E+11,-19840000000,-1957000000,1.80E+17,1.794E+11,17700000000,1.732E+14,neutral
13.57,0.09689,9.50E-05,167.2,0.00084,0.03109,0.07264,30.69,0.08529,0.2728,0.3745,0.1776,0.2246,0.1669,0.1303,0.1129,0.08629,0.03781,20.03,1415,182800,34760000,237,400.8,32.09,360600000,31630000,2846000,4.867E+14,287300000,25840000,3.786E+11,9.127,0.05253,3.40E-05,1556,0.000758,0.02885,0.6023,23.19,-0.9686,0.426,0.1418,0.08095,0.01157,0.01465,0.003567,0.03568,0.04282,0.03594,23.83,1557,187200,37170000,-1648,449900,44360,-2.024E+11,-19960000000,-1967000000,1.82E+17,1.804E+11,17790000000,1.745E+14,sad
12.97,0.09451,0.000113,175.5,0.000885,0.03298,0.07031,29.54,0.06976,0.2782,0.3872,0.1997,0.2129,0.192,0.1345,0.1231,0.1109,0.04766,18.17,1227,152600,30160000,220.9,381.3,26.86,344100000,28770000,2386000,4.658E+14,260800000,21620000,3.18E+11,10.42,0.06083,3.80E-05,1584,0.000799,0.03052,0.6411,26.47,-0.9653,0.4923,0.01388,0.115,-0.004633,-0.06365,-0.04328,0.04635,0.06225,0.04537,27.83,1657,175000,33130000,-1584,451300,44430,-2.036E+11,-20050000000,-1974000000,1.84E+17,1.812E+11,17840000000,1.754E+14,sad
23.73,0.1668,8.30E-05,166.1,0.000893,0.03319,0.0906,49.91,0.1854,0.2742,0.4,0.2385,0.2725,0.1435,0.1485,0.1379,0.1112,0.04236,26.81,1319,176400,28820000,225.9,407.3,35.29,368700000,33430000,3141000,5.007E+14,303500000,28510000,4.193E+11,14.43,0.09308,3.00E-05,1574,0.000699,0.02666,0.6146,36.56,-0.9219,0.2661,-0.1434,0.2021,0.07081,0.05784,-0.06446,0.007656,0.02229,0.03675,38.88,2637,231500,44820000,-1653,452600,44520,-2.049E+11,-20150000000,-1981000000,1.85E+17,1.821E+11,17910000000,1.764E+14,sad
69.11,0.3032,0.000116,184.2,0.001058,0.03945,0.07715,121.9,0.5907,0.2835,0.3648,0.1803,0.2367,0.206,0.1307,0.1295,0.09884,0.05332,57.64,1187,200800,32040000,631.9,466.4,44.62,423700000,40660000,3981000,5.772E+14,367800000,36000000,5.326E+11,32.59,0.15,4.10E-05,1573,0.000812,0.0309,0.609,65.97,-0.7641,0.4166,0.02699,0.1579,0.05411,-0.02007,-0.04793,0.02672,0.05078,0.04364,48.64,2016,169300,37490000,-1789,454100,44610,-2.062E+11,-20260000000,-1990000000,1.87E+17,1.831E+11,17990000000,1.776E+14,sad
69.11,0.3032,0.000116,184.2,0.001058,0.03945,0.07715,121.9,0.5907,0.2835,0.3648,0.1803,0.2367,0.206,0.1307,0.1295,0.09884,0.05332,57.64,1187,200800,32040000,631.9,466.4,44.62,425200000,40780000,3991000,5.813E+14,368900000,36100000,5.354E+11,32.59,0.15,4.10E-05,1573,0.000812,0.0309,0.609,65.97,-0.7641,0.4166,0.02699,0.1579,0.05411,-0.02007,-0.04793,0.02672,0.05078,0.04364,48.64,2016,169300,37490000,-1789,455700,44730,-2.077E+11,-20390000000,-2000000000,1.89E+17,1.843E+11,18080000000,1.789E+14,sad
15.86,0.1411,0.001586,198.4,0.002693,0.09994,0.02803,37.5,0.1197,0.2895,0.28,0.2157,0.1871,0.1682,0.1149,0.1332,0.1163,0.1479,21.64,1258,116000,22630000,183.9,294.4,29.35,269100000,26330000,2631000,3.69E+14,239800000,23950000,3.538E+11,13.35,0.09633,0.000572,1586,0.002066,0.08061,0.6618,32.63,-0.9478,0.5704,-0.04014,0.07061,-0.1428,-0.08202,-0.03267,0.06531,0.008899,0.1348,32.15,1675,144300,26530000,-1472,457100,44840,-2.089E+11,-20490000000,-2010000000,1.91E+17,1.852E+11,18170000000,1.803E+14,angry
20.8,0.1548,0.002051,222.9,0.003408,0.1283,0.05268,47.07,0.1705,0.2739,0.3331,0.2531,0.147,0.1666,0.1299,0.1024,0.09846,0.2237,22.75,1278,135700,25670000,211.9,312.5,47.74,286300000,35630000,4291000,3.935E+14,323500000,38910000,5.784E+11,14.58,0.09805,0.000839,1584,0.002469,0.09675,0.6763,37.1,-0.9345,0.5382,-0.03615,0.104,-0.1254,-0.09597,-0.08822,0.04094,0.02374,0.1798,33.5,1788,154300,29330000,-1436,458100,44960,-2.099E+11,-20590000000,-2021000000,1.92E+17,1.861E+11,18270000000,1.817E+14,angry
15.86,0.1411,0.001586,198.4,0.002693,0.09994,0.02803,37.5,0.1197,0.2895,0.28,0.2157,0.1871,0.1682,0.1149,0.1332,0.1163,0.1479,21.64,1258,116000,22630000,183.9,294.4,29.35,270300000,26460000,2645000,3.724E+14,241000000,24070000,3.574E+11,13.35,0.09633,0.000572,1586,0.002066,0.08061,0.6618,32.63,-0.9478,0.5704,-0.04014,0.07061,-0.1428,-0.08202,-0.03267,0.06531,0.008899,0.1348,32.15,1675,144300,26530000,-1472,459200,45070,-2.108E+11,-20690000000,-2031000000,1.94E+17,1.87E+11,18360000000,1.83E+14,angry
18.87,0.152,0.001687,206.1,0.002992,0.1119,0.03414,41.13,0.1548,0.4512,0.4001,0.1977,0.1772,0.1843,0.1484,0.1259,0.1651,0.1782,25,1990,257300,48200000,311.2,325.8,48.91,299900000,36890000,4418000,4.141E+14,334900000,40060000,5.986E+11,14.73,0.09586,0.000613,1602,0.001988,0.07763,0.6814,39.17,-0.9314,0.2685,0.02795,0.2104,-0.07629,-0.0406,-0.05197,0.04657,-0.02525,0.1321,41.26,2953,275600,54080000,-1665,460200,45180,-2.118E+11,-20790000000,-2041000000,1.95E+17,1.88E+11,18450000000,1.844E+14,angry
18.21,0.1433,0.001277,220.2,0.002964,0.1114,0.04319,40.17,0.1469,0.3096,0.3095,0.1964,0.174,0.1884,0.1252,0.1384,0.1065,0.1873,21.49,1358,155900,29660000,221.9,296.7,43.59,273700000,33230000,3948000,3.788E+14,301500000,35780000,5.364E+11,13.49,0.0921,0.000535,1581,0.002053,0.08027,0.6645,33.27,-0.9448,0.5098,0.01458,0.05444,-0.1224,-0.07996,-0.04799,0.07639,0.0188,0.1481,33.62,2008,194700,37110000,-1492,461300,45300,-2.128E+11,-20900000000,-2052000000,1.96E+17,1.889E+11,18550000000,1.859E+14,angry
30.6,0.2089,0.000739,221.1,0.001877,0.06986,0.04106,62.47,0.232,0.4378,0.3188,0.2435,0.2562,0.2162,0.1639,0.1699,0.1517,0.09969,32.4,2093,227400,42870000,246.2,280.1,47.37,258900000,34430000,4302000,3.591E+14,310700000,38830000,5.86E+11,25.11,0.1647,0.000228,1582,0.001166,0.04576,0.6658,59.38,-0.8637,0.3669,0.003944,0.2119,-0.1222,-0.07644,-0.01651,0.06658,0.000383,0.07784,46.42,2708,215600,43970000,-1735,462300,45420,-2.137E+11,-21000000000,-2062000000,1.98E+17,1.898E+11,18640000000,1.873E+14,disgust
14.8,0.1138,0.00049,229.2,0.002176,0.08154,0.04449,30.42,0.1077,0.3729,0.3026,0.229,0.1674,0.173,0.129,0.1174,0.1183,0.1277,20.41,1770,199000,38720000,275.8,339,64.83,314200000,45150000,5908000,4.368E+14,409600000,53530000,8.074E+11,14.1,0.1012,0.000215,1617,0.00172,0.06644,0.6185,33.77,-0.9491,0.5516,0.005713,0.02146,-0.2095,-0.09852,-0.04397,0.05906,0.02612,0.1141,34.08,1916,181000,32780000,-1554,463400,45580,-2.147E+11,-21120000000,-2077000000,1.99E+17,1.909E+11,18780000000,1.893E+14,disgust
18.2,0.1341,0.00177,206.7,0.003476,0.1296,0.03627,39.87,0.14,0.2368,0.2865,0.2224,0.1978,0.2078,0.1098,0.1095,0.129,0.1892,21.6,1188,124500,23630000,196.6,293.3,41.82,272400000,32500000,3822000,3.796E+14,294800000,34640000,5.24E+11,12.84,0.08278,0.000645,1516,0.002472,0.09546,0.671,32.19,-0.9462,0.5403,-0.009096,0.1111,-0.1253,-0.0612,-0.05193,0.01795,0.003091,0.1537,31.69,1743,155600,28390000,-1443,464500,45720,-2.157E+11,-21230000000,-2090000000,2.00E+17,1.919E+11,18890000000,1.911E+14,disgust
16.9,0.1409,0.001259,204.6,0.002992,0.1122,0.03259,39.05,0.1266,0.2822,0.2786,0.1929,0.152,0.1732,0.1214,0.1243,0.1221,0.1799,20.55,1344,152000,29650000,261,330.4,45.18,307600000,35860000,4141000,4.296E+14,324900000,37490000,5.692E+11,10.48,0.068,0.00051,1586,0.002218,0.08562,0.6624,27.27,-0.9566,0.4765,0.051,0.05315,-0.05154,-0.02509,-0.05704,0.05691,0.07106,0.1401,28,1688,170600,32080000,-1447,465500,45840,-2.167E+11,-21340000000,-2101000000,2.02E+17,1.929E+11,18990000000,1.926E+14,disgust
18.11,0.1429,0.001067,202,0.002365,0.08895,0.02615,39.89,0.1264,0.2756,0.3323,0.2196,0.1932,0.1998,0.1406,0.1153,0.1072,0.1516,22.34,1116,138900,26940000,187.3,333.2,52.93,311000000,39670000,4865000,4.354E+14,359800000,44080000,6.707E+11,13.22,0.0922,0.000348,1593,0.001673,0.06527,0.6959,32.59,-0.9444,0.5323,-0.003812,0.08702,-0.12,-0.05371,-0.01956,0.04958,0.00306,0.1159,31.48,1727,170900,32430000,-1514,466700,45970,-2.178E+11,-21450000000,-2113000000,2.03E+17,1.939E+11,19100000000,1.942E+14,disgust
16.77,0.1229,0.000261,238.8,0.00111,0.04199,0.04037,36.9,0.1096,0.4363,0.3532,0.2319,0.1839,0.2315,0.1409,0.1642,0.1475,0.08072,23.36,1833,204100,39420000,231.4,343.7,51.96,321600000,39940000,4789000,4.514E+14,361300000,43300000,6.622E+11,15.39,0.1034,0.000102,1629,0.000928,0.03609,0.632,37.19,-0.9403,0.4855,-0.04482,0.06144,-0.1435,-0.08913,-0.05502,0.04328,-0.006648,0.06628,34.95,2049,193600,37680000,-1629,467900,46100,-2.189E+11,-21570000000,-2125000000,2.05E+17,1.949E+11,19210000000,1.959E+14,happy
17.54,0.1135,0.000355,217.3,0.001426,0.05387,0.04172,39.7,0.112,0.2599,0.3239,0.2013,0.1661,0.2217,0.1213,0.1378,0.1402,0.1016,20.46,1112,122000,24130000,168.5,319,44.09,299200000,35190000,4075000,4.21E+14,318400000,36860000,5.65E+11,16.02,0.1103,0.000148,1620,0.001196,0.04668,0.6386,39.07,-0.9389,0.6111,-0.05569,0.05775,-0.1511,-0.09711,-0.07051,0.06842,-0.01749,0.09248,33.18,1577,144900,26320000,-1479,469000,46230,-2.2E+11,-21680000000,-2137000000,2.06E+17,1.96E+11,19320000000,1.975E+14,happy
46.38,0.2108,0.000458,232.1,0.00143,0.05399,0.03744,83.84,0.3933,0.2287,0.3115,0.2096,0.2126,0.2107,0.1143,0.1258,0.1378,0.1033,40.41,1008,115900,19280000,343.2,308.9,52.05,290500000,38560000,4824000,4.096E+14,348600000,43610000,6.707E+11,26.41,0.1547,0.000197,1578,0.001225,0.04809,0.6254,57.67,-0.851,0.6402,-0.1284,0.0707,-0.1115,-0.09729,-0.05951,0.0183,-0.01405,0.0974,42.13,1537,109500,22010000,-1541,470100,46360,-2.21E+11,-21790000000,-2148000000,2.08E+17,1.97E+11,19420000000,1.992E+14,happy
51.88,0.2331,0.000284,175.5,0.001155,0.04335,0.02724,92.15,0.4303,0.2954,0.3426,0.2278,0.2161,0.2325,0.1466,0.1389,0.1338,0.07648,45.12,1269,137600,22500000,413.7,322.6,36.21,304000000,31810000,3364000,4.297E+14,287800000,30420000,4.689E+11,29.5,0.167,0.000113,1589,0.001001,0.03905,0.6157,62.42,-0.8323,0.6293,-0.1252,0.01541,-0.1579,-0.1176,-0.04354,0.08279,0.005512,0.07316,44.59,1650,113200,24950000,-1595,471200,46480,-2.22E+11,-21900000000,-2160000000,2.09E+17,1.979E+11,19520000000,2.007E+14,happy
17.73,0.1152,0.000471,198.9,0.001556,0.05843,0.0435,38.96,0.1063,0.2263,0.3355,0.2171,0.1471,0.1839,0.1208,0.1008,0.1148,0.1047,19.76,1004,117400,23130000,173.8,289,34.41,272900000,29480000,3205000,3.866E+14,267800000,29090000,4.478E+11,15.32,0.1003,0.000209,1588,0.001399,0.05461,0.6205,36.68,-0.9426,0.6301,-0.07997,0.03838,-0.07448,-0.06481,-0.05007,0.001122,0.002399,0.1014,30.66,1314,117200,21360000,-1448,472200,46580,-2.23E+11,-22000000000,-2169000000,2.11E+17,1.988E+11,19610000000,2.021E+14,happy
18.26,0.1275,0.000273,220.3,0.001237,0.0459,0.02217,41.54,0.1119,0.2302,0.2793,0.1871,0.1817,0.1909,0.1179,0.106,0.1207,0.07407,21.35,997.2,100500,19560000,144.1,273.6,37.01,258900000,30000000,3454000,3.676E+14,272000000,31290000,4.836E+11,13.5,0.0856,0.000128,1564,0.00112,0.04358,0.6487,32.64,-0.9452,0.5582,-0.01913,0.06038,-0.1301,-0.07202,-0.01652,0.05637,0.008007,0.07457,30.34,1483,136000,24590000,-1490,473200,46680,-2.239E+11,-22090000000,-2179000000,2.12E+17,1.996E+11,19690000000,2.034E+14,neutral
19.68,0.1465,0.000255,181.1,0.00115,0.04326,0.03753,44.06,0.1299,0.2782,0.3408,0.2377,0.1613,0.1872,0.1051,0.1376,0.1303,0.07397,22.13,1181,147400,27980000,159.3,295.3,29.1,280100000,27280000,2721000,3.984E+14,247100000,24630000,3.816E+11,15.57,0.1046,8.60E-05,1554,0.000787,0.03076,0.6587,37.98,-0.9329,0.5181,-0.03167,0.0806,-0.1117,-0.04984,-0.003826,0.007182,-0.05714,0.05765,33.4,1736,167700,32080000,-1569,474200,46760,-2.249E+11,-22170000000,-2186000000,2.13E+17,2.004E+11,19760000000,2.045E+14,neutral
12.73,0.1031,0.000404,227.4,0.001287,0.04828,0.04235,29.4,0.07617,0.2539,0.3095,0.2141,0.1761,0.1766,0.1351,0.09816,0.09785,0.08596,16.45,1075,132600,26000000,161.9,296.6,43.32,281900000,34190000,4059000,4.019E+14,308900000,36660000,5.704E+11,11.34,0.07748,0.000157,1583,0.001097,0.04286,0.6221,28.06,-0.9631,0.5801,0.02976,0.01027,-0.1376,-0.09103,-0.004989,0.05279,-0.004523,0.07777,27.56,1449,155200,28770000,-1534,475200,46860,-2.258E+11,-22270000000,-2195000000,2.15E+17,2.013E+11,19840000000,2.057E+14,neutral
15.61,0.115,0.000192,198.3,0.001,0.03753,0.03272,33.24,0.09705,0.2518,0.355,0.2244,0.1416,0.1685,0.1112,0.1269,0.1144,0.06542,17.21,1091,153900,30220000,180.8,347.7,39.63,331200000,34780000,3721000,4.733E+14,314300000,33620000,5.24E+11,11.37,0.06958,7.20E-05,1558,0.000741,0.02887,0.6734,27.49,-0.9582,0.4984,-0.005336,0.04853,-0.06675,-0.03778,-0.04871,-0.02167,-0.002501,0.05216,31.92,1920,204200,37600000,-1590,476300,46950,-2.269E+11,-22370000000,-2204000000,2.16E+17,2.021E+11,19930000000,2.07E+14,neutral
15.9,0.1041,0.000269,209.9,0.001143,0.04301,0.05791,34.14,0.09155,0.2735,0.3433,0.2177,0.183,0.1991,0.135,0.1129,0.1256,0.07132,18.15,1139,156000,30470000,177.9,301.8,19.63,288200000,23120000,1846000,4.128E+14,210000000,16760000,2.603E+11,13.83,0.09114,8.40E-05,1544,0.000779,0.03045,0.6898,33.52,-0.95,0.5604,-0.01047,0.01411,-0.1548,-0.04598,0.01796,0.04238,-0.04781,0.05721,32.09,1746,185200,34290000,-1542,477500,47020,-2.28E+11,-22450000000,-2211000000,2.18E+17,2.029E+11,19980000000,2.079E+14,neutral
14,0.09418,0.000144,200.3,0.000946,0.03534,0.04973,31.44,0.07974,0.2472,0.2803,0.1946,0.1384,0.1372,0.08156,0.09528,0.1024,0.05666,16.96,1088,143300,27930000,134.1,306.1,35.72,292900000,31060000,3364000,4.205E+14,281000000,30410000,4.751E+11,10.23,0.06196,5.50E-05,1558,0.000806,0.03121,0.6099,25.25,-0.9657,0.5296,0.07223,-0.01676,-0.06559,-0.01042,-0.02393,0.01904,-2.90E-05,0.0513,26.92,1537,174000,32660000,-1571,478500,47100,-2.29E+11,-22540000000,-2218000000,2.19E+17,2.037E+11,20050000000,2.089E+14,sad
10.17,0.07117,8.50E-05,189.8,0.000801,0.03022,0.05212,22.99,0.05157,0.2808,0.3492,0.1803,0.1198,0.1692,0.1144,0.1072,0.1141,0.05258,13.13,1094,161800,32060000,202.2,379,42.6,363600000,38030000,4019000,5.232E+14,344500000,36390000,5.688E+11,8.534,0.05393,3.70E-05,1592,0.00082,0.03144,0.6037,21.86,-0.9765,0.5187,0.02296,0.02836,0.000734,-0.04985,-0.0651,0.001394,0.02808,0.05233,25.01,1441,169900,31660000,-1523,479700,47190,-2.301E+11,-22630000000,-2226000000,2.21E+17,2.046E+11,20120000000,2.101E+14,sad
13.89,0.08603,0.000202,178,0.000959,0.03583,0.03249,29.4,0.0816,0.2499,0.3815,0.1963,0.1539,0.1412,0.1096,0.1248,0.1099,0.06198,16.39,998.9,143000,28100000,197.4,328.1,37.23,315500000,33140000,3521000,4.552E+14,300400000,31900000,4.995E+11,10.32,0.06445,7.60E-05,1571,0.000922,0.03567,0.6323,26.67,-0.966,0.5712,-0.01255,-0.006546,-0.05358,-0.02835,-0.01292,-0.000578,0.008636,0.06155,26.03,1302,142700,27030000,-1504,480900,47300,-2.313E+11,-22750000000,-2237000000,2.22E+17,2.056E+11,20220000000,2.116E+14,sad
14.5,0.09113,0.000131,180.1,0.000858,0.03231,0.04097,32.23,0.08457,0.2756,0.3508,0.2324,0.14,0.1784,0.09607,0.1155,0.09157,0.0563,16.33,1135,160300,31130000,177.7,329.4,34.05,317600000,31500000,3227000,4.592E+14,285800000,29240000,4.586E+11,10.51,0.06423,5.20E-05,1567,0.00072,0.02778,0.6402,26.36,-0.9641,0.5093,0.05866,0.05894,-0.01888,-0.02334,-0.002934,-0.008689,-0.01124,0.04662,26.51,1588,189000,35690000,-1597,482000,47400,-2.324E+11,-22850000000,-2246000000,2.24E+17,2.065E+11,20300000000,2.129E+14,sad
12.31,0.08036,0.00011,188,0.000773,0.02904,0.06114,27.64,0.06986,0.2754,0.3597,0.1739,0.1368,0.1374,0.1085,0.0981,0.08976,0.04907,14.69,1101,161100,31510000,176.5,351.5,39.28,339700000,35340000,3729000,4.925E+14,320200000,33770000,5.311E+11,9.339,0.05915,3.90E-05,1584,0.000759,0.02913,0.6027,24.08,-0.9715,0.5266,0.0676,-0.006391,-0.004881,-0.01519,-0.04484,-0.006891,0.002569,0.04775,24.05,1365,166900,32020000,-1557,483200,47490,-2.335E+11,-22950000000,-2254000000,2.26E+17,2.074E+11,20380000000,2.141E+14,sad
25.22,0.1458,0.000464,197.6,0.00209,0.07767,0.06594,52.34,0.1892,0.2513,0.3389,0.1142,0.1738,0.09238,0.1273,0.092,0.09449,0.1157,26.33,1147,152600,28620000,227,309.5,63.11,452900000,67460000,8747000,9.94E+14,611700000,79230000,1.82E+12,17.62,0.1041,0.000252,1586,0.001999,0.07742,0.573,40.43,-0.9204,0.6057,0.1346,0.1196,-0.03794,0.03198,-0.004938,0.002777,-0.02782,0.1325,31.59,1555,153900,30340000,-1539,731800,69310,-5.36E+11,-50720000000,-4804000000,7.84E+17,4.58E+11,43420000000,6.66E+14,angry
23.16,0.1514,0.000647,192.6,0.002759,0.1032,0.08843,46.71,0.1803,0.3686,0.3638,0.1467,0.17,0.1068,0.1183,0.09506,0.1064,0.1634,24.87,1599,202400,37000000,291.8,381.9,75.98,559800000,81630000,10560000,1.231E+15,741000000,95740000,2.202E+12,16.64,0.1012,0.000358,1566,0.002428,0.09423,0.5823,39.79,-0.9259,0.518,0.04431,0.07276,-0.044,0.05325,0.02273,0.009985,-0.02865,0.171,35.46,2054,196200,38550000,-1548,733000,69520,-5.373E+11,-50960000000,-4833000000,7.88E+17,4.605E+11,43680000000,6.72E+14,angry
22.97,0.136,0.000483,163.5,0.001948,0.07299,0.0741,47.71,0.1773,0.3418,0.3406,0.138,0.1723,0.0975,0.1188,0.07302,0.08277,0.1219,23.74,1550,211100,39800000,302.7,356.2,64.35,523100000,71500000,8969000,1.152E+15,648700000,81270000,1.875E+12,15.54,0.08483,0.000254,1561,0.00173,0.06718,0.566,37.53,-0.9322,0.5458,0.1308,0.06367,-0.01069,0.06023,0.04308,0.05142,0.01358,0.1216,32.13,1859,196500,38360000,-1574,734300,69710,-5.392E+11,-51180000000,-4858000000,7.92E+17,4.625E+11,43910000000,6.772E+14,angry
20.34,0.1218,0.00081,175.1,0.002637,0.09829,0.0956,42.1,0.1499,0.2927,0.3363,0.1455,0.1611,0.1046,0.1182,0.08841,0.07507,0.1507,23.29,1365,160400,30770000,240.8,320.1,74.64,470900000,77020000,10430000,1.039E+15,697500000,94390000,2.187E+12,15.1,0.08543,0.000403,1572,0.002461,0.09504,0.5666,35.65,-0.9412,0.6149,0.117,0.0584,-0.03368,0.03315,0.007083,0.02106,0.00878,0.162,29.85,1515,148100,28630000,-1534,735500,69890,-5.409E+11,-51400000000,-4884000000,7.96E+17,4.645E+11,44140000000,6.826E+14,angry
23.09,0.1412,0.000564,192.5,0.002278,0.08454,0.04833,47.83,0.1773,0.2015,0.3094,0.1372,0.1941,0.1163,0.1226,0.08555,0.08348,0.1251,25.97,1078,114200,20250000,207.9,316,65.9,465500000,70510000,9238000,1.029E+15,639400000,83680000,1.942E+12,17.57,0.1011,0.00028,1582,0.002181,0.08426,0.5607,40.27,-0.9229,0.6419,-0.01396,0.04448,-0.01128,0.03656,0.01271,0.03108,0.008956,0.1427,33.8,1506,122900,23860000,-1538,736600,70090,-5.425E+11,-51630000000,-4912000000,7.99E+17,4.665E+11,44400000000,6.886E+14,angry
13.76,0.1127,0.001341,218.6,0.002004,0.07169,0.07843,34.68,0.09615,0.271,0.3159,0.1369,0.2192,0.1195,0.1168,0.08773,0.09231,0.1158,22.25,1189,118700,21980000,269,363.5,15.96,536400000,18150000,2239000,1.187E+15,167900000,19950000,4.71E+11,8.908,0.06605,0.000559,1539,0.001959,0.07202,0.5889,25.31,-0.9588,0.4151,-0.05167,0.01991,-0.03079,0.02598,-0.008078,-0.009341,-0.03061,0.1165,26.67,1562,143800,27360000,-1306,737700,70140,-5.442E+11,-51740000000,-4919000000,8.03E+17,4.676E+11,44460000000,6.899E+14,disgust
28.24,0.1494,0.00018,165.4,0.001161,0.04396,0.03658,56.93,0.2078,0.2025,0.3997,0.2598,0.1953,0.1214,0.1186,0.1102,0.09764,0.08051,25.6,952.7,140200,26030000,206.4,326.6,45.71,482600000,56360000,6415000,1.07E+15,511500000,58170000,1.351E+12,22.46,0.1299,9.60E-05,1548,0.000963,0.03761,0.6096,50.57,-0.894,0.6886,-0.01557,0.01702,-0.04269,0.07698,0.01289,0.002487,-0.02488,0.07375,35.59,1434,142800,27770000,-1636,738900,70180,-5.46E+11,-51860000000,-4925000000,8.07E+17,4.686E+11,44510000000,6.912E+14,disgust
29.78,0.1469,0.000144,166,0.000804,0.03074,0.05152,59.11,0.201,0.4189,0.3671,0.3071,0.1782,0.1681,0.1258,0.1126,0.1188,0.06339,27.59,1683,209900,41490000,268.7,322,28.85,476500000,43100000,4055000,1.058E+15,392900000,36900000,8.548E+11,25.55,0.1429,5.10E-05,1560,0.000599,0.02364,0.6594,59.41,-0.8703,0.517,-0.1016,0.06036,-0.001422,0.05405,0.02301,0.02873,0.01314,0.05007,43.32,2088,206200,40180000,-1741,740000,70280,-5.477E+11,-52010000000,-4938000000,8.11E+17,4.7E+11,44640000000,6.941E+14,disgust
28.91,0.1378,0.000139,158.8,0.000953,0.03564,0.08117,57.83,0.2064,0.1751,0.3286,0.2291,0.1496,0.1348,0.1367,0.09801,0.1142,0.05674,26.23,889.4,126100,23180000,219.4,351.6,41.6,521300000,55360000,5854000,1.159E+15,501900000,53050000,1.236E+12,22.69,0.1279,5.10E-05,1548,0.000834,0.03256,0.5734,52.96,-0.8908,0.6646,-0.0257,0.02241,-0.05364,0.06315,0.02023,0.03182,-0.03253,0.06076,37.9,1587,152000,28510000,-1637,741200,70360,-5.494E+11,-52150000000,-4950000000,8.14E+17,4.713E+11,44740000000,6.966E+14,disgust
29.78,0.1469,0.000144,166,0.000804,0.03074,0.05152,59.11,0.201,0.4189,0.3671,0.3071,0.1782,0.1681,0.1258,0.1126,0.1188,0.06339,27.59,1683,209900,41490000,268.7,322,28.85,478000000,43230000,4066000,1.065E+15,394100000,37000000,8.593E+11,25.55,0.1429,5.10E-05,1560,0.000599,0.02364,0.6594,59.41,-0.8703,0.517,-0.1016,0.06036,-0.001422,0.05405,0.02301,0.02873,0.01314,0.05007,43.32,2088,206200,40180000,-1741,742400,70460,-5.511E+11,-52310000000,-4964000000,8.18E+17,4.727E+11,44870000000,6.996E+14,disgust
20.81,0.1127,0.000346,190.4,0.001789,0.06596,0.07967,44.07,0.1376,0.2831,0.3844,0.1269,0.1912,0.09687,0.1537,0.09476,0.09359,0.07836,22.39,1280,170900,32770000,191.1,287.6,55.01,427700000,61040000,7764000,9.538E+14,553500000,70330000,1.644E+12,14.64,0.07964,0.000141,1587,0.00175,0.06696,0.5692,33.72,-0.9395,0.5606,0.04667,0.06474,-0.03146,0.06791,0.03232,0.04534,0.01254,0.09814,29.19,1449,141900,26890000,-1551,743400,70580,-5.527E+11,-52470000000,-4980000000,8.22E+17,4.742E+11,45020000000,7.029E+14,happy
19.97,0.09839,0.000335,155.7,0.001367,0.05098,0.03226,41.47,0.1319,0.3292,0.3763,0.1426,0.1576,0.1088,0.1291,0.1014,0.09763,0.07715,20.25,1428,199900,38700000,254.1,338.1,60.1,503500000,68310000,8502000,1.124E+15,620300000,77100000,1.804E+12,12.8,0.06824,0.000124,1570,0.001311,0.0504,0.6076,30.49,-0.9483,0.5051,0.07161,0.06575,0.003697,0.08002,0.05361,0.02817,-0.01515,0.08046,28.52,1604,175700,32870000,-1556,744500,70740,-5.543E+11,-52670000000,-5004000000,8.25E+17,4.76E+11,45230000000,7.079E+14,happy
79.87,0.342,0.000222,187.1,0.001379,0.05154,0.08579,139.7,0.6886,0.2488,0.3701,0.1602,0.2216,0.1041,0.1324,0.08777,0.08495,0.07802,68.85,1132,167100,25400000,736.5,339.6,66.85,506400000,73530000,9479000,1.133E+15,666900000,85880000,2.016E+12,48.84,0.2286,8.90E-05,1578,0.001271,0.04881,0.5702,92.72,-0.6423,0.6485,0.05553,0.07197,0.04131,0.07538,0.01245,0.01231,1.50E-05,0.08004,55.82,1329,64380,22140000,-1846,745700,70920,-5.56E+11,-52880000000,-5029000000,8.29E+17,4.779E+11,45450000000,7.132E+14,happy
20.32,0.1137,0.000266,175.4,0.001059,0.03917,0.05618,43.49,0.1343,0.3039,0.4178,0.159,0.1847,0.103,0.1214,0.1066,0.09253,0.05707,21.04,1243,179800,34410000,243.6,318.5,32.16,475700000,46320000,4570000,1.066E+15,421300000,41540000,9.739E+11,15.18,0.08741,0.000104,1571,0.001134,0.04387,0.5342,36.22,-0.9392,0.5934,-0.06158,0.05191,0.004688,0.06485,0.03806,0.01873,0.01423,0.07501,30.19,1447,140900,26820000,-1467,746800,71050,-5.577E+11,-53060000000,-5048000000,8.33E+17,4.796E+11,45630000000,7.173E+14,happy
20.55,0.1068,0.00043,171.1,0.001291,0.04831,0.02549,42.65,0.1406,0.3028,0.3912,0.1431,0.1694,0.1079,0.1505,0.09647,0.09306,0.08122,20.09,1278,188800,36530000,277.1,330.4,49.3,494200000,60030000,7017000,1.109E+15,545300000,63670000,1.498E+12,14.07,0.07836,0.000165,1575,0.001217,0.04726,0.6126,34.31,-0.9429,0.5695,0.004968,0.02543,-0.05469,0.06856,0.03294,0.02058,-0.01661,0.08608,31.22,1674,174400,32560000,-1508,747900,71170,-5.594E+11,-53230000000,-5065000000,8.37E+17,4.811E+11,45780000000,7.21E+14,happy
22.43,0.1175,0.000108,175.9,0.000889,0.03303,0.02251,44.43,0.1499,0.2878,0.2844,0.1556,0.2031,0.1553,0.1877,0.1161,0.1259,0.05407,22.57,1205,164600,32040000,244.7,298.3,25.69,446800000,40310000,3662000,1.004E+15,366800000,33320000,7.829E+11,13.81,0.07276,5.10E-05,1560,0.001083,0.04172,0.487,32.55,-0.9405,0.484,0.06033,0.1597,-0.1424,0.05654,0.1461,0.1025,0.006226,0.07229,31.35,1798,191000,34550000,-1477,749000,71280,-5.61E+11,-53390000000,-5080000000,8.40E+17,4.825E+11,45910000000,7.24E+14,neutral
24.22,0.1323,0.000178,203.5,0.001097,0.04098,0.05128,48.81,0.1639,0.347,0.2907,0.1762,0.2013,0.1248,0.1859,0.1151,0.1306,0.0662,25.13,1382,177900,34350000,231.6,290.2,45.01,435300000,53860000,6425000,9.794E+14,489000000,58240000,1.376E+12,15.69,0.08622,7.70E-05,1563,0.001157,0.04476,0.5209,36.78,-0.9295,0.5162,0.04423,0.1301,-0.1016,0.07216,0.08013,0.04873,-0.03119,0.07646,33.24,1806,178800,33370000,-1540,750000,71390,-5.626E+11,-53540000000,-5095000000,8.44E+17,4.839E+11,46050000000,7.274E+14,neutral
61.37,0.2759,0.000252,210.1,0.00131,0.04865,0.05051,108.5,0.5154,0.2643,0.2407,0.1521,0.2219,0.1335,0.1843,0.1143,0.136,0.07952,53.09,1108,171700,27960000,522.2,305.2,51.8,458500000,60320000,7408000,1.033E+15,547700000,67170000,1.589E+12,33.84,0.1662,0.000105,1554,0.001425,0.05533,0.5203,66.87,-0.7715,0.5514,0.1333,0.1581,-0.05895,0.04677,0.02338,0.0337,-0.03268,0.09759,46.64,1689,136500,30210000,-1604,751100,71520,-5.641E+11,-53720000000,-5114000000,8.47E+17,4.855E+11,46230000000,7.315E+14,neutral
22.45,0.1322,0.000193,183.7,0.001149,0.04262,0.04458,46.61,0.1555,0.3604,0.2948,0.1187,0.2008,0.1062,0.1656,0.08031,0.1232,0.06429,25.56,1601,211600,40530000,256.8,316,51.49,475300000,60810000,7379000,1.072E+15,553000000,66990000,1.586E+12,14.1,0.082,7.90E-05,1577,0.001253,0.04816,0.5161,33.96,-0.9349,0.4405,0.1372,0.1255,-0.05303,0.05367,0.05593,0.05566,-0.005317,0.07752,31.06,1834,191200,36810000,-1556,752100,71670,-5.657E+11,-53910000000,-5136000000,8.51E+17,4.872E+11,46420000000,7.362E+14,neutral
22.87,0.1254,0.000174,175.4,0.001139,0.04221,0.04888,46.3,0.1542,0.3129,0.3172,0.1289,0.1895,0.1046,0.161,0.1082,0.1214,0.06197,24.39,1329,180800,34960000,225,296.6,51.8,446900000,59930000,7438000,1.01E+15,544300000,67460000,1.602E+12,14.43,0.07939,7.30E-05,1574,0.001276,0.04914,0.5275,33.96,-0.9358,0.5281,0.1087,0.09784,-0.07532,0.06173,0.06747,0.05022,0.01088,0.08018,30.11,1617,165700,31500000,-1531,753200,71810,-5.673E+11,-54090000000,-5156000000,8.55E+17,4.888E+11,46610000000,7.405E+14,neutral
21.17,0.1087,2.10E-05,171.5,0.00045,0.01674,0.05672,43.16,0.1282,0.3492,0.3611,0.1881,0.1749,0.1283,0.1282,0.1346,0.1066,0.02549,21.84,1422,192800,37100000,185,282.6,22.43,426300000,37120000,3225000,9.645E+14,337100000,29300000,6.956E+11,13.49,0.0713,1.00E-05,1557,0.000491,0.01883,0.5624,32.36,-0.9428,0.4911,0.02754,0.03501,0.002104,0.06659,0.07971,0.04392,0.009148,0.03016,30.46,1740,194400,37400000,-1658,754200,71910,-5.688E+11,-54230000000,-5170000000,8.58E+17,4.901E+11,46730000000,7.434E+14,sad
22.12,0.1137,3.90E-05,156.7,0.000563,0.02094,0.02509,44.87,0.1361,0.3646,0.3495,0.1698,0.1581,0.09861,0.1574,0.1147,0.129,0.02996,21.93,1528,212300,40710000,219.1,265.4,21.15,400800000,34630000,3044000,9.08E+14,315600000,27740000,6.571E+11,14.12,0.07277,1.60E-05,1568,0.000557,0.02138,0.5729,34.07,-0.9373,0.4495,-0.008042,0.02069,-0.06249,0.05197,0.056,0.04881,0.004774,0.03474,33.28,1915,203000,38480000,-1620,755100,71970,-5.702E+11,-54350000000,-5180000000,8.61E+17,4.912E+11,46820000000,7.456E+14,sad
20.68,0.1106,3.60E-05,153.8,0.000606,0.02252,0.0341,42.78,0.1267,0.3241,0.3372,0.1481,0.1587,0.1175,0.1347,0.1052,0.1001,0.03137,21.75,1391,190800,36750000,212.6,304.4,25.55,460400000,40940000,3680000,1.044E+15,372500000,33480000,7.953E+11,12.77,0.06986,1.60E-05,1574,0.000626,0.02397,0.5693,29.65,-0.9466,0.484,0.05305,0.01927,-0.02379,0.06133,0.07312,0.05744,0.01475,0.03769,29.4,1666,182900,35140000,-1593,756100,72040,-5.717E+11,-54470000000,-5189000000,8.65E+17,4.923E+11,46910000000,7.476E+14,sad
22.12,0.1137,3.90E-05,156.7,0.000563,0.02094,0.02509,44.87,0.1361,0.3646,0.3495,0.1698,0.1581,0.09861,0.1574,0.1147,0.129,0.02996,21.93,1528,212300,40710000,219.1,265.4,21.15,401900000,34700000,3049000,9.128E+14,316300000,27790000,6.595E+11,14.12,0.07277,1.60E-05,1568,0.000557,0.02138,0.5729,34.07,-0.9373,0.4495,-0.008042,0.02069,-0.06249,0.05197,0.056,0.04881,0.004774,0.03474,33.28,1915,203000,38480000,-1620,757100,72110,-5.732E+11,-54590000000,-5199000000,8.68E+17,4.934E+11,46990000000,7.497E+14,sad
20.4,0.1114,3.10E-05,170.3,0.000545,0.02029,0.0432,42.35,0.1216,0.3842,0.3589,0.1892,0.1689,0.1023,0.1667,0.1355,0.1257,0.02915,21.75,1545,206900,39910000,204.1,306.1,23.79,464100000,39800000,3433000,1.055E+15,361600000,31180000,7.43E+11,13.12,0.07291,1.40E-05,1545,0.000548,0.02101,0.5642,32.19,-0.9448,0.4656,-0.006031,0.01858,-0.05616,0.07031,0.1028,0.06956,0.03688,0.03278,31.59,1875,204200,39140000,-1636,758100,72170,-5.747E+11,-54710000000,-5207000000,8.71E+17,4.945E+11,47070000000,7.516E+14,sad
23.54,0.1336,0.000805,270.7,0.002914,0.1102,0.05954,49.05,0.1542,0.1918,0.3081,0.2397,0.1823,0.1165,0.1328,0.09981,0.1314,0.2046,25.03,947.7,92830,18080000,260.2,258.9,15.22,393000000,30020000,2199000,8.95E+14,273000000,20020000,4.762E+11,16.84,0.1006,0.000355,1496,0.002645,0.1028,0.5558,40.04,-0.923,0.6109,-0.1049,0.03151,-0.05589,0.03367,-0.000855,0.01533,-0.02603,0.1981,32.67,1487,122400,22370000,-1208,759100,72210,-5.762E+11,-54820000000,-5214000000,8.75E+17,4.954E+11,47130000000,7.53E+14,angry
20.69,0.1136,0.001185,234.1,0.003192,0.1204,0.06464,41.3,0.1193,0.3055,0.3741,0.29,0.2012,0.1308,0.1194,0.1192,0.1273,0.2124,21.04,1442,190900,37230000,350.2,292,26.11,443900000,40890000,3774000,1.012E+15,370100000,34160000,8.182E+11,16.5,0.09794,0.000469,1546,0.00256,0.09904,0.5987,38.99,-0.9345,0.6167,-0.05581,-0.009058,-0.06696,0.03247,0.01323,-0.01308,-0.004183,0.1818,30.09,1414,137500,25750000,-1334,760000,72270,-5.777E+11,-54930000000,-5223000000,8.78E+17,4.964E+11,47210000000,7.548E+14,angry
21.65,0.1224,0.000544,224.5,0.00252,0.09568,0.08363,45.34,0.1392,0.3882,0.3568,0.2017,0.2149,0.1274,0.1224,0.09801,0.1106,0.1732,23.89,1693,236200,46320000,359.7,297.3,28.09,452600000,42810000,4065000,1.033E+15,387600000,36800000,8.823E+11,15.87,0.09037,0.000231,1509,0.002012,0.07801,0.5938,38.42,-0.9322,0.4909,0.0623,0.1082,-0.08348,0.008937,0.008681,0.01747,-0.02338,0.144,32.78,1827,186900,35680000,-1413,761100,72360,-5.792E+11,-55070000000,-5235000000,8.82E+17,4.977E+11,47320000000,7.575E+14,angry
18.12,0.1023,0.000566,218.3,0.002337,0.08836,0.08305,37.78,0.09758,0.1946,0.3239,0.2045,0.2106,0.1954,0.1461,0.1511,0.1196,0.1623,19.56,832.9,89680,17500000,266.4,283.2,27.38,431600000,41260000,3967000,9.867E+14,372600000,35830000,8.619E+11,17.08,0.1014,0.000242,1560,0.002173,0.08424,0.5534,40.64,-0.9373,0.7156,-0.1614,0.07765,-0.0486,-0.03891,-0.05762,-0.03438,-0.003068,0.1567,29.93,1182,94790,16510000,-1312,762100,72430,-5.807E+11,-55200000000,-5246000000,8.85E+17,4.989E+11,47420000000,7.599E+14,angry
23.11,0.1202,0.000565,203.9,0.002087,0.07866,0.07551,47.06,0.1353,0.2485,0.3536,0.1703,0.1895,0.142,0.1196,0.109,0.1242,0.1389,23.48,940.1,125400,24830000,208.3,248.3,22.7,378900000,35240000,3291000,8.672E+14,319900000,29880000,7.159E+11,19.6,0.1098,0.000235,1535,0.001953,0.07633,0.5673,44.19,-0.9197,0.6711,-0.1062,0.09687,-0.02755,0.009197,-0.02875,-0.02671,-0.02565,0.1427,31.6,1171,98740,17920000,-1331,763000,72510,-5.821E+11,-55330000000,-5258000000,8.88E+17,5E+11,47520000000,7.625E+14,angry
23.19,0.1278,0.000435,255.6,0.002747,0.1039,0.1294,48.76,0.1457,0.3058,0.3466,0.1842,0.2202,0.1301,0.1445,0.1256,0.1486,0.1815,24.96,1243,167000,32760000,305.6,339.8,51.65,519200000,63880000,7501000,1.19E+15,577500000,67810000,1.634E+12,18.48,0.1046,0.000204,1610,0.00253,0.09758,0.492,42.97,-0.9211,0.6208,-0.0137,0.1339,-0.04426,0.0188,-0.02301,-0.0297,-0.04727,0.1752,31.96,1389,126800,23800000,-1367,764000,72620,-5.837E+11,-55480000000,-5273000000,8.92E+17,5.014E+11,47660000000,7.658E+14,disgust
22.15,0.1215,0.000395,191.4,0.002555,0.09664,0.1149,46.01,0.1345,0.2215,0.3926,0.1988,0.209,0.1474,0.1154,0.1025,0.09884,0.1679,23.5,1006,125100,24620000,251.4,348.7,41.04,533700000,56550000,5971000,1.225E+15,510400000,53910000,1.303E+12,17.98,0.1064,0.000201,1590,0.002473,0.09538,0.5017,41.99,-0.9258,0.6858,-0.06457,0.05371,-0.04519,0.03991,-0.02566,-0.03989,0.002851,0.1736,29.34,1038,84080,15880000,-1301,765200,72750,-5.855E+11,-55660000000,-5291000000,8.96E+17,5.031E+11,47830000000,7.698E+14,disgust
23.57,0.1236,0.000429,216.1,0.002534,0.09598,0.05554,48.52,0.1511,0.2881,0.3672,0.1796,0.1645,0.1337,0.113,0.1023,0.1147,0.1695,24.94,1227,164600,32370000,293.4,318.5,37.74,488200000,51990000,5499000,1.122E+15,470300000,49740000,1.202E+12,18.25,0.09976,0.000192,1602,0.002307,0.08885,0.5199,40.97,-0.9204,0.6236,0.01979,0.09672,-0.05501,0.006767,-0.04007,-0.03679,-0.006846,0.1555,30.8,1255,116200,21910000,-1381,766300,72860,-5.873E+11,-55840000000,-5308000000,9.00E+17,5.047E+11,47980000000,7.735E+14,disgust
23.16,0.1235,0.000512,190.9,0.002555,0.09584,0.0615,48.33,0.1363,0.2687,0.3997,0.1946,0.162,0.1153,0.09434,0.09772,0.09885,0.1528,23.98,935.2,126100,25190000,248.3,292.7,30.67,449200000,44740000,4474000,1.034E+15,405100000,40510000,9.793E+11,19.13,0.1078,0.000235,1601,0.002444,0.09393,0.5314,42.4,-0.9209,0.6711,-0.02818,0.08961,-0.02374,0.01937,0.004146,-0.02548,-0.006583,0.1585,28.53,944.7,81840,15630000,-1333,767400,72960,-5.889E+11,-55990000000,-5322000000,9.04E+17,5.06E+11,48110000000,7.765E+14,disgust
23.57,0.1236,0.000429,216.1,0.002534,0.09598,0.05554,48.52,0.1511,0.2881,0.3672,0.1796,0.1645,0.1337,0.113,0.1023,0.1147,0.1695,24.94,1227,164600,32370000,293.4,318.5,37.74,489600000,52130000,5514000,1.129E+15,471600000,49880000,1.208E+12,18.25,0.09976,0.000192,1602,0.002307,0.08885,0.5199,40.97,-0.9204,0.6236,0.01979,0.09672,-0.05501,0.006767,-0.04007,-0.03679,-0.006846,0.1555,30.8,1255,116200,21910000,-1381,768500,73060,-5.905E+11,-56140000000,-5337000000,9.08E+17,5.074E+11,48240000000,7.797E+14,disgust
14.67,0.1179,0.000173,199.8,0.001315,0.04915,0.078,37.16,0.1038,0.2368,0.351,0.1805,0.2295,0.1574,0.1103,0.1092,0.09756,0.07831,21.68,1121,123000,24180000,227.1,281.7,13.51,433600000,30670000,1975000,1.001E+15,277800000,17900000,4.333E+11,10.93,0.07662,7.70E-05,1538,0.001427,0.05476,0.51,28.85,-0.954,0.4854,-0.03306,0.1741,-0.0083,0.009237,-0.0526,-0.02552,-0.03351,0.09287,28.05,1562,138600,25800000,-1327,769500,73130,-5.921E+11,-56270000000,-5347000000,9.11E+17,5.086E+11,48340000000,7.82E+14,happy
28.37,0.1701,0.000364,225,0.001661,0.06167,0.04139,58.1,0.2091,0.2285,0.3022,0.1518,0.1897,0.1191,0.1208,0.1167,0.09421,0.08825,28.62,1204,107700,18010000,190.5,264.1,10.3,406900000,27100000,1507000,9.406E+14,244500000,13580000,3.307E+11,17.18,0.1107,0.00013,1519,0.00162,0.06295,0.5728,41.36,-0.918,0.5491,-0.092,0.1493,0.01178,0.0318,-0.05901,-0.008061,-0.02145,0.1113,34.41,1736,125900,25170000,-1266,770400,73160,-5.936E+11,-56360000000,-5351000000,9.15E+17,5.094E+11,48370000000,7.829E+14,happy
38.38,0.1983,0.000496,228.7,0.002105,0.07877,0.03843,70.84,0.3126,0.1936,0.3124,0.1411,0.1976,0.1344,0.1576,0.1119,0.1027,0.1314,37.27,1056,89580,15900000,249.7,274.7,16.22,423800000,32540000,2374000,9.807E+14,293700000,21410000,5.213E+11,23.48,0.1415,0.000226,1540,0.002195,0.08521,0.5668,52.74,-0.87,0.6298,-0.06563,0.1013,-0.1156,-0.02211,-0.02913,0.0376,-0.008691,0.1602,37.11,1405,88030,18490000,-1237,771400,73200,-5.95E+11,-56460000000,-5357000000,9.18E+17,5.103E+11,48430000000,7.843E+14,happy
66.87,0.3078,0.000563,217.3,0.002159,0.08136,0.03304,118.6,0.5719,0.2267,0.2732,0.1426,0.226,0.1309,0.1043,0.07322,0.08138,0.1472,59.49,1309,100900,14190000,675.5,266.8,17.7,412000000,33060000,2593000,9.547E+14,300000000,23550000,5.697E+11,40.28,0.2163,0.000256,1525,0.002174,0.08451,0.5211,82.74,-0.7169,0.5912,0.01661,0.1256,-0.01303,-0.01058,-0.06275,-0.007206,-0.04439,0.1595,52.41,1653,73210,21110000,-1399,772300,73250,-5.964E+11,-56570000000,-5365000000,9.21E+17,5.113E+11,48500000000,7.859E+14,happy
66.87,0.3078,0.000563,217.3,0.002159,0.08136,0.03304,118.6,0.5719,0.2267,0.2732,0.1426,0.226,0.1309,0.1043,0.07322,0.08138,0.1472,59.49,1309,100900,14190000,675.5,266.8,17.7,412500000,33090000,2595000,9.569E+14,300300000,23570000,5.705E+11,40.28,0.2163,0.000256,1525,0.002174,0.08451,0.5211,82.74,-0.7169,0.5912,0.01661,0.1256,-0.01303,-0.01058,-0.06275,-0.007206,-0.04439,0.1595,52.41,1653,73210,21110000,-1399,773200,73300,-5.979E+11,-56680000000,-5372000000,9.25E+17,5.123E+11,48570000000,7.876E+14,happy
33.08,0.1759,0.000244,268.9,0.001358,0.05158,0.05175,65.35,0.2443,0.2528,0.2348,0.1836,0.1724,0.1263,0.1417,0.1284,0.1235,0.107,32.15,1265,135600,24750000,231.1,252.3,8.424,390600000,24720000,1235000,9.071E+14,225700000,11360000,2.718E+11,23.52,0.1356,0.000118,1478,0.00129,0.0514,0.58,52.28,-0.8785,0.525,0.003287,0.1696,-0.05767,0.002323,-0.0308,0.01805,-0.1033,0.1148,41.09,2018,160100,31790000,-1318,774100,73340,-5.992E+11,-56770000000,-5378000000,9.28E+17,5.132E+11,48620000000,7.888E+14,neutral
56.24,0.254,0.000445,265.9,0.001728,0.06605,0.03153,103.9,0.443,0.2405,0.2606,0.1602,0.1917,0.1265,0.137,0.1075,0.09293,0.1406,48.67,1109,132800,19670000,440.4,250.8,11.36,388800000,27140000,1667000,9.039E+14,247200000,15260000,3.669E+11,35.86,0.1863,0.0002,1486,0.00161,0.06339,0.5802,77.61,-0.789,0.5861,-0.02777,0.1295,-0.09734,0.03503,-0.042,0.001822,-0.07503,0.1429,50.29,1899,122200,26800000,-1365,775000,73370,-6.006E+11,-56860000000,-5382000000,9.31E+17,5.139E+11,48650000000,7.897E+14,neutral
25.04,0.146,0.000262,263.7,0.001393,0.05266,0.05003,52.9,0.1688,0.2567,0.321,0.165,0.1642,0.143,0.1327,0.118,0.1051,0.1024,27.48,1203,144700,28180000,282.2,263.6,6.402,409000000,24010000,939700,9.521E+14,218900000,8663000,2.069E+11,18.02,0.1091,0.00013,1510,0.00143,0.05627,0.5467,42,-0.914,0.5858,0.04707,0.1219,-0.06103,-0.02362,-0.03241,-0.004561,-0.03094,0.1163,33.41,1639,154100,29700000,-1343,775900,73400,-6.02E+11,-56950000000,-5386000000,9.34E+17,5.147E+11,48690000000,7.906E+14,neutral
49.3,0.2324,0.000228,246,0.001219,0.04624,0.04039,83.66,0.4006,0.241,0.2674,0.1655,0.1813,0.1178,0.1226,0.1083,0.107,0.09644,43.46,1094,140800,22730000,349.5,263,10.36,408500000,27130000,1521000,9.52E+14,247400000,13940000,3.35E+11,30.96,0.168,0.000107,1496,0.001224,0.04856,0.5638,63.68,-0.8164,0.5921,-0.03949,0.1581,-0.0662,-0.007378,0.005493,0.006218,-0.05459,0.1079,45.78,1789,121900,26490000,-1372,776800,73420,-6.034E+11,-57030000000,-5390000000,9.37E+17,5.155E+11,48720000000,7.913E+14,neutral
47.36,0.2263,0.00033,244.1,0.00158,0.06019,0.04544,85.38,0.3897,0.2185,0.2725,0.1755,0.2231,0.1193,0.1276,0.0979,0.09869,0.1259,44.38,1326,114600,20960000,355.6,251.1,7.861,390500000,23720000,1155000,9.111E+14,215900000,10580000,2.544E+11,26.73,0.1498,0.000173,1496,0.001494,0.05884,0.575,58.75,-0.8392,0.6176,0.003565,0.07664,-0.06373,-0.01031,-0.03873,-0.04225,-0.05519,0.1266,41.9,1675,114400,24890000,-1330,777700,73440,-6.048E+11,-57110000000,-5393000000,9.41E+17,5.163E+11,48760000000,7.921E+14,neutral
22.97,0.1243,0.000106,187.2,0.000994,0.03754,0.05603,48.44,0.1452,0.2555,0.3506,0.1654,0.2076,0.1251,0.1272,0.09757,0.09319,0.06957,23.05,1011,134400,26130000,216.7,296.6,11.71,461900000,30730000,1720000,1.079E+15,278700000,15630000,3.791E+11,17.39,0.1009,4.30E-05,1520,0.000945,0.03673,0.5594,40.94,-0.922,0.6141,-0.05292,0.1047,-0.03825,0.01898,-0.05604,-0.03478,-0.005977,0.0727,31.48,1444,135500,25340000,-1414,778600,73470,-6.062E+11,-57200000000,-5397000000,9.44E+17,5.171E+11,48790000000,7.929E+14,sad
25.54,0.137,9.90E-05,204.3,0.000831,0.03094,0.07235,53.4,0.1593,0.2142,0.309,0.161,0.1799,0.1269,0.1106,0.1009,0.09752,0.05413,25.36,852.9,104200,20110000,190.2,274.7,5.502,428300000,24230000,808600,1.002E+15,221200000,7484000,1.783E+11,18.67,0.1069,4.90E-05,1536,0.00097,0.03808,0.5317,42.87,-0.9121,0.605,-0.06795,0.1184,-0.03153,0.009912,-0.04372,-0.05736,-0.02945,0.07372,32.66,1387,119700,21820000,-1342,779600,73490,-6.078E+11,-57290000000,-5400000000,9.48E+17,5.179E+11,48820000000,7.937E+14,sad
36.18,0.1736,8.00E-05,221.1,0.000898,0.0337,0.07014,69.25,0.2693,0.2447,0.3095,0.1773,0.212,0.1435,0.1295,0.1292,0.1071,0.058,33.06,1011,125400,21720000,212.8,256.4,6.3,400300000,23370000,926000,9.373E+14,212800000,8486000,2.042E+11,22.23,0.1242,4.10E-05,1505,0.000916,0.03579,0.5712,50.07,-0.8842,0.5781,-0.1167,0.109,-0.02676,0.04408,-0.01575,-0.05796,-0.02648,0.06696,36.34,1511,118800,23610000,-1404,780500,73510,-6.092E+11,-57370000000,-5402000000,9.51E+17,5.186E+11,48840000000,7.941E+14,sad
21.6,0.1182,4.30E-05,201.5,0.000658,0.02469,0.05863,46.44,0.1274,0.2301,0.3284,0.1576,0.1893,0.1273,0.1243,0.1199,0.1027,0.04508,22.36,949.7,121800,23670000,198.6,277.2,4.096,433200000,23320000,602000,1.016E+15,211600000,5507000,1.328E+11,15.5,0.09088,2.20E-05,1547,0.000682,0.02658,0.5672,37.6,-0.9338,0.6061,-0.04378,0.09339,0.01444,-0.00081,-0.06016,-0.03054,-0.03103,0.05007,29.99,1417,137800,25660000,-1444,781400,73510,-6.106E+11,-57450000000,-5403000000,9.54E+17,5.193E+11,48850000000,7.944E+14,sad
32.95,0.1567,9.60E-05,178.3,0.000854,0.0319,0.05471,65.12,0.2492,0.2267,0.3847,0.1999,0.2081,0.167,0.1398,0.1212,0.09744,0.05296,30.5,915.3,119900,22270000,209.8,279.8,8.12,437800000,26740000,1194000,1.028E+15,243000000,10900000,2.634E+11,19.88,0.1094,4.60E-05,1511,0.000928,0.03597,0.5549,45.73,-0.9009,0.6428,-0.06731,0.1013,0.03951,0.02884,-0.05337,-0.05469,0.000597,0.06421,31.37,1198,104700,20550000,-1426,782400,73530,-6.122E+11,-57530000000,-5406000000,9.58E+17,5.2E+11,48870000000,7.95E+14,sad
28.17,0.1407,0.00057,228.7,0.002891,0.109,0.01818,56.99,0.1997,0.2187,0.2983,0.1907,0.1473,0.1277,0.1228,0.1064,0.1381,0.1895,26.12,895.8,123000,23590000,229.7,310.7,65.55,486800000,74030000,9654000,1.144E+15,671700000,87500000,2.133E+12,20.5,0.1104,0.000315,1594,0.0025,0.09751,0.6099,44.54,-0.9038,0.6678,0.0163,0.09055,-0.01214,0.01144,-0.07957,0.007415,0.0059,0.1944,34.9,1481,141800,26280000,-1454,783400,73650,-6.138E+11,-57700000000,-5424000000,9.62E+17,5.215E+11,49030000000,7.988E+14,angry
44.92,0.2047,0.000722,240.8,0.00256,0.09536,0.01987,84.7,0.3702,0.1917,0.2992,0.1674,0.1649,0.1252,0.1145,0.09081,0.1049,0.147,40.2,959.3,123200,21870000,284.6,304.6,64.3,477800000,72790000,9494000,1.125E+15,659600000,85960000,2.103E+12,26.17,0.1349,0.00031,1599,0.00238,0.09258,0.5797,56.39,-0.8525,0.6805,0.04944,0.06224,-0.009857,0.03214,-0.04329,0.008312,0.01633,0.171,38.68,1307,100500,20580000,-1480,784500,73830,-6.154E+11,-57920000000,-5450000000,9.66E+17,5.235E+11,49270000000,8.047E+14,angry
38.64,0.1764,0.000858,241.4,0.00316,0.1186,0.03795,73.35,0.3098,0.2487,0.327,0.1651,0.1677,0.1171,0.1295,0.09749,0.1329,0.1988,34.56,998.6,138500,25600000,247.4,305.5,59.41,479900000,68950000,8793000,1.131E+15,627000000,79800000,1.952E+12,21.86,0.1128,0.000465,1584,0.002849,0.1105,0.5737,49.31,-0.8829,0.625,0.03829,0.07302,-0.03437,0.02892,-0.03198,0.02904,0.01702,0.2079,35.97,1444,128900,25220000,-1447,785600,74010,-6.171E+11,-58140000000,-5477000000,9.70E+17,5.255E+11,49520000000,8.107E+14,angry
46.69,0.213,0.000908,205.2,0.003156,0.1188,0.0485,88.36,0.3828,0.2151,0.3043,0.1749,0.1799,0.1126,0.1238,0.09302,0.1097,0.2077,41.2,958.5,141700,25230000,348.1,323.8,70.9,509400000,79540000,10520000,1.202E+15,722300000,95380000,2.341E+12,27.27,0.1417,0.000453,1589,0.002783,0.1087,0.5623,59.66,-0.8411,0.6695,0.05953,0.07292,-0.03414,0.008141,-0.07137,-0.01142,-0.009273,0.2126,40.2,1475,127200,26240000,-1488,786600,74200,-6.188E+11,-58370000000,-5505000000,9.74E+17,5.276E+11,49760000000,8.168E+14,angry
38.64,0.1764,0.000858,241.4,0.00316,0.1186,0.03795,73.35,0.3098,0.2487,0.327,0.1651,0.1677,0.1171,0.1295,0.09749,0.1329,0.1988,34.56,998.6,138500,25600000,247.4,305.5,59.41,481300000,69190000,8837000,1.137E+15,629200000,80200000,1.972E+12,21.86,0.1128,0.000465,1584,0.002849,0.1105,0.5737,49.31,-0.8829,0.625,0.03829,0.07302,-0.03437,0.02892,-0.03198,0.02904,0.01702,0.2079,35.97,1444,128900,25220000,-1447,787700,74380,-6.205E+11,-58600000000,-5532000000,9.78E+17,5.296E+11,50010000000,8.23E+14,angry
36.27,0.1765,0.000183,221.4,0.001599,0.05934,0.04152,70.09,0.2889,0.1768,0.328,0.205,0.1904,0.1252,0.1204,0.09268,0.1159,0.08722,34.3,879.4,92790,16430000,183.1,329.5,72.25,519800000,81430000,10770000,1.23E+15,737500000,97530000,2.41E+12,23.09,0.1276,0.000107,1623,0.001821,0.07025,0.5262,50.98,-0.8814,0.7048,0.008425,0.05649,-0.03401,-0.017,-0.05819,0.01563,0.02281,0.1224,34.73,1141,82600,16680000,-1528,788800,74570,-6.223E+11,-58820000000,-5560000000,9.82E+17,5.317E+11,50260000000,8.291E+14,disgust
26.67,0.1396,0.000405,184.4,0.002359,0.0884,0.03601,54.84,0.1874,0.4008,0.3298,0.1728,0.1636,0.1116,0.1315,0.09325,0.1293,0.1384,28.14,1787,218600,42690000,268.2,340.9,88.02,538600000,94780000,13170000,1.276E+15,860400000,119400000,2.955E+12,20.18,0.1083,0.000213,1603,0.002351,0.09039,0.5459,45.38,-0.907,0.5846,0.1096,0.09127,-0.068,-0.01638,-0.03745,0.01596,0.01222,0.1577,33.88,1536,144600,28390000,-1603,790000,74820,-6.241E+11,-59110000000,-5597000000,9.86E+17,5.343E+11,50600000000,8.374E+14,disgust
26.7,0.1302,0.000474,232.8,0.002478,0.09343,0.04212,54.59,0.1786,0.2936,0.2789,0.167,0.1403,0.114,0.1211,0.09478,0.1306,0.1564,26.55,1191,158600,30380000,254,387.4,71.25,613100000,85200000,10690000,1.455E+15,771500000,96750000,2.406E+12,18.01,0.09394,0.000159,1591,0.002342,0.09016,0.5498,38.99,-0.9185,0.6125,0.1069,0.0661,-0.03897,0.02031,-0.04081,-0.001387,-0.01655,0.1613,31.36,1424,145500,27710000,-1430,791300,75040,-6.261E+11,-59370000000,-5630000000,9.91E+17,5.367E+11,50890000000,8.448E+14,disgust
27.58,0.1439,0.000541,212.5,0.00275,0.1035,0.03184,56.35,0.1903,0.214,0.2614,0.1957,0.1467,0.1343,0.1288,0.09573,0.1449,0.1818,28.87,983.8,101500,19130000,253.8,352.3,59.94,558400000,73840000,9016000,1.328E+15,667800000,81530000,2.034E+12,18.92,0.105,0.000233,1602,0.003024,0.1168,0.5166,41.37,-0.91,0.6475,0.05849,0.0664,-0.03242,-0.01142,-0.04296,0.03497,0.003722,0.214,31.65,1258,109900,20560000,-1310,792500,75220,-6.281E+11,-59610000000,-5657000000,9.96E+17,5.388E+11,51140000000,8.51E+14,disgust
27.58,0.1439,0.000541,212.5,0.00275,0.1035,0.03184,56.35,0.1903,0.214,0.2614,0.1957,0.1467,0.1343,0.1288,0.09573,0.1449,0.1818,28.87,983.8,101500,19130000,253.8,352.3,59.94,559200000,73970000,9037000,1.332E+15,669000000,81720000,2.044E+12,18.92,0.105,0.000233,1602,0.003024,0.1168,0.5166,41.37,-0.91,0.6475,0.05849,0.0664,-0.03242,-0.01142,-0.04296,0.03497,0.003722,0.214,31.65,1258,109900,20560000,-1310,793800,75390,-6.3E+11,-59840000000,-5683000000,1.00E+18,5.409E+11,51380000000,8.569E+14,disgust
18.71,0.1228,0.000158,171.4,0.001175,0.04406,0.04035,41.92,0.1323,0.2525,0.3389,0.2126,0.204,0.1507,0.1312,0.1224,0.1103,0.0729,21.12,1110,135000,25250000,242.6,280,36.06,445100000,49440000,5446000,1.061E+15,450300000,49530000,1.234E+12,13.17,0.08693,6.50E-05,1594,0.00128,0.04932,0.5268,32.48,-0.9459,0.5833,0.001662,0.0756,-0.05259,-0.01014,-0.06751,-0.02893,-0.02801,0.08605,29.69,1576,150900,27990000,-1471,794800,75530,-6.318E+11,-60040000000,-5704000000,1.00E+18,5.427E+11,51570000000,8.617E+14,happy
23.01,0.1121,0.000229,192.7,0.001516,0.0567,0.07066,45.85,0.1542,0.2189,0.2911,0.2128,0.1927,0.1432,0.1216,0.09214,0.1017,0.08841,22.14,862,121800,23140000,190.4,292.5,54.22,465600000,65200000,8202000,1.112E+15,589300000,74140000,1.861E+12,15.79,0.08465,0.000122,1623,0.001772,0.06796,0.5216,34.42,-0.937,0.6574,0.1116,0.1252,-0.003279,-0.01696,-0.07914,-0.02677,0.01155,0.1141,27.32,1187,125100,22720000,-1507,795800,75650,-6.334E+11,-60200000000,-5722000000,1.01E+18,5.442E+11,51730000000,8.657E+14,happy
80.25,0.3446,0.000869,178.6,0.001672,0.06232,0.07856,143.8,0.6892,0.2287,0.3013,0.1867,0.2301,0.1593,0.1243,0.09161,0.1124,0.1056,69.27,832.6,132700,17300000,783.4,387.6,64.65,617800000,80580000,9800000,1.477E+15,726000000,88380000,2.228E+12,52.14,0.2451,0.000199,1585,0.001587,0.06156,0.5208,99.47,-0.6165,0.6479,0.0545,0.1194,0.01881,0.003245,-0.09508,-0.00763,0.01736,0.111,58.18,1280,52850,19380000,-1744,797000,75800,-6.352E+11,-60410000000,-5744000000,1.01E+18,5.46E+11,51930000000,8.707E+14,happy
27.36,0.136,0.000166,230.3,0.001563,0.05924,0.05539,55.57,0.1998,0.2251,0.3103,0.1726,0.1981,0.1583,0.1367,0.1057,0.1231,0.113,25.53,863.1,114400,21360000,216.3,290.3,53.57,463500000,64690000,8138000,1.11E+15,587000000,73780000,1.855E+12,18.54,0.1064,0.000107,1633,0.001782,0.06917,0.5567,41.72,-0.9133,0.6632,-0.02565,0.09436,-0.0585,-0.0548,-0.09416,-0.04202,0.01297,0.1359,31.72,1276,114900,21340000,-1420,798200,75980,-6.371E+11,-60640000000,-5772000000,1.02E+18,5.481E+11,52170000000,8.769E+14,happy
23.01,0.1121,0.000229,192.7,0.001516,0.0567,0.07066,45.85,0.1542,0.2189,0.2911,0.2128,0.1927,0.1432,0.1216,0.09214,0.1017,0.08841,22.14,862,121800,23140000,190.4,292.5,54.22,467600000,65520000,8254000,1.121E+15,592100000,74600000,1.885E+12,15.79,0.08465,0.000122,1623,0.001772,0.06796,0.5216,34.42,-0.937,0.6574,0.1116,0.1252,-0.003279,-0.01696,-0.07914,-0.02677,0.01155,0.1141,27.32,1187,125100,22720000,-1507,799200,76120,-6.387E+11,-60840000000,-5794000000,1.02E+18,5.499E+11,52380000000,8.82E+14,happy
60.17,0.2672,0.000213,229.9,0.001197,0.0451,0.02599,107.9,0.5062,0.2016,0.3196,0.1791,0.2252,0.1442,0.13,0.09691,0.1103,0.08714,52.91,1000,103800,15950000,402.1,269.1,25.18,430700000,40570000,3838000,1.034E+15,366200000,34650000,8.778E+11,33.12,0.1674,8.00E-05,1581,0.00138,0.05362,0.4989,66.15,-0.7844,0.6574,0.01786,0.1133,-0.01455,-0.0188,-0.07413,-0.008183,0.008879,0.1011,41.82,1148,63480,16560000,-1446,800200,76230,-6.403E+11,-61000000000,-5811000000,1.03E+18,5.514E+11,52530000000,8.859E+14,neutral
50.06,0.2298,0.000255,221.6,0.001155,0.0437,0.03725,88.53,0.4157,0.1981,0.3152,0.2017,0.2518,0.1318,0.127,0.09145,0.1336,0.08575,44.97,887.8,93750,14760000,332.1,248.3,23.25,397800000,37470000,3549000,9.561E+14,337500000,31960000,8.125E+11,28.29,0.1495,9.00E-05,1574,0.001325,0.05157,0.5068,57.42,-0.8259,0.6458,0.001775,0.1122,-0.03861,-0.01362,-0.09929,-0.001661,-0.000147,0.1002,38.34,1144,66950,15890000,-1415,801100,76310,-6.417E+11,-61130000000,-5823000000,1.03E+18,5.526E+11,52640000000,8.887E+14,neutral
25.53,0.1443,0.000382,223.1,0.0014,0.0525,0.03491,55.02,0.1773,0.227,0.3066,0.2009,0.2317,0.1491,0.1408,0.1091,0.1385,0.1081,26.1,913.9,116800,21630000,222.5,261.2,19.99,418900000,35660000,3054000,1.008E+15,320700000,27460000,6.999E+11,17.87,0.1062,0.000151,1586,0.00156,0.06017,0.5308,41.63,-0.9134,0.6107,-0.05614,0.1013,-0.06,-0.02916,-0.08423,-0.01079,-0.01086,0.1228,31.83,1352,114000,21730000,-1333,801900,76380,-6.431E+11,-61250000000,-5833000000,1.03E+18,5.537E+11,52730000000,8.911E+14,neutral
25.36,0.1374,0.000297,226.4,0.001293,0.04911,0.02604,52.31,0.1753,0.2237,0.3173,0.2034,0.2321,0.1401,0.1305,0.1158,0.148,0.104,25.29,917.9,102200,19080000,196,258.8,28.95,415600000,42940000,4427000,1.001E+15,387500000,39950000,1.015E+12,19.04,0.111,0.00012,1602,0.001557,0.06099,0.5133,42.01,-0.9136,0.6509,-0.09337,0.08211,-0.06885,-0.02971,-0.08702,-0.01355,0.01526,0.1282,32.45,1250,95240,18030000,-1346,802800,76460,-6.445E+11,-61390000000,-5846000000,1.04E+18,5.549E+11,52850000000,8.94E+14,neutral
27.59,0.155,0.000566,205,0.001756,0.06484,0.04004,57.32,0.1951,0.2278,0.3122,0.2073,0.2261,0.1458,0.1445,0.108,0.1524,0.1239,27.09,933.6,126000,23400000,241,276.7,27.29,444800000,42970000,4178000,1.073E+15,388400000,37770000,9.596E+11,18.41,0.1079,0.000244,1590,0.00191,0.0731,0.5231,40.64,-0.9104,0.618,-0.02013,0.09982,-0.04317,-0.02364,-0.09661,-0.03517,-0.02655,0.1429,30.9,1247,106100,20670000,-1344,803800,76560,-6.46E+11,-61540000000,-5861000000,1.04E+18,5.562E+11,52980000000,8.973E+14,neutral
26.41,0.127,0.000113,176.7,0.000935,0.03488,0.04439,52.96,0.1729,0.4386,0.3568,0.2447,0.1988,0.183,0.1771,0.1129,0.123,0.05648,27.57,1994,232500,45680000,282,325.3,40.49,523600000,57460000,6208000,1.264E+15,519000000,56080000,1.428E+12,18.88,0.1016,3.90E-05,1604,0.001036,0.04,0.5505,44.27,-0.912,0.5225,0.007123,0.1517,0.03403,0.03882,-0.03193,-0.03805,-0.02485,0.06959,33.4,1654,166800,31940000,-1566,804800,76660,-6.477E+11,-61700000000,-5876000000,1.04E+18,5.577E+11,53120000000,9.009E+14,sad
26.11,0.1361,0.00013,211.3,0.001082,0.04085,0.03848,56.38,0.1654,0.2185,0.3058,0.2083,0.183,0.16,0.1272,0.1114,0.1091,0.08209,24.96,907.5,106100,20750000,180.9,318.9,55.15,514000000,68850000,8470000,1.243E+15,621300000,76470000,1.952E+12,19.01,0.1042,6.40E-05,1618,0.001437,0.05586,0.5075,42.23,-0.9177,0.6772,-0.002542,0.1341,-0.00721,-0.01935,-0.08411,-0.01436,0.02505,0.1094,30.46,1115,98750,18420000,-1446,805900,76800,-6.495E+11,-61900000000,-5898000000,1.05E+18,5.595E+11,53320000000,9.059E+14,sad
41.35,0.1891,0.000118,197.6,0.00093,0.03495,0.0434,75.61,0.3386,0.2312,0.3386,0.1803,0.2138,0.1406,0.1491,0.1071,0.1027,0.06326,35.99,946.7,142100,25590000,272.8,319.9,41.16,516300000,57770000,6334000,1.25E+15,521500000,57190000,1.462E+12,21.85,0.114,4.10E-05,1584,0.001052,0.04078,0.5135,47.85,-0.8779,0.6099,-0.01852,0.1,-0.01859,-0.006078,-0.09187,-0.03805,0.02032,0.07653,35.17,1371,118400,23410000,-1485,807000,76950,-6.513E+11,-62100000000,-5920000000,1.05E+18,5.613E+11,53520000000,9.111E+14,sad
24.33,0.1324,0.000152,195.7,0.001022,0.03808,0.04598,49.92,0.1638,0.2472,0.3406,0.1733,0.1918,0.1313,0.1272,0.1012,0.1029,0.06942,23.98,937.2,126200,24000000,195.2,313.7,31.15,507000000,49170000,4801000,1.229E+15,442000000,43170000,1.11E+12,16.6,0.09589,6.90E-05,1577,0.001246,0.04767,0.5419,37.29,-0.9236,0.5982,-0.009949,0.1006,-0.04268,-0.036,-0.07855,-0.03505,0.02022,0.08844,29.57,1222,109400,20720000,-1419,808100,77050,-6.53E+11,-62270000000,-5937000000,1.06E+18,5.628E+11,53670000000,9.148E+14,sad
41.35,0.1891,0.000118,197.6,0.00093,0.03495,0.0434,75.61,0.3386,0.2312,0.3386,0.1803,0.2138,0.1406,0.1491,0.1071,0.1027,0.06326,35.99,946.7,142100,25590000,272.8,319.9,41.16,517700000,57940000,6352000,1.257E+15,523000000,57350000,1.471E+12,21.85,0.114,4.10E-05,1584,0.001052,0.04078,0.5135,47.85,-0.8779,0.6099,-0.01852,0.1,-0.01859,-0.006078,-0.09187,-0.03805,0.02032,0.07653,35.17,1371,118400,23410000,-1485,809200,77170,-6.548E+11,-62450000000,-5955000000,1.06E+18,5.644E+11,53830000000,9.19E+14,sad
71.28,0.3156,0.000518,190,0.002618,0.09839,0.04681,127.6,0.599,0.2048,0.3043,0.1751,0.2676,0.1333,0.1377,0.0948,0.09463,0.1708,60.63,858,144800,20870000,652.9,299.6,55.63,485500000,67920000,8601000,1.18E+15,616000000,77940000,1.995E+12,48.49,0.2311,0.000323,1592,0.002359,0.09232,0.5709,94.96,-0.6606,0.6678,0.03708,0.1546,-0.04791,0.01093,-0.06789,0.02191,0.01517,0.1827,56.23,1440,72010,21640000,-1593,810300,77310,-6.565E+11,-62640000000,-5976000000,1.06E+18,5.662E+11,54020000000,9.239E+14,angry
35.84,0.1808,0.001202,209.2,0.003617,0.1359,0.06211,72.79,0.2769,0.185,0.3177,0.2171,0.1951,0.1112,0.133,0.09086,0.09995,0.2248,31.96,859.3,120500,21350000,209.2,303,50,491600000,63610000,7744000,1.196E+15,578100000,70270000,1.799E+12,26.33,0.1411,0.000611,1579,0.003019,0.118,0.6476,57.73,-0.855,0.703,0.003495,0.1218,-0.07887,-0.00404,-0.05053,0.04037,0.01253,0.2329,38.49,1392,110100,22260000,-1386,811300,77460,-6.582E+11,-62840000000,-5999000000,1.07E+18,5.68E+11,54230000000,9.293E+14,angry
79.15,0.3443,0.001023,213,0.002907,0.1091,0.05858,140.3,0.6839,0.185,0.3246,0.1582,0.2745,0.1423,0.1346,0.1046,0.09002,0.1899,67.08,807.7,136200,17810000,780.3,325,51.93,528100000,66880000,8058000,1.287E+15,607100000,73050000,1.875E+12,58.71,0.2769,0.000421,1557,0.002418,0.09473,0.5848,113.6,-0.5696,0.6972,-0.01485,0.1852,-0.02211,0.03861,-0.05167,0.01741,0.03028,0.1875,65.18,1461,50320,19380000,-1684,812400,77590,-6.6E+11,-63040000000,-6020000000,1.07E+18,5.698E+11,54420000000,9.342E+14,angry
51.46,0.234,0.000993,199.2,0.002944,0.1106,0.05378,96.8,0.414,0.2554,0.3213,0.1809,0.2232,0.1226,0.1478,0.1018,0.1186,0.1921,43.45,931.6,166900,28700000,357.1,349.8,57.19,569200000,73240000,8890000,1.389E+15,663800000,80510000,2.073E+12,31.43,0.1555,0.000396,1570,0.002432,0.0949,0.5842,66.16,-0.807,0.6241,0.03377,0.08002,-0.07499,0.02477,-0.02467,0.07276,0.02559,0.1851,42.98,1539,127000,28160000,-1482,813600,77740,-6.619E+11,-63250000000,-6043000000,1.08E+18,5.717E+11,54630000000,9.395E+14,angry
35.84,0.1808,0.001202,209.2,0.003617,0.1359,0.06211,72.79,0.2769,0.185,0.3177,0.2171,0.1951,0.1112,0.133,0.09086,0.09995,0.2248,31.96,859.3,120500,21350000,209.2,303,50,493600000,63900000,7786000,1.206E+15,580700000,70650000,1.819E+12,26.33,0.1411,0.000611,1579,0.003019,0.118,0.6476,57.73,-0.855,0.703,0.003495,0.1218,-0.07887,-0.00404,-0.05053,0.04037,0.01253,0.2329,38.49,1392,110100,22260000,-1386,814700,77880,-6.637E+11,-63450000000,-6065000000,1.08E+18,5.735E+11,54820000000,9.446E+14,angry
35.69,0.1785,0.000337,208.3,0.00193,0.07228,0.02892,70.91,0.2759,0.3871,0.3196,0.2189,0.1981,0.1452,0.1643,0.1325,0.1467,0.1184,32.04,1604,217000,41800000,223.1,348.7,76.37,568900000,89330000,11920000,1.392E+15,808200000,107800000,2.791E+12,25.35,0.1332,0.00016,1592,0.001812,0.07043,0.6029,55.39,-0.8608,0.5924,-0.01044,0.1554,-0.1109,0.01974,-0.01891,0.03048,-0.008415,0.1313,41.01,1776,159400,30880000,-1577,815800,78050,-6.656E+11,-63680000000,-6091000000,1.09E+18,5.755E+11,55060000000,9.508E+14,disgust
34.46,0.1757,0.000455,193.1,0.002263,0.08444,0.06772,68.22,0.2624,0.4241,0.3208,0.2183,0.179,0.1325,0.1644,0.1392,0.1344,0.1347,31.85,1768,229000,44110000,257.3,407,73.92,665100000,91910000,11570000,1.631E+15,831200000,104600000,2.715E+12,23.61,0.1285,0.000189,1608,0.002132,0.08294,0.5712,53.58,-0.8698,0.5339,-0.01119,0.1303,-0.09392,0.01365,-0.008884,0.04772,0.004635,0.1505,40.79,1911,170200,33180000,-1497,817100,78250,-6.677E+11,-63940000000,-6122000000,1.09E+18,5.779E+11,55340000000,9.581E+14,disgust
36.7,0.1848,0.000374,200.6,0.001762,0.06589,0.04275,73.71,0.2802,0.248,0.3102,0.2258,0.2176,0.1142,0.1687,0.1121,0.1034,0.1135,32.27,925.5,136700,25040000,178.8,369.6,58.71,605000000,76800000,9208000,1.486E+15,695900000,83380000,2.166E+12,24.72,0.1318,0.000168,1572,0.001814,0.07071,0.5792,54.91,-0.8566,0.6293,-0.05288,0.1155,-0.0668,0.0396,-0.04071,0.01371,0.02081,0.1351,38.27,1436,114600,22970000,-1445,818500,78430,-6.699E+11,-64190000000,-6151000000,1.10E+18,5.802E+11,55600000000,9.648E+14,disgust
71.63,0.316,0.000193,207.9,0.001254,0.04714,0.0506,129.3,0.6108,0.1999,0.2865,0.2021,0.2172,0.1471,0.1488,0.1191,0.1494,0.09004,60.36,863.6,125900,15680000,652.9,445,54.32,729800000,78710000,8537000,1.795E+15,713000000,77280000,2.013E+12,48.25,0.2361,8.70E-05,1567,0.001301,0.05129,0.5696,95.75,-0.6537,0.6543,-0.09963,0.1105,-0.04753,0.006408,-0.01926,0.04475,-0.01046,0.1061,59.05,1577,73960,21410000,-1622,819900,78600,-6.722E+11,-64440000000,-6177000000,1.10E+18,5.825E+11,55840000000,9.709E+14,disgust
36.7,0.1848,0.000374,200.6,0.001762,0.06589,0.04275,73.71,0.2802,0.248,0.3102,0.2258,0.2176,0.1142,0.1687,0.1121,0.1034,0.1135,32.27,925.5,136700,25040000,178.8,369.6,58.71,607100000,77080000,9245000,1.496E+15,698400000,83710000,2.184E+12,24.72,0.1318,0.000168,1572,0.001814,0.07071,0.5792,54.91,-0.8566,0.6293,-0.05288,0.1155,-0.0668,0.0396,-0.04071,0.01371,0.02081,0.1351,38.27,1436,114600,22970000,-1445,821300,78750,-6.745E+11,-64680000000,-6200000000,1.11E+18,5.846E+11,56050000000,9.765E+14,disgust
38.17,0.1936,0.000327,210.6,0.001942,0.07295,0.03978,75.91,0.3,0.4281,0.3117,0.2215,0.1695,0.1686,0.1646,0.09767,0.1357,0.1276,34.49,1852,230300,44150000,341.1,307.9,53.55,506500000,68260000,8449000,1.25E+15,615000000,76180000,2E+12,26.36,0.1397,0.000158,1562,0.001794,0.07015,0.5209,58.43,-0.8455,0.4731,0.01121,0.1733,-0.03401,0.02022,-0.07204,0.01117,-0.0372,0.1352,44.62,2254,195600,38900000,-1506,822500,78900,-6.764E+11,-64890000000,-6224000000,1.11E+18,5.865E+11,56260000000,9.82E+14,happy
36.44,0.1873,0.000467,225.7,0.002032,0.07631,0.06837,72.91,0.2816,0.4757,0.3072,0.2173,0.1775,0.1313,0.1557,0.1001,0.127,0.1484,32.46,1888,259200,49770000,351.2,307.7,47.97,506800000,63660000,7584000,1.252E+15,574800000,68480000,1.798E+12,25.49,0.1386,0.000234,1577,0.001974,0.07802,0.5316,58.08,-0.8545,0.4903,0.01706,0.1035,-0.1056,-0.01002,-0.06406,0.01111,-0.03533,0.1629,43.13,2183,201400,39910000,-1443,823500,79050,-6.782E+11,-65100000000,-6248000000,1.12E+18,5.884E+11,56470000000,9.876E+14,happy
34.5,0.1712,0.000389,212.6,0.002001,0.07541,0.05335,68.53,0.2674,0.4454,0.344,0.2652,0.2017,0.1269,0.158,0.1197,0.116,0.1374,32.5,1824,256500,48620000,284.2,260,46.04,428700000,58410000,7289000,1.06E+15,528000000,65880000,1.731E+12,23.67,0.127,0.000204,1588,0.001889,0.07339,0.5111,51.67,-0.8715,0.5807,0.07418,0.0504,-0.1494,-0.004283,-0.04093,-0.002376,-0.00423,0.1384,36.92,1694,168100,34670000,-1513,824500,79180,-6.798E+11,-65280000000,-6268000000,1.12E+18,5.9E+11,56660000000,9.925E+14,happy
76.91,0.3353,0.000563,217.7,0.00208,0.07856,0.05769,135.1,0.6586,0.1828,0.2714,0.221,0.2392,0.1614,0.1397,0.1183,0.1265,0.149,64.61,790.8,129100,14290000,729.5,300.3,61.85,495700000,74620000,9811000,1.228E+15,674800000,88700000,2.335E+12,55.4,0.2658,0.000221,1559,0.001904,0.07472,0.5449,107.6,-0.6026,0.6422,-0.07245,0.152,0.01984,0.03568,-0.09025,0.01485,-0.000319,0.1488,65.51,1628,61450,20800000,-1690,825500,79330,-6.814E+11,-65490000000,-6293000000,1.13E+18,5.919E+11,56880000000,9.984E+14,happy
66.74,0.2964,0.000469,193.2,0.001682,0.06361,0.04878,120.6,0.5626,0.2469,0.2964,0.1931,0.221,0.1431,0.1499,0.1057,0.128,0.1228,56.54,991.9,147900,23740000,494.1,297.4,53.8,491600000,67970000,8553000,1.219E+15,614400000,77300000,2.039E+12,44.73,0.213,0.000221,1566,0.001688,0.06625,0.5517,89.16,-0.6923,0.6176,-0.06903,0.1827,0.03539,0.05541,-0.09132,-0.004238,-0.007369,0.1355,55.69,1559,81760,21820000,-1530,826500,79490,-6.831E+11,-65700000000,-6318000000,1.13E+18,5.938E+11,57110000000,1.004E+15,happy
38.28,0.1928,0.000143,190.7,0.001198,0.04561,0.05773,74.63,0.3091,0.5817,0.3406,0.2805,0.1518,0.1414,0.1804,0.1188,0.1287,0.09225,33.66,2373,314500,59700000,343.7,346.8,27.91,574100000,50320000,4443000,1.425E+15,455300000,40180000,1.061E+12,26.26,0.1426,8.20E-05,1572,0.00105,0.04167,0.5656,61.17,-0.8472,0.4355,0.000733,0.08577,-0.139,-0.002254,0.04797,0.1146,-0.0046,0.09269,44.29,2468,244200,49730000,-1613,827600,79610,-6.85E+11,-65890000000,-6337000000,1.13E+18,5.955E+11,57280000000,1.009E+15,neutral
37.54,0.1988,0.000229,228.4,0.001472,0.05535,0.05077,75.58,0.2994,0.3303,0.2908,0.199,0.2021,0.1453,0.1563,0.1102,0.1577,0.108,34.53,1387,186800,34370000,269.4,278.6,30.79,461800000,47420000,4907000,1.148E+15,429500000,44430000,1.173E+12,25.53,0.1401,0.000127,1588,0.001576,0.06189,0.5148,56.67,-0.8515,0.5616,-0.04602,0.1512,-0.113,-0.02092,-0.05624,0.09515,0.04834,0.1275,41.82,1816,145800,29400000,-1407,828700,79690,-6.868E+11,-66040000000,-6349000000,1.14E+18,5.969E+11,57390000000,1.012E+15,neutral
38.73,0.2001,0.000241,205.2,0.001774,0.06701,0.04971,76.85,0.3026,0.4645,0.3102,0.2212,0.192,0.1478,0.1694,0.116,0.151,0.1252,34.31,1912,254300,48870000,329.9,307.9,43.67,510900000,60560000,6969000,1.272E+15,548500000,63090000,1.668E+12,25.9,0.1323,0.000123,1612,0.00162,0.06341,0.5528,57.64,-0.8479,0.4874,-0.003015,0.1704,-0.1172,0.01194,-0.007605,0.09738,0.03235,0.126,42.35,2078,188600,38050000,-1487,829700,79800,-6.884E+11,-66210000000,-6366000000,1.14E+18,5.984E+11,57550000000,1.016E+15,neutral
39.03,0.2032,0.000279,209.4,0.001792,0.06753,0.04558,78.93,0.3086,0.4247,0.2997,0.1707,0.1924,0.1322,0.1649,0.11,0.1507,0.1216,35.46,1751,243600,46480000,304.1,296.5,35.16,492700000,52810000,5618000,1.228E+15,477200000,50760000,1.347E+12,25.89,0.1354,0.000144,1582,0.001601,0.06251,0.5569,57.36,-0.845,0.5074,0.05585,0.2014,-0.06529,-0.001474,-0.03377,0.06629,0.01044,0.1212,40.35,1874,173700,35530000,-1489,830800,79900,-6.902E+11,-66380000000,-6383000000,1.15E+18,5.999E+11,57700000000,1.02E+15,neutral
37.2,0.1902,0.00024,219.3,0.00161,0.06077,0.04068,74.79,0.2884,0.4308,0.2945,0.2599,0.1826,0.1365,0.1458,0.1194,0.1434,0.1135,32.24,1659,240900,46220000,300.6,300.4,38.55,499700000,55940000,6168000,1.247E+15,506400000,55830000,1.48E+12,25.36,0.1322,0.000125,1574,0.001427,0.05577,0.5616,55.97,-0.8538,0.5245,-0.01875,0.1133,-0.1151,-0.01608,-0.01621,0.07819,0.0229,0.1129,41.61,1953,184900,36560000,-1503,831800,80000,-6.919E+11,-66550000000,-6400000000,1.15E+18,6.014E+11,57850000000,1.024E+15,neutral
35.54,0.183,9.40E-05,191.7,0.000917,0.03444,0.0521,70.6,0.2734,0.5027,0.3049,0.2769,0.2012,0.1415,0.1582,0.0909,0.1267,0.06019,31.59,2165,270500,51980000,291.4,370.4,46.15,617100000,67600000,7394000,1.542E+15,612100000,66920000,1.777E+12,24.9,0.132,3.90E-05,1580,0.000846,0.03308,0.5692,57.48,-0.8577,0.4504,0.01701,0.1217,-0.1476,-0.008638,0.01062,0.05751,0.01019,0.06425,43.65,2363,222100,44220000,-1629,833000,80120,-6.938E+11,-66740000000,-6418000000,1.16E+18,6.032E+11,58020000000,1.028E+15,sad
35.76,0.1766,4.30E-05,168.1,0.000749,0.02796,0.07241,70.7,0.2634,0.4474,0.2821,0.2738,0.1862,0.182,0.1512,0.09688,0.1199,0.05026,31.32,1898,239600,46760000,266.5,344.5,31.77,574700000,53350000,5096000,1.438E+15,485300000,46300000,1.226E+12,24.18,0.1232,3.10E-05,1571,0.000816,0.03192,0.5699,54.44,-0.8618,0.5027,-0.02832,0.1527,-0.1218,-0.01218,-0.03095,0.05031,0.00853,0.06316,42.13,2027,187900,36270000,-1558,834200,80220,-6.959E+11,-66920000000,-6435000000,1.16E+18,6.049E+11,58170000000,1.032E+15,sad
37.58,0.1852,8.70E-05,178.3,0.000877,0.03254,0.06583,75.8,0.2821,0.3581,0.293,0.2375,0.2202,0.1687,0.171,0.1114,0.1352,0.05647,32.72,1438,217000,41310000,249.7,317.5,25.28,530400000,46270000,4059000,1.329E+15,419600000,36790000,9.776E+11,24.58,0.1263,4.70E-05,1579,0.000958,0.03746,0.5334,54.6,-0.8529,0.5077,-0.03549,0.1499,-0.08678,0.003337,-0.05847,0.04279,0.03217,0.07137,40.78,1852,172100,33670000,-1497,835300,80290,-6.978E+11,-67070000000,-6445000000,1.17E+18,6.062E+11,58260000000,1.035E+15,sad
39.86,0.1983,5.10E-05,186.1,0.000784,0.02923,0.06745,77.96,0.3118,0.3093,0.2831,0.2579,0.2022,0.185,0.1745,0.1203,0.1559,0.05216,35.91,1536,198600,37880000,266.3,321.8,24.48,538400000,46030000,3933000,1.351E+15,417000000,35610000,9.479E+11,27.76,0.1481,3.40E-05,1590,0.000841,0.033,0.5246,62.14,-0.834,0.5768,-0.02039,0.1022,-0.1377,-0.02134,-0.004432,0.1061,0.03412,0.0663,44.38,1889,166300,32500000,-1546,836500,80350,-6.997E+11,-67210000000,-6455000000,1.17E+18,6.074E+11,58350000000,1.037E+15,sad
35.54,0.183,9.40E-05,191.7,0.000917,0.03444,0.0521,70.6,0.2734,0.5027,0.3049,0.2769,0.2012,0.1415,0.1582,0.0909,0.1267,0.06019,31.59,2165,270500,51980000,291.4,370.4,46.15,620600000,67930000,7424000,1.56E+15,615100000,67190000,1.791E+12,24.9,0.132,3.90E-05,1580,0.000846,0.03308,0.5692,57.48,-0.8577,0.4504,0.01701,0.1217,-0.1476,-0.008638,0.01062,0.05751,0.01019,0.06425,43.65,2363,222100,44220000,-1629,837700,80440,-7.017E+11,-67380000000,-6470000000,1.18E+18,6.09E+11,58490000000,1.041E+15,sad
62.66,0.2767,0.001184,247.9,0.002707,0.1025,0.05541,109.6,0.5368,0.2103,0.3595,0.1925,0.2366,0.1497,0.1615,0.1232,0.1035,0.1884,54.03,886,98980,12440000,513.7,289.2,30.33,485200000,48380000,4885000,1.221E+15,437000000,44130000,1.18E+12,32.92,0.1741,0.000445,1581,0.002255,0.08701,0.573,68.99,-0.7867,0.609,-0.123,0.1656,0.09061,0.02392,-0.07246,-0.0866,-0.03476,0.1571,45.25,1389,70490,17520000,-1455,838800,80550,-7.036E+11,-67570000000,-6488000000,1.18E+18,6.107E+11,58640000000,1.045E+15,angry
53.72,0.2428,0.001333,267.6,0.00339,0.1294,0.03511,96.16,0.4572,0.2636,0.3582,0.1916,0.2173,0.1734,0.1512,0.1328,0.09963,0.2502,47.19,920.7,115000,18920000,475.3,325,68.66,545900000,83590000,11080000,1.375E+15,756400000,100200000,2.682E+12,28.7,0.1555,0.000508,1616,0.002709,0.1047,0.6275,60.8,-0.8243,0.6235,-0.1107,0.1426,0.05675,-0.004004,-0.1079,-0.09236,-0.01625,0.1926,39.31,1237,80420,18640000,-1468,839900,80690,-7.053E+11,-67760000000,-6509000000,1.19E+18,6.124E+11,58840000000,1.05E+15,angry
57.91,0.2543,0.001284,241.5,0.003403,0.1278,0.03618,102.7,0.4937,0.1837,0.3652,0.1544,0.2199,0.1533,0.1341,0.1092,0.09429,0.2071,50.71,797.1,94180,13880000,507.3,271.7,65.83,456900000,77220000,10650000,1.152E+15,700300000,96460000,2.583E+12,31.2,0.1635,0.000584,1624,0.003268,0.1255,0.6039,64.25,-0.8054,0.6996,-0.07169,0.1247,0.049,-0.01571,-0.09323,-0.08727,-0.02347,0.2109,41.13,1122,58550,14450000,-1453,840900,80880,-7.071E+11,-68010000000,-6541000000,1.19E+18,6.147E+11,59120000000,1.058E+15,angry
13.48,0.09134,0.001234,217.4,0.003396,0.1277,0.03161,31.16,0.08886,0.2108,0.3525,0.15,0.1547,0.1309,0.1144,0.0966,0.09055,0.2006,16.33,839.9,113800,22400000,224.7,309.7,75.27,521500000,88350000,12210000,1.317E+15,800600000,110500000,2.969E+12,11.49,0.07265,0.000444,1631,0.003084,0.1179,0.567,28.32,-0.9639,0.6338,0.04745,0.09278,0.04677,0.004539,-0.05094,-0.07104,-0.03588,0.1869,24.69,1157,115500,20990000,-1419,841900,81090,-7.088E+11,-68270000000,-6575000000,1.19E+18,6.17E+11,59430000000,1.066E+15,angry
60.13,0.2664,0.000938,269.5,0.003078,0.1149,0.03573,103.9,0.5188,0.185,0.3545,0.1505,0.1966,0.1278,0.1115,0.09726,0.08522,0.1762,52.33,821.4,88530,11770000,547.6,266.5,69.44,449200000,80080000,11290000,1.136E+15,725600000,102200000,2.754E+12,31.13,0.1577,0.00045,1641,0.00326,0.1249,0.5079,61.97,-0.7995,0.6763,0.01916,0.1132,0.02331,-0.001474,-0.05748,-0.03928,4.40E-05,0.1987,39.8,1082,55850,14600000,-1504,842900,81310,-7.104E+11,-68530000000,-6610000000,1.20E+18,6.194E+11,59750000000,1.075E+15,angry
28.71,0.1378,0.000103,212.2,0.001257,0.04743,0.03726,56.63,0.1983,0.2727,0.3701,0.1862,0.1924,0.126,0.159,0.1065,0.1069,0.07901,25.69,1075,167500,31810000,261.8,327.9,34.2,553500000,55000000,5571000,1.401E+15,499000000,50500000,1.361E+12,19.48,0.1059,5.60E-05,1553,0.001022,0.03952,0.6295,44.65,-0.9028,0.5731,0.04148,0.08443,-0.01059,0.04897,-0.08196,-0.05855,-0.01934,0.07153,33.88,1605,171400,33310000,-1541,843900,81450,-7.122E+11,-68740000000,-6634000000,1.20E+18,6.213E+11,59970000000,1.081E+15,disgust
23.52,0.1225,0.000119,221.6,0.001192,0.04478,0.05336,48.93,0.1639,0.2458,0.384,0.1838,0.2106,0.1319,0.1339,0.1197,0.113,0.07059,21.37,1015,153900,29180000,238.5,304.7,35.08,514900000,54270000,5721000,1.305E+15,492000000,51850000,1.399E+12,15.34,0.08898,5.40E-05,1554,0.001057,0.04061,0.5775,36.87,-0.9299,0.5752,-0.02542,0.1116,0.04991,0.007015,-0.082,-0.07303,-0.009719,0.06894,30.15,1535,159600,30250000,-1513,845000,81540,-7.14E+11,-68900000000,-6648000000,1.21E+18,6.227E+11,60090000000,1.084E+15,disgust
25.87,0.1343,0.000171,207.5,0.001274,0.04752,0.04347,53.61,0.1787,0.2421,0.3839,0.2025,0.2118,0.1175,0.1297,0.09665,0.1123,0.07368,24.36,949.5,137600,25610000,225.2,268.4,20.56,454100000,39080000,3355000,1.152E+15,354900000,30480000,8.214E+11,17.46,0.09811,6.80E-05,1555,0.001223,0.04694,0.5732,39.96,-0.9172,0.6041,0.03846,0.08752,-0.08255,0.002414,-0.05374,-0.02257,0.02215,0.07779,28.74,1217,120000,23880000,-1443,846000,81620,-7.157E+11,-69050000000,-6661000000,1.21E+18,6.241E+11,60210000000,1.087E+15,disgust
63.18,0.2765,0.000115,222.8,0.001195,0.04481,0.05262,111.6,0.5356,0.2427,0.3777,0.191,0.238,0.1587,0.1488,0.1199,0.1065,0.07111,54.13,1004,140500,21100000,570.9,315.6,33.79,534700000,54260000,5520000,1.359E+15,490900000,49930000,1.353E+12,33.21,0.1658,5.40E-05,1562,0.001132,0.04353,0.5599,67.3,-0.7729,0.579,-0.03388,0.1053,-0.001776,0.01469,-0.0589,-0.05765,-0.008118,0.07261,44.26,1398,89240,22210000,-1587,847000,81690,-7.174E+11,-69190000000,-6673000000,1.22E+18,6.254E+11,60320000000,1.09E+15,disgust
43.52,0.2006,0.000114,230.2,0.00127,0.04766,0.0819,81.04,0.3419,0.2713,0.3826,0.2033,0.2248,0.1422,0.1366,0.1096,0.1049,0.0735,37.51,1028,155100,26370000,292.7,311.1,26.63,527600000,47690000,4355000,1.342E+15,433700000,39610000,1.068E+12,22.71,0.1223,5.30E-05,1559,0.001065,0.04089,0.5948,50.09,-0.8743,0.5816,-0.07567,0.0822,0.01204,0.01307,-0.06629,-0.03079,0.02004,0.06827,35.72,1476,129400,27350000,-1506,848100,81780,-7.192E+11,-69360000000,-6688000000,1.22E+18,6.269E+11,60450000000,1.094E+15,disgust
31.99,0.1504,0.000501,271.5,0.001895,0.07069,0.03586,53.47,0.2568,0.2086,0.3909,0.1742,0.196,0.1394,0.1171,0.1058,0.09799,0.1078,27.55,845.8,118700,21640000,195.1,329.4,83.59,559400000,97830000,13700000,1.425E+15,885400000,123900000,3.367E+12,17.91,0.1009,0.000194,1676,0.002195,0.08407,0.4696,39.08,-0.9162,0.6389,-0.0734,0.1014,-0.008144,0.01457,-0.06193,-0.06533,-0.005272,0.1351,31.81,1323,109100,20510000,-1532,849200,81950,-7.211E+11,-69590000000,-6714000000,1.23E+18,6.289E+11,60690000000,1.1E+15,happy
14.89,0.09837,0.00065,231.1,0.001806,0.06663,0.04298,34.76,0.09847,0.1874,0.3726,0.1943,0.2069,0.1593,0.1414,0.1218,0.106,0.0841,16.12,749.1,105600,20490000,120.6,305.8,64.76,520000000,80150000,10640000,1.326E+15,723300000,96080000,2.623E+12,13.18,0.08238,0.000172,1679,0.001928,0.07367,0.5427,31.57,-0.9547,0.6611,-0.05015,0.1223,0.0234,0.01083,-0.07141,-0.06804,-0.01839,0.1063,27.65,1284,119100,20660000,-1591,850300,82170,-7.23E+11,-69870000000,-6751000000,1.23E+18,6.314E+11,61020000000,1.109E+15,happy
57.97,0.2565,0.000458,256.5,0.00154,0.05684,0.03009,100.6,0.4851,0.1706,0.3896,0.1381,0.1768,0.1186,0.1157,0.1038,0.08004,0.08051,49.75,696.5,84770,8702000,376.9,278.1,56.84,473500000,71240000,9363000,1.209E+15,640500000,84300000,2.314E+12,28.38,0.1467,0.000144,1684,0.002254,0.08595,0.431,56.42,-0.8253,0.6651,-0.04549,0.1039,0.01898,0.005437,-0.03344,-0.03314,0.01731,0.1324,39.42,1188,67890,16110000,-1500,851300,82370,-7.247E+11,-70120000000,-6783000000,1.23E+18,6.337E+11,61310000000,1.117E+15,happy
82.43,0.3521,0.000295,227.5,0.001283,0.04766,0.02969,144.8,0.7147,0.1571,0.3704,0.1356,0.2108,0.147,0.1067,0.09695,0.08817,0.06919,69.68,667.8,110300,8300000,721,306,61.03,521700000,77220000,10080000,1.334E+15,696600000,90950000,2.496E+12,51.24,0.2397,9.10E-05,1635,0.001553,0.05937,0.4386,99.03,-0.6198,0.6768,-0.0548,0.1016,0.08113,0.02347,-0.04613,-0.05016,-0.007791,0.09354,59.39,1360,49500,17890000,-1776,852300,82560,-7.264E+11,-70370000000,-6816000000,1.24E+18,6.36E+11,61610000000,1.125E+15,happy
57.97,0.2565,0.000458,256.5,0.00154,0.05684,0.03009,100.6,0.4851,0.1706,0.3896,0.1381,0.1768,0.1186,0.1157,0.1038,0.08004,0.08051,49.75,696.5,84770,8702000,376.9,278.1,56.84,474600000,71460000,9406000,1.215E+15,642500000,84690000,2.335E+12,28.38,0.1467,0.000144,1684,0.002254,0.08595,0.431,56.42,-0.8253,0.6651,-0.04549,0.1039,0.01898,0.005437,-0.03344,-0.03314,0.01731,0.1324,39.42,1188,67890,16110000,-1500,853300,82750,-7.281E+11,-70610000000,-6846000000,1.24E+18,6.381E+11,61880000000,1.133E+15,happy
83.64,0.358,0.000115,257.1,0.001103,0.0412,0.04133,145.6,0.7177,0.1885,0.3246,0.1137,0.2326,0.1154,0.1337,0.09041,0.08963,0.07017,70.41,792,127000,11240000,789,260.2,24.2,444500000,42060000,4011000,1.139E+15,379300000,36180000,9.973E+11,54.18,0.2517,7.10E-05,1527,0.001259,0.04877,0.4929,104.8,-0.5942,0.6181,-0.01033,0.1334,0.04948,0.05253,-0.08344,-0.05908,-0.02931,0.08942,62.97,1525,62310,21230000,-1616,854200,82880,-7.297E+11,-70800000000,-6868000000,1.25E+18,6.399E+11,62080000000,1.138E+15,neutral
82.59,0.3544,0.000135,229.3,0.001157,0.04305,0.03562,146.6,0.7069,0.2065,0.3427,0.1064,0.2773,0.1245,0.1303,0.1015,0.1055,0.06791,69.9,913.1,132500,10840000,777.6,252.3,25.81,431500000,42830000,4282000,1.107E+15,385300000,38530000,1.065E+12,56.42,0.2676,7.60E-05,1548,0.001306,0.05055,0.5012,111.2,-0.5766,0.6065,-0.01326,0.1359,0.0205,0.05953,-0.09444,-0.07998,-0.0465,0.08995,65.57,1677,66180,23670000,-1627,855100,82950,-7.312E+11,-70930000000,-6880000000,1.25E+18,6.411E+11,62190000000,1.141E+15,neutral
72.99,0.3211,0.000176,250.3,0.001221,0.04552,0.06785,130.1,0.6238,0.2211,0.3323,0.1292,0.2484,0.1039,0.1554,0.1265,0.1106,0.07632,62.06,1094,130100,15590000,676.9,255.3,30.62,437100000,47220000,5085000,1.122E+15,422900000,45580000,1.267E+12,43.02,0.2113,8.80E-05,1553,0.001482,0.05737,0.4661,86.91,-0.6929,0.5864,-0.0245,0.1515,0.03635,0.08397,-0.09129,-0.08272,-0.01563,0.103,54.06,1632,84460,23470000,-1527,856000,83030,-7.327E+11,-71080000000,-6894000000,1.25E+18,6.424E+11,62310000000,1.145E+15,neutral
85.26,0.3704,0.000117,256.8,0.001091,0.04087,0.04823,153.4,0.7311,0.2053,0.3133,0.09903,0.2501,0.1084,0.1326,0.1004,0.09447,0.06603,72.12,1081,135000,14500000,796.8,266.6,34.54,457000000,51630000,5743000,1.175E+15,464100000,51660000,1.432E+12,57.69,0.269,6.10E-05,1551,0.001246,0.04802,0.4853,113,-0.5679,0.6089,0.01469,0.1397,0.06021,0.06251,-0.0834,-0.07532,-0.02365,0.08513,65.59,1626,61560,23220000,-1688,856900,83130,-7.343E+11,-71240000000,-6910000000,1.26E+18,6.438E+11,62460000000,1.149E+15,neutral
73.59,0.3209,0.000149,221.4,0.001206,0.04468,0.05723,130.8,0.6295,0.1958,0.3294,0.107,0.2552,0.1259,0.1464,0.09234,0.09193,0.0705,62.98,934.8,120200,13560000,633.3,238.6,30.54,409400000,45850000,5084000,1.054E+15,411400000,45660000,1.269E+12,46.26,0.225,8.40E-05,1537,0.001451,0.05613,0.4669,92.11,-0.6667,0.6164,-0.005781,0.1357,0.01965,0.03497,-0.1132,-0.05956,-0.02577,0.09972,55.48,1487,68430,20650000,-1519,857800,83230,-7.358E+11,-71390000000,-6926000000,1.26E+18,6.452E+11,62600000000,1.153E+15,neutral
68.25,0.2957,5.30E-05,233.4,0.000812,0.03027,0.05686,120.7,0.5829,0.1833,0.3377,0.1301,0.2491,0.1149,0.1251,0.1151,0.0853,0.04343,57.84,744.6,120700,13540000,547.3,310.3,30.91,532900000,52100000,5150000,1.373E+15,469500000,46420000,1.287E+12,35,0.1685,3.40E-05,1539,0.000894,0.03405,0.5526,71.33,-0.7516,0.5953,-0.03073,0.1059,0.07632,0.07498,-0.04332,-0.08885,-0.04749,0.05633,46.26,1430,92320,22950000,-1581,858700,83320,-7.374E+11,-71550000000,-6942000000,1.27E+18,6.466E+11,62740000000,1.157E+15,sad
69.55,0.3022,3.90E-05,207.4,0.000801,0.02978,0.04543,123.8,0.5939,0.1922,0.3356,0.1207,0.255,0.1241,0.1247,0.1103,0.08857,0.04021,59.49,778,120600,14390000,578.4,320.7,36.98,551500000,58410000,6170000,1.423E+15,527600000,55730000,1.544E+12,37.6,0.1826,2.30E-05,1549,0.000892,0.03419,0.5031,76.41,-0.7333,0.5976,0.008385,0.124,0.06157,0.05666,-0.04862,-0.08042,-0.05063,0.05617,47.49,1376,84670,22280000,-1605,859800,83420,-7.393E+11,-71730000000,-6959000000,1.27E+18,6.482E+11,62890000000,1.161E+15,sad
80.79,0.3467,4.80E-05,198.5,0.000803,0.02975,0.06994,143.2,0.6929,0.1897,0.3358,0.1077,0.2529,0.1156,0.1369,0.1146,0.08955,0.03895,69.17,810.7,129000,14030000,721.9,338.6,38.91,583100000,61660000,6501000,1.506E+15,557000000,58720000,1.629E+12,48.08,0.2241,2.60E-05,1545,0.000897,0.03427,0.5088,93.81,-0.6409,0.5987,0.0138,0.1138,0.09043,0.08045,-0.05565,-0.0768,-0.03431,0.05286,56.02,1380,67710,22000000,-1716,861000,83540,-7.413E+11,-71920000000,-6977000000,1.28E+18,6.5E+11,63060000000,1.166E+15,sad
82.24,0.3532,7.60E-05,203,0.000881,0.03272,0.03442,143,0.7058,0.1751,0.3357,0.1081,0.2689,0.1241,0.1301,0.1254,0.1074,0.05014,69.85,714.2,127100,12270000,733.8,313.7,29.5,540900000,51470000,4934000,1.399E+15,464900000,44560000,1.238E+12,51.77,0.2424,4.00E-05,1566,0.000893,0.03447,0.5526,98.88,-0.6147,0.635,-0.01793,0.1237,0.08923,0.06883,-0.0886,-0.1003,-0.05331,0.0598,59.72,1440,65580,22150000,-1704,862100,83630,-7.432E+11,-72100000000,-6994000000,1.28E+18,6.516E+11,63210000000,1.17E+15,sad
86.07,0.3699,6.90E-05,213.2,0.000948,0.03535,0.03829,152.8,0.7401,0.1656,0.3212,0.1419,0.261,0.1261,0.1469,0.1035,0.09464,0.04904,72.77,726.1,125500,10150000,803.4,321.7,34.44,555500000,56490000,5767000,1.438E+15,510200000,52080000,1.448E+12,55.5,0.2556,3.40E-05,1539,0.000985,0.03781,0.5123,107.5,-0.5788,0.6142,-0.04227,0.1238,0.1207,0.08516,-0.07157,-0.0798,-0.04981,0.06161,63.97,1505,56680,21350000,-1739,863200,83720,-7.451E+11,-72270000000,-7009000000,1.29E+18,6.531E+11,63350000000,1.174E+15,sad
15.76,0.1031,0.000744,274.1,0.00244,0.09229,0.0798,31.82,0.108,0.351,0.3243,0.1844,0.1702,0.1415,0.1303,0.1176,0.1117,0.1691,20,1531,181500,35630000,300.5,421.7,82.89,729100000,106800000,13910000,1.891E+15,966200000,125800000,3.5E+12,13.56,0.08499,0.00032,1631,0.00249,0.09612,0.5303,32.37,-0.9562,0.5577,0.04311,0.07087,-0.1085,-0.01288,-0.04972,-0.04097,-0.009069,0.1751,31.45,1793,183500,33370000,-1424,864500,83910,-7.473E+11,-72540000000,-7040000000,1.29E+18,6.555E+11,63630000000,1.181E+15,angry
14.95,0.1075,0.000458,268.5,0.002426,0.0918,0.0586,30.52,0.1089,0.289,0.3393,0.2031,0.1584,0.1418,0.119,0.1063,0.113,0.1632,18.31,1287,167000,33120000,317.8,454,75.74,786300000,103500000,12740000,2.043E+15,936000000,115200000,3.215E+12,12.68,0.08154,0.000238,1599,0.002309,0.08885,0.5425,30.03,-0.9579,0.5597,0.06632,0.08103,-0.07868,0.01963,-0.04256,-0.03274,-0.0181,0.1578,29.93,1764,191700,35220000,-1430,866000,84120,-7.5E+11,-72850000000,-7075000000,1.30E+18,6.583E+11,63950000000,1.19E+15,angry
11.87,0.08742,0.000657,285,0.002383,0.09018,0.06362,25.18,0.07677,0.4196,0.272,0.1822,0.1561,0.134,0.1256,0.1216,0.09858,0.1594,15.89,1713,215600,42540000,337.7,472.3,64.91,819600000,95940000,10940000,2.133E+15,866600000,98870000,2.768E+12,11.34,0.07257,0.000278,1644,0.002346,0.09019,0.491,28.13,-0.9672,0.5096,0.06472,0.0873,-0.06981,-0.02966,-0.04644,-0.03722,-0.03067,0.1591,29.33,1874,206700,37390000,-1412,867600,84300,-7.527E+11,-73140000000,-7106000000,1.31E+18,6.61E+11,64220000000,1.198E+15,angry
13.87,0.09074,0.000534,284.6,0.002555,0.09723,0.1103,28.6,0.0964,0.3469,0.3602,0.2025,0.1615,0.1177,0.121,0.1053,0.09826,0.1816,16.17,1483,201000,39610000,354.5,509.5,73.12,885800000,106100000,12360000,2.31E+15,959800000,111800000,3.132E+12,13.81,0.08794,0.000274,1609,0.002347,0.09038,0.5237,33.79,-0.9577,0.5899,0.03857,0.009362,-0.1149,-0.05189,-0.05494,-0.03723,-0.001276,0.1678,31.06,1786,198600,36330000,-1436,869300,84500,-7.557E+11,-73460000000,-7140000000,1.31E+18,6.639E+11,64530000000,1.207E+15,angry
12.05,0.07897,0.000328,296.2,0.002133,0.08081,0.05399,25.39,0.07436,0.4153,0.2986,0.2068,0.1461,0.1432,0.1215,0.1063,0.1099,0.1439,16.02,1605,206900,40890000,324.3,484.2,50.65,843400000,84850000,8574000,2.204E+15,765800000,77410000,2.177E+12,11.24,0.06886,0.000192,1605,0.002057,0.07907,0.5488,27.6,-0.968,0.52,0.01979,0.05657,-0.06048,-0.03043,-0.07417,-0.05567,-0.01756,0.1415,29.08,1774,194300,35300000,-1402,871000,84640,-7.587E+11,-73720000000,-7163000000,1.32E+18,6.663E+11,64740000000,1.213E+15,angry
73.15,0.322,6.90E-05,225.6,0.000763,0.02864,0.07174,129,0.6306,0.2156,0.2156,0.1775,0.2152,0.1706,0.1342,0.1271,0.111,0.05039,61.89,974.2,164700,21530000,639.1,395.8,47.95,690800000,74920000,8132000,1.808E+15,680300000,73770000,2.068E+12,50.39,0.2458,3.10E-05,1551,0.000645,0.02522,0.5865,98.28,-0.6474,0.6273,0.1296,0.1485,-0.04308,0.05097,-0.08558,0.007278,-0.05666,0.0497,61.94,1967,136600,32770000,-1885,872500,84800,-7.613E+11,-73990000000,-7190000000,1.33E+18,6.687E+11,64990000000,1.219E+15,disgust
66,0.2886,8.70E-05,218.8,0.000866,0.03239,0.0692,116.7,0.5654,0.2373,0.2433,0.177,0.2117,0.1246,0.1716,0.1118,0.1678,0.05465,57.28,1174,144200,19650000,567.7,326,44.63,569600000,66400000,7580000,1.493E+15,602500000,68720000,1.931E+12,43.17,0.2139,4.60E-05,1556,0.000877,0.03414,0.5398,86,-0.7067,0.6092,0.08134,0.1286,-0.03811,0.0649,-0.08468,-0.02748,-0.1118,0.06267,55.38,1826,116900,27730000,-1746,873800,84930,-7.635E+11,-74210000000,-7212000000,1.33E+18,6.707E+11,65190000000,1.225E+15,disgust
29.38,0.1484,0.000136,209.5,0.001058,0.03966,0.07512,57.18,0.2157,0.2827,0.2793,0.2445,0.1693,0.19,0.1505,0.1448,0.115,0.06723,28.52,1261,165500,31270000,205,382.3,46.22,669000000,72660000,7863000,1.756E+15,659300000,71300000,2.006E+12,22.86,0.1272,5.70E-05,1558,0.000822,0.03226,0.6125,52.89,-0.8872,0.5951,0.03583,0.1031,-0.03738,0.02023,-0.0759,-0.03655,-0.06647,0.06253,41.21,2046,199000,37140000,-1665,875000,85060,-7.656E+11,-74430000000,-7235000000,1.34E+18,6.727E+11,65390000000,1.231E+15,disgust
31.84,0.1709,9.20E-05,234.9,0.000973,0.03676,0.05265,62.98,0.2439,0.2536,0.2647,0.262,0.1671,0.1667,0.1859,0.1574,0.1442,0.07,30.15,1197,150500,26740000,235.5,377.1,53.33,661000000,78470000,9087000,1.738E+15,712900000,82470000,2.322E+12,22.88,0.1321,4.80E-05,1561,0.000895,0.03503,0.576,50.9,-0.8793,0.5583,0.01728,0.1109,-0.1201,0.01741,-0.05058,0.02929,-0.03085,0.07049,40.85,2106,193500,36850000,-1597,876300,85200,-7.679E+11,-74670000000,-7259000000,1.35E+18,6.748E+11,65610000000,1.237E+15,disgust
58.36,0.2654,0.000119,219.6,0.000931,0.03461,0.05339,104.3,0.4966,0.2499,0.3079,0.2175,0.1964,0.1574,0.09763,0.1395,0.1039,0.05945,51.58,1173,137100,20420000,475.2,339.3,41.35,595500000,65010000,7056000,1.568E+15,589300000,63920000,1.806E+12,39.11,0.2042,6.20E-05,1530,0.000902,0.03531,0.5817,77.43,-0.754,0.6522,0.03132,0.08936,-0.03921,0.006623,-0.06627,0.01567,-0.03014,0.06757,50.77,1696,114600,26400000,-1690,877600,85340,-7.701E+11,-74890000000,-7281000000,1.35E+18,6.768E+11,65810000000,1.243E+15,disgust
87.16,0.3774,0.000183,200.4,0.001379,0.05139,0.06319,154.6,0.7479,0.2515,0.2693,0.1389,0.2274,0.1324,0.1366,0.1091,0.09691,0.08503,74.1,1181,163600,18760000,849.7,331.2,42.05,582100000,64680000,7186000,1.535E+15,588500000,65300000,1.842E+12,64.93,0.2994,0.000109,1554,0.001301,0.0506,0.5252,123,-0.5037,0.5771,0.07203,0.1492,0.05517,0.07302,-0.07208,-0.03224,-0.0335,0.08922,72.12,1806,68270,27250000,-1855,878700,85460,-7.721E+11,-75100000000,-7303000000,1.36E+18,6.787E+11,66010000000,1.248E+15,happy
33.3,0.1741,0.000289,241.7,0.001763,0.06518,0.06041,68.22,0.2648,0.3031,0.2948,0.2275,0.1857,0.1444,0.1614,0.1187,0.1263,0.08508,33.84,1471,171900,30330000,226.3,285,33.68,501500000,53690000,5764000,1.324E+15,488000000,52330000,1.479E+12,21.31,0.1214,0.000148,1548,0.001643,0.0632,0.5536,48.24,-0.8812,0.5882,0.08356,0.01193,-0.09111,-0.04558,-0.1314,-0.0346,-0.01163,0.09968,35.18,1652,144500,30700000,-1468,879800,85570,-7.74E+11,-75280000000,-7321000000,1.36E+18,6.804E+11,66170000000,1.253E+15,happy
28.84,0.1557,0.000284,245.6,0.001588,0.05893,0.05961,57.53,0.213,0.2505,0.3175,0.2047,0.1565,0.1483,0.1379,0.1248,0.1256,0.08236,30.19,1328,159000,29030000,222.4,314.7,50.7,554500000,71280000,8687000,1.465E+15,646500000,78720000,2.233E+12,18.94,0.1068,0.000111,1567,0.00146,0.05613,0.5532,44.23,-0.8993,0.521,0.065,0.05849,-0.06284,0.03047,-0.06809,-0.05412,-0.05087,0.0881,37.14,1937,179700,35060000,-1573,880800,85690,-7.758E+11,-75480000000,-7342000000,1.37E+18,6.821E+11,66360000000,1.258E+15,happy
43.77,0.2011,0.00016,232.9,0.001137,0.04225,0.08971,84.13,0.3443,0.3949,0.2852,0.1519,0.1902,0.1367,0.1394,0.1176,0.1015,0.06519,39.43,1786,226600,40340000,285.5,335.4,43.31,591600000,66360000,7432000,1.565E+15,602100000,67370000,1.913E+12,25.3,0.1232,6.60E-05,1557,0.001076,0.04154,0.5382,57.55,-0.848,0.416,0.1403,0.1206,-0.03754,0.03462,-0.05726,-0.009248,-0.026,0.06799,42.8,2315,214300,44520000,-1620,882000,85820,-7.778E+11,-75690000000,-7364000000,1.37E+18,6.84E+11,66560000000,1.264E+15,happy
33.3,0.1741,0.000289,241.7,0.001763,0.06518,0.06041,68.22,0.2648,0.3031,0.2948,0.2275,0.1857,0.1444,0.1614,0.1187,0.1263,0.08508,33.84,1471,171900,30330000,226.3,285,33.68,503400000,53900000,5787000,1.333E+15,489900000,52550000,1.492E+12,21.31,0.1214,0.000148,1548,0.001643,0.0632,0.5536,48.24,-0.8812,0.5882,0.08356,0.01193,-0.09111,-0.04558,-0.1314,-0.0346,-0.01163,0.09968,35.18,1652,144500,30700000,-1468,883000,85920,-7.797E+11,-75870000000,-7381000000,1.38E+18,6.857E+11,66720000000,1.268E+15,happy
66.06,0.292,8.10E-05,262.5,0.000876,0.03258,0.02719,112.4,0.5562,0.2565,0.2527,0.1754,0.2398,0.162,0.1403,0.1327,0.1233,0.0494,55.36,1086,154900,19510000,591.3,298.4,24.56,527500000,46770000,4223000,1.399E+15,425100000,38370000,1.089E+12,38.37,0.1849,3.80E-05,1545,0.000835,0.03233,0.5304,74.73,-0.7463,0.5202,0.03831,0.2138,-0.03189,0.02751,-0.05729,0.008577,-0.04327,0.05553,53.16,2076,155400,33710000,-1662,884000,86000,-7.815E+11,-76030000000,-7395000000,1.38E+18,6.871E+11,66840000000,1.272E+15,neutral
25.48,0.1563,9.20E-05,221.3,0.000997,0.03713,0.04954,50.61,0.1769,0.3953,0.2315,0.2111,0.1849,0.134,0.1354,0.1539,0.1211,0.05536,27,1593,210000,40160000,270.3,336.6,27.06,595900000,52080000,4657000,1.582E+15,473100000,42280000,1.202E+12,17.32,0.1041,3.80E-05,1559,0.000879,0.03399,0.5589,41.29,-0.9147,0.3377,0.1386,0.2018,-0.04209,0.0519,-0.02894,0.02257,-0.05354,0.05693,38.13,2567,273700,51210000,-1570,885100,86070,-7.834E+11,-76180000000,-7407000000,1.39E+18,6.885E+11,66950000000,1.275E+15,neutral
26.42,0.1479,6.50E-05,245.3,0.000675,0.02506,0.0423,52.57,0.179,0.3481,0.2846,0.1955,0.1677,0.1508,0.1257,0.1254,0.1362,0.04095,27.14,1473,185600,35340000,242.3,327.8,18.97,581000000,44500000,3266000,1.545E+15,403300000,29610000,8.438E+11,17.96,0.1016,2.80E-05,1546,0.000659,0.02575,0.5352,42.02,-0.9121,0.3667,0.08068,0.2674,-0.05872,-0.00742,-0.01512,0.03858,-0.08308,0.04682,39.6,2517,254800,46630000,-1576,886300,86120,-7.855E+11,-76330000000,-7416000000,1.39E+18,6.898E+11,67030000000,1.277E+15,neutral
80.15,0.3482,8.10E-05,210.8,0.000883,0.0328,0.04524,143.2,0.6863,0.1983,0.2348,0.1272,0.2531,0.1389,0.1261,0.1079,0.1155,0.05099,67.43,926.1,154300,13840000,724,306,17.42,543100000,41210000,3001000,1.446E+15,373800000,27230000,7.758E+11,51.41,0.2462,4.20E-05,1532,0.000912,0.03531,0.5067,100.9,-0.6176,0.5257,0.09594,0.2023,-0.01953,0.058,-0.03981,-0.01102,-0.07749,0.06224,63.02,1984,124000,31980000,-1664,887400,86170,-7.874E+11,-76460000000,-7424000000,1.40E+18,6.91E+11,67100000000,1.279E+15,neutral
28.95,0.1622,8.40E-05,232.6,0.000851,0.03151,0.04058,58.02,0.2007,0.3361,0.226,0.1678,0.1909,0.1179,0.1125,0.1105,0.1059,0.04799,28.87,1489,176500,33350000,227.1,301.9,25.41,536500000,48240000,4381000,1.43E+15,438100000,39780000,1.133E+12,18.91,0.1031,4.30E-05,1518,0.000906,0.03519,0.5219,42.34,-0.9049,0.4233,0.1043,0.2458,-0.0315,0.006002,-0.03855,0.03964,-0.07492,0.0617,37.69,2213,218200,40110000,-1502,888400,86230,-7.893E+11,-76610000000,-7434000000,1.40E+18,6.923E+11,67190000000,1.282E+15,neutral
89.34,0.3835,2.40E-05,223.7,0.00047,0.01737,0.04847,156.7,0.7662,0.2447,0.1803,0.1416,0.2196,0.1138,0.1144,0.1073,0.1264,0.02423,73.92,991.6,187800,18350000,823,345.4,5.658,614400000,33750000,976000,1.64E+15,305000000,8802000,2.525E+11,58.14,0.2635,1.20E-05,1517,0.000496,0.01909,0.4936,109.7,-0.5468,0.4025,0.08398,0.201,0.08011,0.06868,-0.0385,0.03146,-0.03734,0.03009,69.76,2197,148700,38960000,-1858,889600,86260,-7.913E+11,-76730000000,-7440000000,1.41E+18,6.935E+11,67240000000,1.283E+15,sad
84.35,0.3636,1.40E-05,229.6,0.000383,0.01411,0.04025,148.6,0.7195,0.2507,0.2019,0.1467,0.2396,0.1063,0.1191,0.1021,0.1278,0.01983,70.23,1053,182500,18700000,737.4,349.1,10.78,622000000,38720000,1859000,1.662E+15,351400000,16910000,4.812E+11,52.22,0.2458,7.00E-06,1511,0.000436,0.01677,0.4684,101,-0.6009,0.4258,0.09888,0.2014,0.03124,0.06916,-0.04816,-0.000935,-0.02635,0.02743,64.78,2188,154900,38880000,-1813,890800,86280,-7.934E+11,-76860000000,-7444000000,1.41E+18,6.946E+11,67280000000,1.285E+15,sad
73.21,0.3248,2.90E-05,242.6,0.000479,0.01764,0.0818,129.5,0.6177,0.2468,0.2123,0.1326,0.2322,0.1224,0.1429,0.1209,0.1193,0.02794,62.57,1012,153200,15440000,619,350.9,12.99,626000000,41180000,2241000,1.675E+15,372100000,20240000,5.803E+11,40.36,0.1991,1.70E-05,1534,0.000595,0.02294,0.5041,77.95,-0.7059,0.4391,0.09677,0.194,0.002967,0.03077,-0.04258,0.00466,-0.05842,0.03916,54.15,2038,154700,36810000,-1650,892000,86310,-7.956E+11,-76990000000,-7449000000,1.42E+18,6.958E+11,67330000000,1.286E+15,sad
73.34,0.318,2.50E-05,209.1,0.000412,0.0152,0.05216,129.2,0.624,0.2625,0.2221,0.1671,0.2182,0.114,0.1305,0.1107,0.1326,0.02,61.4,1050,184000,23050000,666,333.4,5.118,595500000,32270000,883500,1.596E+15,291300000,7971000,2.288E+11,37.38,0.174,1.00E-05,1537,0.000513,0.01959,0.4422,72.23,-0.7204,0.3637,0.08651,0.1757,0.05614,0.07952,-0.02932,0.03018,-0.01872,0.02923,53.41,2284,201300,43760000,-1712,893200,86330,-7.977E+11,-77100000000,-7452000000,1.43E+18,6.968E+11,67350000000,1.287E+15,sad
95.85,0.4101,1.80E-05,208.3,0.000378,0.01398,0.0708,167.6,0.8213,0.2245,0.2108,0.1663,0.2539,0.1203,0.1221,0.09353,0.1064,0.02063,78,769.9,196800,15330000,887.4,377.2,3.959,674600000,35440000,683400,1.81E+15,320400000,6187000,1.77E+11,69.51,0.3153,9.00E-06,1517,0.000385,0.01476,0.4867,130,-0.448,0.436,0.07408,0.2055,0.06393,0.07324,-0.04536,-0.01592,-0.01015,0.02476,80.43,2284,132600,38500000,-1986,894400,86340,-7.999E+11,-77220000000,-7453000000,1.43E+18,6.979E+11,67370000000,1.287E+15,sad
63.03,0.2769,0.000922,273.8,0.003185,0.1224,0.0543,111.8,0.5333,0.1986,0.3069,0.1847,0.2018,0.1308,0.1593,0.1199,0.1137,0.2652,54.42,960.9,103500,12710000,566.9,298.5,76.74,534700000,94400000,13270000,1.437E+15,856400000,120200000,3.443E+12,37.24,0.1896,0.000458,1681,0.00305,0.1192,0.6196,72.92,-0.7622,0.6859,-0.08131,0.03373,-0.08604,0.01175,0.04579,0.06328,-0.02197,0.2466,47.95,1350,65400,18100000,-1500,895500,86480,-8.02E+11,-77450000000,-7478000000,1.44E+18,6.999E+11,67590000000,1.293E+15,angry
19.68,0.1255,0.0007,307.9,0.002976,0.1141,0.03268,42.61,0.1503,0.2417,0.3219,0.2002,0.1421,0.1199,0.1398,0.1094,0.1013,0.2466,20.89,1104,134800,26420000,225.1,315,93.61,564800000,111100000,16240000,1.519E+15,1006000000,146900000,4.224E+12,17.53,0.108,0.000391,1678,0.002925,0.1146,0.6189,39.02,-0.9328,0.6831,-0.04171,0.02943,-0.136,-0.01216,0.05078,0.05337,0.009778,0.2437,32.13,1411,127300,23470000,-1448,896600,86740,-8.039E+11,-77770000000,-7522000000,1.44E+18,7.028E+11,67990000000,1.305E+15,angry
18.25,0.1148,0.00087,287.1,0.002942,0.1131,0.07192,38.77,0.1351,0.2235,0.3605,0.1632,0.1557,0.1356,0.1393,0.1005,0.09914,0.2465,20.37,1029,128500,24980000,217,325.1,78.25,583700000,98220000,13610000,1.572E+15,891100000,123300000,3.553E+12,15.16,0.0964,0.000416,1653,0.002713,0.1064,0.6278,34.59,-0.9433,0.6676,-0.0548,0.004539,-0.1099,0.03193,0.01942,0.02418,-0.01222,0.2243,31.06,1435,134900,25200000,-1393,897700,87000,-8.059E+11,-78100000000,-7568000000,1.45E+18,7.058E+11,68410000000,1.317E+15,angry
20.28,0.1238,0.001189,270.5,0.003141,0.1206,0.04591,43.09,0.1549,0.3836,0.3698,0.2381,0.158,0.1392,0.1334,0.1149,0.1234,0.2596,22.88,1713,203000,39640000,288.3,327.5,90.5,588800000,109700000,15790000,1.588E+15,995300000,143100000,4.132E+12,17.63,0.1062,0.000548,1643,0.002843,0.1117,0.62,39.5,-0.9305,0.6371,-0.08346,0.006412,-0.134,0.02207,0.04269,0.03393,0.002676,0.2415,33.54,1626,150200,29140000,-1491,898800,87250,-8.079E+11,-78420000000,-7612000000,1.45E+18,7.088E+11,68800000000,1.328E+15,angry
20.69,0.112,0.001064,267.1,0.003549,0.1354,0.04884,42.34,0.1553,0.3179,0.353,0.198,0.1432,0.1288,0.1364,0.1002,0.1179,0.272,21.19,1387,185700,36320000,264.8,341.9,95.67,615400000,115800000,16740000,1.662E+15,1050000000,151700000,4.396E+12,17.38,0.1029,0.000551,1657,0.003435,0.1338,0.6118,38.18,-0.9342,0.6891,-0.05875,-0.01147,-0.1463,-0.006486,0.03386,0.03678,-0.002775,0.2781,31.72,1425,139200,26310000,-1458,900000,87530,-8.1E+11,-78770000000,-7660000000,1.46E+18,7.119E+11,69240000000,1.341E+15,angry
21.05,0.1106,0.000143,242.3,0.001216,0.04661,0.04742,43.08,0.1443,0.2634,0.3201,0.1837,0.1469,0.1348,0.1672,0.09825,0.1085,0.1049,20.39,955,136200,26810000,211.4,374.5,52.75,675000000,80120000,9254000,1.825E+15,726400000,83840000,2.435E+12,15.74,0.09205,9.00E-05,1581,0.001296,0.05098,0.546,35.19,-0.9384,0.6282,-0.06682,0.003951,-0.08933,0.05523,0.03838,0.04213,-0.005192,0.1079,32.26,1549,156200,28390000,-1451,901200,87730,-8.122E+11,-79070000000,-7696000000,1.46E+18,7.146E+11,69570000000,1.35E+15,disgust
21.9,0.1305,0.000281,262.6,0.001852,0.07033,0.05958,46.36,0.1666,0.2224,0.3033,0.2031,0.1699,0.133,0.1546,0.09438,0.1009,0.1398,22.77,1021,106300,20140000,180.2,350.2,68.26,632000000,92300000,12000000,1.711E+15,834100000,108400000,3.164E+12,16.29,0.09711,0.000151,1632,0.001916,0.07464,0.5721,37.84,-0.9317,0.6451,-0.0605,0.01949,-0.1033,0.03314,0.03491,0.05231,-0.000645,0.1505,31.43,1416,121700,22710000,-1406,902500,87900,-8.145E+11,-79330000000,-7726000000,1.47E+18,7.17E+11,69830000000,1.358E+15,disgust
22.5,0.1198,0.000279,234.5,0.001771,0.06734,0.03568,46.24,0.1626,0.2568,0.3375,0.1782,0.1581,0.132,0.1454,0.09748,0.1085,0.1387,22.3,979.8,125200,24240000,205,368.3,70.71,665700000,96000000,12460000,1.805E+15,869000000,112700000,3.293E+12,15.4,0.08595,0.000166,1619,0.001893,0.07386,0.5302,34.59,-0.9363,0.6316,-0.0601,0.004455,-0.06169,0.03848,0.01594,0.03216,-0.000455,0.1489,29.37,1326,127600,24090000,-1405,903700,88110,-8.167E+11,-79630000000,-7763000000,1.48E+18,7.197E+11,70170000000,1.368E+15,disgust
21.02,0.1166,0.000324,287.1,0.001905,0.07291,0.03539,43.35,0.1484,0.2401,0.3405,0.1995,0.136,0.1194,0.1636,0.0977,0.08776,0.1588,21.33,1061,127400,24790000,232,352.5,60.75,638000000,85930000,10730000,1.732E+15,779500000,97220000,2.841E+12,16.96,0.1,0.000189,1630,0.002152,0.08431,0.5292,38.18,-0.9342,0.6725,-0.08337,-0.006057,-0.09561,0.04261,0.05634,0.06206,-0.0092,0.1783,31.95,1415,128700,23560000,-1379,905000,88300,-8.19E+11,-79910000000,-7796000000,1.48E+18,7.222E+11,70460000000,1.377E+15,disgust
21.9,0.1305,0.000281,262.6,0.001852,0.07033,0.05958,46.36,0.1666,0.2224,0.3033,0.2031,0.1699,0.133,0.1546,0.09438,0.1009,0.1398,22.77,1021,106300,20140000,180.2,350.2,68.26,634600000,92750000,12080000,1.725E+15,838200000,109200000,3.206E+12,16.29,0.09711,0.000151,1632,0.001916,0.07464,0.5721,37.84,-0.9317,0.6451,-0.0605,0.01949,-0.1033,0.03314,0.03491,0.05231,-0.000645,0.1505,31.43,1416,121700,22710000,-1406,906200,88480,-8.212E+11,-80180000000,-7828000000,1.49E+18,7.247E+11,70760000000,1.385E+15,disgust
21.86,0.1053,0.000449,255.7,0.001475,0.05685,0.09438,43.13,0.1528,0.2452,0.3214,0.2151,0.1817,0.1431,0.1637,0.1261,0.1253,0.1298,20.96,899.7,124900,24550000,230.5,391.6,55.52,710800000,84930000,9845000,1.935E+15,770000000,89200000,2.619E+12,15.66,0.08619,0.000156,1632,0.00158,0.06199,0.478,36.66,-0.9367,0.616,-0.1218,0.03074,-0.09676,0.02448,0.05247,0.07367,0.001779,0.1313,31.71,1497,147700,26540000,-1406,907500,88670,-8.235E+11,-80460000000,-7861000000,1.50E+18,7.272E+11,71060000000,1.394E+15,happy
18.32,0.1004,0.000438,257.3,0.001658,0.0641,0.0751,37.47,0.123,0.2576,0.3542,0.1634,0.164,0.1549,0.1423,0.1131,0.1269,0.1531,19.01,1021,123900,24390000,225.9,353.6,58.96,642700000,84800000,10480000,1.752E+15,767000000,94720000,2.792E+12,14.85,0.08531,0.000241,1615,0.002072,0.08105,0.4613,33.12,-0.9472,0.6261,-0.1096,0.008652,-0.06934,0.05634,0.04087,0.06781,-0.004639,0.1716,29.89,1399,131700,23910000,-1345,908800,88840,-8.258E+11,-80740000000,-7892000000,1.50E+18,7.297E+11,71340000000,1.402E+15,happy
20.78,0.1099,0.000238,255.2,0.001523,0.05867,0.08637,42.61,0.148,0.2499,0.3343,0.1999,0.1579,0.1421,0.1571,0.09913,0.1253,0.1355,20.2,1068,144000,27750000,245,360.1,51.73,655300000,78880000,9207000,1.789E+15,715100000,83410000,2.458E+12,15.6,0.09117,0.000141,1611,0.001628,0.06389,0.495,37.27,-0.9371,0.6132,-0.1263,-0.01973,-0.09667,0.06251,0.07199,0.07752,-0.01704,0.1379,32.78,1606,154600,28260000,-1391,910000,89000,-8.281E+11,-80990000000,-7920000000,1.51E+18,7.32E+11,71590000000,1.41E+15,happy
53.82,0.239,0.000312,239.1,0.001387,0.05345,0.08586,94.93,0.4481,0.2513,0.3446,0.1989,0.1953,0.1328,0.152,0.1148,0.1081,0.1234,46.43,1032,125600,19570000,476.9,380.6,52.4,693700000,81580000,9342000,1.896E+15,736900000,84400000,2.498E+12,29.11,0.1518,0.000157,1590,0.001518,0.0595,0.5192,58.66,-0.8241,0.6155,-0.1393,0.03413,-0.04565,0.04099,0.01944,0.05115,0.02692,0.124,41.55,1398,91650,21080000,-1475,911300,89150,-8.304E+11,-81240000000,-7946000000,1.51E+18,7.342E+11,71820000000,1.417E+15,happy
18.32,0.1004,0.000438,257.3,0.001658,0.0641,0.0751,37.47,0.123,0.2576,0.3542,0.1634,0.164,0.1549,0.1423,0.1131,0.1269,0.1531,19.01,1021,123900,24390000,225.9,353.6,58.96,645400000,85190000,10530000,1.767E+15,770500000,95230000,2.822E+12,14.85,0.08531,0.000241,1615,0.002072,0.08105,0.4613,33.12,-0.9472,0.6261,-0.1096,0.008652,-0.06934,0.05634,0.04087,0.06781,-0.004639,0.1716,29.89,1399,131700,23910000,-1345,912500,89320,-8.327E+11,-81510000000,-7978000000,1.52E+18,7.367E+11,72110000000,1.425E+15,happy
21.63,0.1185,0.000298,250.7,0.001293,0.04963,0.03399,44.56,0.1582,0.2095,0.3444,0.1799,0.1918,0.1248,0.1058,0.09878,0.1051,0.1082,20.88,939.7,126400,24320000,202.5,336.8,42.83,615600000,69030000,7663000,1.687E+15,626300000,69480000,2.057E+12,16.91,0.1015,0.000112,1632,0.001348,0.05285,0.6103,38.99,-0.9324,0.6905,-0.08773,0.008062,-0.1034,0.007612,-0.02084,-0.009944,0.004761,0.1133,31.4,1361,123600,23200000,-1397,913700,89470,-8.349E+11,-81760000000,-8005000000,1.53E+18,7.389E+11,72350000000,1.432E+15,neutral
20.62,0.1229,0.000368,258.7,0.001554,0.0603,0.05042,44.36,0.1514,0.2294,0.3134,0.1694,0.1792,0.1537,0.1794,0.1188,0.1309,0.1477,21.18,933.9,114900,22180000,210.3,325.2,46.84,595000000,71850000,8392000,1.633E+15,650600000,75960000,2.256E+12,16.76,0.1013,0.000182,1634,0.001707,0.06758,0.5575,38.36,-0.9324,0.6464,-0.08927,0.06195,-0.1598,0.02957,0.04616,0.05691,0.008697,0.1544,32.5,1469,131300,23930000,-1360,914900,89600,-8.37E+11,-81980000000,-8028000000,1.53E+18,7.409E+11,72560000000,1.439E+15,neutral
22.97,0.1167,0.000431,272.6,0.001599,0.06219,0.06037,46.61,0.1703,0.2093,0.3127,0.2111,0.1763,0.1394,0.1587,0.1035,0.1109,0.1496,21.21,908.5,124500,23960000,229.3,338,42.74,619200000,69240000,7671000,1.702E+15,628000000,69530000,2.065E+12,18.47,0.108,0.000159,1597,0.001558,0.06194,0.5993,42.4,-0.9231,0.6646,-0.1339,0.03075,-0.156,0.04147,0.0648,0.06044,-0.007622,0.1465,35.32,1595,146500,26330000,-1393,916000,89740,-8.391E+11,-82210000000,-8053000000,1.54E+18,7.43E+11,72790000000,1.445E+15,neutral
22.51,0.12,0.000235,242.7,0.001452,0.05522,0.06995,46.82,0.1644,0.235,0.2978,0.1907,0.1723,0.1282,0.1513,0.1046,0.1112,0.1158,22.03,924.3,113700,21900000,186.1,338.1,43.69,620100000,70160000,7853000,1.706E+15,636500000,71200000,2.117E+12,15.61,0.08733,0.000114,1602,0.001582,0.06177,0.5541,34.54,-0.9364,0.6323,-0.01019,0.08167,-0.1093,0.03523,0.03793,0.04133,-0.006752,0.1252,30.37,1400,133100,24150000,-1374,917200,89880,-8.413E+11,-82430000000,-8077000000,1.54E+18,7.45E+11,73000000000,1.452E+15,neutral
22.59,0.1196,0.000297,246.9,0.001265,0.04864,0.05875,46.08,0.1627,0.2479,0.3139,0.1903,0.1667,0.1364,0.162,0.1052,0.1375,0.1093,22.79,1056,136100,25900000,203.3,317.3,37.06,582800000,62290000,6670000,1.606E+15,566300000,60590000,1.801E+12,15.96,0.0889,0.000122,1609,0.001369,0.05372,0.526,36.28,-0.9331,0.6224,-0.03857,0.01088,-0.1083,0.03318,0.05413,0.04901,-0.02557,0.114,31.39,1472,142700,26770000,-1399,918300,89990,-8.433E+11,-82640000000,-8098000000,1.55E+18,7.469E+11,73190000000,1.457E+15,neutral
77.23,0.332,6.80E-05,221.8,0.000758,0.02866,0.07959,137.1,0.6641,0.1874,0.2845,0.1553,0.2184,0.1188,0.1634,0.1086,0.1075,0.05726,65.05,820,118800,11130000,736.9,363,23.56,667600000,54130000,4244000,1.842E+15,490200000,38460000,1.147E+12,43.7,0.2056,3.80E-05,1576,0.000995,0.03854,0.4393,85.6,-0.6806,0.6317,-0.06163,-0.001714,-0.04985,0.03311,0.008118,0.06273,0.03099,0.0755,55.06,1497,80460,22550000,-1573,919500,90080,-8.455E+11,-82830000000,-8113000000,1.56E+18,7.486E+11,73330000000,1.462E+15,sad
74.41,0.3241,7.60E-05,266.9,0.000927,0.03505,0.09179,131.5,0.6437,0.1965,0.2821,0.1284,0.2302,0.131,0.1551,0.09805,0.09323,0.07154,62.86,896.2,112200,9226000,703.2,352,35.51,648300000,64310000,6403000,1.791E+15,580500000,57810000,1.732E+12,43.22,0.2144,6.30E-05,1569,0.001243,0.04863,0.4393,83.85,-0.6876,0.6242,-0.07901,0.08489,-0.0627,0.01199,0.01569,0.05958,0.000505,0.1015,55.72,1620,80210,22300000,-1504,920800,90160,-8.478E+11,-83020000000,-8128000000,1.56E+18,7.503E+11,73470000000,1.466E+15,sad
55.94,0.2459,8.40E-05,251.3,0.000757,0.02887,0.07302,98.63,0.4751,0.2128,0.2979,0.1825,0.1733,0.1251,0.1682,0.08926,0.131,0.06148,48.32,924.7,126700,20450000,495.5,383.1,37.48,706500000,69070000,6767000,1.954E+15,624300000,61170000,1.833E+12,29.25,0.1436,4.10E-05,1619,0.000943,0.03675,0.472,58.55,-0.817,0.6609,-0.05777,-0.03057,-0.06904,0.0542,0.03985,0.03881,-0.00906,0.07451,41.12,1291,93730,21490000,-1539,922000,90280,-8.501E+11,-83240000000,-8149000000,1.57E+18,7.523E+11,73660000000,1.471E+15,sad
18.71,0.1046,6.80E-05,281.3,0.000802,0.03067,0.05614,38.27,0.1248,0.236,0.2767,0.1728,0.1517,0.1437,0.1865,0.1068,0.1173,0.0692,19.65,938.6,120300,23600000,199.6,357.7,38.71,660500000,67950000,6998000,1.83E+15,615600000,63390000,1.898E+12,15.12,0.08419,4.70E-05,1601,0.001016,0.03983,0.5001,34.76,-0.9428,0.6078,-0.09023,0.0104,-0.1421,0.01842,0.08021,0.07953,0.01561,0.08457,32.99,1632,157200,28120000,-1433,923300,90400,-8.525E+11,-83470000000,-8172000000,1.57E+18,7.544E+11,73860000000,1.477E+15,sad
55.94,0.2459,8.40E-05,251.3,0.000757,0.02887,0.07302,98.63,0.4751,0.2128,0.2979,0.1825,0.1733,0.1251,0.1682,0.08926,0.131,0.06148,48.32,924.7,126700,20450000,495.5,383.1,37.48,708500000,69260000,6785000,1.965E+15,626000000,61330000,1.842E+12,29.25,0.1436,4.10E-05,1619,0.000943,0.03675,0.472,58.55,-0.817,0.6609,-0.05777,-0.03057,-0.06904,0.0542,0.03985,0.03881,-0.00906,0.07451,41.12,1291,93730,21490000,-1539,924600,90510,-8.548E+11,-83690000000,-8192000000,1.58E+18,7.564E+11,74050000000,1.483E+15,sad
23.91,0.1249,0.000417,214.8,0.001667,0.06305,0.02808,48.98,0.1644,0.2606,0.3733,0.2092,0.1842,0.1174,0.1229,0.0913,0.09332,0.1183,22.95,1026,152800,29740000,218.7,317.4,45.97,587800000,70730000,8333000,1.632E+15,641100000,75460000,2.266E+12,16.4,0.09427,0.000187,1573,0.001651,0.06411,0.5801,36.75,-0.9282,0.6214,0.01861,0.1177,-0.02535,0.006749,-0.02127,0.00334,0.004873,0.1204,30.52,1348,137400,25800000,-1472,925800,90650,-8.571E+11,-83920000000,-8216000000,1.59E+18,7.584E+11,74260000000,1.489E+15,angry
60.81,0.2665,0.000324,212.8,0.001666,0.06235,0.0349,106.4,0.5055,0.2167,0.3285,0.1995,0.199,0.131,0.1286,0.115,0.0998,0.1078,52.61,801.2,119600,19010000,528.2,315.8,59.31,585500000,83460000,10770000,1.628E+15,755300000,97400000,2.932E+12,33.96,0.1622,0.000188,1536,0.001913,0.07365,0.5504,66.48,-0.7865,0.6783,0.01028,0.1252,0.02604,0.03374,-0.003911,0.02319,0.0396,0.1301,43.36,1117,66030,16640000,-1573,926900,90790,-8.591E+11,-84150000000,-8242000000,1.59E+18,7.605E+11,74490000000,1.496E+15,angry
22.98,0.1181,0.00038,199.3,0.00177,0.06616,0.05616,46.36,0.1543,0.2405,0.3436,0.1788,0.182,0.1182,0.116,0.09846,0.09694,0.1104,21.85,890.1,141200,27970000,205.6,336.9,54.13,625400000,80320000,9846000,1.741E+15,728600000,89210000,2.686E+12,15.69,0.08604,0.000203,1565,0.00188,0.07241,0.5462,35.36,-0.9345,0.6037,0.02513,0.13,-0.004005,-0.001349,-0.01288,0.02198,0.02901,0.1263,29.65,1285,129500,23980000,-1472,928000,90960,-8.612E+11,-84410000000,-8273000000,1.60E+18,7.629E+11,74780000000,1.505E+15,angry
23.8,0.1179,0.000964,186,0.002792,0.1053,0.06171,48.18,0.1631,0.254,0.3342,0.1778,0.1491,0.1051,0.119,0.09688,0.09901,0.1852,21.91,873.4,146800,29340000,218,334.2,50.2,621100000,76610000,9145000,1.731E+15,694100000,82790000,2.499E+12,15.47,0.08202,0.000491,1560,0.002611,0.1012,0.544,34.41,-0.9331,0.5982,0.05494,0.1092,0.02298,0.03301,-0.003605,0.02458,0.02632,0.1812,29.45,1314,141400,26300000,-1448,929200,91090,-8.634E+11,-84640000000,-8296000000,1.60E+18,7.649E+11,74990000000,1.511E+15,angry
23.43,0.118,0.000327,190.7,0.001808,0.06867,0.0246,46.74,0.164,0.2208,0.3401,0.2171,0.1627,0.1221,0.1315,0.0888,0.1099,0.1358,23,934.5,128800,25240000,207.5,316,45.37,588000000,70300000,8276000,1.641E+15,636800000,74900000,2.265E+12,16.82,0.09575,0.000199,1571,0.001758,0.06873,0.593,37.75,-0.9283,0.6362,-0.008145,0.08282,-0.07903,0.03277,0.04804,0.03672,-0.01441,0.1391,32.27,1385,131100,23790000,-1440,930300,91220,-8.654E+11,-84860000000,-8320000000,1.61E+18,7.669E+11,75200000000,1.518E+15,angry
25.18,0.1344,0.000177,178.2,0.001198,0.04525,0.06981,51.97,0.1746,0.1862,0.3017,0.2173,0.1614,0.1257,0.1442,0.09795,0.1148,0.0894,23.84,785.5,104100,20110000,184.5,333.3,51.52,620900000,78240000,9411000,1.735E+15,707400000,85070000,2.579E+12,18.07,0.1009,0.000102,1552,0.001302,0.05081,0.5857,41.05,-0.9183,0.6649,-0.04102,0.103,-0.05477,0.002032,0.02057,0.06834,0.03076,0.09998,32.15,1289,112800,20460000,-1493,931400,91350,-8.675E+11,-85080000000,-8343000000,1.62E+18,7.689E+11,75410000000,1.524E+15,disgust
36.92,0.1665,0.000239,187.4,0.001531,0.05731,0.05008,67.97,0.2922,0.211,0.3344,0.1863,0.193,0.1259,0.1248,0.1077,0.1238,0.09541,32.67,751,111900,20250000,205.7,348.9,58.92,650700000,86570000,10780000,1.821E+15,783800000,97560000,2.96E+12,20.7,0.104,0.000132,1565,0.001615,0.06234,0.6044,45.28,-0.8941,0.6284,-0.007479,0.2005,0.0305,0.02984,-0.000344,0.02075,0.006123,0.1112,34.11,1326,116400,21330000,-1501,932600,91510,-8.697E+11,-85340000000,-8374000000,1.62E+18,7.713E+11,75680000000,1.533E+15,disgust
25.69,0.1279,0.000179,199.1,0.001097,0.0415,0.05535,52.73,0.1749,0.2348,0.3407,0.2113,0.175,0.1377,0.1347,0.1015,0.1174,0.08439,24.43,860.3,131000,25740000,194.1,402.2,55.2,751200000,87980000,10120000,2.105E+15,796900000,91600000,2.783E+12,17.43,0.09605,9.70E-05,1570,0.001278,0.04973,0.5078,39.21,-0.922,0.6307,0.0225,0.136,0.01233,0.02853,-0.0275,0.02511,0.003114,0.09663,30.51,1274,130400,24400000,-1508,933900,91670,-8.721E+11,-85610000000,-8403000000,1.63E+18,7.737E+11,75950000000,1.541E+15,disgust
68.85,0.297,0.000159,214.4,0.001258,0.04738,0.06608,120,0.5838,0.1776,0.3303,0.1862,0.226,0.1473,0.1738,0.1483,0.1307,0.08754,59.21,713.5,109300,14020000,570.4,401.7,59.11,751500000,91920000,10860000,2.109E+15,830500000,98060000,2.99E+12,41.79,0.2011,9.70E-05,1582,0.001408,0.05457,0.5411,82.42,-0.7223,0.6947,-0.02836,0.1837,0.0418,0.034,-0.01958,-0.003589,-0.0138,0.102,50.93,1249,65060,17390000,-1656,935300,91830,-8.748E+11,-85890000000,-8433000000,1.64E+18,7.762E+11,76220000000,1.549E+15,disgust
39.28,0.1854,0.000158,206.3,0.001149,0.04304,0.05892,76.5,0.3209,0.2132,0.3472,0.1732,0.2056,0.1283,0.1543,0.1152,0.1185,0.07305,35.32,850.9,116100,20650000,243,369.9,40.74,692800000,71820000,7495000,1.947E+15,650600000,67870000,2.068E+12,22.54,0.1235,7.90E-05,1589,0.001285,0.04961,0.5686,49.51,-0.8797,0.6474,-0.01393,0.1526,-0.005625,0.004301,-0.03027,0.00188,0.001279,0.09206,34.9,1277,103400,20440000,-1490,936600,91990,-8.773E+11,-86160000000,-8461000000,1.64E+18,7.786E+11,76470000000,1.557E+15,disgust
25.9,0.126,0.000147,195.1,0.00114,0.04235,0.03676,52.62,0.1718,0.2313,0.3746,0.2247,0.2088,0.1604,0.1931,0.1423,0.1345,0.06732,24.83,907.1,129500,25090000,180.9,289.1,47.5,542200000,71060000,8749000,1.525E+15,643300000,79180000,2.418E+12,18.94,0.104,9.30E-05,1609,0.001401,0.05386,0.4773,42.47,-0.9165,0.6802,-0.05371,0.02909,-0.02046,0.03501,-0.0196,0.001818,-0.00356,0.0896,30.95,1175,112800,21660000,-1535,937800,92110,-8.794E+11,-86380000000,-8484000000,1.65E+18,7.806E+11,76680000000,1.563E+15,happy
75.67,0.3248,0.000222,213,0.001222,0.04569,0.0239,136.1,0.6503,0.1845,0.3523,0.2392,0.2199,0.1559,0.1467,0.1289,0.1158,0.0835,64.66,915.6,129700,18490000,665.1,289.6,40.21,543700000,64260000,7417000,1.531E+15,581700000,67120000,2.052E+12,51.25,0.2359,0.000127,1547,0.001374,0.05341,0.4979,103.5,-0.6374,0.6998,-0.08666,0.1252,0.09413,0.06307,-0.04204,-0.005764,0.006203,0.09525,59.3,1269,54120,17550000,-1747,938800,92240,-8.813E+11,-86590000000,-8507000000,1.66E+18,7.825E+11,76890000000,1.569E+15,happy
66.02,0.2842,0.000351,223.9,0.001326,0.04965,0.02845,116.6,0.5625,0.1958,0.3716,0.2016,0.2255,0.1649,0.146,0.1188,0.1313,0.08903,57.25,814.2,112800,16230000,496,279.4,40.58,525100000,63760000,7495000,1.48E+15,577500000,67840000,2.076E+12,41.38,0.1968,0.00019,1580,0.001609,0.06224,0.5,84.24,-0.7231,0.7059,-0.09887,0.1591,0.08089,0.0547,-0.05044,-0.02867,0.005871,0.1058,49.92,1173,59790,16600000,-1613,939800,92360,-8.831E+11,-86790000000,-8529000000,1.66E+18,7.844E+11,77080000000,1.575E+15,happy
42.52,0.1923,0.000156,202.1,0.00101,0.03764,0.02377,82.16,0.3385,0.2443,0.3472,0.1693,0.2123,0.1523,0.1332,0.1151,0.0905,0.07021,38.13,894.9,134900,24560000,210.9,300.9,41.13,566100000,66260000,7606000,1.598E+15,599800000,68830000,2.11E+12,23.6,0.1195,9.10E-05,1581,0.001134,0.04401,0.5167,51.46,-0.8652,0.5892,0.04088,0.143,0.08969,0.07939,-0.04263,-0.03311,-0.005061,0.07549,35.33,1316,122000,24610000,-1557,940800,92470,-8.85E+11,-86990000000,-8550000000,1.67E+18,7.862E+11,77280000000,1.581E+15,happy
59.36,0.26,0.000339,210.3,0.00132,0.04889,0.03264,106.5,0.4988,0.2118,0.3048,0.2018,0.2012,0.1433,0.1552,0.1144,0.1194,0.08954,52.52,887.6,117900,17990000,451.6,283.3,47.46,533600000,70820000,8789000,1.508E+15,641900000,79600000,2.441E+12,35.88,0.1729,0.000205,1579,0.00153,0.05953,0.5121,71.7,-0.7658,0.6676,0.06836,0.1217,-0.001659,0.04542,-0.04097,-0.01628,-0.01245,0.1042,45.11,1186,77650,19200000,-1639,941800,92600,-8.869E+11,-87210000000,-8574000000,1.67E+18,7.881E+11,77490000000,1.588E+15,happy
26.8,0.1353,0.000206,205.8,0.000946,0.03635,0.04971,53.84,0.1856,0.2302,0.2997,0.2313,0.2035,0.1686,0.1445,0.09696,0.1206,0.08734,25.62,741.5,106200,19910000,158.3,311,31.74,586300000,58370000,5886000,1.658E+15,529300000,53340000,1.637E+12,17.52,0.0946,0.000106,1565,0.001126,0.04428,0.5171,39.09,-0.9161,0.5567,-0.01623,0.2761,-0.005532,0.005419,0.02179,0.01219,-0.02533,0.08781,34.02,1631,158000,27460000,-1474,942800,92720,-8.888E+11,-87420000000,-8596000000,1.68E+18,7.9E+11,77700000000,1.594E+15,neutral
31.14,0.1587,0.000168,249,0.000807,0.03062,0.03088,60.72,0.2338,0.2665,0.3189,0.2192,0.1635,0.1362,0.1498,0.1019,0.1147,0.0688,28.5,1131,133500,24900000,185.2,313.4,26.74,591700000,54040000,4963000,1.675E+15,488600000,44850000,1.381E+12,19.22,0.1088,8.50E-05,1513,0.001049,0.04107,0.4894,43.21,-0.9041,0.6176,-0.06931,0.1488,-0.05775,-0.013,0.004477,0.007368,-0.02506,0.08525,35.2,1518,124300,24710000,-1438,943900,92800,-8.909E+11,-87590000000,-8611000000,1.68E+18,7.916E+11,77820000000,1.598E+15,neutral
31.69,0.1534,0.00019,209.2,0.000788,0.03026,0.04099,61.24,0.2369,0.245,0.3127,0.218,0.1747,0.1518,0.1396,0.1224,0.1186,0.06989,28.24,847.8,141100,27310000,198.3,348.6,30.24,658800000,60340000,5617000,1.868E+15,546600000,50850000,1.565E+12,18.97,0.1016,7.50E-05,1544,0.000884,0.03484,0.5333,43.43,-0.9044,0.5605,-0.00039,0.2191,-0.01026,0.02173,0.006369,-0.003018,-0.00656,0.07215,35.8,1707,171500,31230000,-1512,945000,92890,-8.93E+11,-87780000000,-8627000000,1.69E+18,7.933E+11,77970000000,1.603E+15,neutral
26.02,0.1304,0.00021,246.5,0.000865,0.03298,0.05859,52.8,0.1814,0.2558,0.2845,0.2164,0.1737,0.1572,0.1389,0.1189,0.1049,0.07255,23.82,945.5,136200,25860000,184,335.6,28.11,635100000,56890000,5226000,1.803E+15,516200000,47380000,1.457E+12,17.72,0.0981,8.30E-05,1573,0.000915,0.03602,0.5473,40.66,-0.9182,0.575,-0.02917,0.2174,-0.02091,-0.02558,-0.001324,0.02657,-0.01782,0.07426,34.21,1646,163400,29180000,-1486,946200,92960,-8.953E+11,-87960000000,-8641000000,1.69E+18,7.949E+11,78100000000,1.606E+15,neutral
24.85,0.1286,0.000221,194.1,0.001001,0.03769,0.03473,50.74,0.1668,0.2226,0.343,0.2404,0.1712,0.1026,0.1274,0.1156,0.1062,0.07369,23.49,822.7,120500,23480000,162.3,311.2,28.71,589600000,55660000,5340000,1.676E+15,504000000,48330000,1.49E+12,16.88,0.09271,9.90E-05,1521,0.001223,0.04765,0.523,36.75,-0.9258,0.6415,-0.01656,0.1111,-0.02197,0.02804,0.02101,0.0354,0.03259,0.0897,29.81,1173,111100,20630000,-1425,947300,93030,-8.974E+11,-88130000000,-8653000000,1.70E+18,7.964E+11,78210000000,1.61E+15,neutral
80.03,0.3463,4.60E-05,166.1,0.00053,0.0198,0.03363,141.8,0.6841,0.1578,0.301,0.1504,0.2328,0.1211,0.1332,0.09583,0.1047,0.03756,67.04,594.6,127500,11580000,730.9,401,23.94,760700000,59880000,4458000,2.165E+15,541200000,40290000,1.245E+12,48.83,0.2296,2.60E-05,1535,0.000694,0.02701,0.4795,96.54,-0.638,0.6031,-0.03083,0.1858,0.04087,0.000514,-0.02415,0.02146,0.01747,0.05336,58.77,1576,83590,23630000,-1671,948600,93100,-8.997E+11,-88310000000,-8666000000,1.71E+18,7.981E+11,78330000000,1.614E+15,sad
73.51,0.3192,3.90E-05,190.7,0.000503,0.01872,0.05677,130.5,0.6299,0.1556,0.3125,0.1418,0.224,0.13,0.1252,0.09491,0.09505,0.035,61.56,649.6,126600,13530000,647.9,396.4,28.51,753100000,63820000,5313000,2.146E+15,576300000,47960000,1.485E+12,41.62,0.199,2.40E-05,1526,0.000678,0.02641,0.4754,83.78,-0.7005,0.6034,-0.06593,0.1819,0.03733,-0.005433,-0.01711,0.02302,0.01151,0.05221,53.2,1578,95470,23950000,-1615,949900,93170,-9.024E+11,-88510000000,-8680000000,1.71E+18,7.999E+11,78460000000,1.618E+15,sad
73.76,0.3218,6.60E-05,200.6,0.0006,0.02241,0.04113,128.8,0.63,0.174,0.3095,0.1446,0.2366,0.126,0.1415,0.109,0.09868,0.04175,61.91,574.1,116200,10100000,666.3,389.3,19.88,740700000,54890000,3708000,2.114E+15,495700000,33470000,1.037E+12,41.59,0.1976,3.70E-05,1539,0.000855,0.03316,0.4528,82.26,-0.6975,0.581,-0.07545,0.1896,0.04562,-0.01368,-0.01239,0.04653,0.03344,0.06369,52.6,1520,85560,22040000,-1553,951300,93240,-9.05E+11,-88700000000,-8693000000,1.72E+18,8.016E+11,78570000000,1.621E+15,sad
63.75,0.2808,0.00015,228.7,0.000755,0.02761,0.05478,115.1,0.5432,0.1979,0.3165,0.1406,0.22,0.1261,0.1159,0.08584,0.09297,0.04024,54.3,684.9,112900,12240000,556.5,397.3,9.152,757100000,44520000,1707000,2.164E+15,402400000,15440000,4.776E+11,30.3,0.1531,6.40E-05,1522,0.000971,0.03722,0.4802,63.15,-0.7867,0.5358,-0.05728,0.1558,0.03685,-0.001273,-0.03103,0.03128,0.03312,0.0657,43.97,1527,108100,24150000,-1441,952700,93270,-9.075E+11,-88850000000,-8698000000,1.73E+18,8.03E+11,78620000000,1.623E+15,sad
68.76,0.3004,4.30E-05,181.8,0.000488,0.01819,0.04265,121.4,0.5857,0.1743,0.3108,0.1542,0.2252,0.1252,0.1294,0.1094,0.1054,0.03454,57.85,610,114200,11670000,586.8,377.9,16.27,721100000,50530000,3037000,2.064E+15,456500000,27430000,8.5E+11,37.88,0.1814,2.60E-05,1528,0.000697,0.0271,0.4867,76.79,-0.7331,0.5881,-0.06808,0.175,0.03759,0.000888,-0.02141,0.02689,0.03317,0.0534,49.75,1520,97950,23240000,-1546,954000,93300,-9.101E+11,-89010000000,-8705000000,1.74E+18,8.044E+11,78680000000,1.624E+15,sad
31.24,0.1551,0.000473,192.3,0.002225,0.08328,0.03639,61.46,0.2368,0.2635,0.3691,0.2512,0.1887,0.1703,0.1493,0.1549,0.1529,0.1338,27.07,925.2,167600,32410000,299.6,330.4,60.53,631100000,88390000,11310000,1.809E+15,801700000,102500000,3.169E+12,19.68,0.1047,0.000234,1614,0.002069,0.08017,0.5843,44.95,-0.8968,0.5067,-0.004258,0.1216,-0.09968,-0.04803,-0.04648,0.03807,0.008133,0.1448,39.44,2077,213900,39970000,-1481,955200,93420,-9.124E+11,-89230000000,-8726000000,1.74E+18,8.064E+11,78870000000,1.63E+15,angry
29.22,0.1484,0.00055,210.3,0.00261,0.0976,0.07732,58.69,0.2031,0.2735,0.3088,0.2023,0.1802,0.1754,0.1343,0.1242,0.1386,0.1639,27.61,1020,144600,27980000,301.1,304.2,46.75,581800000,73070000,8749000,1.669E+15,663700000,79390000,2.456E+12,19.9,0.1055,0.000356,1583,0.002856,0.1107,0.55,44.03,-0.9033,0.5604,0.01742,0.1582,-0.1326,-0.03752,0.001688,0.02987,-0.002821,0.205,36.75,1713,165900,30310000,-1326,956300,93570,-9.145E+11,-89480000000,-8755000000,1.75E+18,8.087E+11,79130000000,1.638E+15,angry
32.82,0.1711,0.000686,204.1,0.002602,0.09767,0.067,64.76,0.2623,0.2775,0.3262,0.217,0.181,0.1571,0.183,0.1431,0.163,0.176,30.79,1086,153500,27370000,313.4,333.1,40.34,637800000,69590000,7558000,1.832E+15,633200000,68720000,2.124E+12,20.15,0.1136,0.000346,1597,0.002517,0.09805,0.5398,45.2,-0.8891,0.5269,0.0149,0.09928,-0.09714,-0.04306,-0.07573,0.0667,0.05606,0.1809,38.65,2005,190900,37110000,-1368,957400,93700,-9.166E+11,-89710000000,-8778000000,1.76E+18,8.107E+11,79340000000,1.645E+15,angry
28.67,0.1623,0.00142,211.8,0.002739,0.1026,0.04389,57.31,0.218,0.2764,0.3002,0.22,0.2139,0.1741,0.1418,0.1385,0.1357,0.1797,26.64,1127,130500,24610000,312.4,318.5,50.23,610500000,77820000,9424000,1.756E+15,707700000,85600000,2.652E+12,21.28,0.1288,0.000531,1582,0.002732,0.1064,0.5828,49.3,-0.8909,0.5571,-0.1044,0.1169,-0.1758,-0.07398,-0.02277,0.0786,0.03939,0.1992,41.19,1994,167600,30350000,-1344,958500,93830,-9.188E+11,-89940000000,-8803000000,1.76E+18,8.128E+11,79570000000,1.652E+15,angry
32.75,0.1716,0.000848,207.8,0.002377,0.08894,0.047,66.76,0.2633,0.229,0.2824,0.193,0.2064,0.1826,0.1329,0.1164,0.1306,0.1632,28.94,1031,125900,22260000,318.1,319.9,42,613900000,70250000,7893000,1.767E+15,637800000,71620000,2.225E+12,24.68,0.1477,0.000413,1562,0.002488,0.09754,0.5225,56.64,-0.866,0.57,-0.1368,0.1123,-0.1198,-0.0661,-0.03915,0.06507,0.01225,0.1943,42.54,1905,142000,26890000,-1316,959700,93970,-9.209E+11,-90170000000,-8829000000,1.77E+18,8.15E+11,79800000000,1.659E+15,angry
33.45,0.1714,0.000204,183,0.001518,0.05691,0.04417,66.62,0.2617,0.2204,0.3362,0.2135,0.2246,0.1707,0.1315,0.1305,0.1501,0.09739,28.99,849.7,130300,23200000,263.2,364.4,59.27,700200000,91050000,11160000,2.018E+15,823400000,100900000,3.149E+12,23.52,0.134,0.000114,1600,0.001615,0.06271,0.5685,52.36,-0.8715,0.5403,-0.1108,0.1896,-0.09579,-0.06153,-0.03346,0.03307,0.006078,0.1193,42.45,1961,163800,30240000,-1471,960800,94110,-9.232E+11,-90430000000,-8856000000,1.77E+18,8.173E+11,80050000000,1.667E+15,disgust
32.76,0.1764,0.000177,179.7,0.001319,0.04936,0.03128,66.29,0.2628,0.2617,0.3646,0.2355,0.2201,0.1656,0.1859,0.1819,0.1496,0.08102,31.43,1089,151900,27880000,248.3,382.4,57.57,735900000,91290000,10860000,2.124E+15,826900000,98300000,3.071E+12,20.91,0.1198,9.20E-05,1608,0.001424,0.05486,0.5758,46.72,-0.8841,0.569,-0.05523,0.08172,-0.1292,-0.08245,-0.04111,0.04431,0.06846,0.0975,37.36,1626,137800,27940000,-1515,962100,94290,-9.257E+11,-90720000000,-8889000000,1.78E+18,8.199E+11,80350000000,1.676E+15,disgust
36.14,0.183,0.000268,197.9,0.001536,0.05759,0.07253,71.26,0.2884,0.2786,0.2792,0.2118,0.2204,0.175,0.1687,0.1407,0.153,0.1075,32.36,1061,139700,24360000,264.3,383.9,69.21,739700000,102800000,13080000,2.138E+15,928700000,118200000,3.706E+12,24.29,0.1321,0.000139,1593,0.001749,0.06837,0.5606,54.35,-0.8608,0.516,-0.08276,0.2174,-0.09651,-0.06307,-0.04447,0.04216,0.008375,0.1356,44.01,2046,169300,31600000,-1465,963500,94480,-9.282E+11,-91030000000,-8925000000,1.79E+18,8.227E+11,80680000000,1.686E+15,disgust
32.78,0.1635,0.000374,188,0.00207,0.07769,0.04106,65.25,0.2576,0.277,0.3306,0.1922,0.204,0.1582,0.1229,0.122,0.1352,0.1331,28.58,1130,171400,32120000,307.2,417.2,83.55,805100000,119900000,15820000,2.33E+15,1084000000,143000000,4.495E+12,20.18,0.1043,0.000175,1584,0.002067,0.08008,0.5725,45.12,-0.8892,0.5048,-0.01413,0.1531,-0.109,-0.05086,-0.004229,0.05405,0.02923,0.1476,40.29,2107,199700,37220000,-1483,964800,94700,-9.309E+11,-91370000000,-8967000000,1.80E+18,8.258E+11,81050000000,1.698E+15,disgust
32.76,0.1764,0.000177,179.7,0.001319,0.04936,0.03128,66.29,0.2628,0.2617,0.3646,0.2355,0.2201,0.1656,0.1859,0.1819,0.1496,0.08102,31.43,1089,151900,27880000,248.3,382.4,57.57,739100000,91760000,10930000,2.142E+15,831200000,98940000,3.111E+12,20.91,0.1198,9.20E-05,1608,0.001424,0.05486,0.5758,46.72,-0.8841,0.569,-0.05523,0.08172,-0.1292,-0.08245,-0.04111,0.04431,0.06846,0.0975,37.36,1626,137800,27940000,-1515,966200,94900,-9.336E+11,-91700000000,-9006000000,1.80E+18,8.288E+11,81400000000,1.709E+15,disgust
24.14,0.1223,0.00016,182.7,0.001211,0.04617,0.08107,48.33,0.1691,0.2455,0.3265,0.208,0.1735,0.1607,0.17,0.1489,0.133,0.1002,22.02,956.3,146600,28420000,262.2,347.4,36.49,672100000,68140000,6936000,1.951E+15,616100000,62710000,1.978E+12,17.85,0.09944,0.0001,1591,0.001383,0.05413,0.5315,40.92,-0.9226,0.6231,-0.03264,0.07196,-0.1486,-0.03651,-0.0792,0.04663,0.02237,0.1119,33.6,1573,155700,28400000,-1397,967500,95040,-9.36E+11,-91950000000,-9032000000,1.81E+18,8.311E+11,81640000000,1.717E+15,happy
25.28,0.119,0.000511,215.3,0.002223,0.08319,0.04489,49.84,0.1747,0.2817,0.3044,0.2096,0.1852,0.1614,0.1673,0.1429,0.1425,0.1348,24.39,1089,159200,30900000,332.7,387.1,53.05,750000000,87910000,10100000,2.18E+15,797900000,91600000,2.884E+12,17.81,0.09427,0.000243,1594,0.002183,0.08454,0.5946,41.01,-0.9221,0.5486,0.0834,0.1268,-0.1401,-0.05796,-0.05889,0.03956,0.01647,0.1536,36.03,1922,204400,37270000,-1434,968800,95190,-9.385E+11,-92220000000,-9061000000,1.82E+18,8.335E+11,81900000000,1.725E+15,happy
31.21,0.1526,0.000397,229.7,0.001514,0.05756,0.0933,61.17,0.2388,0.3422,0.369,0.2342,0.189,0.189,0.1651,0.1377,0.1489,0.1131,29.75,1384,201600,38400000,294.4,380.8,40.29,738900000,74840000,7680000,2.15E+15,680400000,69790000,2.196E+12,21.38,0.1139,0.000144,1608,0.00148,0.05763,0.5723,47.16,-0.8916,0.5666,0.03597,0.03939,-0.154,-0.008839,0.01473,0.02818,0.02095,0.1115,36.92,1720,178900,34470000,-1522,970100,95330,-9.411E+11,-92480000000,-9087000000,1.83E+18,8.358E+11,82140000000,1.732E+15,happy
24.56,0.1206,0.00033,213,0.001615,0.06087,0.0711,48.76,0.1688,0.2461,0.293,0.2385,0.2098,0.1821,0.1557,0.1564,0.153,0.1162,24.06,910.5,133300,25490000,279.4,348.4,44.98,676800000,76640000,8585000,1.972E+15,695400000,77870000,2.458E+12,17.76,0.09695,0.000164,1600,0.001874,0.07277,0.5411,40.06,-0.9232,0.5776,0.02877,0.1548,-0.1422,-0.09123,-0.1049,0.02278,0.01875,0.1381,35.69,1849,188300,33420000,-1395,971300,95460,-9.435E+11,-92720000000,-9111000000,1.83E+18,8.38E+11,82360000000,1.739E+15,happy
26.53,0.1388,0.000617,204.7,0.001885,0.07104,0.04372,54.1,0.1754,0.2772,0.2887,0.1825,0.2194,0.1677,0.1654,0.1224,0.1382,0.1377,25.74,1015,119900,22430000,249.8,342,43.64,665200000,74830000,8343000,1.941E+15,680100000,75760000,2.392E+12,18.9,0.1012,0.000244,1582,0.002201,0.0855,0.556,41.33,-0.9103,0.5577,-0.1403,0.09185,-0.07177,0.005033,-0.05183,0.03631,0.03755,0.1591,36.44,1632,134000,23750000,-1320,972500,95590,-9.458E+11,-92970000000,-9137000000,1.84E+18,8.403E+11,82590000000,1.747E+15,happy
24.98,0.1398,0.000302,190.5,0.001604,0.06011,0.08237,50.35,0.1847,0.3023,0.2997,0.1732,0.2158,0.1477,0.1706,0.1118,0.131,0.1011,25.33,1208,159800,29840000,267.6,325.2,39.85,633300000,69370000,7628000,1.85E+15,631900000,69410000,2.19E+12,16.23,0.09367,0.000123,1627,0.001666,0.06427,0.5065,38.19,-0.9241,0.4926,0.01348,0.1726,-0.09685,-0.0207,-0.009551,0.09138,0.02677,0.1107,33.73,1819,179100,32910000,-1443,973700,95720,-9.481E+11,-93210000000,-9162000000,1.85E+18,8.424E+11,82820000000,1.754E+15,neutral
26.79,0.1616,0.000202,193.1,0.001227,0.04606,0.06514,56.28,0.1942,0.2327,0.3476,0.2207,0.2259,0.1369,0.1851,0.1355,0.1402,0.07829,26.75,1012,125000,22080000,243.8,370.9,43.69,723100000,77840000,8374000,2.115E+15,705800000,75910000,2.407E+12,20.95,0.1256,8.00E-05,1610,0.001234,0.04769,0.5359,48.44,-0.8982,0.5851,-0.09377,0.1534,-0.08608,-0.04365,-0.05103,4.60E-05,-0.0233,0.08585,37.52,1673,136300,25510000,-1495,974900,95850,-9.504E+11,-93440000000,-9186000000,1.85E+18,8.446E+11,83030000000,1.761E+15,neutral
25.75,0.1398,0.000154,200.3,0.001296,0.04888,0.06544,52.45,0.1847,0.3047,0.3563,0.1904,0.2127,0.1335,0.1382,0.1165,0.1485,0.08647,25.76,1257,173900,33170000,267.9,374.2,40.04,730600000,74310000,7684000,2.14E+15,675000000,69760000,2.212E+12,16.89,0.09482,7.70E-05,1581,0.001318,0.05089,0.5537,39.1,-0.9204,0.5386,0.04269,0.1184,-0.07734,-0.007351,0.002373,0.0247,0.009014,0.08961,31.98,1574,158900,30370000,-1485,976200,95980,-9.529E+11,-93700000000,-9212000000,1.86E+18,8.469E+11,83270000000,1.768E+15,neutral
28.64,0.156,0.000202,204.6,0.001263,0.04747,0.03861,57.87,0.2149,0.3068,0.312,0.1907,0.2007,0.1315,0.1614,0.125,0.16,0.08295,27.78,1108,166300,31240000,246.5,346,44.58,676300000,76560000,8567000,1.983E+15,695300000,77750000,2.47E+12,18.4,0.1016,9.40E-05,1613,0.001328,0.05143,0.5738,40.27,-0.908,0.5196,0.02445,0.159,-0.08068,-0.02682,0.002931,0.04674,-0.01774,0.09236,34.41,1714,170100,32100000,-1490,977400,96110,-9.554E+11,-93940000000,-9236000000,1.87E+18,8.491E+11,83490000000,1.775E+15,neutral
54.02,0.2391,0.000153,211.3,0.001243,0.04702,0.0686,97.83,0.4541,0.265,0.3567,0.2013,0.1972,0.1249,0.1327,0.1179,0.1219,0.09184,45.12,953.9,166600,28860000,445.6,347.5,40.8,680100000,73170000,7852000,1.997E+15,663400000,71180000,2.267E+12,32.93,0.1661,8.20E-05,1603,0.001214,0.04747,0.5475,68.51,-0.7993,0.6012,-0.05877,0.1599,-0.09192,0.02228,0.02073,0.03256,-0.004973,0.09833,47.78,1737,139900,28380000,-1557,978600,96230,-9.577E+11,-94180000000,-9260000000,1.88E+18,8.512E+11,83710000000,1.782E+15,neutral
23.19,0.1209,7.10E-05,198.1,0.000562,0.02117,0.03508,46.78,0.1506,0.3094,0.3909,0.2013,0.1967,0.1264,0.169,0.1287,0.129,0.04044,24.84,1279,179100,34440000,217.8,372,22.32,729000000,57400000,4299000,2.143E+15,522200000,39180000,1.242E+12,14.97,0.08522,2.60E-05,1586,0.000672,0.02587,0.5271,33.34,-0.9338,0.4862,0.03772,0.07997,-0.02528,0.02125,-0.01224,0.02648,0.02036,0.04379,29.25,1494,167800,32680000,-1558,979900,96320,-9.602E+11,-94380000000,-9277000000,1.88E+18,8.531E+11,83860000000,1.787E+15,sad
23.47,0.1259,4.80E-05,181.6,0.000514,0.0191,0.03914,46.46,0.1423,0.2996,0.3328,0.227,0.238,0.1922,0.1608,0.1394,0.1458,0.03314,21.46,1091,147900,27950000,208.1,336.9,28.02,661100000,59780000,5402000,1.946E+15,543000000,49090000,1.562E+12,16.36,0.09076,2.10E-05,1602,0.000686,0.02645,0.5312,38.68,-0.927,0.4694,-0.1654,0.2251,0.000368,-0.07264,-0.01762,0.07363,0.05307,0.04557,35.18,1872,180400,30890000,-1543,981100,96400,-9.626E+11,-94580000000,-9292000000,1.89E+18,8.549E+11,84000000000,1.792E+15,sad
22.33,0.118,6.00E-05,190,0.000721,0.02669,0.03846,45.2,0.1365,0.2461,0.3152,0.1886,0.2032,0.159,0.1549,0.1577,0.165,0.03733,21.25,928.7,139800,27370000,226.1,364.2,31.69,715500000,66100000,6115000,2.108E+15,599400000,55460000,1.77E+12,15.19,0.0855,2.40E-05,1595,0.000832,0.03194,0.5464,36.16,-0.9328,0.4888,-0.07692,0.16,-0.04253,-0.05203,-0.08498,0.05396,0.07398,0.05152,34.34,1845,186900,32690000,-1521,982300,96500,-9.649E+11,-94790000000,-9310000000,1.90E+18,8.568E+11,84160000000,1.797E+15,sad
24.94,0.1239,8.30E-05,172.9,0.00073,0.02723,0.02517,48.74,0.1586,0.292,0.3768,0.2213,0.2202,0.1885,0.1627,0.138,0.1464,0.04483,21.52,1079,174900,34260000,253.1,368.1,38.16,724100000,72870000,7372000,2.137E+15,661500000,66910000,2.136E+12,15.45,0.07978,3.00E-05,1601,0.000806,0.031,0.5747,37.53,-0.927,0.3632,-0.1191,0.2496,-0.004503,-0.0437,-0.0871,0.02181,0.0567,0.05047,38.84,2336,234200,40750000,-1580,983600,96600,-9.674E+11,-95010000000,-9331000000,1.90E+18,8.588E+11,84350000000,1.803E+15,sad
23.47,0.1259,4.80E-05,181.6,0.000514,0.0191,0.03914,46.46,0.1423,0.2996,0.3328,0.227,0.238,0.1922,0.1608,0.1394,0.1458,0.03314,21.46,1091,147900,27950000,208.1,336.9,28.02,663600000,59980000,5419000,1.961E+15,544900000,49240000,1.572E+12,16.36,0.09076,2.10E-05,1602,0.000686,0.02645,0.5312,38.68,-0.927,0.4694,-0.1654,0.2251,0.000368,-0.07264,-0.01762,0.07363,0.05307,0.04557,35.18,1872,180400,30890000,-1543,984800,96700,-9.698E+11,-95230000000,-9350000000,1.91E+18,8.608E+11,84520000000,1.808E+15,sad
26.3,0.1483,0.000769,232.9,0.002767,0.1057,0.03722,53.74,0.2165,0.2487,0.3258,0.2173,0.207,0.1764,0.1679,0.1448,0.1186,0.217,23.98,1035,136900,25500000,227,287.6,54.49,567100000,81360000,10550000,1.677E+15,739300000,95730000,3.064E+12,18.33,0.1077,0.000423,1609,0.002595,0.1017,0.5651,41.21,-0.9168,0.6241,-0.006744,0.0851,-0.1416,-0.07147,0.01468,0.1288,0.02097,0.2095,33.26,1582,147700,28660000,-1426,985900,96820,-9.72E+11,-95450000000,-9373000000,1.92E+18,8.628E+11,84730000000,1.815E+15,angry
26.3,0.1483,0.000769,232.9,0.002767,0.1057,0.03722,53.74,0.2165,0.2487,0.3258,0.2173,0.207,0.1764,0.1679,0.1448,0.1186,0.217,23.98,1035,136900,25500000,227,287.6,54.49,567700000,81460000,10570000,1.681E+15,740100000,95880000,3.074E+12,18.33,0.1077,0.000423,1609,0.002595,0.1017,0.5651,41.21,-0.9168,0.6241,-0.006744,0.0851,-0.1416,-0.07147,0.01468,0.1288,0.02097,0.2095,33.26,1582,147700,28660000,-1426,986900,96970,-9.739E+11,-95700000000,-9402000000,1.92E+18,8.65E+11,84990000000,1.823E+15,angry
31.28,0.1622,0.000738,253.6,0.002747,0.1058,0.03725,61.16,0.2684,0.2359,0.3237,0.2204,0.1726,0.1742,0.1532,0.1215,0.1209,0.2337,28.37,1055,128000,22980000,212.9,293.7,57.1,580200000,84570000,11090000,1.72E+15,769500000,100700000,3.232E+12,22.36,0.139,0.000425,1633,0.002574,0.1011,0.5741,50.47,-0.8973,0.681,-0.1331,-0.00385,-0.1542,-0.04249,0.03696,0.1128,0.001957,0.2208,37.79,1561,127300,24550000,-1446,987900,97140,-9.759E+11,-95960000000,-9435000000,1.93E+18,8.674E+11,85290000000,1.833E+15,angry
28.5,0.1466,0.000825,232.7,0.002749,0.1043,0.02537,56.3,0.2345,0.3135,0.3082,0.1964,0.191,0.1799,0.183,0.1637,0.1261,0.209,26.68,1306,166400,30940000,239.4,282.3,62.58,558200000,89140000,12180000,1.656E+15,811100000,110600000,3.555E+12,21.87,0.1237,0.000508,1633,0.00288,0.1128,0.5784,48.62,-0.8975,0.5863,0.01921,0.2041,-0.1008,-0.09164,-0.07832,0.1067,-0.01212,0.234,40.15,2071,199200,36820000,-1508,988900,97310,-9.779E+11,-96220000000,-9468000000,1.93E+18,8.698E+11,85590000000,1.842E+15,angry
26.58,0.1568,0.001015,231.8,0.002476,0.09515,0.02271,54.39,0.2177,0.2151,0.3175,0.2418,0.1888,0.1535,0.1925,0.137,0.1244,0.2129,25.41,984.3,102500,16770000,165.4,273.2,57.26,540900000,83090000,11160000,1.606E+15,754100000,101200000,3.264E+12,21.43,0.1379,0.000508,1633,0.002707,0.107,0.5773,48.17,-0.9008,0.6552,-0.1129,0.0793,-0.1739,-0.1023,-0.009125,0.1417,0.01229,0.2416,37.57,1645,130500,25280000,-1375,989800,97480,-9.798E+11,-96490000000,-9501000000,1.94E+18,8.722E+11,85890000000,1.852E+15,angry
23.51,0.1305,0.000946,203.3,0.002898,0.1108,0.0357,48.28,0.1648,0.2765,0.352,0.2404,0.2122,0.1715,0.2126,0.1378,0.1845,0.2324,24.65,1230,156500,30100000,291.1,283.6,56.4,562000000,83320000,11010000,1.671E+15,759600000,100200000,3.226E+12,21.65,0.1249,0.000482,1620,0.002587,0.1018,0.6089,48.45,-0.9108,0.6359,-0.0594,0.09955,-0.1399,0.002861,0.03351,0.1578,0.0405,0.2176,37.68,1680,153000,27730000,-1516,990800,97650,-9.817E+11,-96750000000,-9535000000,1.95E+18,8.746E+11,86200000000,1.862E+15,disgust
18.57,0.1023,0.000714,222,0.002855,0.1088,0.03688,38.11,0.1258,0.3302,0.3793,0.199,0.146,0.1199,0.1633,0.1248,0.1347,0.2143,19.82,1575,201300,39510000,281.4,332.9,77.62,660500000,109200000,15190000,1.965E+15,993000000,137800000,4.458E+12,16.19,0.09612,0.000414,1604,0.003045,0.1183,0.5573,36.16,-0.9437,0.6566,-0.04636,-0.05906,-0.1272,-0.007168,0.04714,0.1053,0.006469,0.2347,30.92,1435,139800,25720000,-1429,991900,97860,-9.838E+11,-97060000000,-9575000000,1.95E+18,8.774E+11,86560000000,1.874E+15,disgust
23.82,0.1409,0.000836,267.6,0.003474,0.133,0.04335,48.78,0.1912,0.2297,0.3305,0.2151,0.1668,0.1484,0.1853,0.1558,0.1369,0.2754,24.68,987.9,110700,21000000,225.2,295.2,67.22,586300000,95370000,13180000,1.747E+15,869000000,119800000,3.878E+12,17.2,0.1069,0.000558,1624,0.003547,0.1378,0.5582,37.72,-0.9238,0.6523,-0.1197,0.02042,-0.1324,-0.08556,0.02733,0.1407,0.07682,0.2771,32.34,1352,111000,21300000,-1375,993000,98080,-9.859E+11,-97380000000,-9618000000,1.96E+18,8.803E+11,86950000000,1.886E+15,disgust
20.73,0.123,0.00166,209.5,0.004043,0.1537,0.05564,42.86,0.1467,0.2335,0.3235,0.229,0.1644,0.1421,0.1442,0.1538,0.155,0.3064,22.4,1012,116600,22920000,257.2,307,68.18,610200000,97580000,13400000,1.82E+15,888400000,121700000,3.949E+12,16.06,0.09877,0.000932,1625,0.004341,0.1686,0.5234,36.35,-0.9364,0.6591,-0.04079,0.01348,-0.09686,0.002214,0.002245,0.1053,0.0416,0.3287,30.73,1326,118800,22070000,-1323,994000,98270,-9.88E+11,-97670000000,-9655000000,1.96E+18,8.83E+11,87290000000,1.897E+15,disgust
34.9,0.176,0.001084,236.7,0.0033,0.1254,0.03017,68.52,0.2923,0.2321,0.3096,0.2425,0.1956,0.18,0.1886,0.1325,0.1317,0.2544,30.25,904,133200,22700000,207.6,271.8,60.01,541000000,86210000,11810000,1.615E+15,783500000,107200000,3.488E+12,23.2,0.1363,0.000582,1594,0.003141,0.1234,0.5968,50.46,-0.872,0.6,-0.07265,0.1127,-0.162,-0.07719,-0.01786,0.09258,0.01912,0.2592,38.76,1682,139700,27650000,-1390,995000,98440,-9.9E+11,-97950000000,-9689000000,1.97E+18,8.854E+11,87600000000,1.907E+15,disgust
24.07,0.1305,0.000231,210.1,0.001434,0.05509,0.03608,48.47,0.1901,0.345,0.3868,0.256,0.2004,0.198,0.1931,0.1685,0.1318,0.1204,24.46,1494,193200,36820000,216,286.2,64.85,570000000,92630000,12790000,1.703E+15,839200000,115800000,3.783E+12,20.26,0.1199,0.00012,1657,0.001533,0.06002,0.614,44.79,-0.912,0.6187,-0.1016,0.05866,-0.1646,-0.0981,-0.000911,0.09352,0.0162,0.1276,35.71,1600,142100,27580000,-1553,996000,98620,-9.919E+11,-98220000000,-9724000000,1.98E+18,8.879E+11,87910000000,1.918E+15,happy
24.33,0.1406,0.000351,255.8,0.001899,0.07278,0.02666,50.06,0.1898,0.2251,0.2959,0.2397,0.1913,0.1777,0.1644,0.1285,0.1193,0.1564,23.5,964.8,94280,17240000,141.9,279.8,48.25,557800000,75570000,9532000,1.668E+15,685200000,86360000,2.824E+12,20.04,0.1239,0.000206,1614,0.001988,0.07784,0.5925,44.33,-0.9137,0.7026,-0.1428,0.02645,-0.1584,-0.1095,-0.03218,0.126,0.03313,0.1686,34.02,1345,103400,19710000,-1381,996900,98780,-9.939E+11,-98480000000,-9757000000,1.98E+18,8.902E+11,88210000000,1.927E+15,happy
61.61,0.2654,0.000348,241.4,0.00204,0.07824,0.02897,106.3,0.5401,0.1906,0.2943,0.2203,0.2323,0.1802,0.1539,0.1399,0.1215,0.1672,52.27,944.5,105500,13780000,570.6,314.1,64.07,626900000,94750000,12680000,1.877E+15,858300000,114800000,3.763E+12,38.84,0.1978,0.000213,1619,0.00208,0.08139,0.5981,76.19,-0.7554,0.7198,-0.1642,0.06027,-0.09219,-0.05324,-0.01442,0.07526,0.01769,0.1759,49.53,1328,59880,15930000,-1553,998000,98950,-9.959E+11,-98750000000,-9790000000,1.99E+18,8.927E+11,88510000000,1.937E+15,happy
62.87,0.2746,0.000394,222.8,0.001909,0.07319,0.03569,114.6,0.5465,0.2313,0.3489,0.204,0.2333,0.1795,0.1538,0.1337,0.1122,0.1557,53.89,1088,135100,21410000,607.8,306.1,58.7,611500000,88720000,11640000,1.833E+15,804800000,105500000,3.46E+12,37.16,0.1901,0.000209,1625,0.001858,0.07258,0.5865,76.87,-0.7614,0.7054,-0.09283,0.006707,-0.09394,-0.04811,-0.00921,0.08889,0.02991,0.1529,47.39,1349,81460,20570000,-1641,999000,99130,-9.981E+11,-99030000000,-9826000000,1.99E+18,8.953E+11,88830000000,1.948E+15,happy
37.44,0.1815,0.000364,259.6,0.001893,0.07238,0.0326,72.57,0.3116,0.2293,0.3389,0.2355,0.1928,0.1514,0.1597,0.1142,0.09529,0.1591,33.07,1071,102000,17190000,173.2,266.9,51.65,533700000,78010000,10260000,1.601E+15,705700000,92750000,3.054E+12,24.15,0.1391,0.000233,1620,0.002236,0.08734,0.5411,51.3,-0.8793,0.704,-0.1713,-0.001654,-0.107,-0.04024,-0.008354,0.07006,0.04294,0.1807,35.73,1180,69690,15290000,-1376,1000000,99280,-1E+12,-99280000000,-9856000000,2.00E+18,8.975E+11,89110000000,1.957E+15,happy
22.63,0.1324,0.000212,215.9,0.001543,0.05856,0.06793,46.77,0.1691,0.2234,0.3301,0.2189,0.2053,0.1432,0.1506,0.1355,0.1336,0.1176,22.89,924.8,120200,22830000,189.1,282.3,47.91,565100000,75690000,9527000,1.697E+15,687700000,86440000,2.842E+12,15.75,0.09759,0.000126,1619,0.001659,0.06454,0.5114,35.73,-0.9303,0.6212,-0.06208,0.005557,-0.1445,-0.03789,0.01434,0.06565,0.01104,0.1237,31.74,1418,126700,24050000,-1417,1001000,99440,-1.002E+12,-99530000000,-9886000000,2.01E+18,8.998E+11,89380000000,1.966E+15,neutral
39.59,0.1932,0.000417,239.5,0.001361,0.05153,0.06184,74.62,0.3288,0.2433,0.3064,0.2056,0.2026,0.1834,0.175,0.119,0.137,0.1085,35.13,993.5,122300,21350000,206.2,253.9,37.57,508700000,62520000,7480000,1.529E+15,568700000,67950000,2.234E+12,22.94,0.1282,0.000168,1567,0.001438,0.05623,0.5089,50,-0.8736,0.6122,-0.07561,0.06598,-0.1255,-0.03791,0.01135,0.09633,0.002083,0.1136,37.47,1492,115500,23140000,-1448,1002000,99560,-1.004E+12,-99750000000,-9912000000,2.01E+18,9.018E+11,89610000000,1.974E+15,neutral
21.71,0.1202,0.000442,224.7,0.001511,0.05767,0.03741,45.15,0.1543,0.1969,0.3372,0.2376,0.165,0.144,0.1618,0.1333,0.1223,0.124,21.68,865.8,95500,18030000,175.4,260.4,47.05,522200000,72870000,9379000,1.571E+15,662200000,85120000,2.805E+12,17.28,0.106,0.000208,1614,0.001811,0.07072,0.5464,37.32,-0.9313,0.7087,-0.07721,-0.02598,-0.1633,-0.05,0.03188,0.09912,0.005379,0.1463,29.76,1088,91380,17230000,-1409,1003000,99690,-1.006E+12,-99970000000,-9937000000,2.02E+18,9.038E+11,89850000000,1.981E+15,neutral
81.32,0.3452,0.000582,216.1,0.00171,0.06565,0.04026,142.8,0.6971,0.1826,0.3262,0.2248,0.2625,0.1868,0.1831,0.1239,0.09849,0.1443,68.86,864.1,103300,9755000,738.3,269.7,44.93,541400000,71790000,8970000,1.63E+15,650900000,81270000,2.686E+12,57.31,0.2781,0.000242,1601,0.001783,0.07003,0.5458,109.1,-0.602,0.7035,-0.1241,0.07897,-0.05623,-0.009204,-0.006781,0.06597,0.006777,0.1497,64.07,1318,24170,15090000,-1649,1004000,99820,-1.007E+12,-1.002E+11,-9964000000,2.02E+18,9.058E+11,90080000000,1.989E+15,neutral
25.51,0.1379,0.000565,229.3,0.001831,0.07017,0.07128,51.3,0.2085,0.2351,0.3409,0.2579,0.1632,0.1779,0.1484,0.1142,0.1148,0.1522,24.25,1039,121500,22750000,192.4,287.5,47.23,577800000,75730000,9441000,1.741E+15,688500000,85710000,2.831E+12,19.03,0.1149,0.000252,1590,0.001861,0.07296,0.5715,42.28,-0.9143,0.6544,-0.06558,0.01878,-0.1362,-0.04311,-0.005771,0.05433,-0.02127,0.1541,33,1351,111900,21510000,-1414,1005000,99970,-1.009E+12,-1.004E+11,-9992000000,2.03E+18,9.08E+11,90340000000,1.998E+15,neutral
22.82,0.1244,0.00016,228.2,0.00114,0.04284,0.07623,46.86,0.1595,0.2717,0.3422,0.2377,0.18,0.1377,0.1487,0.1258,0.1358,0.07819,23.16,1079,138500,26890000,164.7,312.4,51.95,628400000,83060000,10400000,1.896E+15,754300000,94330000,3.123E+12,15.64,0.09179,7.00E-05,1615,0.001321,0.05113,0.4529,35.59,-0.9329,0.6356,-0.08165,-0.02908,-0.1082,-0.0117,0.02693,0.09436,0.0388,0.09484,30.28,1293,120200,23100000,-1482,1006000,100100,-1.011E+12,-1.007E+11,-10020000000,2.03E+18,9.102E+11,90610000000,2.006E+15,sad
12.88,0.0906,0.000132,207.9,0.001106,0.04151,0.05747,28.71,0.07328,0.2336,0.3251,0.1796,0.1276,0.122,0.105,0.1116,0.1173,0.07182,15.69,1036,134500,26000000,181.5,330.5,57.55,665500000,90730000,11540000,2.01E+15,822700000,104500000,3.471E+12,11.31,0.06865,5.60E-05,1605,0.001251,0.04793,0.4596,28.35,-0.9657,0.6234,-0.006297,-0.01462,-0.02528,-0.01278,0.0365,0.07896,0.07005,0.0805,25.24,1181,121200,22310000,-1508,1007000,100300,-1.014E+12,-1.009E+11,-10050000000,2.04E+18,9.126E+11,90880000000,2.016E+15,sad
16.98,0.101,0.000109,218.5,0.001183,0.04465,0.04766,36.95,0.1114,0.257,0.3429,0.202,0.1613,0.1308,0.1222,0.1065,0.1081,0.07956,19.38,1104,142700,27780000,203.9,307,49.11,618900000,79840000,9861000,1.872E+15,725700000,89500000,2.97E+12,12.21,0.07007,6.00E-05,1631,0.001403,0.05394,0.474,28.82,-0.9546,0.5854,-0.006311,-0.0336,-0.05386,0.01377,0.04309,0.08196,0.06492,0.09264,25.94,1205,119200,23000000,-1461,1008000,100400,-1.016E+12,-1.012E+11,-10080000000,2.05E+18,9.151E+11,91170000000,2.025E+15,sad
30.45,0.1538,0.000151,257,0.00127,0.04828,0.05409,60.19,0.2479,0.2783,0.3679,0.1961,0.155,0.1217,0.1196,0.1306,0.1013,0.09295,28.33,1134,146200,27900000,219.2,338.5,52.4,683100000,86570000,10540000,2.068E+15,783000000,95280000,3.177E+12,15,0.08427,7.30E-05,1627,0.001343,0.05171,0.5498,33.22,-0.932,0.5891,-0.03552,-0.0374,-0.05414,0.02604,0.0544,0.06219,0.05258,0.09303,28.21,1247,122500,24430000,-1489,1009000,100500,-1.018E+12,-1.015E+11,-10110000000,2.06E+18,9.172E+11,91390000000,2.032E+15,sad
60.44,0.2627,0.000143,188,0.000919,0.0351,0.04076,104.7,0.5199,0.2125,0.3394,0.1983,0.1781,0.1123,0.1253,0.1126,0.1031,0.06885,52.29,980.4,133300,21680000,538.7,329.8,45.71,666400000,79070000,9204000,2.019E+15,718100000,83520000,2.78E+12,29.12,0.1429,5.30E-05,1607,0.000998,0.03844,0.5357,58.48,-0.8112,0.6528,0.02798,-0.01997,0.004213,-0.009498,-0.03289,0.03597,0.0407,0.06923,39.4,1153,81820,20270000,-1626,1010000,100700,-1.02E+12,-1.017E+11,-10140000000,2.06E+18,9.195E+11,91650000000,2.041E+15,sad
8.603,0.06396,0.000771,194.6,0.002467,0.09109,0.06145,20.52,0.0571,0.2796,0.3111,0.1401,0.148,0.1023,0.1028,0.08538,0.08961,0.09626,14.89,1300,171400,33300000,233.9,409.8,89,829100000,131000000,17950000,2.52E+15,1184000000,162300000,5.43E+12,8.406,0.04932,0.000258,1588,0.00223,0.08453,0.5526,20.92,-0.9807,0.5542,0.1864,0.1233,0.02032,0.04619,0.04178,0.03508,0.01468,0.1091,22.29,1391,162200,29600000,-1538,1011000,100900,-1.02E+12,-1.02E+11,-10170000000,2.07E+18,9.22E+11,91990000000,2.05E+15,angry
12.59,0.08085,0.000933,160.3,0.002558,0.09581,0.07721,28.25,0.08871,0.3054,0.3284,0.1752,0.1506,0.1158,0.1538,0.1022,0.09779,0.1397,17.11,1431,170000,33050000,252.6,490.3,106.7,993300000,157200000,21580000,3.019E+15,1423000000,195200000,6.547E+12,11.25,0.06342,0.000336,1591,0.002272,0.08677,0.5678,29.05,-0.9666,0.5878,0.04795,0.02882,-0.03385,0.04022,0.06785,0.05451,0.01975,0.1335,28.02,1593,162600,29470000,-1557,1013000,101200,-1.026E+12,-1.025E+11,-10230000000,2.08E+18,9.264E+11,92500000000,2.07E+15,angry
10.68,0.06954,0.002463,186.7,0.003169,0.1182,0.05857,22.94,0.07,0.3151,0.3154,0.1388,0.1448,0.1156,0.1119,0.07807,0.08094,0.1643,14.48,1362,180600,35270000,262.9,465.6,106.5,944900000,155000000,21620000,2.876E+15,1401000000,195400000,6.578E+12,10.3,0.0594,0.000614,1569,0.003045,0.1162,0.5583,25.35,-0.9752,0.5743,0.1158,0.05853,-0.04681,0.0378,0.04073,0.04239,0.01956,0.1782,26.76,1588,178800,32290000,-1518,1015000,101500,-1.03E+12,-1.029E+11,-10290000000,2.09E+18,9.306E+11,93040000000,2.088E+15,angry
56.75,0.2449,0.000857,186.6,0.002679,0.09914,0.05578,97.98,0.4901,0.2151,0.3007,0.1228,0.1619,0.1078,0.1122,0.08585,0.07588,0.1198,49.08,909.6,134700,22170000,519.1,413,97.99,839300000,141400000,19940000,2.559E+15,1278000000,180200000,6.085E+12,25.32,0.1203,0.000352,1587,0.002586,0.09856,0.5388,49.69,-0.8408,0.6128,0.09713,0.08872,0.02936,0.05341,0.05523,0.04348,0.03453,0.1371,36,1183,93370,20230000,-1619,1016000,101700,-1.033E+12,-1.034E+11,-10350000000,2.10E+18,9.347E+11,93580000000,2.106E+15,angry
19.43,0.143,0.000616,166.7,0.003283,0.1217,0.05192,43.51,0.1731,0.3648,0.3676,0.2173,0.1986,0.1171,0.1256,0.09014,0.1046,0.1329,22.05,1798,151900,28950000,235.3,448.9,90.12,913700000,137100000,18380000,2.79E+15,1240000000,166200000,5.625E+12,13.29,0.08148,0.000313,1601,0.002999,0.1136,0.5409,33.68,-0.9382,0.5106,-0.00351,0.0924,-0.0034,0.03905,0.06515,0.05295,0.03176,0.1525,29.16,1688,139500,26750000,-1526,1018000,102000,-1.036E+12,-1.038E+11,-10410000000,2.11E+18,9.385E+11,94080000000,2.123E+15,angry
17.3,0.09999,0.00048,199.3,0.00151,0.05596,0.03363,35.94,0.1126,0.1867,0.3388,0.1754,0.1845,0.1304,0.1225,0.1063,0.1036,0.06982,18.16,842.6,118300,22980000,185.2,399.4,66.49,814100000,108000000,13590000,2.489E+15,976500000,122900000,4.168E+12,13.89,0.08479,0.000106,1550,0.001212,0.04656,0.6297,33.41,-0.9504,0.607,0.04925,0.04345,-0.1038,0.04523,0.018,0.003648,-0.005327,0.07108,30.71,1631,175400,31350000,-1574,1019000,102200,-1.039E+12,-1.042E+11,-10450000000,2.12E+18,9.419E+11,94470000000,2.136E+15,disgust
8.538,0.0577,0.000125,151.5,0.001025,0.03803,0.04363,18.9,0.05027,0.1755,0.3287,0.1553,0.1481,0.1171,0.1188,0.1182,0.1277,0.04179,12.53,973.5,129800,24510000,207.1,497.2,59.81,1015000000,111600000,12250000,3.108E+15,1011000000,111000000,3.763E+12,9.223,0.05276,4.30E-05,1566,0.000885,0.03365,0.5778,23.38,-0.9771,0.6042,0.03258,-0.03204,0.05871,0.09383,0.09441,0.06256,0.01477,0.04655,23.7,1287,146300,26760000,-1628,1021000,102400,-1.042E+12,-1.045E+11,-10490000000,2.13E+18,9.45E+11,94810000000,2.148E+15,disgust
15.46,0.09799,0.00011,184.2,0.000879,0.03287,0.03841,31.91,0.09681,0.3587,0.4393,0.2619,0.1716,0.1609,0.1387,0.1383,0.1257,0.05318,18.58,1711,224800,43890000,296.2,435.1,67.6,889600000,113500000,13870000,2.728E+15,1027000000,125400000,4.268E+12,14.2,0.0848,5.10E-05,1580,0.000796,0.03072,0.5926,35.38,-0.9528,0.5542,0.004759,0.03451,-0.05058,0.05988,0.09609,0.03751,0.01142,0.05067,31.4,1871,209100,39730000,-1731,1022000,102600,-1.045E+12,-1.049E+11,-10520000000,2.14E+18,9.482E+11,95160000000,2.16E+15,disgust
19.53,0.1101,0.000132,170.1,0.001021,0.03763,0.08586,42.16,0.1317,0.1741,0.364,0.2076,0.1716,0.1108,0.1806,0.1319,0.1339,0.04414,20.58,959.7,126700,24020000,206.2,470.9,80.57,964400000,130200000,16570000,2.962E+15,1178000000,149800000,5.109E+12,14.1,0.08493,4.30E-05,1566,0.001026,0.03923,0.5576,34.54,-0.9449,0.6006,-0.005133,0.03894,-0.04217,0.08481,0.09387,0.05636,0.01676,0.0567,29.3,1450,146200,26700000,-1610,1024000,102800,-1.048E+12,-1.053E+11,-10570000000,2.15E+18,9.517E+11,95580000000,2.174E+15,disgust
15.46,0.09799,0.00011,184.2,0.000879,0.03287,0.03841,31.91,0.09681,0.3587,0.4393,0.2619,0.1716,0.1609,0.1387,0.1383,0.1257,0.05318,18.58,1711,224800,43890000,296.2,435.1,67.6,892300000,113900000,13930000,2.745E+15,1030000000,126000000,4.304E+12,14.2,0.0848,5.10E-05,1580,0.000796,0.03072,0.5926,35.38,-0.9528,0.5542,0.004759,0.03451,-0.05058,0.05988,0.09609,0.03751,0.01142,0.05067,31.4,1871,209100,39730000,-1731,1025000,103000,-1.052E+12,-1.056E+11,-10610000000,2.16E+18,9.55E+11,95950000000,2.187E+15,disgust
13.42,0.08168,0.000295,176.1,0.001636,0.06079,0.06635,29.02,0.08242,0.334,0.3301,0.1645,0.1499,0.08669,0.1077,0.1011,0.1062,0.07867,17.8,1503,192800,37570000,250.8,455.7,86.27,935900000,135300000,17810000,2.884E+15,1219000000,160600000,5.515E+12,11.33,0.06655,0.00013,1578,0.001553,0.05924,0.5574,28.21,-0.9658,0.5227,0.1171,0.05855,0.000517,0.06899,0.06317,0.04507,0.01408,0.08545,26.82,1582,175800,32640000,-1580,1027000,103200,-1.055E+12,-1.06E+11,-10650000000,2.17E+18,9.583E+11,96310000000,2.199E+15,happy
11.46,0.06349,0.00022,153.1,0.001299,0.04834,0.07496,24.87,0.07062,0.3335,0.3518,0.1355,0.1495,0.09372,0.1015,0.1108,0.1036,0.06563,16.31,1503,201200,38980000,252.3,428,47.67,880300000,93140000,9860000,2.716E+15,843600000,89290000,3.059E+12,8.494,0.04763,9.30E-05,1577,0.001359,0.05157,0.5456,21.44,-0.9769,0.4885,0.1454,0.09466,0.06034,0.07718,0.07109,0.04538,0.02983,0.07145,21.44,1314,158400,30060000,-1519,1029000,103400,-1.058E+12,-1.064E+11,-10700000000,2.18E+18,9.616E+11,96690000000,2.212E+15,happy
49.84,0.2193,0.000513,166.9,0.002201,0.08203,0.06895,90.44,0.4223,0.3159,0.3439,0.1438,0.1677,0.1036,0.11,0.08572,0.09008,0.1063,43.72,1570,214800,38970000,479.4,489.2,89.61,1008000000,142100000,18570000,3.115E+15,1286000000,168000000,5.772E+12,21.4,0.1054,0.0002,1571,0.001895,0.07209,0.5605,46.35,-0.8722,0.5116,0.1449,0.04585,-0.005804,0.04437,0.0341,0.03013,0.01283,0.1007,34.37,1531,152600,31880000,-1645,1030000,103600,-1.061E+12,-1.068E+11,-10740000000,2.19E+18,9.651E+11,97090000000,2.226E+15,happy
11.86,0.0814,0.00033,177.7,0.001602,0.05946,0.05263,28.54,0.07637,0.3897,0.3717,0.1352,0.17,0.09326,0.09297,0.08305,0.09356,0.07163,18.3,1763,231900,44890000,292.3,495.6,77.37,1023000000,130700000,16070000,3.165E+15,1182000000,145300000,5.004E+12,9.364,0.05603,0.000117,1562,0.001455,0.0554,0.5529,25.86,-0.9705,0.4394,0.09487,0.07503,0.006201,0.06687,0.06219,0.04737,0.02733,0.07794,26.85,1758,193700,36540000,-1555,1032000,103800,-1.065E+12,-1.071E+11,-10780000000,2.20E+18,9.686E+11,97470000000,2.239E+15,happy
9.85,0.06599,0.000351,157.5,0.001978,0.07324,0.079,24.01,0.05793,0.324,0.3507,0.1842,0.1696,0.09755,0.1052,0.1098,0.09892,0.08104,16.35,1542,201800,39410000,275.3,503.4,96.93,1041000000,152200000,20170000,3.227E+15,1373000000,182100000,6.296E+12,9.486,0.0554,0.000146,1581,0.001714,0.06508,0.5321,25.05,-0.9751,0.5112,0.13,0.07343,0.003927,0.07289,0.06735,0.03576,0.01586,0.08877,24.95,1561,176300,32740000,-1576,1034000,104100,-1.068E+12,-1.075E+11,-10830000000,2.21E+18,9.722E+11,97880000000,2.253E+15,happy
17.68,0.09489,0.000331,196.6,0.001612,0.05957,0.04875,35.74,0.1225,0.3094,0.2738,0.1369,0.1812,0.1251,0.1658,0.1095,0.1324,0.07436,20.19,1360,172500,33550000,256.9,437,62.77,904600000,109700000,13090000,2.809E+15,993500000,118500000,4.095E+12,10.25,0.05656,0.000117,1595,0.001725,0.06584,0.514,25.16,-0.9621,0.4653,0.08928,0.137,-0.04595,0.06117,0.112,0.105,0.01665,0.09482,26.39,1593,172200,30940000,-1463,1035000,104300,-1.072E+12,-1.08E+11,-10880000000,2.22E+18,9.76E+11,98340000000,2.269E+15,neutral
14.09,0.07809,0.000216,206.6,0.001408,0.05195,0.06882,28.82,0.09365,0.2504,0.269,0.1346,0.1537,0.1166,0.1341,0.09786,0.1036,0.05965,16.22,1025,134400,26430000,192.5,390.5,68.54,809600000,111200000,14320000,2.518E+15,1007000000,129700000,4.488E+12,8.752,0.04624,7.70E-05,1576,0.001659,0.06309,0.4932,20.28,-0.9741,0.5592,0.09683,0.1146,-0.02256,0.05395,0.1054,0.08961,0.04566,0.08653,22.17,1208,131100,23050000,-1454,1037000,104500,-1.075E+12,-1.083E+11,-10920000000,2.23E+18,9.792E+11,98710000000,2.282E+15,neutral
58.88,0.2553,0.000316,181.2,0.001935,0.07161,0.04478,106.3,0.5041,0.2906,0.266,0.1215,0.1834,0.1123,0.1345,0.08873,0.09334,0.07918,51.33,1296,173400,30310000,567,426.2,79.95,884800000,127000000,16740000,2.755E+15,1149000000,151400000,5.256E+12,25.01,0.1154,0.000112,1590,0.001916,0.07262,0.5093,49.78,-0.8313,0.5245,0.129,0.101,0.02195,0.0615,0.07606,0.0596,0.0202,0.09611,36.76,1375,118300,25420000,-1607,1038000,104700,-1.077E+12,-1.087E+11,-10960000000,2.24E+18,9.824E+11,99090000000,2.295E+15,neutral
13.57,0.08188,0.00023,189.2,0.001472,0.05431,0.06679,29.91,0.0893,0.2668,0.2889,0.1403,0.1495,0.0996,0.1111,0.09385,0.1121,0.05906,18.55,1306,152800,29440000,225.5,441.2,80.24,917400000,129200000,16840000,2.861E+15,1168000000,152200000,5.299E+12,8.636,0.04991,7.60E-05,1605,0.001679,0.0635,0.4799,21.03,-0.972,0.4853,0.1286,0.1192,0.02891,0.04677,0.07646,0.07474,0.03927,0.07964,22.51,1292,138300,25320000,-1526,1040000,104900,-1.081E+12,-1.091E+11,-11010000000,2.25E+18,9.86E+11,99530000000,2.31E+15,neutral
11.77,0.07253,0.000277,174.2,0.00143,0.05277,0.04517,25.85,0.07678,0.2884,0.3203,0.1243,0.1562,0.1143,0.1303,0.09163,0.09164,0.06225,16.75,1356,172400,33490000,229.1,416.7,80.94,867500000,127700000,17020000,2.709E+15,1154000000,153800000,5.367E+12,8.893,0.05077,9.10E-05,1587,0.001555,0.05917,0.5033,22.09,-0.9745,0.5404,0.09387,0.08107,-0.02404,0.04476,0.08977,0.06423,0.04402,0.08115,23.86,1374,147600,26870000,-1521,1041000,105200,-1.084E+12,-1.095E+11,-11060000000,2.26E+18,9.895E+11,99950000000,2.325E+15,neutral
41.61,0.1927,3.10E-05,175.9,0.000549,0.02038,0.05031,79.58,0.3471,0.2715,0.3173,0.2043,0.1709,0.1347,0.1262,0.1282,0.11,0.02757,37.08,1324,167900,30910000,384.8,419.4,23.68,874500000,68740000,4987000,2.735E+15,621400000,45070000,1.575E+12,18.07,0.0937,1.30E-05,1558,0.000602,0.023,0.5102,40.88,-0.8986,0.5484,0.003011,-0.02449,-0.002321,0.05968,0.08117,0.06134,0.02457,0.0345,33.53,1547,151700,30620000,-1642,1042000,105300,-1.087E+12,-1.098E+11,-11080000000,2.27E+18,9.922E+11,1.002E+11,2.334E+15,sad
12.5,0.08066,3.30E-05,171.3,0.000578,0.02139,0.03589,27.62,0.07665,0.3155,0.2999,0.1401,0.1469,0.1232,0.1385,0.1175,0.1135,0.02564,17.5,1449,178900,34750000,212.9,415,32.93,866500000,77690000,6940000,2.713E+15,702800000,62760000,2.194E+12,8.568,0.05065,1.30E-05,1580,0.000582,0.02213,0.5791,21.48,-0.9721,0.4455,0.05476,-0.001918,-0.03437,0.02702,0.08876,0.07239,0.02832,0.03012,26.86,1774,201500,38040000,-1633,1044000,105400,-1.09E+12,-1.1E+11,-11100000000,2.28E+18,9.944E+11,1.004E+11,2.34E+15,sad
13.11,0.08073,2.60E-05,166.1,0.00055,0.02041,0.07767,28.21,0.08152,0.3623,0.2832,0.1696,0.1243,0.1068,0.1342,0.09116,0.1012,0.02418,17.82,1619,206100,39920000,231.7,438.3,22.4,916400000,69340000,4723000,2.874E+15,627900000,42790000,1.494E+12,8.152,0.04719,1.00E-05,1565,0.000544,0.02064,0.5271,21.31,-0.9713,0.4141,0.0865,-0.006718,-0.006337,0.05749,0.08486,0.0849,0.0514,0.028,26.33,1857,218300,41740000,-1636,1045000,105400,-1.093E+12,-1.102E+11,-11120000000,2.29E+18,9.965E+11,1.005E+11,2.345E+15,sad
7.348,0.06081,5.60E-05,156.7,0.000733,0.02719,0.05284,17.28,0.04409,0.3493,0.309,0.164,0.1409,0.1102,0.1066,0.09017,0.08455,0.03042,15,1568,204800,39460000,216.2,432.9,28.28,906400000,74690000,5968000,2.846E+15,677500000,54150000,1.889E+12,6.397,0.03743,1.70E-05,1547,0.000687,0.02599,0.4996,16.07,-0.983,0.4221,0.1151,0.008199,0.0137,0.05997,0.08879,0.08189,0.04386,0.03385,22.52,1615,200400,38600000,-1596,1047000,105500,-1.096E+12,-1.105E+11,-11140000000,2.30E+18,9.986E+11,1.007E+11,2.35E+15,sad
12.47,0.07895,4.20E-05,159.7,0.000632,0.02343,0.07021,27.66,0.07978,0.3444,0.2973,0.1609,0.1427,0.1166,0.11,0.1064,0.106,0.02743,18.23,1636,199500,38530000,222.5,419.1,22.69,878800000,67340000,4790000,2.764E+15,610100000,43410000,1.517E+12,8.361,0.04918,1.30E-05,1574,0.000605,0.02296,0.5219,21.18,-0.972,0.4403,0.07113,-0.0244,0.003599,0.0913,0.1299,0.1111,0.063,0.0311,25.51,1726,199500,38140000,-1614,1048000,105600,-1.099E+12,-1.107E+11,-11150000000,2.30E+18,1.001E+12,1.008E+11,2.354E+15,sad
8.55,0.06525,0.001388,253.2,0.002816,0.105,0.03989,21.31,0.0557,0.2066,0.2804,0.1338,0.1458,0.07732,0.08728,0.08492,0.0739,0.1506,12.9,873.8,116500,23120000,286.2,339.5,18.25,712700000,54810000,3855000,2.244E+15,496100000,34910000,1.222E+12,7.222,0.04583,0.000391,1501,0.002666,0.1015,0.5468,18.03,-0.9808,0.5413,0.0511,0.05053,0.01378,0.03945,0.01507,0.00769,0.00962,0.1599,21.25,1143,121100,21250000,-1231,1050000,105600,-1.102E+12,-1.109E+11,-11160000000,2.31E+18,1.002E+12,1.009E+11,2.357E+15,angry
5.196,0.04986,0.002088,245.3,0.003888,0.1458,0.06594,14.04,0.02417,0.3048,0.3481,0.1764,0.1465,0.1052,0.09457,0.09165,0.08739,0.2192,10.69,1221,173100,34250000,325.4,369.3,24.11,776200000,63840000,5097000,2.447E+15,575600000,45940000,1.616E+12,7.277,0.04441,0.000603,1524,0.003502,0.1337,0.5573,18.91,-0.9847,0.5688,-0.0157,0.000722,0.03907,0.03977,0.001161,-0.01316,0.01922,0.2152,20.27,1048,113000,20400000,-1215,1051000,105700,-1.104E+12,-1.111E+11,-11170000000,2.32E+18,1.004E+12,1.01E+11,2.361E+15,angry
7.826,0.05577,0.000809,195.2,0.002644,0.09915,0.04261,19.66,0.04363,0.3682,0.3164,0.1953,0.1308,0.1204,0.1066,0.1006,0.0946,0.1505,13.84,1546,217400,42920000,319.5,395.7,34.81,832600000,78150000,7365000,2.628E+15,703300000,66270000,2.337E+12,8.092,0.04601,0.000278,1557,0.002264,0.08665,0.6014,21.33,-0.9805,0.5057,0.06866,0.009012,-0.000588,0.01161,0.01225,0.01954,0.03086,0.1339,22.55,1357,157500,29540000,-1388,1052000,105800,-1.107E+12,-1.113E+11,-11190000000,2.33E+18,1.006E+12,1.011E+11,2.367E+15,angry
12.24,0.08122,0.001,219.9,0.00294,0.1107,0.06135,27.87,0.07185,0.2569,0.3186,0.1852,0.2024,0.1482,0.1087,0.1085,0.0976,0.1824,16.18,1024,128400,25600000,254,353.5,26.89,744800000,65470000,5694000,2.354E+15,590000000,51300000,1.809E+12,10.24,0.06221,0.000365,1572,0.002702,0.1036,0.6152,24.45,-0.9693,0.6061,-0.08293,0.02565,0.04307,0.02867,-0.0102,-0.01538,0.01405,0.1684,23.51,1117,105800,18760000,-1279,1053000,105900,-1.11E+12,-1.115E+11,-11210000000,2.34E+18,1.008E+12,1.013E+11,2.373E+15,angry
4.963,0.0465,0.000988,202.5,0.002838,0.1068,0.05354,12.99,0.02092,0.2751,0.3262,0.2028,0.1287,0.1116,0.1049,0.09873,0.09307,0.1702,9.706,978.2,143300,28690000,264.4,363.8,28.81,767500000,68720000,6105000,2.428E+15,620300000,55100000,1.94E+12,7.85,0.04709,0.000379,1557,0.002608,0.1001,0.5875,19.3,-0.9846,0.6146,-0.05016,-0.000642,0.009683,0.003488,-0.01242,-0.005447,0.02831,0.1653,21.05,1012,108000,19240000,-1280,1055000,106000,-1.112E+12,-1.118E+11,-11230000000,2.35E+18,1.01E+12,1.015E+11,2.379E+15,angry
15.33,0.09558,0.00047,217.6,0.003045,0.1152,0.07141,31.95,0.1041,0.3061,0.3678,0.2387,0.1803,0.1303,0.1265,0.1223,0.1224,0.194,18.52,1307,171800,33910000,298.3,443.5,58.23,936800000,107900000,12350000,2.968E+15,973500000,111500000,3.931E+12,11.64,0.0718,0.00021,1633,0.002366,0.09031,0.5945,28.57,-0.9593,0.589,-0.03811,0.01875,-0.02025,-0.01883,-0.03364,-0.01064,0.01681,0.1509,26.69,1317,129600,24010000,-1406,1056000,106100,-1.115E+12,-1.12E+11,-11250000000,2.36E+18,1.013E+12,1.017E+11,2.387E+15,disgust
12.58,0.07985,0.000682,196.4,0.002891,0.1093,0.07554,28.07,0.07941,0.3104,0.3404,0.1746,0.1728,0.1298,0.1092,0.105,0.1085,0.1884,16.08,1243,176400,35240000,287.3,426.7,45.29,902600000,92600000,9621000,2.864E+15,836800000,86950000,3.066E+12,8.939,0.05264,0.000298,1600,0.002659,0.1017,0.5635,21.29,-0.9735,0.5611,0.05016,0.04874,0.03075,0.02576,0.01471,-0.01019,0.006699,0.1664,20.93,1074,119600,22550000,-1319,1058000,106200,-1.119E+12,-1.123E+11,-11280000000,2.37E+18,1.015E+12,1.02E+11,2.396E+15,disgust
12.87,0.08325,0.000824,184.7,0.002731,0.1028,0.06345,28.75,0.08191,0.3116,0.3411,0.1814,0.1608,0.1164,0.1213,0.1019,0.1059,0.1641,18.04,1400,179900,35500000,289.2,401.9,44.27,851400000,88800000,9415000,2.705E+15,801400000,84960000,3.004E+12,9.98,0.05768,0.000333,1596,0.002255,0.08628,0.5871,23.86,-0.9686,0.5695,0.01554,0.01103,0.00965,0.003303,-0.04287,-0.03363,0.01369,0.1364,24.5,1311,137300,25540000,-1399,1059000,106300,-1.122E+12,-1.126E+11,-11310000000,2.38E+18,1.018E+12,1.022E+11,2.405E+15,disgust
13.18,0.08266,0.000838,193.4,0.003234,0.1224,0.05145,29.45,0.08196,0.3101,0.3348,0.1899,0.1279,0.1063,0.128,0.1023,0.09176,0.2022,17.04,1299,173300,34240000,294.2,396.2,46.32,840400000,90620000,9863000,2.674E+15,815100000,88740000,3.15E+12,10.1,0.0592,0.000329,1611,0.002617,0.09991,0.6307,23.92,-0.9688,0.5689,0.06784,0.02938,-0.003735,-0.01165,-0.001179,0.02131,0.018,0.1597,22.23,1119,123300,23360000,-1383,1060000,106500,-1.125E+12,-1.129E+11,-11330000000,2.39E+18,1.021E+12,1.025E+11,2.413E+15,disgust
12.87,0.08325,0.000824,184.7,0.002731,0.1028,0.06345,28.75,0.08191,0.3116,0.3411,0.1814,0.1608,0.1164,0.1213,0.1019,0.1059,0.1641,18.04,1400,179900,35500000,289.2,401.9,44.27,853600000,89020000,9437000,2.719E+15,803400000,85160000,3.018E+12,9.98,0.05768,0.000333,1596,0.002255,0.08628,0.5871,23.86,-0.9686,0.5695,0.01554,0.01103,0.00965,0.003303,-0.04287,-0.03363,0.01369,0.1364,24.5,1311,137300,25540000,-1399,1062000,106600,-1.127E+12,-1.132E+11,-11360000000,2.39E+18,1.023E+12,1.027E+11,2.422E+15,disgust
5.548,0.05044,0.000345,215.6,0.001726,0.06435,0.05335,16.68,0.03704,0.2366,0.2979,0.1421,0.1352,0.1322,0.09534,0.0886,0.08684,0.08998,12.12,998.7,128100,25260000,239.7,373.6,18.65,794500000,59360000,3979000,2.534E+15,535800000,35910000,1.274E+12,6.803,0.04219,0.00014,1524,0.001784,0.0681,0.5724,17.75,-0.9848,0.5394,0.1197,0.111,0.03194,-0.0167,-0.0226,0.01031,0.01201,0.1035,19.78,1142,128900,23030000,-1331,1063000,106700,-1.13E+12,-1.134E+11,-11380000000,2.40E+18,1.025E+12,1.029E+11,2.428E+15,happy
13.45,0.1062,0.000235,181.2,0.00136,0.05089,0.04674,32.41,0.08664,0.2005,0.3185,0.1742,0.1535,0.1038,0.09431,0.1031,0.09217,0.07792,18.8,980,92350,17760000,232.9,392.7,21.94,836100000,65100000,4685000,2.67E+15,588400000,42340000,1.5E+12,11.53,0.07939,7.90E-05,1519,0.001446,0.05545,0.5319,30.65,-0.959,0.5823,-0.05601,0.07024,0.000752,-0.001148,-0.03867,-0.02878,-0.005937,0.09123,27.92,1390,122500,21760000,-1347,1065000,106700,-1.133E+12,-1.136E+11,-11390000000,2.41E+18,1.027E+12,1.03E+11,2.432E+15,happy
27.08,0.1258,0.000384,226.5,0.001698,0.06309,0.04218,49.26,0.2285,0.2088,0.2757,0.1452,0.134,0.09397,0.09219,0.08466,0.08585,0.09136,25.56,887,109700,20670000,246.5,348.4,18.53,742600000,56880000,3959000,2.374E+15,514800000,35850000,1.268E+12,10.52,0.05871,0.00014,1540,0.00189,0.07191,0.5381,24.32,-0.9557,0.5567,0.06345,0.03033,0.02112,0.0219,0.008314,0.01832,0.01778,0.1131,22.97,1045,104200,19380000,-1301,1066000,106800,-1.136E+12,-1.138E+11,-11410000000,2.42E+18,1.029E+12,1.031E+11,2.437E+15,happy
35.94,0.1618,0.000357,263.5,0.002169,0.08208,0.03927,66.03,0.2867,0.2331,0.2501,0.1348,0.1358,0.1016,0.09413,0.09333,0.1081,0.143,32.55,971,114900,20290000,342.2,378.6,26.93,807900000,68350000,5755000,2.586E+15,615100000,51780000,1.845E+12,14.33,0.07708,0.000209,1506,0.002503,0.09586,0.5029,32.18,-0.9332,0.5578,0.05345,0.07762,0.000426,0.00497,-0.02927,0.02483,0.0128,0.1668,28.99,1377,129100,24110000,-1244,1067000,106900,-1.139E+12,-1.14E+11,-11420000000,2.43E+18,1.031E+12,1.032E+11,2.44E+15,happy
5.548,0.05044,0.000345,215.6,0.001726,0.06435,0.05335,16.68,0.03704,0.2366,0.2979,0.1421,0.1352,0.1322,0.09534,0.0886,0.08684,0.08998,12.12,998.7,128100,25260000,239.7,373.6,18.65,798300000,59550000,3989000,2.559E+15,537500000,36000000,1.28E+12,6.803,0.04219,0.00014,1524,0.001784,0.0681,0.5724,17.75,-0.9848,0.5394,0.1197,0.111,0.03194,-0.0167,-0.0226,0.01031,0.01201,0.1035,19.78,1142,128900,23030000,-1331,1068000,106900,-1.141E+12,-1.142E+11,-11430000000,2.44E+18,1.033E+12,1.034E+11,2.445E+15,happy
12.55,0.09797,0.000313,258.2,0.001546,0.05858,0.05128,28.41,0.08897,0.2635,0.2953,0.1816,0.1526,0.1244,0.1069,0.118,0.1025,0.112,17.49,1120,132900,25650000,251.9,343.5,11.36,734900000,48420000,2431000,2.358E+15,438000000,22000000,7.8E+11,10.23,0.06699,0.000138,1490,0.001457,0.0565,0.5902,25.64,-0.9671,0.5362,-0.01998,0.08021,-0.02307,0.004021,-0.002654,-0.007594,-0.02941,0.1045,27.62,1588,157900,28300000,-1328,1070000,107000,-1.144E+12,-1.144E+11,-11440000000,2.45E+18,1.034E+12,1.034E+11,2.448E+15,neutral
8.663,0.07593,0.000349,250.6,0.001548,0.05867,0.02434,20.01,0.05012,0.2628,0.2831,0.173,0.168,0.1464,0.1158,0.1212,0.1184,0.1062,14.57,1019,117700,23310000,247.2,352.5,14.59,754900000,52960000,3123000,2.425E+15,478400000,28200000,1.002E+12,8.754,0.05671,0.000145,1504,0.001493,0.05762,0.6013,21.95,-0.976,0.5401,-0.0435,0.07284,-0.03355,0.04125,-0.008833,-0.03749,-0.01896,0.1044,25.76,1472,148400,26040000,-1315,1071000,107000,-1.147E+12,-1.146E+11,-11450000000,2.46E+18,1.036E+12,1.035E+11,2.45E+15,neutral
12.35,0.08269,0.000276,225,0.001753,0.06626,0.05141,27.73,0.07738,0.2619,0.3013,0.1843,0.1637,0.136,0.1393,0.1118,0.1123,0.1159,16.85,1131,148100,28990000,278.5,360.7,12.58,773300000,50780000,2693000,2.487E+15,457900000,24260000,8.648E+11,9.36,0.05723,0.000144,1504,0.001732,0.067,0.542,23.19,-0.9709,0.5743,0.03844,0.04041,-0.03502,0.002177,0.000929,-0.02136,-0.02322,0.1136,23.74,1311,144200,26740000,-1330,1072000,107000,-1.149E+12,-1.147E+11,-11460000000,2.46E+18,1.037E+12,1.036E+11,2.452E+15,neutral
56.91,0.2548,0.000251,245.4,0.00133,0.05066,0.03789,102.4,0.4835,0.2593,0.2908,0.1446,0.1842,0.1265,0.1106,0.09747,0.09325,0.09796,48.44,1195,160600,26430000,573.9,377.8,9.907,810900000,50210000,2121000,2.611E+15,453700000,19150000,6.813E+11,25.83,0.1298,0.000102,1507,0.001217,0.04713,0.5887,53.51,-0.8303,0.5136,0.001203,0.06399,0.004945,0.03158,-0.01051,0.000288,-0.02893,0.0865,41.16,1720,137800,29870000,-1486,1073000,107100,-1.152E+12,-1.149E+11,-11460000000,2.47E+18,1.039E+12,1.036E+11,2.454E+15,neutral
24.76,0.1209,0.00023,254,0.001375,0.05227,0.03252,48.08,0.2036,0.2416,0.3131,0.1859,0.1805,0.1346,0.1212,0.1017,0.09755,0.09887,24.11,1010,130200,24660000,266,350,12.58,752200000,50080000,2695000,2.425E+15,453000000,24400000,8.658E+11,11.68,0.06672,0.000111,1492,0.001432,0.05521,0.5861,27.78,-0.9532,0.6077,-0.03259,0.009619,0.02702,0.009828,-0.04698,-0.01396,-0.01688,0.1001,26.37,1285,128200,23850000,-1337,1075000,107100,-1.155E+12,-1.151E+11,-11470000000,2.48E+18,1.04E+12,1.037E+11,2.456E+15,neutral
12.36,0.07799,8.40E-05,203.3,0.0011,0.04117,0.03149,27.77,0.07966,0.2663,0.297,0.153,0.1569,0.1116,0.1097,0.09336,0.09267,0.06784,16.09,1206,163600,31820000,263.6,420.3,19.36,904300000,65400000,4147000,2.919E+15,590900000,37470000,1.333E+12,8.904,0.05341,3.90E-05,1533,0.001049,0.0402,0.605,22.4,-0.973,0.5419,0.09535,0.0618,0.03031,0.05973,-0.01484,-0.04221,0.001239,0.06627,24.05,1466,168400,31020000,-1451,1076000,107100,-1.158E+12,-1.153E+11,-11480000000,2.49E+18,1.042E+12,1.037E+11,2.459E+15,sad
10.7,0.06881,9.10E-05,206.9,0.000848,0.03183,0.04406,23.56,0.05984,0.2485,0.3187,0.166,0.1337,0.1056,0.09929,0.08541,0.08836,0.05274,13.39,912.5,126800,25010000,216.4,374.5,9.674,806900000,49550000,2073000,2.608E+15,449500000,18860000,6.665E+11,8.485,0.05264,3.90E-05,1535,0.000949,0.03648,0.5938,20.74,-0.9761,0.5606,-0.007775,0.0256,0.04481,0.01267,-0.0251,-0.01012,0.03176,0.05919,22.49,1197,132300,24000000,-1409,1077000,107200,-1.161E+12,-1.155E+11,-11480000000,2.50E+18,1.044E+12,1.038E+11,2.461E+15,sad
12.1,0.07337,0.000117,193.7,0.00106,0.03972,0.04155,26.72,0.07213,0.2344,0.3035,0.1583,0.1562,0.09641,0.1072,0.1125,0.1131,0.05993,14.44,826.5,110200,21810000,198.8,373.4,10.23,805400000,50570000,2193000,2.606E+15,456400000,19770000,7.05E+11,8.314,0.05,5.00E-05,1525,0.00112,0.04304,0.5787,20.11,-0.9748,0.5649,0.02877,0.06191,0.06238,0.03295,-0.02944,-0.0337,-0.001534,0.06612,20.89,1123,126700,23090000,-1389,1079000,107200,-1.163E+12,-1.156E+11,-11490000000,2.51E+18,1.045E+12,1.039E+11,2.462E+15,sad
9.029,0.05757,6.10E-05,186.6,0.000743,0.02767,0.03311,20.38,0.04726,0.2601,0.3206,0.1658,0.1297,0.1283,0.08835,0.09432,0.08702,0.03796,11.98,1061,152200,29710000,223.2,378.6,7.055,817600000,47920000,1513000,2.649E+15,433600000,13720000,4.865E+11,7.49,0.04454,2.50E-05,1532,0.000798,0.03065,0.5234,19.25,-0.982,0.5684,0.07868,0.000251,0.02279,0.01134,-0.003354,0.00611,0.024,0.04668,20.79,1212,150000,28200000,-1457,1080000,107200,-1.166E+12,-1.158E+11,-11490000000,2.52E+18,1.047E+12,1.039E+11,2.464E+15,sad
9.875,0.06023,0.00015,189.9,0.00134,0.04991,0.0418,22.51,0.06068,0.2563,0.2885,0.1323,0.1442,0.1038,0.1399,0.111,0.09328,0.06382,13.62,1059,144000,28020000,232.3,368.1,10.28,796000000,50460000,2204000,2.582E+15,456000000,19920000,7.09E+11,7.222,0.04237,7.20E-05,1519,0.00136,0.05159,0.5487,18.55,-0.9805,0.5122,0.1215,0.08991,0.1137,0.07087,-0.02232,-0.03427,0.004907,0.07226,18.5,1077,130100,24340000,-1403,1081000,107200,-1.169E+12,-1.159E+11,-11500000000,2.53E+18,1.048E+12,1.039E+11,2.466E+15,sad
14.25,0.0951,0.001185,200.6,0.003368,0.1263,0.05108,30.46,0.0855,0.2305,0.3206,0.1941,0.1657,0.1415,0.1309,0.1266,0.1172,0.1892,16.86,1019,135800,26980000,237.6,377.5,61.64,817200000,107000000,13230000,2.654E+15,970000000,119900000,4.261E+12,12.68,0.08029,0.000508,1585,0.002696,0.1033,0.5954,31,-0.9584,0.6066,0.01313,0.0449,-0.05159,0.004521,-0.02835,0.001655,0.02438,0.1675,29.26,1497,151400,27040000,-1456,1082000,107400,-1.172E+12,-1.162E+11,-11520000000,2.54E+18,1.05E+12,1.042E+11,2.474E+15,angry
11.33,0.0676,0.000896,228.8,0.003027,0.1137,0.05391,23.79,0.06621,0.2692,0.3125,0.1781,0.1555,0.1436,0.1334,0.1089,0.1174,0.1774,14.62,1149,156900,30960000,250.7,385.4,76.1,835300000,123400000,16370000,2.716E+15,1121000000,148400000,5.28E+12,9.627,0.0579,0.000386,1614,0.002646,0.1012,0.5713,23.62,-0.9729,0.5666,0.01963,0.01672,-0.01806,-0.002845,-0.03976,-0.00245,0.04107,0.1606,25.58,1359,146200,26410000,-1465,1084000,107600,-1.175E+12,-1.166E+11,-11570000000,2.55E+18,1.054E+12,1.046E+11,2.488E+15,angry
10.76,0.06897,0.001107,228.5,0.003079,0.116,0.04234,22.23,0.06237,0.2715,0.3135,0.1602,0.1352,0.1381,0.1255,0.1056,0.1113,0.1921,13.67,1171,166400,32910000,283.8,411.3,78.9,892600000,129200000,17000000,2.906E+15,1173000000,154100000,5.496E+12,9.445,0.0565,0.000419,1581,0.002621,0.1003,0.5642,23.16,-0.9742,0.537,0.03729,0.008728,-0.03783,0.006248,-0.0283,-0.01239,0.01875,0.1629,26.83,1554,171700,30820000,-1446,1085000,107800,-1.178E+12,-1.169E+11,-11610000000,2.56E+18,1.057E+12,1.05E+11,2.503E+15,angry
10.39,0.06954,0.001195,198.1,0.00344,0.1293,0.04656,22.54,0.06178,0.2597,0.3066,0.1694,0.1508,0.1329,0.1284,0.1131,0.1156,0.2069,13.4,1027,147300,29430000,275.6,398.6,89.94,866100000,140400000,19420000,2.823E+15,1270000000,175700000,6.291E+12,9.55,0.05956,0.000576,1596,0.003159,0.1211,0.5511,23.79,-0.9739,0.5686,0.007937,-0.001598,-0.03487,0.01284,-0.03438,-0.01738,0.01815,0.1991,26.53,1478,162600,29170000,-1420,1087000,108000,-1.181E+12,-1.173E+11,-11660000000,2.57E+18,1.061E+12,1.054E+11,2.518E+15,angry
10.39,0.06954,0.001195,198.1,0.00344,0.1293,0.04656,22.54,0.06178,0.2597,0.3066,0.1694,0.1508,0.1329,0.1284,0.1131,0.1156,0.2069,13.4,1027,147300,29430000,275.6,398.6,89.94,867200000,140600000,19470000,2.83E+15,1272000000,176100000,6.32E+12,9.55,0.05956,0.000576,1596,0.003159,0.1211,0.5511,23.79,-0.9739,0.5686,0.007937,-0.001598,-0.03487,0.01284,-0.03438,-0.01738,0.01815,0.1991,26.53,1478,162600,29170000,-1420,1088000,108200,-1.184E+12,-1.177E+11,-11710000000,2.58E+18,1.064E+12,1.059E+11,2.535E+15,angry
10.62,0.0634,0.000552,199.5,0.001943,0.0728,0.06595,22.25,0.06438,0.2438,0.3087,0.2075,0.181,0.1668,0.1227,0.1023,0.127,0.1061,13.9,1154,151200,29450000,229.6,458.3,90.08,998500000,147400000,19540000,3.263E+15,1333000000,176600000,6.359E+12,10.12,0.06048,0.000194,1596,0.001755,0.06714,0.571,25.12,-0.9738,0.6126,0.02193,-0.01482,-0.04461,-0.01673,-0.05118,-0.0243,0.01564,0.1049,26.51,1429,154200,27520000,-1523,1089000,108500,-1.187E+12,-1.182E+11,-11770000000,2.59E+18,1.068E+12,1.064E+11,2.553E+15,disgust
8.297,0.0579,0.000867,182,0.002859,0.1075,0.06579,19.72,0.04597,0.4788,0.2944,0.2293,0.1549,0.1228,0.1335,0.1104,0.1155,0.1639,17.14,2161,240300,48030000,303.1,441.8,107.5,963900000,164900000,23380000,3.155E+15,1491000000,211400000,7.628E+12,10.35,0.061,0.000353,1609,0.002312,0.08843,0.5929,26.31,-0.9721,0.5113,0.03357,0.01431,-0.06895,-0.03087,-0.01669,-0.0145,0.02272,0.1378,29.15,1809,183800,34080000,-1604,1091000,108700,-1.19E+12,-1.186E+11,-11820000000,2.60E+18,1.072E+12,1.069E+11,2.571E+15,disgust
8.753,0.05721,0.000432,223.4,0.002359,0.08884,0.06491,19.28,0.04835,0.2388,0.2781,0.1685,0.1148,0.1306,0.123,0.1043,0.1093,0.1385,13.57,1166,153700,30040000,270.6,521.9,107.3,1140000000,173200000,23390000,3.738E+15,1566000000,211500000,7.651E+12,8.652,0.05263,0.000166,1587,0.002297,0.08761,0.5354,21.17,-0.9792,0.5906,0.09219,-0.02109,-0.03278,0.001353,-0.04655,-0.01065,0.01612,0.1386,24.66,1374,154600,27890000,-1448,1093000,109000,-1.194E+12,-1.191E+11,-11890000000,2.61E+18,1.077E+12,1.075E+11,2.593E+15,disgust
11.17,0.06714,0.000564,206.3,0.002199,0.08246,0.04895,23.87,0.06443,0.2425,0.2809,0.1597,0.1411,0.1428,0.1327,0.1091,0.0982,0.1306,15.51,1129,147200,28680000,275,469.8,78.21,1028000000,136300000,17090000,3.376E+15,1231000000,154400000,5.602E+12,9.154,0.05492,0.000228,1586,0.002478,0.09455,0.5199,22.61,-0.9744,0.5932,0.06253,0.02197,-0.01732,-0.006783,-0.04377,-0.02023,0.01044,0.1529,24.6,1339,144300,25780000,-1364,1094000,109300,-1.198E+12,-1.196E+11,-11940000000,2.62E+18,1.081E+12,1.08E+11,2.61E+15,disgust
8.753,0.05721,0.000432,223.4,0.002359,0.08884,0.06491,19.28,0.04835,0.2388,0.2781,0.1685,0.1148,0.1306,0.123,0.1043,0.1093,0.1385,13.57,1166,153700,30040000,270.6,521.9,107.3,1144000000,173900000,23500000,3.762E+15,1572000000,212400000,7.721E+12,8.652,0.05263,0.000166,1587,0.002297,0.08761,0.5354,21.17,-0.9792,0.5906,0.09219,-0.02109,-0.03278,0.001353,-0.04655,-0.01065,0.01612,0.1386,24.66,1374,154600,27890000,-1448,1096000,109500,-1.201E+12,-1.201E+11,-12000000000,2.63E+18,1.085E+12,1.085E+11,2.628E+15,disgust
13.58,0.09692,0.000317,199.8,0.001686,0.06381,0.08011,30.39,0.0907,0.2362,0.3152,0.2025,0.1717,0.1463,0.125,0.124,0.1052,0.1234,17.18,1073,129700,25360000,263,427.1,46.28,937700000,97470000,10160000,3.088E+15,875000000,91190000,3.343E+12,11.74,0.07569,0.000159,1583,0.001713,0.066,0.5939,29.56,-0.9614,0.5917,-0.03475,0.06679,-0.01641,0.009784,-0.04702,-0.02519,-0.01129,0.1182,29.03,1501,140700,24970000,-1428,1098000,109700,-1.205E+12,-1.204E+11,-12040000000,2.65E+18,1.089E+12,1.088E+11,2.642E+15,happy
12.02,0.08266,0.000282,191.6,0.001629,0.06178,0.06097,27.71,0.08249,0.2613,0.3271,0.2225,0.1694,0.1428,0.151,0.147,0.125,0.1154,15.51,1078,129600,25190000,247.1,454.3,72.32,998800000,129000000,15900000,3.294E+15,1165000000,143600000,5.241E+12,10.85,0.07007,0.000137,1609,0.001925,0.07405,0.5192,27.09,-0.9678,0.6537,-0.009105,-0.01528,-0.07867,-0.03513,-0.08607,-0.03883,0.004767,0.1324,24.61,1181,118600,21720000,-1389,1099000,109900,-1.208E+12,-1.208E+11,-12080000000,2.66E+18,1.092E+12,1.092E+11,2.655E+15,happy
65.15,0.2804,0.000479,193.6,0.002001,0.07577,0.06411,116,0.5613,0.22,0.2729,0.2142,0.1981,0.145,0.1293,0.1136,0.1011,0.1366,55.93,909,129200,20270000,670,475.8,49.42,1048000000,103200000,10880000,3.46E+15,928500000,97980000,3.591E+12,30.65,0.1459,0.000236,1581,0.002084,0.07995,0.5531,60.58,-0.7912,0.636,0.03449,0.05168,0.009179,0.001217,-0.06254,-0.008821,0.02527,0.1361,40.56,1148,77010,18670000,-1518,1101000,110000,-1.212E+12,-1.211E+11,-12110000000,2.67E+18,1.095E+12,1.094E+11,2.664E+15,happy
10.58,0.06452,0.000384,203.4,0.001705,0.064,0.04963,22.05,0.0662,0.2201,0.2911,0.2068,0.1657,0.1688,0.1532,0.1359,0.1224,0.1099,13.42,946.5,118300,22980000,230,415.5,66.96,916100000,119400000,14760000,3.03E+15,1079000000,133300000,4.88E+12,10.4,0.06487,0.000201,1606,0.00205,0.07855,0.5194,25.25,-0.9729,0.6601,-0.02842,0.02182,-0.009075,-0.009768,-0.05256,-0.02927,0.01922,0.1308,25.08,1217,122800,21100000,-1435,1102000,110200,-1.215E+12,-1.215E+11,-12150000000,2.68E+18,1.098E+12,1.098E+11,2.677E+15,happy
65.15,0.2804,0.000479,193.6,0.002001,0.07577,0.06411,116,0.5613,0.22,0.2729,0.2142,0.1981,0.145,0.1293,0.1136,0.1011,0.1366,55.93,909,129200,20270000,670,475.8,49.42,1051000000,103500000,10910000,3.479E+15,931100000,98250000,3.611E+12,30.65,0.1459,0.000236,1581,0.002084,0.07995,0.5531,60.58,-0.7912,0.636,0.03449,0.05168,0.009179,0.001217,-0.06254,-0.008821,0.02527,0.1361,40.56,1148,77010,18670000,-1518,1104000,110300,-1.219E+12,-1.218E+11,-12170000000,2.69E+18,1.101E+12,1.101E+11,2.686E+15,happy
68.91,0.2963,0.00017,200.2,0.001303,0.04921,0.05997,121.4,0.589,0.2038,0.2934,0.1984,0.2052,0.1755,0.1287,0.1229,0.1068,0.0924,59.13,947.1,113400,15530000,641.5,399.8,26.66,883900000,73460000,5889000,2.931E+15,661900000,53030000,1.951E+12,34.49,0.1682,7.60E-05,1590,0.001504,0.0579,0.5184,68.38,-0.7629,0.6459,-0.01753,0.0572,-0.01231,-0.02722,-0.06377,-0.007406,0.03764,0.1044,44.13,1180,62390,17340000,-1494,1105000,110500,-1.222E+12,-1.221E+11,-12200000000,2.70E+18,1.104E+12,1.103E+11,2.695E+15,neutral
29.46,0.1366,0.000222,216.7,0.001306,0.04924,0.05623,54.98,0.2465,0.1966,0.3096,0.2069,0.1675,0.1621,0.1277,0.1078,0.1154,0.09009,26.97,863.9,107700,20010000,250.3,382.5,33.41,846800000,79130000,7387000,2.812E+15,713200000,66580000,2.45E+12,13,0.07396,9.40E-05,1573,0.001543,0.05939,0.5059,30.39,-0.9438,0.6506,0.002116,0.02273,-0.0165,-0.03615,-0.0635,-0.01024,0.0319,0.1035,25.82,1077,102500,19210000,-1361,1107000,110500,-1.225E+12,-1.223E+11,-12220000000,2.71E+18,1.106E+12,1.105E+11,2.702E+15,neutral
9.689,0.07045,0.00024,212.6,0.001353,0.0512,0.06691,21.24,0.05492,0.2219,0.3057,0.2044,0.1833,0.141,0.1289,0.1157,0.1188,0.09399,13.12,948.8,131000,25740000,260.4,405.8,37.6,899400000,86360000,8320000,2.99E+15,777600000,74920000,2.762E+12,8.777,0.05297,0.0001,1594,0.001474,0.05682,0.5282,21.8,-0.9774,0.5916,-0.02667,0.03753,-0.01068,-0.001833,-0.05644,-0.02155,0.03823,0.09916,25.19,1397,148600,26150000,-1379,1108000,110600,-1.228E+12,-1.226E+11,-12240000000,2.72E+18,1.108E+12,1.107E+11,2.709E+15,neutral
8.428,0.05404,0.00016,196.3,0.001224,0.04598,0.06811,17.05,0.04495,0.2146,0.3179,0.2262,0.16,0.1584,0.1265,0.1191,0.1158,0.08134,11.89,922.5,124600,24430000,232.2,387.6,35.11,860000000,81770000,7778000,2.863E+15,737200000,70120000,2.584E+12,8.205,0.04733,7.40E-05,1597,0.001477,0.05662,0.4899,20.08,-0.9801,0.6068,-0.01762,0.04132,0.01065,0.000653,-0.06095,-0.0235,0.02861,0.09543,23.1,1217,130100,22810000,-1365,1110000,110800,-1.231E+12,-1.229E+11,-12270000000,2.73E+18,1.111E+12,1.109E+11,2.717E+15,neutral
8.479,0.05841,0.000359,196.3,0.00162,0.06104,0.0346,18.55,0.0523,0.2128,0.3165,0.1997,0.1576,0.16,0.1432,0.106,0.1045,0.1064,12.29,946.9,128200,25050000,259.6,444.7,45.53,988100000,99760000,10100000,3.293E+15,900300000,91130000,3.358E+12,8.522,0.05144,0.000122,1584,0.001715,0.06582,0.5094,21.2,-0.9796,0.6093,0.009732,0.02351,0.008458,-0.002432,-0.05639,-0.02959,0.02528,0.1099,23.14,1201,130600,23380000,-1380,1111000,110900,-1.234E+12,-1.232E+11,-12290000000,2.74E+18,1.113E+12,1.111E+11,2.726E+15,neutral
10.37,0.07334,0.000116,207.9,0.001032,0.03867,0.05883,23.58,0.05394,0.3936,0.3179,0.2684,0.1684,0.1668,0.1588,0.1365,0.117,0.05947,17.25,1881,216600,43180000,279.1,419.3,78.14,932900000,133300000,17350000,3.114E+15,1202000000,156600000,5.781E+12,10.21,0.06125,3.90E-05,1653,0.001136,0.04331,0.5504,25.73,-0.9712,0.5211,0.01853,0.06192,0.02695,0.008815,-0.02501,-0.01542,0.03255,0.06681,26.22,1593,169500,31740000,-1615,1112000,111000,-1.238E+12,-1.235E+11,-12330000000,2.75E+18,1.117E+12,1.115E+11,2.738E+15,sad
10.2,0.06997,0.000107,192.3,0.001107,0.04175,0.06139,22.12,0.06113,0.2127,0.2925,0.1972,0.1411,0.1578,0.1247,0.1075,0.1006,0.07153,13.76,946.2,118400,22930000,203.4,474.8,58.91,1058000000,118300000,13110000,3.535E+15,1069000000,118400000,4.376E+12,9.046,0.0531,4.40E-05,1619,0.001305,0.04985,0.5222,21.76,-0.9761,0.6281,0.03161,0.01058,-0.01658,-0.01954,-0.03965,-0.00821,0.03781,0.08154,23.16,1166,123200,22130000,-1444,1114000,111300,-1.241E+12,-1.239E+11,-12380000000,2.77E+18,1.12E+12,1.119E+11,2.755E+15,sad
37.35,0.1655,8.10E-05,193.5,0.000919,0.03458,0.07847,67.13,0.3025,0.2308,0.2925,0.1879,0.1663,0.1479,0.134,0.1158,0.104,0.05969,32.64,984.8,140600,25530000,321.6,438.6,55.31,978600000,110400000,12330000,3.275E+15,997200000,111300000,4.12E+12,14.7,0.07643,3.70E-05,1585,0.001104,0.0422,0.4836,32.12,-0.93,0.5986,0.02964,0.03586,0.02196,-0.003524,-0.07372,-0.03716,0.01715,0.07069,29.14,1307,128900,24810000,-1489,1116000,111400,-1.245E+12,-1.243E+11,-12420000000,2.78E+18,1.124E+12,1.122E+11,2.767E+15,sad
52.33,0.2268,0.000118,206.4,0.001134,0.04278,0.04012,90.77,0.4492,0.1918,0.2614,0.1809,0.1735,0.1427,0.1268,0.1135,0.108,0.07643,45.14,870.5,116000,18660000,493.6,415.9,55.4,929200000,108200000,12370000,3.114E+15,976200000,111600000,4.14E+12,21.91,0.1091,5.10E-05,1601,0.001405,0.05378,0.5043,44.03,-0.8642,0.6448,0.02105,0.03247,0.009899,-0.01206,-0.07996,-0.03961,0.02498,0.09138,33.83,1137,89790,18700000,-1490,1117000,111600,-1.248E+12,-1.247E+11,-12450000000,2.79E+18,1.127E+12,1.126E+11,2.78E+15,sad
52.33,0.2268,0.000118,206.4,0.001134,0.04278,0.04012,90.77,0.4492,0.1918,0.2614,0.1809,0.1735,0.1427,0.1268,0.1135,0.108,0.07643,45.14,870.5,116000,18660000,493.6,415.9,55.4,930400000,108400000,12390000,3.122E+15,977500000,111700000,4.153E+12,21.91,0.1091,5.10E-05,1601,0.001405,0.05378,0.5043,44.03,-0.8642,0.6448,0.02105,0.03247,0.009899,-0.01206,-0.07996,-0.03961,0.02498,0.09138,33.83,1137,89790,18700000,-1490,1118000,111800,-1.251E+12,-1.25E+11,-12490000000,2.80E+18,1.13E+12,1.129E+11,2.793E+15,sad
25.83,0.1358,0.000717,248.5,0.003109,0.1174,0.02936,51.54,0.2115,0.2254,0.3506,0.2242,0.1783,0.1348,0.1205,0.1028,0.1024,0.2003,23.92,922.5,131400,24240000,243.6,399.3,87.4,894400000,142400000,19580000,3.005E+15,1287000000,176900000,6.578E+12,14.86,0.08799,0.000324,1643,0.002659,0.1023,0.6378,34.8,-0.9374,0.6572,-0.08339,0.00032,-0.05049,0.01723,-0.00019,0.02317,-0.006991,0.1774,30.33,1360,127500,23720000,-1446,1120000,112000,-1.254E+12,-1.254E+11,-12550000000,2.81E+18,1.134E+12,1.134E+11,2.81E+15,angry
17.95,0.1035,0.001192,240.1,0.003554,0.1349,0.05033,36.91,0.1294,0.2409,0.3796,0.2236,0.1775,0.1205,0.1157,0.08124,0.09683,0.2408,17.33,949.9,150800,29760000,251.2,439.4,90.62,985400000,150200000,20350000,3.315E+15,1361000000,184200000,6.852E+12,13.16,0.07871,0.000491,1589,0.002771,0.107,0.6349,31.35,-0.9538,0.6015,-0.04009,0.04571,-0.03431,0.02,-0.008385,0.01079,-0.006899,0.1943,30.42,1566,162900,29710000,-1450,1121000,112300,-1.257E+12,-1.259E+11,-12610000000,2.82E+18,1.138E+12,1.139E+11,2.83E+15,angry
47.6,0.213,0.00079,246.3,0.003474,0.1309,0.0395,86.88,0.4056,0.2325,0.3609,0.1943,0.1848,0.1224,0.1144,0.09043,0.1035,0.2138,40.49,938.8,150500,26640000,428.2,425.6,89.64,955700000,148000000,20170000,3.219E+15,1340000000,182600000,6.808E+12,22.53,0.1174,0.000378,1590,0.002761,0.1061,0.6453,48.52,-0.8699,0.6068,-0.03134,0.05967,-0.01195,0.02517,-0.01615,0.007907,-0.001569,0.185,37.75,1494,126900,25460000,-1503,1123000,112500,-1.261E+12,-1.263E+11,-12660000000,2.83E+18,1.142E+12,1.144E+11,2.849E+15,angry
17.5,0.09958,0.000659,216.4,0.002816,0.1059,0.03429,35.95,0.1255,0.2342,0.3436,0.2046,0.16,0.121,0.116,0.08993,0.1048,0.168,16.8,894.1,138100,27270000,226.9,411.3,78.79,924900000,134700000,17760000,3.119E+15,1217000000,160500000,6.007E+12,12.3,0.06942,0.000314,1572,0.002479,0.09515,0.6364,29.81,-0.9565,0.6165,-0.02808,0.02405,-0.04746,0.005074,-0.01433,0.0192,0.01576,0.165,28.67,1427,145400,26120000,-1416,1124000,112700,-1.264E+12,-1.267E+11,-12710000000,2.84E+18,1.146E+12,1.149E+11,2.865E+15,angry
17.5,0.09958,0.000659,216.4,0.002816,0.1059,0.03429,35.95,0.1255,0.2342,0.3436,0.2046,0.16,0.121,0.116,0.08993,0.1048,0.168,16.8,894.1,138100,27270000,226.9,411.3,78.79,926000000,134900000,17800000,3.127E+15,1218000000,160800000,6.03E+12,12.3,0.06942,0.000314,1572,0.002479,0.09515,0.6364,29.81,-0.9565,0.6165,-0.02808,0.02405,-0.04746,0.005074,-0.01433,0.0192,0.01576,0.165,28.67,1427,145400,26120000,-1416,1126000,113000,-1.267E+12,-1.272E+11,-12760000000,2.85E+18,1.149E+12,1.153E+11,2.882E+15,angry
19.04,0.1071,0.000237,199.4,0.001938,0.07252,0.07095,38.76,0.1338,0.4741,0.3347,0.2116,0.1612,0.1424,0.1158,0.102,0.1014,0.105,21.1,2060,249300,49660000,271,468.6,97.89,1056000000,163200000,22160000,3.573E+15,1473000000,200100000,7.525E+12,13.47,0.075,0.000105,1604,0.001685,0.0645,0.6151,33.52,-0.9484,0.4869,-0.04177,0.1049,-0.03734,-0.004056,0.02153,0.01936,0.01995,0.1011,33.87,2053,202000,37380000,-1616,1127000,113200,-1.271E+12,-1.276E+11,-12810000000,2.87E+18,1.153E+12,1.158E+11,2.9E+15,disgust
18.42,0.1076,0.00058,234.6,0.00269,0.1005,0.07323,37.91,0.1339,0.4392,0.3095,0.248,0.1625,0.1355,0.1533,0.1415,0.1296,0.1421,20.64,1867,236800,46560000,293,515.6,115.1,1164000000,188200000,26130000,3.942E+15,1695000000,235600000,8.895E+12,13.53,0.07881,0.000197,1612,0.002354,0.08969,0.5858,32.42,-0.9495,0.5143,-0.008716,0.04495,-0.04253,0.002471,-0.006094,0.00893,0.01537,0.1344,32.28,1915,194100,35830000,-1563,1129000,113500,-1.274E+12,-1.281E+11,-12880000000,2.88E+18,1.158E+12,1.164E+11,2.923E+15,disgust
19.35,0.1021,0.000348,215.7,0.001902,0.07087,0.05971,38.6,0.1372,0.2721,0.3258,0.2096,0.172,0.1245,0.1118,0.08836,0.09129,0.1009,17.61,994.4,155200,30560000,217,485.4,80.78,1098000000,146200000,18380000,3.723E+15,1317000000,165700000,6.272E+12,11.7,0.06536,0.000126,1578,0.001692,0.06486,0.5789,27.7,-0.9554,0.5558,-0.02002,0.03657,-0.01145,0.01648,0.007856,0.029,0.02094,0.1014,28.14,1500,161500,29430000,-1482,1131000,113800,-1.278E+12,-1.286E+11,-12940000000,2.89E+18,1.163E+12,1.17E+11,2.944E+15,disgust
79.74,0.3457,0.000195,207.1,0.001444,0.05398,0.09055,139.8,0.6862,0.2093,0.2548,0.1799,0.2098,0.1393,0.1324,0.1093,0.1108,0.07768,66.74,863.3,146600,19170000,754.9,538.6,77.5,1220000000,148900000,17670000,4.144E+15,1343000000,159400000,6.041E+12,45.21,0.2085,7.30E-05,1574,0.001346,0.05173,0.561,88.33,-0.6654,0.6089,-0.0275,0.07944,0.01698,0.03008,0.01178,0.04574,0.009682,0.08275,56.6,1578,92650,24620000,-1733,1132000,114000,-1.282E+12,-1.291E+11,-12990000000,2.91E+18,1.167E+12,1.174E+11,2.961E+15,disgust
79.74,0.3457,0.000195,207.1,0.001444,0.05398,0.09055,139.8,0.6862,0.2093,0.2548,0.1799,0.2098,0.1393,0.1324,0.1093,0.1108,0.07768,66.74,863.3,146600,19170000,754.9,538.6,77.5,1222000000,149100000,17700000,4.158E+15,1345000000,159700000,6.065E+12,45.21,0.2085,7.30E-05,1574,0.001346,0.05173,0.561,88.33,-0.6654,0.6089,-0.0275,0.07944,0.01698,0.03008,0.01178,0.04574,0.009682,0.08275,56.6,1578,92650,24620000,-1733,1134000,114200,-1.287E+12,-1.295E+11,-13040000000,2.92E+18,1.171E+12,1.179E+11,2.979E+15,disgust
24.59,0.1384,0.000357,203.7,0.002164,0.08103,0.05942,48.53,0.187,0.2603,0.2926,0.2066,0.1779,0.1461,0.1376,0.1138,0.1301,0.1295,23.96,1126,152900,29900000,288,373.3,63.7,848100000,115000000,14580000,2.89E+15,1035000000,131400000,5.003E+12,16.7,0.09438,0.00015,1581,0.002076,0.08003,0.598,38.49,-0.9233,0.5412,-0.03885,0.1053,-0.06912,0.02806,-0.04688,-0.01268,-0.04324,0.137,37.13,1934,174900,31380000,-1410,1136000,114400,-1.29E+12,-1.3E+11,-13090000000,2.93E+18,1.175E+12,1.183E+11,2.995E+15,happy
22.69,0.135,0.000676,204.5,0.002671,0.09964,0.1048,45.12,0.1598,0.2085,0.3404,0.2035,0.2045,0.1679,0.1336,0.1445,0.132,0.142,24.91,1350,169500,33340000,317.6,392.9,83.35,893700000,139700000,19110000,3.049E+15,1258000000,172300000,6.571E+12,17.65,0.1073,0.000218,1567,0.002292,0.08805,0.5874,40.12,-0.9204,0.5965,-0.02084,0.02937,-0.1112,-0.01148,-0.04373,0.006123,-0.02802,0.1393,37.43,1942,173100,32440000,-1518,1137000,114600,-1.293E+12,-1.304E+11,-13140000000,2.94E+18,1.178E+12,1.188E+11,3.012E+15,happy
17.63,0.1164,0.001089,226.9,0.003269,0.1226,0.06885,38.39,0.1354,0.375,0.3282,0.2247,0.1814,0.1341,0.1431,0.1039,0.09691,0.1915,23.07,1744,203100,38830000,261.2,338.3,87.99,770300000,138900000,20220000,2.631E+15,1250000000,182200000,6.967E+12,13.13,0.07875,0.000464,1635,0.003014,0.1156,0.6034,31.79,-0.9514,0.5783,-0.0011,-0.03177,-0.06036,0.009684,0.01542,0.05329,0.01453,0.1865,29.46,1569,149000,28900000,-1500,1138000,114900,-1.296E+12,-1.308E+11,-13200000000,2.95E+18,1.182E+12,1.193E+11,3.032E+15,happy
47.57,0.219,0.000366,204.4,0.002403,0.09004,0.03586,86.52,0.3918,0.3569,0.3444,0.2229,0.19,0.1341,0.1402,0.1024,0.1205,0.1412,39.95,1487,214500,38690000,411.1,352.8,67.59,804100000,117300000,15560000,2.749E+15,1062000000,140800000,5.373E+12,25.03,0.1301,0.00018,1566,0.00195,0.07543,0.6629,54.27,-0.8571,0.5082,-0.05959,0.1275,-0.06046,0.03051,-0.007136,0.04566,0.0273,0.1308,43.74,2038,167700,34410000,-1535,1140000,115100,-1.299E+12,-1.312E+11,-13250000000,2.96E+18,1.186E+12,1.198E+11,3.051E+15,happy
21.99,0.1361,0.000507,245.7,0.002332,0.08745,0.0716,45.67,0.1449,0.4414,0.3561,0.197,0.1823,0.1444,0.1364,0.1205,0.1402,0.1411,23.97,1882,233300,45690000,323.5,382.4,71.72,872500000,125700000,16540000,2.987E+15,1136000000,149500000,5.721E+12,16.14,0.09856,0.000202,1619,0.002114,0.08163,0.5885,38.86,-0.9326,0.4797,-0.09307,0.08495,-0.0701,0.01357,-0.02356,0.01713,0.003438,0.1431,37.89,2122,186500,35700000,-1455,1141000,115300,-1.302E+12,-1.316E+11,-13290000000,2.97E+18,1.189E+12,1.202E+11,3.066E+15,happy
16.61,0.09662,0.000195,205.2,0.001671,0.06328,0.04402,34.06,0.1126,0.5011,0.3353,0.2478,0.1699,0.1549,0.1328,0.1377,0.1339,0.1119,19.33,2102,265100,52370000,320,443.3,48.81,1013000000,106400000,11270000,3.471E+15,963400000,102000000,3.905E+12,12.81,0.07422,8.60E-05,1616,0.001305,0.05046,0.6474,31.49,-0.9549,0.4955,-0.01623,0.01136,-0.09912,-0.02236,0.0522,0.05801,0.003632,0.09019,31.71,1988,218800,41670000,-1544,1142000,115500,-1.305E+12,-1.319E+11,-13340000000,2.98E+18,1.192E+12,1.205E+11,3.08E+15,neutral
19.22,0.1258,0.000267,219.2,0.001578,0.05921,0.06435,39.97,0.1322,0.4162,0.3344,0.2405,0.163,0.1359,0.1198,0.1166,0.1392,0.09252,22.47,1797,229400,45010000,321.7,399.3,49.6,913400000,102700000,11470000,3.134E+15,926100000,103500000,3.977E+12,14,0.08767,7.80E-05,1605,0.001375,0.05286,0.6103,34.05,-0.9411,0.4414,-0.05907,0.08962,-0.1332,-0.03554,-0.01632,0.06578,0.04973,0.08868,36.44,2246,216800,40570000,-1501,1144000,115600,-1.308E+12,-1.322E+11,-13360000000,2.99E+18,1.195E+12,1.208E+11,3.089E+15,neutral
17.69,0.1038,0.000362,248.3,0.001969,0.07423,0.06517,35.53,0.1244,0.3543,0.2774,0.2433,0.2056,0.1757,0.1444,0.1145,0.1293,0.1255,20.07,1560,183700,36550000,280.6,394.2,54.56,903000000,108000000,12630000,3.102E+15,975500000,114100000,4.385E+12,13.36,0.07707,0.000129,1618,0.00168,0.06462,0.6265,31.73,-0.9495,0.5429,-0.05293,0.079,-0.1008,-0.01766,-0.005846,0.06206,0.0284,0.1082,32.22,1750,164000,29440000,-1445,1145000,115700,-1.311E+12,-1.326E+11,-13400000000,3.00E+18,1.198E+12,1.211E+11,3.101E+15,neutral
17.58,0.112,0.000333,212.3,0.001878,0.0707,0.04128,37.54,0.1204,0.374,0.3523,0.2042,0.169,0.1337,0.1305,0.1164,0.1292,0.1177,21.96,1715,216700,42530000,312.7,403.6,51.17,925500000,105300000,11860000,3.183E+15,949800000,107000000,4.124E+12,12.71,0.07766,0.000115,1618,0.001646,0.06308,0.605,31.95,-0.9504,0.5022,-0.002969,0.05349,-0.08274,-0.02783,0.002382,0.05418,0.02039,0.1033,32.14,1868,183900,34720000,-1487,1147000,115900,-1.315E+12,-1.329E+11,-13430000000,3.02E+18,1.201E+12,1.214E+11,3.113E+15,neutral
15.49,0.09314,0.000229,220.3,0.001738,0.0656,0.04614,31.55,0.1045,0.4642,0.3416,0.2384,0.1523,0.1284,0.1199,0.1134,0.1308,0.1117,18.71,1947,244100,48400000,327.1,408.8,61.2,938500000,117400000,14210000,3.232E+15,1060000000,128200000,4.946E+12,12.4,0.07422,0.000109,1607,0.001555,0.05989,0.6087,31.72,-0.9565,0.4832,-0.04768,0.03257,-0.1011,-0.01424,0.03066,0.06829,0.01924,0.1033,33.78,2112,216600,39980000,-1517,1148000,116100,-1.318E+12,-1.332E+11,-13470000000,3.03E+18,1.204E+12,1.217E+11,3.126E+15,neutral
20.4,0.1122,0.000103,181.4,0.001088,0.04047,0.05355,41.68,0.1492,0.4682,0.3229,0.1985,0.1628,0.1188,0.1356,0.07921,0.1159,0.05561,22.68,2076,255800,50900000,300.5,454.1,56.52,1044000000,117500000,13140000,3.6E+15,1060000000,118600000,4.581E+12,12.01,0.06504,3.90E-05,1562,0.001031,0.0394,0.5705,31.72,-0.9475,0.3777,-0.003572,0.1373,-0.04081,-0.006054,0.02145,0.03235,0.009396,0.05975,33.7,2270,233700,43580000,-1567,1149000,116200,-1.321E+12,-1.336E+11,-13510000000,3.04E+18,1.207E+12,1.221E+11,3.14E+15,sad
18.54,0.1045,7.00E-05,185.9,0.000952,0.03551,0.08271,38.3,0.1278,0.4805,0.3116,0.2398,0.179,0.1357,0.133,0.0978,0.1065,0.05001,21.66,2179,260300,51880000,296.8,450,53.72,1036000000,113800000,12500000,3.578E+15,1029000000,113000000,4.365E+12,11.46,0.06362,2.60E-05,1614,0.00087,0.03328,0.5675,30,-0.9528,0.4075,-0.02899,0.07721,-0.0538,-0.05226,-0.009503,0.01561,0.02435,0.05126,33.74,2262,230300,43520000,-1602,1151000,116400,-1.325E+12,-1.34E+11,-13540000000,3.05E+18,1.211E+12,1.224E+11,3.152E+15,sad
18.06,0.1033,7.40E-05,174.1,0.000984,0.03656,0.1063,37.33,0.1217,0.4143,0.3179,0.2258,0.1774,0.1539,0.1303,0.1009,0.1159,0.04804,21.02,1867,223100,44660000,292.1,421.4,45.05,971400000,100800000,10500000,3.359E+15,911400000,94910000,3.669E+12,11.68,0.06603,2.80E-05,1607,0.000952,0.03633,0.5426,30.19,-0.9537,0.4447,-0.04984,0.06526,-0.05515,-0.03607,0.02337,0.06228,0.02729,0.05424,32.98,2091,209700,38780000,-1554,1153000,116500,-1.328E+12,-1.343E+11,-13570000000,3.06E+18,1.214E+12,1.227E+11,3.163E+15,sad
18.4,0.1124,0.000118,182.8,0.001086,0.04042,0.05639,38.52,0.1369,0.4343,0.2892,0.1842,0.1773,0.153,0.1483,0.1059,0.1279,0.05321,21.97,2015,233900,46750000,302.2,461.9,47.03,1066000000,107800000,10970000,3.691E+15,974600000,99190000,3.838E+12,11.1,0.06359,3.60E-05,1604,0.000991,0.03781,0.5809,29.34,-0.9516,0.3645,-0.02506,0.09599,-0.04804,-0.007902,0.01502,0.05924,0.02464,0.05611,34,2388,240000,44730000,-1568,1154000,116600,-1.332E+12,-1.346E+11,-13600000000,3.07E+18,1.216E+12,1.229E+11,3.173E+15,sad
18.54,0.1045,7.00E-05,185.9,0.000952,0.03551,0.08271,38.3,0.1278,0.4805,0.3116,0.2398,0.179,0.1357,0.133,0.0978,0.1065,0.05001,21.66,2179,260300,51880000,296.8,450,53.72,1040000000,114200000,12550000,3.606E+15,1032000000,113400000,4.395E+12,11.46,0.06362,2.60E-05,1614,0.00087,0.03328,0.5675,30,-0.9528,0.4075,-0.02899,0.07721,-0.0538,-0.05226,-0.009503,0.01561,0.02435,0.05126,33.74,2262,230300,43520000,-1602,1156000,116800,-1.336E+12,-1.349E+11,-13630000000,3.09E+18,1.22E+12,1.232E+11,3.184E+15,sad
72.19,0.3106,0.001222,247,0.00383,0.1436,0.05455,126.9,0.6203,0.1823,0.2804,0.1187,0.1444,0.108,0.1131,0.1012,0.0931,0.2159,62.26,704.8,94270,11020000,654.7,416.7,121.7,964300000,189400000,28480000,3.347E+15,1710000000,257200000,9.996E+12,34.88,0.1604,0.000489,1655,0.004161,0.1579,0.4534,66.85,-0.7488,0.5948,0.05441,0.09246,0.1269,0.07986,-0.001351,-0.02261,0.002663,0.227,42.67,985.6,43360,13400000,-1560,1157000,117000,-1.339E+12,-1.354E+11,-13690000000,3.10E+18,1.224E+12,1.237E+11,3.204E+15,angry
40.98,0.1805,0.000649,238.3,0.002644,0.09881,0.04228,74.64,0.3457,0.2436,0.3084,0.1515,0.1342,0.1254,0.1181,0.1016,0.0848,0.1474,35.88,966.4,147900,27520000,396.4,417.8,100.8,968200000,165500000,23640000,3.365E+15,1497000000,213900000,8.322E+12,14.99,0.07575,0.000279,1636,0.00286,0.1087,0.471,32.95,-0.9184,0.5473,0.05015,0.04629,0.045,0.03412,-0.01438,-0.04289,-0.01736,0.1595,28.61,1235,122300,23990000,-1451,1159000,117300,-1.342E+12,-1.359E+11,-13770000000,3.11E+18,1.229E+12,1.244E+11,3.231E+15,angry
59.55,0.2564,0.001066,245.7,0.00301,0.1129,0.02837,103.5,0.5121,0.2035,0.3082,0.1493,0.1409,0.1132,0.1021,0.08467,0.07408,0.1777,51.33,719.7,96280,14370000,493.7,375,97.92,870100000,157500000,23040000,3.028E+15,1426000000,208500000,8.129E+12,25.09,0.1151,0.000408,1637,0.00302,0.115,0.5305,48.66,-0.834,0.6189,0.02766,0.07276,0.09545,0.03513,-0.008208,0.002418,0.03027,0.1681,33.96,888,54030,13590000,-1500,1160000,117600,-1.346E+12,-1.365E+11,-13840000000,3.12E+18,1.233E+12,1.251E+11,3.255E+15,angry
9.571,0.05723,0.001363,237.7,0.003573,0.1342,0.05227,20.72,0.05122,0.2274,0.2968,0.1476,0.1306,0.1036,0.111,0.09873,0.08449,0.2178,11.32,730.1,105400,21090000,227.5,377.7,103.8,877100000,164900000,24480000,3.056E+15,1495000000,221700000,8.662E+12,8.321,0.04588,0.000605,1655,0.003758,0.1434,0.5169,19.63,-0.9808,0.6072,0.02304,0.03702,0.04182,0.02092,-0.01817,-0.0248,0.007958,0.2178,20.92,924.5,95360,16660000,-1358,1161000,117900,-1.349E+12,-1.37E+11,-13910000000,3.13E+18,1.238E+12,1.257E+11,3.281E+15,angry
62.01,0.2665,0.001382,227.7,0.003433,0.1287,0.03485,110.7,0.5348,0.1763,0.3212,0.1467,0.1502,0.1117,0.1017,0.09199,0.07884,0.196,53.4,689,92730,12780000,501,369.6,100.7,859400000,160700000,23820000,2.997E+15,1453000000,215300000,8.449E+12,27.56,0.1295,0.000548,1634,0.003261,0.1245,0.5568,54.99,-0.8167,0.6698,-0.001976,0.0499,0.05583,0.02522,-0.008145,0.008834,0.05509,0.1869,36.9,917.6,49140,12880000,-1524,1163000,118200,-1.352E+12,-1.375E+11,-13980000000,3.14E+18,1.242E+12,1.264E+11,3.306E+15,angry
12.7,0.08302,7.00E-05,182.3,0.000972,0.03645,0.07012,28.67,0.07613,0.2467,0.3041,0.2447,0.155,0.1061,0.1235,0.1181,0.09243,0.05297,16.03,1214,164500,31660000,253.8,445,35.26,1036000000,93030000,8352000,3.618E+15,838900000,75300000,2.967E+12,10.04,0.06544,3.30E-05,1550,0.000774,0.02955,0.5977,26.32,-0.9679,0.534,0.1066,-0.07803,-0.06211,0.006495,-0.02343,-0.007208,-0.003935,0.04451,26.82,1682,203000,38810000,-1585,1164000,118400,-1.355E+12,-1.379E+11,-14030000000,3.15E+18,1.246E+12,1.268E+11,3.322E+15,disgust
60.99,0.2623,0.000132,191.7,0.001517,0.05678,0.05331,108.2,0.522,0.2656,0.3086,0.1823,0.1801,0.1335,0.1039,0.1163,0.1056,0.07944,52.26,1135,161700,25940000,564.2,452.3,48.56,1054000000,109500000,11510000,3.687E+15,986400000,103700000,4.094E+12,27.39,0.1324,6.30E-05,1556,0.001119,0.0426,0.6395,57.08,-0.8156,0.5437,0.03233,0.05804,0.07298,0.04637,-0.02118,-0.01041,0.05242,0.06117,40.17,1514,131700,28990000,-1668,1166000,118500,-1.358E+12,-1.382E+11,-14050000000,3.17E+18,1.249E+12,1.27E+11,3.33E+15,disgust
7.669,0.05631,0.00013,208.2,0.001265,0.0471,0.06578,17.17,0.04122,0.274,0.2718,0.1571,0.1462,0.1188,0.1098,0.07489,0.07736,0.05966,14.63,1312,174200,33580000,253.8,442.1,38.2,1032000000,95900000,9066000,3.613E+15,867900000,82010000,3.227E+12,6.805,0.03951,5.10E-05,1554,0.00112,0.04254,0.5575,17.28,-0.9829,0.4223,0.159,0.06084,-0.004511,0.04326,0.01613,0.022,0.0107,0.05702,21.92,1476,181500,34090000,-1508,1167000,118700,-1.362E+12,-1.385E+11,-14080000000,3.18E+18,1.252E+12,1.273E+11,3.342E+15,disgust
38.74,0.18,9.70E-05,199.1,0.001104,0.04108,0.06658,71.85,0.3253,0.2423,0.3383,0.1899,0.1718,0.1126,0.1121,0.1013,0.09668,0.05583,35.04,1154,146000,26970000,339.6,424.4,37.56,991900000,94020000,8922000,3.477E+15,850400000,80700000,3.178E+12,15.45,0.08291,4.80E-05,1548,0.001048,0.0399,0.5491,34.66,-0.9149,0.5198,0.04776,0.02029,0.0357,0.05256,0.01578,-0.009627,0.001104,0.05617,28.62,1326,133000,26920000,-1520,1169000,118800,-1.366E+12,-1.388E+11,-14100000000,3.19E+18,1.254E+12,1.275E+11,3.35E+15,disgust
58.2,0.251,0.000117,206.5,0.001225,0.04599,0.03301,100.5,0.4986,0.257,0.2901,0.163,0.1818,0.1204,0.1073,0.1018,0.0831,0.07201,50.38,1144,160700,26420000,528,365.4,38.34,854900000,88080000,9113000,3.001E+15,793900000,82160000,3.249E+12,25.34,0.1235,5.50E-05,1540,0.001088,0.04164,0.5762,51.27,-0.8343,0.5625,0.06679,0.04355,0.04741,0.0641,3.10E-05,0.004471,0.02356,0.06407,37.46,1374,119900,26160000,-1613,1170000,118900,-1.369E+12,-1.391E+11,-14130000000,3.20E+18,1.257E+12,1.277E+11,3.358E+15,disgust
32.79,0.1471,0.000262,247.9,0.001798,0.067,0.06229,60.35,0.2798,0.1998,0.286,0.1431,0.1375,0.1034,0.1061,0.09216,0.0809,0.1003,29.29,749.6,104400,19860000,208.8,394.6,102.6,924400000,166900000,24430000,3.248E+15,1510000000,221000000,8.729E+12,12.31,0.06306,0.000144,1657,0.002258,0.08577,0.4701,26.15,-0.9437,0.6054,0.04656,0.07885,0.06385,0.01128,-0.0363,-0.02483,0.03001,0.122,25.01,1030,96470,17510000,-1518,1171000,119100,-1.372E+12,-1.395E+11,-14180000000,3.21E+18,1.26E+12,1.282E+11,3.377E+15,happy
63.1,0.2722,0.000238,240,0.00154,0.05766,0.02641,111.8,0.5452,0.1567,0.2833,0.1738,0.172,0.1376,0.1178,0.1059,0.08852,0.09276,53.66,792.7,104600,15360000,570.1,420.8,111,986800000,180300000,26500000,3.472E+15,1625000000,239100000,9.492E+12,28.76,0.1385,0.000112,1680,0.001958,0.07458,0.4885,55.51,-0.8111,0.6722,0.005155,0.06061,0.03334,0.00429,-0.02309,-0.01825,0.01484,0.1135,39.81,1114,68090,16010000,-1698,1173000,119400,-1.375E+12,-1.4E+11,-14260000000,3.23E+18,1.265E+12,1.288E+11,3.404E+15,happy
64.84,0.2792,0.00026,231,0.001392,0.0521,0.03442,115.1,0.5562,0.1618,0.28,0.1512,0.1651,0.1288,0.1105,0.09541,0.07481,0.08581,54.82,735.6,104500,12310000,541.7,443.8,79.4,1042000000,146200000,19010000,3.671E+15,1321000000,171700000,6.826E+12,29.81,0.1424,0.00012,1640,0.001764,0.06737,0.5038,58.34,-0.8032,0.6776,-0.003607,0.07224,0.06276,0.01183,-0.03005,-0.02239,-0.005301,0.1088,40.86,1216,82830,19430000,-1572,1174000,119700,-1.379E+12,-1.405E+11,-14330000000,3.24E+18,1.27E+12,1.295E+11,3.43E+15,happy
83.74,0.3575,0.000208,229.4,0.001344,0.05022,0.04895,147.8,0.7243,0.1558,0.2805,0.128,0.1814,0.1328,0.1061,0.09062,0.08327,0.07391,71.09,698.8,112100,9615000,767.6,459.6,82.38,1081000000,151800000,19760000,3.812E+15,1366000000,178000000,7.109E+12,47.7,0.2173,7.90E-05,1629,0.001607,0.06103,0.5017,89.94,-0.6415,0.6552,0.04783,0.08782,0.09744,0.03314,-0.04026,-0.03118,0.004657,0.0927,55.22,1222,49690,18050000,-1758,1176000,119900,-1.382E+12,-1.41E+11,-14380000000,3.25E+18,1.274E+12,1.3E+11,3.45E+15,happy
64.84,0.2792,0.00026,231,0.001392,0.0521,0.03442,115.1,0.5562,0.1618,0.28,0.1512,0.1651,0.1288,0.1105,0.09541,0.07481,0.08581,54.82,735.6,104500,12310000,541.7,443.8,79.4,1045000000,146700000,19090000,3.69E+15,1325000000,172400000,6.881E+12,29.81,0.1424,0.00012,1640,0.001764,0.06737,0.5038,58.34,-0.8032,0.6776,-0.003607,0.07224,0.06276,0.01183,-0.03005,-0.02239,-0.005301,0.1088,40.86,1216,82830,19430000,-1572,1177000,120200,-1.386E+12,-1.415E+11,-14440000000,3.26E+18,1.279E+12,1.305E+11,3.472E+15,happy
85.14,0.3645,9.20E-05,203.7,0.00102,0.03792,0.04535,150.1,0.7296,0.175,0.2331,0.1403,0.1816,0.1191,0.1033,0.1001,0.08664,0.05332,72.03,703.9,129400,12330000,825,394.3,30.6,929600000,83170000,7364000,3.287E+15,747000000,66080000,2.659E+12,48.06,0.214,4.50E-05,1535,0.001154,0.04396,0.438,90.19,-0.632,0.5847,0.0709,0.09115,0.09884,0.06553,-0.03009,-0.03836,-0.008,0.06721,56.31,1359,68640,21800000,-1673,1179000,120300,-1.389E+12,-1.418E+11,-14480000000,3.28E+18,1.282E+12,1.309E+11,3.485E+15,neutral
83.56,0.3587,0.00013,218,0.001203,0.04482,0.058,147.4,0.7112,0.1903,0.271,0.1524,0.1963,0.1197,0.1275,0.1152,0.1183,0.06574,70.38,760.1,129700,12310000,804.3,386.5,35.55,912200000,88100000,8564000,3.229E+15,792900000,77070000,3.094E+12,47.08,0.2107,5.90E-05,1554,0.001413,0.0539,0.4628,88.89,-0.6459,0.5752,0.01912,0.1114,0.09108,0.06524,-0.01147,-0.04075,-0.02909,0.08217,56.64,1465,75500,22660000,-1630,1180000,120400,-1.393E+12,-1.421E+11,-14500000000,3.29E+18,1.284E+12,1.311E+11,3.494E+15,neutral
78.16,0.3384,0.000163,215.7,0.001285,0.04804,0.0401,138.9,0.6715,0.1749,0.2676,0.14,0.1727,0.115,0.1105,0.1204,0.0989,0.07469,66.25,784.7,121200,12720000,742.8,393.5,40.14,929700000,94330000,9679000,3.295E+15,846800000,86890000,3.501E+12,40.65,0.1876,7.20E-05,1567,0.001512,0.05779,0.4696,78.9,-0.6972,0.5978,0.0304,0.08975,0.07829,0.04722,-0.02649,-0.0309,0.005553,0.09014,50.6,1375,79360,21870000,-1577,1181000,120600,-1.396E+12,-1.424E+11,-14530000000,3.30E+18,1.287E+12,1.313E+11,3.504E+15,neutral
73.84,0.3198,0.000113,223.9,0.001124,0.04176,0.04248,129,0.6282,0.1935,0.2687,0.1417,0.1683,0.1156,0.113,0.1132,0.09614,0.05993,62.63,795.3,122700,13780000,671.6,379.9,36.67,898600000,88890000,8849000,3.188E+15,798400000,79470000,3.204E+12,37.02,0.1713,5.30E-05,1567,0.001367,0.05217,0.4701,70.49,-0.7335,0.5875,0.01877,0.08262,0.09207,0.04167,-0.05485,-0.04996,0.00237,0.07994,47.05,1340,81030,21740000,-1554,1183000,120700,-1.399E+12,-1.427E+11,-14560000000,3.31E+18,1.29E+12,1.316E+11,3.515E+15,neutral
84.11,0.3608,0.000126,219.4,0.001408,0.05241,0.06385,147.6,0.717,0.1731,0.2461,0.1496,0.1864,0.1251,0.09434,0.1288,0.09462,0.07266,71.6,689.7,122300,12060000,821.8,393.1,43,930900000,98080000,10390000,3.307E+15,881300000,93370000,3.765E+12,46.91,0.2106,6.30E-05,1575,0.001605,0.06114,0.4432,87.55,-0.6486,0.6241,0.06978,0.1035,0.08309,0.05015,-0.03821,-0.04449,0.00136,0.09219,54.51,1275,63490,20270000,-1633,1184000,120800,-1.402E+12,-1.43E+11,-14590000000,3.32E+18,1.293E+12,1.319E+11,3.526E+15,neutral
81.46,0.3502,7.20E-05,209.9,0.00089,0.03307,0.04524,145,0.6938,0.2012,0.2542,0.1261,0.1838,0.1027,0.1181,0.09895,0.07064,0.04186,69.83,709.8,131700,14470000,743.2,434.2,47.41,1029000000,108200000,11470000,3.661E+15,977000000,103500000,4.161E+12,42.83,0.1916,3.20E-05,1556,0.000977,0.03707,0.4847,81.01,-0.6767,0.5622,0.1106,0.09815,0.1074,0.07472,-0.02299,-0.04095,-0.001778,0.05121,50.41,1267,80140,23590000,-1717,1186000,121000,-1.405E+12,-1.434E+11,-14630000000,3.33E+18,1.296E+12,1.322E+11,3.539E+15,sad
84.67,0.364,6.10E-05,200.3,0.000863,0.0321,0.05611,149.8,0.7242,0.192,0.2347,0.1181,0.1869,0.102,0.1108,0.1101,0.08058,0.04036,71.99,814.4,143400,15010000,782.5,444.1,46.42,1054000000,108400000,11240000,3.755E+15,977800000,101400000,4.083E+12,47.39,0.2117,2.50E-05,1542,0.000877,0.03333,0.4991,89.59,-0.6405,0.5881,0.08788,0.08934,0.1257,0.0754,-0.02633,-0.04229,-0.01207,0.04727,55.31,1397,80340,24890000,-1771,1187000,121100,-1.409E+12,-1.437E+11,-14660000000,3.35E+18,1.299E+12,1.325E+11,3.55E+15,sad
72.31,0.3137,4.90E-05,198.8,0.000875,0.03238,0.06929,127.7,0.6184,0.1778,0.2468,0.1235,0.172,0.1079,0.1044,0.09268,0.0768,0.03792,61.6,823.6,126700,14810000,641.3,441.7,44.7,1050000000,106000000,10840000,3.744E+15,957700000,97880000,3.94E+12,33.58,0.1536,2.40E-05,1556,0.000908,0.03444,0.4915,64.55,-0.7526,0.5517,0.06238,0.07516,0.1161,0.07467,-0.01089,-0.03062,0.001755,0.04735,44.18,1370,102100,25140000,-1639,1189000,121200,-1.413E+12,-1.441E+11,-14690000000,3.36E+18,1.302E+12,1.328E+11,3.562E+15,sad
91.88,0.396,7.30E-05,202.4,0.000865,0.03221,0.07079,161.5,0.7851,0.1791,0.2676,0.1397,0.1963,0.1061,0.1083,0.1011,0.0724,0.04024,77.68,818.1,152200,15040000,866.1,457.8,37.94,1090000000,100200000,9205000,3.891E+15,904400000,83030000,3.35E+12,57.05,0.2527,3.00E-05,1531,0.000812,0.03092,0.525,106.8,-0.5554,0.557,0.06726,0.09609,0.1622,0.107,-0.02299,-0.03324,-0.004675,0.04343,63.85,1490,69340,25630000,-1854,1190000,121300,-1.416E+12,-1.444E+11,-14720000000,3.37E+18,1.305E+12,1.33E+11,3.572E+15,sad
89.01,0.3832,7.50E-05,208,0.001017,0.03769,0.04814,157.5,0.7621,0.1951,0.2464,0.1276,0.1882,0.1072,0.1127,0.1015,0.07882,0.04356,75.07,723.8,142800,13440000,831.6,456.6,38.96,1088000000,101100000,9462000,3.891E+15,910800000,85200000,3.447E+12,52.01,0.2312,3.20E-05,1533,0.000922,0.03497,0.5378,98.09,-0.593,0.5446,0.05222,0.09314,0.1481,0.09355,-0.02737,-0.03902,0.003617,0.04743,60.15,1476,77940,25030000,-1804,1192000,121400,-1.42E+12,-1.447E+11,-14750000000,3.39E+18,1.308E+12,1.333E+11,3.582E+15,sad
15,0.1041,0.000927,257.5,0.001994,0.07422,0.04348,32.26,0.1082,0.3013,0.2661,0.2592,0.1898,0.1402,0.1293,0.117,0.1067,0.1174,20.63,1404,153200,29880000,230.2,351.3,57.17,838200000,110600000,13900000,3E+15,1002000000,125800000,5.071E+12,11.64,0.07198,0.000298,1578,0.00206,0.07927,0.5554,29.11,-0.9564,0.5052,0.09711,0.1258,-0.1159,-0.00282,-0.04001,-0.004365,0.001809,0.1254,29.68,1838,190800,34270000,-1447,1193000,121600,-1.424E+12,-1.451E+11,-14780000000,3.40E+18,1.311E+12,1.336E+11,3.594E+15,angry
11.78,0.08579,0.000806,286,0.002155,0.08117,0.06538,25.53,0.07322,0.2328,0.2986,0.2017,0.1762,0.1407,0.1246,0.1254,0.09854,0.1418,17.13,1151,128000,25180000,256,381,66.09,910000000,124900000,16090000,3.261E+15,1131000000,145600000,5.879E+12,12.68,0.08277,0.000322,1613,0.00213,0.08222,0.5312,30.08,-0.964,0.6395,0.04664,0.07502,-0.05815,-0.02477,-0.06737,-0.01392,-0.000284,0.1458,28.03,1462,147900,25970000,-1430,1194000,121800,-1.427E+12,-1.454E+11,-14830000000,3.41E+18,1.314E+12,1.34E+11,3.611E+15,angry
14.76,0.1013,0.000764,262.2,0.002254,0.08471,0.05936,29.91,0.1024,0.2629,0.2818,0.2444,0.1746,0.1341,0.13,0.1216,0.1007,0.1466,18.8,1260,134000,25080000,236,360.4,59.01,861800000,113800000,14390000,3.091E+15,1033000000,130500000,5.265E+12,13.89,0.09155,0.000372,1595,0.002471,0.09555,0.5517,33.09,-0.954,0.6145,0.03532,0.09549,-0.117,-0.04915,-0.06937,0.003556,-0.008504,0.1711,29.76,1534,147900,25590000,-1352,1196000,122000,-1.43E+12,-1.458E+11,-14870000000,3.42E+18,1.318E+12,1.344E+11,3.628E+15,angry
13.71,0.09538,0.000551,270.6,0.002314,0.08711,0.06626,28.42,0.1019,0.4178,0.2815,0.2176,0.1372,0.1509,0.1199,0.1422,0.1058,0.145,18.34,1720,208300,41010000,325.4,422,61.06,1010000000,124300000,14910000,3.628E+15,1125000000,135000000,5.464E+12,11.33,0.07085,0.00027,1614,0.002172,0.0837,0.5899,27.14,-0.9618,0.5073,0.07648,0.1175,-0.1022,-0.05632,-0.0424,0.01185,0.01403,0.1443,29.16,1861,200400,36690000,-1433,1197000,122100,-1.433E+12,-1.462E+11,-14920000000,3.43E+18,1.321E+12,1.348E+11,3.643E+15,angry
14.39,0.09767,0.000481,253.9,0.001863,0.06964,0.04252,29.64,0.09482,0.3718,0.2988,0.2232,0.1522,0.1305,0.1278,0.105,0.1082,0.1149,17.87,1511,189000,36800000,274,390,51.61,934700000,108900000,12620000,3.36E+15,988600000,114500000,4.63E+12,10.92,0.06739,0.000221,1611,0.002023,0.07787,0.5136,26.6,-0.9644,0.497,0.06422,0.117,-0.0737,0.002018,-0.04453,-0.01125,0.03048,0.13,27.91,1749,191500,34300000,-1395,1198000,122300,-1.436E+12,-1.466E+11,-14950000000,3.44E+18,1.324E+12,1.351E+11,3.658E+15,angry
31.19,0.1463,7.10E-05,245.5,0.000885,0.03325,0.06588,58.43,0.2586,0.209,0.2526,0.3093,0.2085,0.1627,0.1076,0.1416,0.1222,0.05639,29.29,1039,124600,22620000,258.2,487.9,69.26,1171000000,142300000,16960000,4.215E+15,1290000000,153600000,6.231E+12,20.19,0.1272,3.30E-05,1596,0.000855,0.03291,0.5088,46.25,-0.9132,0.6751,0.02604,-0.05114,-0.1735,-0.01166,-0.05705,-0.01318,-0.000601,0.05763,35.99,1757,177900,32850000,-1641,1200000,122500,-1.44E+12,-1.469E+11,-15000000000,3.46E+18,1.328E+12,1.355E+11,3.673E+15,disgust
73.18,0.3144,8.60E-05,230.1,0.000915,0.03459,0.04951,128.2,0.6332,0.232,0.2706,0.2333,0.2366,0.1705,0.1176,0.1255,0.1031,0.06119,62.16,1170,148800,19500000,657.7,535.3,83.46,1287000000,165800000,20470000,4.638E+15,1498000000,185000000,7.535E+12,41.8,0.2104,4.40E-05,1580,0.000925,0.03552,0.5232,80.76,-0.7085,0.6405,0.04097,0.06002,-0.0755,-0.02853,-0.08267,-0.0389,-0.02026,0.06217,53.35,1649,107800,26820000,-1790,1202000,122700,-1.444E+12,-1.474E+11,-15050000000,3.47E+18,1.332E+12,1.36E+11,3.692E+15,disgust
16.22,0.1013,0.000169,210.4,0.00112,0.04201,0.07117,33.19,0.1074,0.2721,0.2631,0.2392,0.1725,0.1572,0.1205,0.117,0.1144,0.07192,19.15,1226,137700,26540000,209.7,511.3,73.74,1231000000,151500000,18130000,4.444E+15,1368000000,163700000,6.683E+12,14.76,0.09115,8.40E-05,1567,0.001042,0.04034,0.5635,34.79,-0.9498,0.5896,0.03619,0.09186,-0.108,-0.02853,-0.05892,-0.02567,-0.0349,0.07292,33.3,1828,182700,32110000,-1578,1204000,122900,-1.448E+12,-1.479E+11,-15100000000,3.49E+18,1.337E+12,1.365E+11,3.712E+15,disgust
11.39,0.0712,0.00014,238.5,0.001192,0.04498,0.09238,23.49,0.06687,0.364,0.2943,0.209,0.192,0.1589,0.1317,0.1301,0.1065,0.07623,15.62,1507,204600,40590000,289.6,604.8,83.08,1458000000,174200000,20460000,5.273E+15,1576000000,185000000,7.557E+12,10.77,0.06411,6.30E-05,1579,0.00107,0.04111,0.5381,26.77,-0.9696,0.4751,0.09747,0.0704,-0.06503,0.01082,-0.02758,-0.02858,-0.01615,0.07178,30.59,2139,249600,45880000,-1596,1205000,123100,-1.453E+12,-1.484E+11,-15160000000,3.50E+18,1.341E+12,1.37E+11,3.734E+15,disgust
21.95,0.1139,0.000126,239.4,0.001061,0.03987,0.06809,42.85,0.1578,0.2889,0.2915,0.201,0.1858,0.1593,0.115,0.09722,0.09909,0.07098,22.25,1260,157400,29810000,231,511.2,72.71,1234000000,150700000,17940000,4.471E+15,1361000000,162100000,6.638E+12,13.04,0.07834,5.60E-05,1549,0.001125,0.04318,0.518,30,-0.9559,0.5855,0.0662,0.03218,-0.07702,-0.001363,-0.02579,-0.02889,-0.00526,0.07546,29.23,1580,165100,30400000,-1537,1207000,123400,-1.458E+12,-1.489E+11,-15220000000,3.52E+18,1.346E+12,1.375E+11,3.754E+15,disgust
56.94,0.2604,0.000158,224.4,0.001256,0.04675,0.06367,102.6,0.4888,0.363,0.2641,0.1685,0.1955,0.1302,0.1239,0.1218,0.1225,0.06548,49.82,1709,207400,35710000,521.4,420.3,40.98,1016000000,101100000,10120000,3.686E+15,915800000,91670000,3.751E+12,27.25,0.1399,6.20E-05,1582,0.001196,0.04578,0.573,55.48,-0.8156,0.4595,0.09838,0.08251,-0.03172,0.004646,-0.05457,-0.008823,0.002943,0.06787,41.86,1933,160700,36120000,-1603,1209000,123500,-1.462E+12,-1.493E+11,-15260000000,3.53E+18,1.349E+12,1.379E+11,3.769E+15,happy
17.26,0.1218,0.00017,250.6,0.001172,0.04371,0.05713,32.81,0.1362,0.3644,0.2939,0.2008,0.1816,0.1544,0.1378,0.1122,0.1132,0.06293,23.87,1660,179900,34480000,241.7,390,29.54,944100000,83630000,7304000,3.428E+15,754900000,65910000,2.708E+12,12.44,0.08005,8.10E-05,1572,0.001237,0.04742,0.5522,28.37,-0.9461,0.4838,0.06944,0.05196,-0.04851,0.000199,-0.05036,-0.02529,-0.009946,0.07073,28.53,1724,171300,33400000,-1490,1210000,123600,-1.465E+12,-1.496E+11,-15280000000,3.55E+18,1.352E+12,1.381E+11,3.777E+15,happy
16.79,0.1043,0.000175,251.5,0.001485,0.05511,0.04318,32,0.1067,0.4019,0.2673,0.202,0.1635,0.1247,0.1301,0.1286,0.1115,0.06729,22.53,1848,208100,40770000,261.6,429.3,52.14,1040000000,115600000,12900000,3.782E+15,1043000000,116400000,4.787E+12,10.95,0.06283,7.40E-05,1581,0.001331,0.05068,0.5759,26.5,-0.9566,0.3882,0.08988,0.07529,-0.03667,0.01834,-0.05317,-0.02633,-0.01645,0.07139,31.06,2143,224800,42290000,-1551,1212000,123700,-1.468E+12,-1.499E+11,-15300000000,3.56E+18,1.355E+12,1.383E+11,3.786E+15,happy
15.57,0.1072,0.000154,248.4,0.001075,0.03976,0.04642,30.38,0.1016,0.39,0.2646,0.2186,0.1769,0.127,0.1193,0.1246,0.09686,0.053,22.9,1872,203400,39890000,261.5,424.3,48.37,1030000000,110800000,11980000,3.748E+15,997100000,107900000,4.45E+12,10.99,0.06684,6.70E-05,1554,0.001084,0.04147,0.5508,26.95,-0.9567,0.4051,0.09744,0.07086,-0.05896,0.02245,-0.0351,-0.01785,-0.01247,0.05978,30.83,2064,210600,39960000,-1568,1213000,123800,-1.472E+12,-1.502E+11,-15330000000,3.57E+18,1.358E+12,1.386E+11,3.797E+15,happy
17.26,0.1218,0.00017,250.6,0.001172,0.04371,0.05713,32.81,0.1362,0.3644,0.2939,0.2008,0.1816,0.1544,0.1378,0.1122,0.1132,0.06293,23.87,1660,179900,34480000,241.7,390,29.54,947500000,83880000,7323000,3.453E+15,757200000,66090000,2.723E+12,12.44,0.08005,8.10E-05,1572,0.001237,0.04742,0.5522,28.37,-0.9461,0.4838,0.06944,0.05196,-0.04851,0.000199,-0.05036,-0.02529,-0.009946,0.07073,28.53,1724,171300,33400000,-1490,1215000,123900,-1.475E+12,-1.505E+11,-15360000000,3.59E+18,1.36E+12,1.388E+11,3.807E+15,happy
81.87,0.3568,8.30E-05,258.6,0.000877,0.03248,0.06453,145,0.7002,0.2241,0.2315,0.2074,0.2168,0.1445,0.112,0.09585,0.08914,0.04544,69.19,1005,147400,14980000,766.1,388.7,18.44,945200000,70450000,4573000,3.448E+15,636700000,41340000,1.701E+12,46.66,0.2169,4.20E-05,1570,0.000964,0.0368,0.4596,87.56,-0.6547,0.512,0.07705,0.1889,0.04381,0.0329,-0.03517,-0.01701,-0.01152,0.05523,57.12,1678,100800,26850000,-1705,1216000,124000,-1.479E+12,-1.508E+11,-15380000000,3.60E+18,1.363E+12,1.389E+11,3.813E+15,neutral
11.16,0.07595,9.00E-05,249.2,0.000847,0.03153,0.04712,23.98,0.0713,0.409,0.2601,0.1907,0.2087,0.146,0.1329,0.1194,0.1069,0.04517,19.18,1886,212900,42010000,300,417.4,13.93,1016000000,68450000,3456000,3.712E+15,619400000,31310000,1.286E+12,8.904,0.04917,3.60E-05,1566,0.000889,0.03388,0.4908,25.06,-0.968,0.3175,0.104,0.185,-0.02471,0.009275,-0.01598,-0.01936,-0.02116,0.05055,31.41,2498,273900,49720000,-1540,1217000,124000,-1.482E+12,-1.51E+11,-15390000000,3.61E+18,1.365E+12,1.39E+11,3.817E+15,neutral
14.43,0.1019,5.10E-05,215.2,0.000626,0.0233,0.04726,30.34,0.1006,0.3942,0.2488,0.2053,0.1942,0.1516,0.1337,0.1284,0.1086,0.03321,20.08,1804,196600,38970000,274.2,448.9,11.44,1094000000,69530000,2839000,4.002E+15,628900000,25720000,1.057E+12,9.67,0.05869,2.30E-05,1564,0.000697,0.02672,0.4937,26.13,-0.9622,0.3378,0.05881,0.1558,-0.04903,0.02625,-0.01405,0.001387,-0.001568,0.03991,31.98,2418,254500,46250000,-1548,1219000,124100,-1.486E+12,-1.512E+11,-15390000000,3.62E+18,1.367E+12,1.391E+11,3.82E+15,neutral
81.42,0.3492,9.20E-05,264.4,0.00092,0.03421,0.05314,143.2,0.6997,0.2427,0.1827,0.1783,0.2312,0.1455,0.1182,0.09145,0.07814,0.05064,68.73,930.4,153800,15780000,774.1,406.3,16.91,991800000,70450000,4198000,3.631E+15,637000000,37970000,1.563E+12,43.26,0.1949,4.00E-05,1548,0.001091,0.04159,0.4546,82.71,-0.6699,0.5079,0.1129,0.1515,0.006246,0.004014,-0.05695,-0.02751,-0.00842,0.06172,53.95,1684,122700,30500000,-1650,1220000,124100,-1.489E+12,-1.515E+11,-15410000000,3.64E+18,1.369E+12,1.392E+11,3.824E+15,neutral
13.34,0.09159,7.70E-05,234.6,0.00079,0.02953,0.0475,27.81,0.07662,0.406,0.2779,0.2419,0.1683,0.1512,0.1213,0.1045,0.09239,0.04715,17.62,1665,212300,41970000,289.3,416.1,17.13,1017000000,72250000,4253000,3.727E+15,653500000,38490000,1.584E+12,10.47,0.06273,3.90E-05,1553,0.000889,0.03418,0.5121,27.97,-0.9662,0.4358,0.07485,0.144,-0.1043,-0.06294,-0.06197,-0.02547,-0.001645,0.05639,30.8,2129,236400,42720000,-1482,1222000,124200,-1.493E+12,-1.517E+11,-15420000000,3.65E+18,1.371E+12,1.393E+11,3.828E+15,neutral
86.22,0.3726,3.90E-05,192.4,0.000518,0.0193,0.07473,151.9,0.7364,0.2086,0.1743,0.1498,0.1986,0.1108,0.09661,0.07765,0.08441,0.0279,71.89,882.9,160400,14050000,814,499,1.898,1221000000,62070000,471400,4.482E+15,561000000,4265000,1.756E+11,49.15,0.2247,1.80E-05,1521,0.000596,0.02276,0.4593,93.35,-0.6178,0.4741,0.09715,0.172,0.08917,0.04846,-0.03946,-0.009895,-0.0167,0.0351,60.43,1883,131400,33610000,-1764,1223000,124200,-1.497E+12,-1.519E+11,-15420000000,3.66E+18,1.373E+12,1.394E+11,3.83E+15,sad
91.42,0.3926,2.00E-05,195.6,0.000382,0.01424,0.07164,162,0.7815,0.2209,0.1579,0.1489,0.2165,0.1415,0.09018,0.08384,0.08628,0.02072,76.51,879.2,180000,17630000,848.7,502.1,3.636,1230000000,66370000,902900,4.522E+15,600200000,8202000,3.364E+11,54.89,0.2421,7.00E-06,1535,0.000465,0.01761,0.429,103.4,-0.5672,0.4799,0.16,0.1464,0.09224,0.0357,-0.04607,-0.01835,-0.000424,0.02613,63.86,1841,132300,36460000,-1885,1225000,124200,-1.501E+12,-1.522E+11,-15420000000,3.68E+18,1.375E+12,1.394E+11,3.831E+15,sad
84.64,0.3635,1.80E-05,225.7,0.000409,0.01528,0.07634,147.7,0.7199,0.2555,0.1421,0.146,0.1964,0.1239,0.1004,0.08625,0.08493,0.02276,70.41,884.6,189800,21100000,779.2,533,3.268,1308000000,67060000,811600,4.814E+15,605600000,7365000,3.024E+11,45.55,0.2035,7.00E-06,1537,0.000478,0.01812,0.4512,84.62,-0.6464,0.3934,0.1422,0.1792,0.084,0.04229,-0.02401,-0.009588,-0.0115,0.02688,57.6,2049,178900,42300000,-1814,1227000,124200,-1.505E+12,-1.524E+11,-15420000000,3.69E+18,1.377E+12,1.394E+11,3.831E+15,sad
76.87,0.3333,1.50E-05,210,0.000399,0.01483,0.08752,135.1,0.6499,0.2537,0.1752,0.128,0.1847,0.1276,0.1075,0.09049,0.08021,0.02105,64.52,1073,178200,21580000,665.4,430.2,5.717,1057000000,59930000,1420000,3.896E+15,542000000,12870000,5.291E+11,37.57,0.1719,7.00E-06,1536,0.000526,0.01994,0.4425,71.14,-0.7185,0.3914,0.1336,0.1736,0.08512,0.06755,-0.03484,-0.01218,0.007381,0.02911,50.75,2015,180300,40870000,-1711,1229000,124200,-1.51E+12,-1.526E+11,-15430000000,3.71E+18,1.379E+12,1.394E+11,3.832E+15,sad
84.89,0.3647,1.50E-05,234.1,0.000403,0.01497,0.09965,149.5,0.7242,0.2447,0.1797,0.1641,0.1927,0.1235,0.107,0.1026,0.09319,0.01985,70.62,954.2,185200,19430000,767.1,474.2,2.621,1167000000,57030000,651300,4.306E+15,516400000,5821000,2.427E+11,46.03,0.2064,7.00E-06,1534,0.000505,0.01908,0.4209,86.11,-0.6411,0.3949,0.1127,0.2134,0.09804,0.0347,-0.02647,0.00076,-0.0214,0.02669,58.49,2097,173300,41040000,-1799,1230000,124200,-1.513E+12,-1.528E+11,-15430000000,3.72E+18,1.381E+12,1.394E+11,3.833E+15,sad
15.54,0.09294,0.000348,203.2,0.001698,0.06364,0.06948,32.16,0.1052,0.22,0.3459,0.1913,0.156,0.1402,0.1236,0.1063,0.09987,0.1028,16.48,913.6,132300,26120000,223.8,457.8,72.87,1128000000,146400000,18120000,4.168E+15,1323000000,163700000,6.758E+12,11.54,0.07051,0.000152,1583,0.001663,0.06413,0.5436,27.83,-0.9599,0.6219,0.01254,0.06745,-0.01695,-0.01698,-0.02458,0.02716,0.03308,0.1091,26.18,1253,129600,23510000,-1448,1232000,124300,-1.517E+12,-1.531E+11,-15460000000,3.74E+18,1.384E+12,1.397E+11,3.843E+15,angry
46.67,0.2064,0.000472,222.3,0.001743,0.06521,0.06626,83.4,0.3955,0.1732,0.3303,0.2064,0.162,0.1189,0.1024,0.09304,0.08726,0.1096,40.81,746.3,106400,18310000,415.9,425.7,78.47,1050000000,149700000,19550000,3.885E+15,1349000000,176300000,7.302E+12,21.54,0.1089,0.000206,1567,0.002044,0.07832,0.4823,44.14,-0.8776,0.6764,0.01309,0.02227,0.003117,0.01448,0.01485,0.03018,0.03547,0.1332,32.4,990.9,76280,16000000,-1461,1233000,124500,-1.521E+12,-1.536E+11,-15510000000,3.75E+18,1.388E+12,1.401E+11,3.863E+15,angry
15.22,0.08531,0.000369,210.3,0.001779,0.06669,0.07149,31.54,0.09907,0.2392,0.3243,0.1846,0.1287,0.129,0.1067,0.09602,0.08849,0.1084,15.78,978.6,144100,28510000,221.5,454.2,92.98,1122000000,171200000,23210000,4.156E+15,1545000000,209500000,8.687E+12,10.51,0.06057,0.000159,1579,0.001796,0.06889,0.5496,25.04,-0.9662,0.5911,0.0439,0.07573,0.004859,0.000313,-0.002712,0.0235,0.0386,0.1149,25.17,1255,135900,24390000,-1471,1235000,124800,-1.525E+12,-1.541E+11,-15570000000,3.77E+18,1.392E+12,1.407E+11,3.886E+15,angry
58.6,0.2569,0.00063,222.2,0.002106,0.07914,0.07153,106.5,0.5025,0.2121,0.3181,0.1852,0.1743,0.1404,0.11,0.09672,0.09035,0.131,50.24,929.9,131300,22930000,592,464.9,82.46,1150000000,159700000,20620000,4.264E+15,1442000000,186200000,7.734E+12,28.52,0.1425,0.000288,1577,0.002092,0.08068,0.5212,59.07,-0.8191,0.6537,0.01032,0.0662,0.03125,0.000398,-0.01217,0.01423,0.03062,0.1399,39.24,1168,83830,19340000,-1549,1236000,125000,-1.529E+12,-1.546E+11,-15630000000,3.78E+18,1.397E+12,1.413E+11,3.909E+15,angry
46.75,0.2077,0.000431,195,0.002051,0.07729,0.1031,82.65,0.3878,0.2217,0.3245,0.1923,0.1803,0.1462,0.1243,0.1061,0.1071,0.1311,40.11,861.5,128300,22140000,432.7,475.6,58.5,1178000000,131500000,14650000,4.374E+15,1183000000,131900000,5.504E+12,21.25,0.1146,0.000208,1568,0.001837,0.07095,0.5737,44.79,-0.8819,0.6344,-0.03522,0.06072,-0.06637,-0.01852,0.01891,0.04914,0.03066,0.13,35.19,1348,115000,23010000,-1442,1238000,125200,-1.533E+12,-1.55E+11,-15680000000,3.80E+18,1.401E+12,1.417E+11,3.926E+15,angry
15.26,0.08801,0.000199,193.5,0.001401,0.0524,0.06141,31.91,0.1002,0.2171,0.3091,0.1936,0.1454,0.12,0.1009,0.1042,0.09182,0.07825,16.51,846.9,116200,23270000,184.7,521.6,88.95,1293000000,175500000,22320000,4.811E+15,1582000000,201300000,8.398E+12,10.46,0.05897,8.50E-05,1569,0.001492,0.05708,0.5335,24.93,-0.9655,0.595,0.01737,0.04542,0.00011,0.007882,-8.30E-05,0.03282,0.05308,0.08962,25.4,1271,134200,24140000,-1506,1240000,125400,-1.537E+12,-1.555E+11,-15730000000,3.81E+18,1.405E+12,1.422E+11,3.948E+15,disgust
50.35,0.2234,0.000317,189.6,0.00176,0.06601,0.06947,90.36,0.4269,0.2261,0.3117,0.1695,0.1557,0.1444,0.1154,0.1031,0.09858,0.1001,43.35,989.8,142200,25150000,466.7,551.8,90.61,1370000000,181500000,22780000,5.104E+15,1637000000,205500000,8.59E+12,21.64,0.1089,0.000119,1562,0.001696,0.06482,0.5247,45.59,-0.8701,0.5755,0.03608,0.09914,0.05454,0.02269,-0.01656,0.02323,0.03545,0.1023,35.22,1393,122400,24870000,-1560,1242000,125700,-1.542E+12,-1.561E+11,-15800000000,3.83E+18,1.41E+12,1.428E+11,3.973E+15,disgust
14.13,0.07944,0.000249,215,0.001384,0.05165,0.03751,29.67,0.08786,0.2251,0.334,0.181,0.1401,0.1464,0.115,0.09295,0.09443,0.07931,15.39,863.4,126200,25100000,191.8,528.2,93.45,1314000000,182600000,23540000,4.9E+15,1647000000,212500000,8.898E+12,10.73,0.06136,0.000104,1598,0.001535,0.05877,0.5366,24.76,-0.9685,0.6347,0.04847,0.06647,0.005187,-0.01115,-0.004374,0.03671,0.04951,0.09397,23.95,1149,127700,23260000,-1518,1244000,126000,-1.546E+12,-1.567E+11,-15870000000,3.85E+18,1.416E+12,1.434E+11,3.999E+15,disgust
23.46,0.1226,0.000221,197.7,0.001375,0.05142,0.06282,46.69,0.1677,0.2283,0.3291,0.1659,0.1663,0.1463,0.1294,0.1022,0.09452,0.07909,22.24,889,126800,24550000,210.6,543.6,81.78,1354000000,170200000,20650000,5.059E+15,1535000000,186200000,7.82E+12,12.78,0.07281,9.00E-05,1597,0.00144,0.05516,0.5041,30.23,-0.9517,0.6048,0.03042,0.1199,0.01961,-0.001231,-0.01158,0.02051,0.03669,0.09097,26.69,1280,129800,24070000,-1478,1245000,126200,-1.551E+12,-1.572E+11,-15940000000,3.86E+18,1.421E+12,1.44E+11,4.024E+15,disgust
15.75,0.09111,0.000276,189.6,0.001414,0.05284,0.06845,33.14,0.1017,0.2394,0.3327,0.1746,0.1575,0.1485,0.1306,0.1052,0.09041,0.08007,16.8,925.7,137400,27340000,205.9,524.1,73.24,1307000000,157200000,18520000,4.892E+15,1417000000,167000000,7.028E+12,11.05,0.06775,9.40E-05,1591,0.001484,0.05667,0.5469,26.6,-0.9632,0.6084,0.03796,0.09762,-0.008575,-0.01409,-0.01678,-0.006356,0.02155,0.09346,25.12,1221,131100,23660000,-1470,1247000,126500,-1.556E+12,-1.577E+11,-16000000000,3.88E+18,1.425E+12,1.445E+11,4.046E+15,disgust
11.22,0.06098,0.00014,199.2,0.001105,0.04098,0.04697,24.18,0.06714,0.2306,0.3106,0.2057,0.1722,0.1221,0.1281,0.1089,0.113,0.05374,14.37,999.8,134900,26560000,181.8,443.5,66.98,1108000000,139600000,16970000,4.151E+15,1258000000,153000000,6.449E+12,8.277,0.04272,6.60E-05,1581,0.00122,0.04639,0.5254,20.23,-0.9778,0.5418,0.08241,0.09443,0.07229,0.07122,0.002658,0.009486,0.02952,0.06308,22.19,1284,147700,26910000,-1556,1249000,126700,-1.56E+12,-1.582E+11,-16050000000,3.90E+18,1.43E+12,1.45E+11,4.066E+15,happy
14.78,0.07871,0.000562,209.8,0.001505,0.05627,0.03076,30.6,0.09303,0.2197,0.3353,0.2017,0.1525,0.1318,0.1131,0.09834,0.08954,0.09372,16.03,912.5,128100,25270000,200,390,67.57,975300000,133800000,17150000,3.659E+15,1206000000,154600000,6.527E+12,9.996,0.05564,0.000187,1578,0.0016,0.06136,0.5231,24.03,-0.9683,0.5906,0.04019,0.0516,0.03415,0.01843,-0.02139,0.002301,0.04036,0.09475,23.92,1170,127900,23400000,-1507,1250000,126900,-1.563E+12,-1.587E+11,-16100000000,3.91E+18,1.433E+12,1.455E+11,4.086E+15,happy
13.59,0.07832,0.000272,232.9,0.001553,0.05791,0.05373,33.74,0.08494,0.2259,0.3089,0.1916,0.153,0.1281,0.1071,0.1022,0.09024,0.08689,16.13,997.6,129200,25140000,209.9,417.6,79.27,1045000000,152100000,20150000,3.926E+15,1371000000,181800000,7.683E+12,9.633,0.05542,0.000147,1599,0.001846,0.07023,0.4888,24.1,-0.9706,0.5635,0.04941,0.06835,0.05204,0.04482,0.004738,0.003426,0.02874,0.1024,23.03,1172,126100,22760000,-1490,1252000,127100,-1.567E+12,-1.591E+11,-16150000000,3.92E+18,1.437E+12,1.46E+11,4.106E+15,happy
13.13,0.07715,0.000176,199.3,0.00115,0.04284,0.06045,27.19,0.08114,0.2274,0.3144,0.1943,0.173,0.1346,0.1307,0.1179,0.1186,0.06383,15.53,968.6,131700,26020000,209.3,416.2,61.27,1043000000,129500000,15600000,3.922E+15,1169000000,140800000,5.957E+12,9.156,0.05326,7.80E-05,1570,0.001346,0.05136,0.4923,21.96,-0.9722,0.5522,0.02906,0.07842,0.0665,0.04361,-0.009645,0.007493,0.02823,0.07603,23.31,1286,142200,25820000,-1492,1253000,127300,-1.57E+12,-1.595E+11,-16200000000,3.94E+18,1.441E+12,1.464E+11,4.126E+15,happy
48.61,0.2117,0.00023,216,0.00138,0.05123,0.03878,87.86,0.4122,0.2236,0.2805,0.1755,0.1491,0.1384,0.1207,0.09808,0.09928,0.06947,42.87,1026,149300,25970000,417.3,466,66.52,1169000000,142500000,16960000,4.401E+15,1285000000,152900000,6.486E+12,20.47,0.1006,0.000107,1577,0.001357,0.05168,0.5344,41.95,-0.877,0.5561,0.1492,0.08821,0.05883,0.04452,-0.008979,0.01654,0.02738,0.07064,31.78,1272,129800,26810000,-1634,1255000,127500,-1.574E+12,-1.6E+11,-16250000000,3.95E+18,1.445E+12,1.468E+11,4.144E+15,happy
53.74,0.235,0.00023,200.2,0.001086,0.04042,0.09761,92.62,0.4492,0.2118,0.2785,0.1599,0.1845,0.1468,0.1238,0.1094,0.1186,0.06579,46.4,877.8,127400,19470000,479.8,447,35.61,1123000000,101200000,9090000,4.233E+15,914900000,82210000,3.48E+12,23.06,0.1115,8.10E-05,1571,0.001217,0.0467,0.5191,45.51,-0.8591,0.5678,0.04571,0.1569,0.06306,0.03055,-0.009085,0.002033,0.01105,0.07401,35.46,1386,119800,24260000,-1517,1256000,127600,-1.578E+12,-1.603E+11,-16290000000,3.97E+18,1.449E+12,1.472E+11,4.157E+15,neutral
11.93,0.07043,0.000174,219,0.00115,0.04299,0.06366,24.9,0.07509,0.2176,0.2833,0.161,0.1392,0.132,0.1175,0.1055,0.1108,0.07138,14.21,835.3,115000,22980000,198.5,451.4,35.52,1136000000,101900000,9072000,4.285E+15,921200000,82020000,3.476E+12,9.273,0.05424,8.50E-05,1568,0.001331,0.05119,0.5296,22.74,-0.9745,0.6122,0.04022,0.06441,-0.02574,-0.02324,-0.01154,0.02332,0.0303,0.08626,24.34,1257,134200,23490000,-1388,1258000,127700,-1.582E+12,-1.607E+11,-16310000000,3.98E+18,1.452E+12,1.474E+11,4.167E+15,neutral
14.72,0.08656,0.000228,208.6,0.00101,0.03779,0.07234,30.5,0.0912,0.2305,0.2978,0.2121,0.1627,0.145,0.1244,0.1251,0.1192,0.06183,15.75,870.5,127100,25660000,199.4,478.7,32.96,1206000000,101700000,8426000,4.556E+15,919000000,76100000,3.231E+12,10.27,0.05925,7.10E-05,1545,0.00107,0.04115,0.5288,24.94,-0.9673,0.5621,0.02727,0.1196,-0.003749,-0.01562,-0.02059,0.001978,0.01368,0.07088,26.62,1472,161700,28520000,-1440,1259000,127800,-1.586E+12,-1.61E+11,-16340000000,4.00E+18,1.454E+12,1.476E+11,4.176E+15,neutral
61.44,0.2665,0.00013,203.1,0.001032,0.0385,0.08634,107.5,0.5258,0.2002,0.2865,0.1794,0.2033,0.1593,0.1384,0.1125,0.105,0.05704,52.8,805.1,122300,18200000,578.4,462.2,28.14,1166000000,93940000,7198000,4.41E+15,850800000,65230000,2.762E+12,28.27,0.1345,5.70E-05,1568,0.001014,0.03901,0.5738,55.7,-0.8108,0.6226,0.04182,0.1084,0.01513,-0.01705,-0.01233,0.02884,0.03311,0.06383,39,1261,99040,22120000,-1580,1261000,127900,-1.59E+12,-1.613E+11,-16360000000,4.01E+18,1.457E+12,1.478E+11,4.184E+15,neutral
13.96,0.07539,0.000228,199.4,0.001181,0.04422,0.06031,28.48,0.08648,0.2431,0.3137,0.1989,0.1338,0.1292,0.1141,0.08893,0.09464,0.06965,15.3,882.8,130500,26020000,187.5,467.1,30.21,1180000000,97500000,7731000,4.469E+15,881000000,69850000,2.968E+12,9.461,0.05483,8.30E-05,1562,0.001201,0.04621,0.5984,22.45,-0.9717,0.6223,0.06026,0.0149,-0.01807,-0.003485,0.01377,0.0378,0.02532,0.07517,22.43,1092,125800,23410000,-1422,1263000,128000,-1.594E+12,-1.616E+11,-16380000000,4.03E+18,1.46E+12,1.48E+11,4.191E+15,neutral
83.26,0.3574,8.00E-05,190.6,0.00074,0.02763,0.08428,146.7,0.7139,0.1721,0.2487,0.1355,0.1915,0.1169,0.09785,0.08336,0.07782,0.04188,70.51,638.1,129200,11860000,803.8,578.4,31.53,1463000000,113400000,8074000,5.549E+15,1023000000,72810000,3.102E+12,45.71,0.2067,3.30E-05,1526,0.000869,0.03324,0.4718,86.38,-0.6488,0.5754,0.06537,0.1384,0.1072,0.03835,-0.03242,0.006444,0.04101,0.05327,54.24,1405,82830,23840000,-1694,1264000,128100,-1.599E+12,-1.619E+11,-16400000000,4.04E+18,1.463E+12,1.482E+11,4.2E+15,sad
79.76,0.3432,8.80E-05,175.4,0.000741,0.0276,0.07311,140.7,0.6833,0.1779,0.2501,0.1525,0.1643,0.1196,0.1076,0.09157,0.08356,0.04201,67.29,653.8,122600,11520000,766.5,608.8,30.92,1542000000,116700000,7925000,5.859E+15,1053000000,71450000,3.047E+12,42.15,0.1913,3.70E-05,1529,0.000866,0.03311,0.4843,80.42,-0.683,0.5777,0.03004,0.1344,0.115,0.02255,-0.03444,0.01577,0.03561,0.05431,51.49,1402,87850,23530000,-1650,1267000,128200,-1.604E+12,-1.623E+11,-16420000000,4.06E+18,1.466E+12,1.484E+11,4.209E+15,sad
72.06,0.3114,9.50E-05,197.2,0.000793,0.0296,0.08881,128.7,0.6161,0.1743,0.2549,0.1362,0.1975,0.1159,0.1192,0.09487,0.09703,0.0456,61.21,595.4,114400,11890000,672,529.2,20.55,1343000000,93430000,5270000,5.109E+15,843300000,47540000,2.027E+12,34.79,0.1582,4.00E-05,1544,0.000976,0.03729,0.4647,68.11,-0.7455,0.582,0.04216,0.1196,0.05926,0.01631,-0.000804,0.04721,0.06152,0.06175,44.75,1314,92000,22500000,-1550,1269000,128200,-1.609E+12,-1.627E+11,-16440000000,4.08E+18,1.47E+12,1.486E+11,4.217E+15,sad
75.11,0.3228,8.70E-05,192.9,0.000778,0.02901,0.08851,133,0.6427,0.1647,0.2588,0.1562,0.1681,0.1156,0.1202,0.1132,0.091,0.04578,63.08,544.6,115100,10510000,712.2,526.2,24.63,1337000000,98500000,6321000,5.095E+15,889100000,57030000,2.433E+12,36.73,0.167,4.10E-05,1532,0.000932,0.03566,0.4784,72.22,-0.7266,0.586,-0.04094,0.08117,0.07058,0.02701,0.01016,0.05844,0.07257,0.05996,48.09,1402,92520,22750000,-1571,1270000,128300,-1.614E+12,-1.63E+11,-16460000000,4.10E+18,1.473E+12,1.487E+11,4.223E+15,sad
71.48,0.3075,6.60E-05,179.2,0.000648,0.02401,0.07142,126.1,0.6108,0.1676,0.2541,0.1459,0.1591,0.1015,0.11,0.08051,0.09157,0.03369,60.36,593,117600,11780000,644.8,521.4,16.52,1327000000,87540000,4242000,5.063E+15,790400000,38260000,1.633E+12,33.37,0.1529,2.90E-05,1530,0.000777,0.0296,0.4948,65.51,-0.7551,0.5477,0.01024,0.1216,0.1322,0.04496,-0.01315,0.04285,0.07796,0.04754,44.34,1417,105500,24730000,-1572,1272000,128400,-1.618E+12,-1.633E+11,-16480000000,4.12E+18,1.475E+12,1.489E+11,4.23E+15,sad
12.64,0.08326,0.000943,197.2,0.002836,0.1057,0.04695,27.21,0.09079,0.2458,0.3463,0.2323,0.211,0.176,0.148,0.1417,0.1289,0.1531,15.92,1115,158000,30950000,322.5,420,68.06,1070000000,140100000,17490000,4.089E+15,1264000000,157800000,6.741E+12,11.09,0.0701,0.000347,1607,0.002525,0.09675,0.5706,28.45,-0.9655,0.5653,-0.00395,0.0237,-0.07507,-0.08667,-0.0556,0.0816,0.06796,0.1482,29.91,1785,193900,35030000,-1444,1274000,128500,-1.623E+12,-1.637E+11,-16510000000,4.13E+18,1.479E+12,1.492E+11,4.243E+15,angry
14.23,0.08608,0.000865,203.7,0.003408,0.1277,0.06618,29.9,0.09817,0.2917,0.3458,0.2175,0.1864,0.1415,0.1432,0.1337,0.1167,0.1934,16.57,1283,177700,34770000,367.4,462.6,65.25,1180000000,141900000,16790000,4.514E+15,1282000000,151600000,6.48E+12,12.12,0.07337,0.000398,1589,0.00279,0.1067,0.5789,30.55,-0.9611,0.5333,0.04709,0.02121,-0.1003,-0.06114,-0.04686,0.01399,0.02354,0.166,30.3,1828,202700,36800000,-1424,1275000,128700,-1.626E+12,-1.641E+11,-16550000000,4.15E+18,1.483E+12,1.496E+11,4.26E+15,angry
54.32,0.2393,0.001149,232.6,0.00316,0.1176,0.05998,95.54,0.464,0.2269,0.2819,0.1761,0.2057,0.1784,0.1615,0.1486,0.1401,0.1626,46.47,1017,144200,22640000,538.8,417,51.54,1065000000,119200000,13280000,4.079E+15,1077000000,120000000,5.132E+12,23.92,0.1138,0.000415,1603,0.002981,0.114,0.585,49.43,-0.8433,0.5381,-0.02236,0.06503,-0.05675,-0.0512,-0.0219,0.0841,0.06324,0.1711,39.74,1658,136700,27760000,-1414,1277000,128800,-1.63E+12,-1.645E+11,-16590000000,4.16E+18,1.486E+12,1.499E+11,4.275E+15,angry
12.38,0.07789,0.001269,235.4,0.003654,0.1367,0.04812,24.29,0.08189,0.243,0.3068,0.1823,0.1874,0.1568,0.1112,0.1189,0.1169,0.2037,14.99,1092,150500,29740000,328.4,440.4,69.31,1126000000,144500000,17880000,4.318E+15,1306000000,161600000,6.919E+12,9.994,0.06008,0.000553,1590,0.003404,0.1302,0.5621,24.02,-0.9682,0.5252,0.003839,0.04074,-0.1165,-0.05893,-0.007297,0.07903,0.06559,0.2024,29.52,1772,187600,32720000,-1324,1278000,129000,-1.634E+12,-1.649E+11,-16640000000,4.18E+18,1.49E+12,1.503E+11,4.293E+15,angry
12,0.08049,0.001899,202.7,0.003898,0.1442,0.04005,24.81,0.08418,0.228,0.3104,0.1927,0.1866,0.1629,0.1168,0.1097,0.1048,0.193,14.94,966,127100,25160000,283.9,348.7,66.9,892500000,130400000,17280000,3.426E+15,1176000000,156000000,6.698E+12,9.833,0.06043,0.000716,1581,0.003824,0.1468,0.5684,25.01,-0.9698,0.5611,-0.072,0.05504,-0.09765,-0.05632,-0.001986,0.07265,0.04742,0.2251,29.36,1632,159100,27210000,-1257,1280000,129200,-1.638E+12,-1.653E+11,-16690000000,4.19E+18,1.493E+12,1.508E+11,4.311E+15,angry
19.14,0.116,0.00031,188.5,0.002062,0.07669,0.07776,39.97,0.1473,0.235,0.2878,0.2131,0.2236,0.171,0.1387,0.1356,0.1505,0.1003,21.12,1046,136000,26440000,244.8,494.4,83.53,1267000000,170600000,21620000,4.868E+15,1541000000,195300000,8.391E+12,11.62,0.06921,0.000124,1632,0.002046,0.0778,0.5681,28.06,-0.953,0.5141,-0.01168,0.1346,-0.08196,-0.08247,-0.02374,0.09972,0.08982,0.1106,29.77,1706,169100,29820000,-1446,1281000,129400,-1.641E+12,-1.658E+11,-16740000000,4.21E+18,1.498E+12,1.513E+11,4.333E+15,disgust
15.74,0.0908,0.000218,193.5,0.001424,0.05334,0.09273,33.6,0.1072,0.258,0.3455,0.2449,0.1875,0.17,0.1568,0.1575,0.1349,0.08207,17.94,1130,146200,28430000,230.6,486.2,72.32,1247000000,155300000,18750000,4.801E+15,1402000000,169300000,7.29E+12,11.69,0.06613,8.50E-05,1628,0.00142,0.05428,0.5607,28.48,-0.9596,0.5735,-0.07043,0.02483,-0.05495,-0.07604,-0.01188,0.06458,0.06589,0.08325,28.41,1459,145500,26390000,-1532,1283000,129600,-1.646E+12,-1.663E+11,-16800000000,4.22E+18,1.502E+12,1.518E+11,4.356E+15,disgust
18.46,0.1076,0.000527,214.6,0.002107,0.0787,0.0851,37.83,0.1318,0.2616,0.2959,0.2287,0.2003,0.1586,0.1386,0.1469,0.145,0.1241,19.91,1092,138700,26630000,228.8,478.7,99.97,1230000000,190000000,25970000,4.739E+15,1718000000,234700000,1.012E+13,12.23,0.06797,0.000208,1608,0.002146,0.08216,0.5392,28.77,-0.9511,0.4922,-0.04847,0.08948,-0.07781,-0.05369,-0.02652,0.08335,0.08152,0.1265,32.07,1854,180900,31500000,-1505,1284000,129900,-1.65E+12,-1.668E+11,-16870000000,4.24E+18,1.507E+12,1.524E+11,4.383E+15,disgust
16.15,0.09133,0.000611,193.1,0.002516,0.09414,0.09419,33.63,0.1259,0.3063,0.3534,0.1805,0.1904,0.1548,0.1304,0.1398,0.1175,0.1406,18.53,1405,208500,41270000,362.4,620.4,117.2,1596000000,230600000,30500000,6.16E+15,2081000000,275300000,1.191E+13,11.08,0.06355,0.00022,1578,0.002225,0.08501,0.5547,28.83,-0.9597,0.4098,0.09088,0.06418,-0.1381,-0.02351,0.01828,0.03791,0.04884,0.1299,34.13,2321,257100,47150000,-1546,1286000,130200,-1.655E+12,-1.674E+11,-16940000000,4.26E+18,1.513E+12,1.531E+11,4.41E+15,disgust
15.74,0.0908,0.000218,193.5,0.001424,0.05334,0.09273,33.6,0.1072,0.258,0.3455,0.2449,0.1875,0.17,0.1568,0.1575,0.1349,0.08207,17.94,1130,146200,28430000,230.6,486.2,72.32,1253000000,156100000,18860000,4.842E+15,1409000000,170300000,7.381E+12,11.69,0.06613,8.50E-05,1628,0.00142,0.05428,0.5607,28.48,-0.9596,0.5735,-0.07043,0.02483,-0.05495,-0.07604,-0.01188,0.06458,0.06589,0.08325,28.41,1459,145500,26390000,-1532,1288000,130400,-1.66E+12,-1.68E+11,-17010000000,4.28E+18,1.518E+12,1.537E+11,4.438E+15,disgust
9.266,0.06271,0.000195,191.5,0.001405,0.05291,0.05036,21.07,0.05814,0.2764,0.3732,0.1789,0.1826,0.1358,0.1339,0.1191,0.09283,0.09159,12.82,1242,187700,37290000,313.5,465.4,61.94,1201000000,140400000,16180000,4.647E+15,1268000000,146100000,6.34E+12,9.107,0.05455,0.000105,1587,0.001462,0.05604,0.5377,23.5,-0.9761,0.5289,0.04887,0.005262,-0.1165,-0.03211,-0.03844,0.02458,0.05889,0.09258,27.19,1667,193300,35140000,-1481,1290000,130600,-1.664E+12,-1.685E+11,-17060000000,4.29E+18,1.522E+12,1.541E+11,4.456E+15,happy
16.34,0.09622,0.0004,221.6,0.002203,0.08229,0.0605,31.94,0.1172,0.3011,0.3006,0.2366,0.1908,0.1587,0.1842,0.1375,0.1286,0.1215,18.22,1238,158200,30610000,327.1,484.5,59.19,1252000000,139500000,15480000,4.85E+15,1261000000,140000000,6.075E+12,11.84,0.06885,0.000176,1599,0.00221,0.08464,0.5143,29.16,-0.9583,0.4756,0.0142,0.08997,-0.1539,-0.05759,-0.06704,0.05923,0.06831,0.1349,33.56,2197,232400,40870000,-1412,1292000,130800,-1.668E+12,-1.689E+11,-17110000000,4.31E+18,1.526E+12,1.546E+11,4.475E+15,happy
14.26,0.07956,0.000304,196.7,0.001739,0.06489,0.0635,29.14,0.1018,0.2764,0.3252,0.1966,0.185,0.1436,0.1462,0.1272,0.1197,0.1008,17.1,1214,175000,34300000,285.3,478.5,64.2,1238000000,145400000,16820000,4.802E+15,1314000000,151900000,6.607E+12,9.982,0.055,0.000133,1608,0.001927,0.07373,0.4886,24.78,-0.9681,0.5576,0.06432,-0.02676,-0.1434,-0.05593,-0.01647,0.04995,0.08146,0.1138,26.05,1457,168300,31140000,-1457,1293000,131000,-1.673E+12,-1.694E+11,-17150000000,4.33E+18,1.53E+12,1.55E+11,4.493E+15,happy
18.43,0.09971,0.000397,209.4,0.001808,0.06776,0.07204,36.46,0.1321,0.2659,0.2949,0.1842,0.2131,0.1718,0.1664,0.1507,0.1323,0.1125,19.93,1077,153600,30330000,261,465.5,68.75,1206000000,149500000,18030000,4.683E+15,1350000000,162900000,7.095E+12,11.83,0.06732,0.000179,1605,0.001878,0.072,0.5457,28.36,-0.9548,0.4894,0.07226,0.1528,-0.1129,-0.07458,-0.09379,0.0582,0.05943,0.1158,30.59,1878,207400,36990000,-1463,1295000,131200,-1.677E+12,-1.698E+11,-17200000000,4.34E+18,1.534E+12,1.554E+11,4.512E+15,happy
9.921,0.06404,0.000531,209.2,0.002191,0.08154,0.06779,22.74,0.05429,0.2461,0.2852,0.1409,0.1677,0.1384,0.1436,0.1378,0.1191,0.1196,13.92,1095,148800,29830000,284,450.1,90.97,1167000000,176300000,23900000,4.54E+15,1594000000,216000000,9.418E+12,8.765,0.04954,0.000196,1609,0.002408,0.09211,0.5068,22.07,-0.9752,0.4619,-0.004322,0.07107,-0.05466,-0.01927,-0.0539,0.01714,0.06259,0.1425,29.89,1908,202300,34750000,-1381,1296000,131400,-1.681E+12,-1.703E+11,-17260000000,4.36E+18,1.539E+12,1.559E+11,4.535E+15,happy
10.83,0.07042,0.000379,195.4,0.001885,0.07001,0.04501,22.8,0.07125,0.2692,0.2773,0.1772,0.1675,0.1439,0.1257,0.1102,0.1156,0.09726,14.58,1171,154700,30410000,286.3,480.1,52.78,1246000000,131500000,13890000,4.854E+15,1190000000,125600000,5.48E+12,8.72,0.04766,0.000154,1627,0.002107,0.08029,0.4551,20.92,-0.9764,0.5449,0.07372,0.07651,-0.07492,-0.06048,0.02562,0.09394,0.03003,0.1175,24.43,1421,159200,28340000,-1398,1298000,131600,-1.685E+12,-1.708E+11,-17310000000,4.38E+18,1.543E+12,1.564E+11,4.554E+15,neutral
13.77,0.09386,0.000215,194.9,0.001153,0.04301,0.03637,30.19,0.09382,0.2387,0.3604,0.2486,0.1944,0.1407,0.1557,0.1338,0.1358,0.0693,16.91,967.2,112300,21140000,207.2,447.3,40.98,1163000000,112000000,10790000,4.534E+15,1013000000,97600000,4.264E+12,12.03,0.07535,7.30E-05,1603,0.001242,0.04777,0.5366,28.93,-0.9611,0.6292,-0.119,0.0233,-0.06104,-0.05553,0.02773,0.06094,0.03394,0.07772,27.78,1329,124000,21980000,-1470,1300000,131700,-1.689E+12,-1.712E+11,-17350000000,4.39E+18,1.547E+12,1.567E+11,4.569E+15,neutral
12.87,0.07699,0.000202,180.1,0.001364,0.0509,0.05891,27.43,0.09043,0.3062,0.3421,0.2023,0.1579,0.1321,0.1206,0.1195,0.1189,0.07281,15.83,1326,187500,36650000,275,511,48.25,1330000000,129900000,12720000,5.192E+15,1174000000,115000000,5.032E+12,9.861,0.05455,7.80E-05,1596,0.001435,0.05487,0.4918,23.77,-0.9711,0.5641,0.05486,-0.002883,-0.0595,-0.00835,0.02889,0.05072,0.04046,0.08454,24.7,1356,152400,28350000,-1473,1301000,131800,-1.694E+12,-1.716E+11,-17380000000,4.41E+18,1.55E+12,1.57E+11,4.583E+15,neutral
11.94,0.07116,0.000381,201.1,0.001655,0.06169,0.0375,25.2,0.07953,0.2884,0.3677,0.1968,0.1729,0.1403,0.1291,0.1259,0.1283,0.09162,14.94,1243,176400,34520000,281.5,482.3,51.64,1257000000,130800000,13630000,4.914E+15,1182000000,123200000,5.397E+12,10.16,0.05608,0.000139,1616,0.001753,0.06708,0.4907,24.73,-0.9698,0.5533,-0.02219,0.04133,-0.09285,-0.03096,0.02161,0.05524,0.04513,0.1056,27.74,1558,163300,28950000,-1431,1303000,132000,-1.698E+12,-1.72E+11,-17420000000,4.43E+18,1.554E+12,1.574E+11,4.598E+15,neutral
13.49,0.09382,0.000153,208.9,0.001069,0.0403,0.03246,28.92,0.09541,0.248,0.397,0.2385,0.1688,0.1505,0.1505,0.1436,0.1314,0.07286,15.53,1010,146200,28900000,242.5,510.7,58.81,1333000000,144100000,15540000,5.217E+15,1301000000,140300000,6.162E+12,12.95,0.08743,6.30E-05,1618,0.001148,0.04434,0.5298,30.81,-0.9577,0.6155,-0.1184,-0.007396,-0.08638,-0.02698,0.04393,0.06306,0.03188,0.07964,30.43,1530,152300,27610000,-1506,1305000,132200,-1.702E+12,-1.724E+11,-17460000000,4.44E+18,1.558E+12,1.578E+11,4.616E+15,neutral
7.52,0.05438,6.80E-05,182.7,0.000792,0.02942,0.05914,18.65,0.04136,0.2831,0.3344,0.2441,0.206,0.1329,0.1266,0.1242,0.1116,0.03972,13.26,1137,155200,30330000,227.5,489.1,28.75,1278000000,101700000,7605000,5.01E+15,920700000,68890000,3.018E+12,7.033,0.03938,3.10E-05,1588,0.001027,0.03879,0.472,18.37,-0.9838,0.4739,0.0617,0.08982,0.0455,-0.007383,-0.006778,0.05331,0.04291,0.05104,20.68,1334,163600,29970000,-1502,1307000,132300,-1.707E+12,-1.728E+11,-17500000000,4.46E+18,1.561E+12,1.581E+11,4.63E+15,sad
10.64,0.07032,5.80E-05,176.2,0.0009,0.03343,0.08461,22.52,0.06051,0.2625,0.3191,0.2523,0.1994,0.1603,0.1155,0.1176,0.1251,0.04211,15.02,1171,151000,29510000,227.7,478.5,43.92,1252000000,120400000,11630000,4.914E+15,1089000000,105200000,4.618E+12,8.264,0.0473,2.80E-05,1577,0.001027,0.03888,0.5393,20.77,-0.9756,0.4179,-0.02072,0.1417,0.004168,-0.06214,0.01142,0.09161,0.1025,0.05161,25.98,1690,181000,31050000,-1530,1308000,132400,-1.711E+12,-1.732E+11,-17530000000,4.48E+18,1.565E+12,1.583E+11,4.64E+15,sad
12.42,0.0758,4.90E-05,180,0.000763,0.02826,0.06372,25.88,0.07192,0.2256,0.3082,0.2281,0.1974,0.1325,0.1417,0.1318,0.1266,0.03595,14.5,978.2,144100,29350000,251.1,533.4,38.55,1397000000,121100000,10220000,5.491E+15,1093000000,92230000,4.061E+12,9.093,0.05169,1.90E-05,1596,0.000954,0.03615,0.4539,23.36,-0.9712,0.3699,0.003959,0.1885,-0.0114,-0.007718,-0.08324,0.0408,0.1045,0.04901,30.34,2215,249600,42880000,-1531,1310000,132500,-1.716E+12,-1.736E+11,-17550000000,4.50E+18,1.568E+12,1.586E+11,4.652E+15,sad
7.655,0.05892,0.000119,185.5,0.001145,0.04263,0.08331,16.94,0.03933,0.251,0.3036,0.2144,0.1721,0.1692,0.1208,0.1274,0.1208,0.05577,12.83,1128,158800,31770000,264.6,502.1,47.01,1317000000,127800000,12470000,5.183E+15,1155000000,112700000,4.962E+12,7.116,0.03945,4.40E-05,1604,0.001229,0.04656,0.5116,19.54,-0.9816,0.3925,-0.008553,0.1431,-0.03881,-0.05951,-0.006,0.07648,0.1099,0.06194,27.76,1965,213500,36690000,-1496,1312000,132600,-1.721E+12,-1.74E+11,-17590000000,4.51E+18,1.572E+12,1.589E+11,4.666E+15,sad
7.52,0.05438,6.80E-05,182.7,0.000792,0.02942,0.05914,18.65,0.04136,0.2831,0.3344,0.2441,0.206,0.1329,0.1266,0.1242,0.1116,0.03972,13.26,1137,155200,30330000,227.5,489.1,28.75,1285000000,102100000,7631000,5.063E+15,924500000,69120000,3.039E+12,7.033,0.03938,3.10E-05,1588,0.001027,0.03879,0.472,18.37,-0.9838,0.4739,0.0617,0.08982,0.0455,-0.007383,-0.006778,0.05331,0.04291,0.05104,20.68,1334,163600,29970000,-1502,1313000,132700,-1.725E+12,-1.743E+11,-17620000000,4.53E+18,1.575E+12,1.592E+11,4.677E+15,sad
49.91,0.2178,0.00055,260.1,0.002347,0.08986,0.03411,84.46,0.433,0.1683,0.2874,0.2285,0.1934,0.1561,0.1483,0.1633,0.1354,0.1909,42.04,764,91620,11390000,448,368,92.73,967900000,170700000,24650000,3.818E+15,1542000000,222600000,9.828E+12,27.69,0.1551,0.000301,1652,0.002559,0.09975,0.5091,56.92,-0.8482,0.7222,-0.1897,0.04457,-0.1436,-0.0865,-0.04557,0.09644,0.04113,0.207,42.48,1459,104000,20140000,-1493,1315000,132900,-1.729E+12,-1.748E+11,-17660000000,4.55E+18,1.579E+12,1.596E+11,4.696E+15,angry
53.53,0.2328,0.000629,256.8,0.002489,0.09481,0.05168,93.48,0.4628,0.2333,0.3155,0.2437,0.1957,0.1555,0.1572,0.1443,0.1195,0.1894,45.21,931.3,141100,23430000,486.2,407,101.2,1071000000,187300000,26950000,4.23E+15,1690000000,243300000,1.077E+13,26.55,0.1417,0.000322,1616,0.002542,0.09868,0.5579,53.79,-0.8409,0.6674,-0.07978,-0.001599,-0.1315,-0.05731,0.000897,0.113,0.07198,0.1922,39.98,1381,109600,22830000,-1541,1316000,133200,-1.733E+12,-1.753E+11,-17740000000,4.56E+18,1.584E+12,1.603E+11,4.726E+15,angry
14.57,0.09415,0.000332,230.3,0.002036,0.07797,0.03522,30.72,0.1082,0.1954,0.3237,0.25,0.17,0.1739,0.1669,0.1287,0.1142,0.1637,14.84,781.2,103700,20120000,152.8,387.8,97.14,1022000000,179700000,25940000,4.04E+15,1622000000,234200000,1.039E+13,14.78,0.09761,0.00021,1655,0.002175,0.08458,0.5825,35.51,-0.9533,0.6973,-0.1361,0.05682,-0.1666,-0.08596,0.02331,0.1063,0.03503,0.1707,30.91,1359,125800,21420000,-1472,1318000,133500,-1.736E+12,-1.759E+11,-17820000000,4.58E+18,1.589E+12,1.61E+11,4.758E+15,angry
15.9,0.1005,0.000726,244.5,0.002491,0.09498,0.03289,31.96,0.1174,0.2386,0.2951,0.3022,0.1843,0.1695,0.1443,0.1818,0.126,0.1913,17.3,1120,146200,28710000,252.5,425.6,114.8,1123000000,208200000,30720000,4.443E+15,1881000000,277500000,1.233E+13,18.49,0.1217,0.000385,1663,0.002443,0.09554,0.5414,44.62,-0.9364,0.6472,-0.1291,0.0691,-0.1787,-0.1181,-0.07495,0.08673,0.05715,0.1992,38.58,1950,182800,31790000,-1564,1319000,133800,-1.74E+12,-1.765E+11,-17910000000,4.59E+18,1.595E+12,1.618E+11,4.793E+15,angry
49.91,0.2178,0.00055,260.1,0.002347,0.08986,0.03411,84.46,0.433,0.1683,0.2874,0.2285,0.1934,0.1561,0.1483,0.1633,0.1354,0.1909,42.04,764,91620,11390000,448,368,92.73,971900000,171700000,24880000,3.85E+15,1551000000,224700000,1.001E+13,27.69,0.1551,0.000301,1652,0.002559,0.09975,0.5091,56.92,-0.8482,0.7222,-0.1897,0.04457,-0.1436,-0.0865,-0.04557,0.09644,0.04113,0.207,42.48,1459,104000,20140000,-1493,1320000,134100,-1.744E+12,-1.771E+11,-17990000000,4.60E+18,1.6E+12,1.625E+11,4.826E+15,angry
11.58,0.09264,0.000344,239.4,0.001962,0.07452,0.05953,27.2,0.06774,0.4079,0.346,0.2898,0.2053,0.1587,0.1575,0.1459,0.1539,0.1385,19.51,1936,208900,41300000,315.1,407.6,82.26,1077000000,163000000,22110000,4.272E+15,1474000000,199900000,8.911E+12,15.36,0.1012,0.00015,1647,0.001863,0.07186,0.4897,38.75,-0.9495,0.5613,-0.1282,-0.02132,-0.09007,-0.0159,0.06343,0.104,0.06089,0.1308,34.78,1944,179900,33370000,-1571,1322000,134400,-1.747E+12,-1.776E+11,-18060000000,4.62E+18,1.605E+12,1.631E+11,4.852E+15,disgust
15.85,0.1103,0.000289,237.2,0.001649,0.06272,0.05826,35.38,0.1085,0.4132,0.3552,0.2574,0.1431,0.1416,0.1531,0.1122,0.1388,0.1204,20.73,1915,215500,42690000,322.3,492.1,98.35,1302000000,196100000,26480000,5.17E+15,1772000000,239300000,1.069E+13,14.71,0.09641,0.000121,1634,0.001779,0.06872,0.5151,36.72,-0.9461,0.5578,-0.08733,-0.05232,-0.1225,-0.005966,0.04753,0.07938,0.02952,0.1285,32.73,1753,163500,30780000,-1510,1323000,134600,-1.751E+12,-1.782E+11,-18120000000,4.64E+18,1.609E+12,1.637E+11,4.88E+15,disgust
10.58,0.08002,0.000809,251.1,0.002781,0.1059,0.05583,22.77,0.07927,0.2181,0.352,0.1981,0.1639,0.1472,0.1351,0.1559,0.139,0.2023,13.03,887,112700,21970000,231,432,96.26,1145000000,185400000,25980000,4.55E+15,1677000000,234900000,1.051E+13,11.05,0.07528,0.000345,1638,0.002925,0.1126,0.5189,27.16,-0.9679,0.6496,-0.1166,-0.0259,-0.1119,-0.03032,0.04072,0.101,0.06385,0.2046,27.09,1287,123500,21450000,-1401,1325000,134900,-1.755E+12,-1.788E+11,-18210000000,4.65E+18,1.615E+12,1.645E+11,4.914E+15,disgust
13.77,0.08011,0.00115,263.7,0.003757,0.1415,0.05647,28.41,0.09877,0.2369,0.3088,0.2072,0.1419,0.1457,0.1147,0.1282,0.1498,0.2469,14.71,984.7,145100,28780000,260.3,454.2,109,1205000000,205700000,29490000,4.794E+15,1861000000,266600000,1.197E+13,9.614,0.05841,0.000527,1654,0.003657,0.1395,0.5196,24.32,-0.9698,0.5903,0.007992,-0.01354,-0.06765,-0.003421,0.006448,0.06145,0.06165,0.2309,25.03,1328,146500,26340000,-1415,1326000,135200,-1.759E+12,-1.794E+11,-18290000000,4.67E+18,1.621E+12,1.652E+11,4.947E+15,disgust
16.17,0.09914,0.00071,271.6,0.002623,0.0992,0.05932,33.35,0.1234,0.2323,0.272,0.2285,0.205,0.1478,0.168,0.1369,0.1253,0.1873,17.35,908.2,102600,19260000,191.6,394.3,100.8,1047000000,186900000,27320000,4.172E+15,1690000000,246900000,1.111E+13,12.54,0.07934,0.000327,1663,0.002801,0.1083,0.5008,30.23,-0.9564,0.6216,-0.1491,0.0281,-0.1201,-0.08866,-0.01801,0.1029,0.06746,0.1982,30.23,1448,130800,22430000,-1420,1328000,135600,-1.763E+12,-1.8E+11,-18380000000,4.68E+18,1.626E+12,1.66E+11,4.982E+15,disgust
16.35,0.1045,0.00028,249.1,0.001469,0.0558,0.04551,35.25,0.1213,0.3542,0.3372,0.3054,0.1928,0.1744,0.1809,0.1458,0.1397,0.1075,18.62,1512,178400,34730000,220.6,419.1,89.09,1114000000,175100000,24200000,4.443E+15,1581000000,218500000,9.86E+12,14.73,0.09134,0.000117,1703,0.001527,0.05909,0.5828,36.04,-0.9482,0.6161,-0.1477,0.05865,-0.1819,-0.1454,-0.01912,0.1089,0.05657,0.1111,31.54,1572,145500,26550000,-1551,1329000,135800,-1.767E+12,-1.806E+11,-18450000000,4.70E+18,1.631E+12,1.667E+11,5.012E+15,happy
15.95,0.1047,0.000231,245,0.001181,0.04457,0.0684,34.49,0.1234,0.2263,0.2956,0.2308,0.1645,0.1607,0.1476,0.126,0.1251,0.08541,16.88,913.6,101700,18990000,157.9,399.6,72.04,1064000000,150100000,19600000,4.246E+15,1354000000,176900000,8.002E+12,13.22,0.08788,9.30E-05,1641,0.00137,0.05308,0.565,30.84,-0.9542,0.6468,-0.15,0.0151,-0.1368,-0.1027,-0.05346,0.08103,0.05816,0.1012,30.37,1400,122500,21350000,-1451,1331000,136100,-1.771E+12,-1.811E+11,-18510000000,4.71E+18,1.636E+12,1.673E+11,5.038E+15,happy
21.03,0.1112,0.000266,249.5,0.001582,0.06026,0.03271,44.48,0.1719,0.1972,0.2927,0.2369,0.1613,0.1736,0.1533,0.1314,0.127,0.1229,20.19,944.1,92620,17620000,174.2,390.6,82.64,1041000000,163200000,22530000,4.159E+15,1471000000,203300000,9.212E+12,14.93,0.09501,0.000148,1664,0.001832,0.07113,0.5293,36.57,-0.9479,0.695,-0.1991,0.01201,-0.1242,-0.1053,-0.02643,0.07768,0.05353,0.1402,31.17,1269,101100,17410000,-1408,1332000,136300,-1.774E+12,-1.816E+11,-18580000000,4.73E+18,1.64E+12,1.678E+11,5.065E+15,happy
50.61,0.2215,0.000157,256.1,0.001366,0.0519,0.0572,88.13,0.4386,0.2021,0.3392,0.2406,0.1929,0.1553,0.1461,0.1436,0.1436,0.101,43.32,876.2,110200,17320000,435.2,419.8,83.92,1120000000,168900000,22920000,4.479E+15,1526000000,207100000,9.391E+12,27.32,0.1497,8.90E-05,1678,0.00151,0.0586,0.5848,56.16,-0.8446,0.7147,-0.1692,0.004315,-0.1307,-0.1108,-0.04531,0.09053,0.03025,0.1146,40.37,1276,88470,18610000,-1566,1333000,136600,-1.778E+12,-1.821E+11,-18650000000,4.74E+18,1.645E+12,1.685E+11,5.096E+15,happy
47.95,0.2129,0.000191,213.1,0.001527,0.0577,0.05948,84.8,0.4106,0.2096,0.3243,0.2269,0.185,0.1434,0.1243,0.1219,0.1006,0.1078,41.02,818.5,116200,20060000,425.2,415.9,81.02,1110000000,164900000,22170000,4.447E+15,1488000000,200100000,9.1E+12,22.07,0.1224,0.00012,1633,0.001771,0.06827,0.5233,46.69,-0.8715,0.6606,-0.1021,0.008774,-0.06936,-0.0908,-0.04635,0.04415,0.06812,0.124,35.31,1165,84970,17830000,-1486,1335000,136800,-1.782E+12,-1.827E+11,-18720000000,4.76E+18,1.65E+12,1.691E+11,5.123E+15,happy
14.41,0.08814,0.000192,229.2,0.001424,0.05353,0.07608,30.47,0.09004,0.2293,0.3174,0.2152,0.1464,0.1617,0.136,0.1126,0.1302,0.09343,15.75,879.1,124300,24390000,221,432,71.9,1155000000,154800000,19710000,4.629E+15,1398000000,178000000,8.103E+12,11.46,0.07152,0.000103,1614,0.001704,0.06554,0.4996,27.45,-0.963,0.6273,-0.08665,-0.04185,-0.1082,-0.03406,0.02434,0.06811,0.03345,0.1139,27.78,1281,126800,22410000,-1421,1336000,137100,-1.786E+12,-1.832E+11,-18780000000,4.77E+18,1.655E+12,1.697E+11,5.149E+15,neutral
9.581,0.07501,0.000286,203.9,0.001299,0.04873,0.08613,22.24,0.05931,0.2343,0.3386,0.2377,0.1641,0.1288,0.1164,0.1034,0.1055,0.08232,12.8,876.5,125600,24740000,179.2,382.6,56.87,1024000000,127800000,15610000,4.109E+15,1155000000,141000000,6.425E+12,9.508,0.06503,0.0001,1608,0.001295,0.04995,0.5247,23.85,-0.9743,0.6261,-0.05424,-0.07371,-0.08871,-0.03735,0.01253,0.06125,0.05166,0.08382,24.85,1200,127700,23580000,-1477,1338000,137200,-1.79E+12,-1.836E+11,-18830000000,4.79E+18,1.659E+12,1.701E+11,5.169E+15,neutral
15.04,0.09189,0.000155,220.9,0.001143,0.04313,0.07352,31.98,0.1165,0.2424,0.3584,0.2666,0.1663,0.1324,0.1419,0.1253,0.1191,0.07633,15.35,945.1,123200,23930000,178,406.1,57.55,1088000000,131800000,15810000,4.369E+15,1194000000,143200000,6.517E+12,10.96,0.07227,7.30E-05,1625,0.00128,0.04919,0.5287,26.13,-0.9618,0.6371,-0.09438,-0.09808,-0.1323,-0.03795,0.03422,0.07034,0.03599,0.08509,25.49,1185,122700,22990000,-1473,1339000,137400,-1.793E+12,-1.84E+11,-18880000000,4.80E+18,1.662E+12,1.705E+11,5.187E+15,neutral
61.68,0.2679,0.000134,226.2,0.001016,0.03831,0.05821,109.6,0.5328,0.2204,0.3115,0.237,0.2098,0.167,0.1408,0.1207,0.1073,0.0715,52,920.6,125500,19430000,512.6,419.1,65.89,1124000000,145400000,18130000,4.52E+15,1314000000,163700000,7.48E+12,30.61,0.156,6.40E-05,1628,0.001174,0.04535,0.5141,62.52,-0.7986,0.6394,-0.1293,0.0336,-0.05538,-0.06494,-0.006255,0.08332,0.06915,0.08239,44.08,1368,89610,20330000,-1584,1341000,137600,-1.797E+12,-1.844E+11,-18920000000,4.82E+18,1.666E+12,1.71E+11,5.207E+15,neutral
15.42,0.093,0.000202,212.6,0.001187,0.0449,0.06309,32.15,0.1099,0.2274,0.3395,0.2565,0.1609,0.141,0.1405,0.1039,0.1144,0.08512,15.88,931.8,118800,22770000,197.3,403.3,50.16,1082000000,122200000,13820000,4.358E+15,1106000000,125100000,5.709E+12,12.1,0.0807,9.60E-05,1591,0.001343,0.05184,0.5112,28.86,-0.9586,0.6406,-0.09166,-0.001606,-0.1015,-0.06135,-0.007759,0.04416,0.02656,0.09313,27.68,1296,124200,22260000,-1421,1342000,137700,-1.801E+12,-1.849E+11,-18970000000,4.83E+18,1.67E+12,1.714E+11,5.227E+15,neutral
7.966,0.06158,6.20E-05,190.9,0.000728,0.02712,0.07277,19.13,0.0442,0.2412,0.3025,0.2067,0.1499,0.1234,0.1087,0.1188,0.119,0.04066,11.88,1007,148300,29380000,186,481.3,56.49,1293000000,141500000,15580000,5.213E+15,1280000000,140900000,6.444E+12,7.202,0.04062,2.20E-05,1601,0.000907,0.03449,0.4432,17.77,-0.9819,0.5339,0.036,-0.04438,-0.0598,-0.02572,-0.004382,0.06917,0.09148,0.05045,23.3,1366,161700,30000000,-1523,1344000,137900,-1.805E+12,-1.853E+11,-19020000000,4.85E+18,1.674E+12,1.718E+11,5.245E+15,sad
7.866,0.0578,8.10E-05,182.6,0.000881,0.03293,0.06495,18.06,0.04462,0.2383,0.2834,0.1796,0.1177,0.113,0.09773,0.101,0.1087,0.05369,11.4,1006,140200,27420000,197.9,468.5,69.84,1260000000,158400000,19280000,5.086E+15,1431000000,174200000,7.988E+12,7.54,0.0422,3.30E-05,1590,0.001097,0.04181,0.4521,18.71,-0.982,0.5549,0.03628,-0.0434,-0.02976,-0.02541,0.007224,0.0641,0.07967,0.06423,22.52,1201,136200,25130000,-1504,1345000,138100,-1.81E+12,-1.857E+11,-19060000000,4.87E+18,1.678E+12,1.722E+11,5.265E+15,sad
11.63,0.07613,0.0001,206.4,0.001198,0.04512,0.0626,24.34,0.06868,0.2501,0.2997,0.204,0.1409,0.1189,0.1038,0.1101,0.119,0.07549,14.5,1046,137900,27190000,208.3,420.5,63.12,1133000000,142900000,17450000,4.576E+15,1290000000,157600000,7.239E+12,8.856,0.05332,5.50E-05,1608,0.00144,0.0549,0.4866,21,-0.9757,0.5963,0.01471,-0.06922,-0.05991,-0.01059,0.03,0.06815,0.06593,0.08613,22.57,1111,121900,22790000,-1450,1347000,138300,-1.814E+12,-1.862E+11,-19120000000,4.89E+18,1.682E+12,1.727E+11,5.286E+15,sad
50.46,0.2171,9.10E-05,324.6,0.00106,0.04005,0.05542,85.6,0.4347,0.2754,0.3459,0.2289,0.1749,0.1271,0.1194,0.106,0.098,0.0698,43.37,1057,152100,25910000,454.9,446,71.51,1203000000,157700000,19800000,4.864E+15,1424000000,178900000,8.225E+12,19.89,0.1019,4.80E-05,1631,0.001242,0.04739,0.4924,39.92,-0.8781,0.5958,-0.01437,-0.01283,-0.0189,-0.003232,0.01868,0.05609,0.03797,0.07663,33.5,1343,128600,26460000,-1582,1348000,138500,-1.818E+12,-1.867E+11,-19170000000,4.90E+18,1.686E+12,1.732E+11,5.31E+15,sad
35,0.1588,5.30E-05,194.5,0.000823,0.03106,0.06748,64.3,0.299,0.251,0.3101,0.1921,0.1641,0.1325,0.1087,0.1164,0.09199,0.05266,31.34,1124,136700,24760000,299.6,490.7,67.6,1325000000,158700000,18750000,5.364E+15,1435000000,169400000,7.798E+12,13.34,0.07571,2.70E-05,1617,0.000966,0.03683,0.4937,29.98,-0.937,0.6025,0.02067,-0.02281,-0.006225,-0.04511,-0.009845,0.05572,0.06489,0.05938,26.45,1184,122100,24120000,-1555,1350000,138700,-1.822E+12,-1.872E+11,-19230000000,4.92E+18,1.691E+12,1.737E+11,5.334E+15,sad
