6.667,0.05299,0.001201,260.2,0.003146,0.1204,0.09136,19.12,0.03285,0.2685,0.2658,0.1394,0.1347,0.1336,0.1225,0.1221,0.08614,0.2473,14.69,1346,146000,28510000,454,254.9,8.166,812200000,53440000,2633000,3.88E+15,482600000,23800000,1.27E+12,10.32,0.05823,0.000652,1541,0.002817,0.1091,0.5218,29.17,-0.9733,0.4929,-0.007623,0.08848,-0.04511,0.06484,0.06768,-0.000888,-0.01063,0.222,31.83,2064,211700,37040000,-1304,1593000,161200,-2.54E+12,-2.57E+11,-25990000000,8.08E+18,2.32E+12,2.35E+11,8.38E+15,angry
5.464,0.04366,0.001532,245.8,0.003337,0.1279,0.05365,15.82,0.02585,0.2446,0.2116,0.2103,0.1442,0.1193,0.1213,0.09801,0.0906,0.2586,14.2,1306,130100,25670000,453.8,255.4,15.51,814200000,64930000,5003000,3.893E+15,588600000,45430000,2.42E+12,10.21,0.05509,0.00078,1554,0.002764,0.1072,0.5611,29.86,-0.9722,0.4459,-0.05535,0.09386,-0.0304,0.1086,0.05346,0.003875,0.003029,0.2167,35.09,2343,226800,38970000,-1351,1594000,161200,-2.54E+12,-2.57E+11,-26000000000,8.10E+18,2.321E+12,2.349E+11,8.384E+15,angry
3.86,0.02288,0.001674,298,0.003133,0.1208,0.06304,13.01,0.01504,0.2741,0.3017,0.1739,0.1238,0.1321,0.1231,0.1072,0.09116,0.263,13.37,1356,151500,29980000,443,232,13.71,740000000,57800000,4421000,3.54E+15,525600000,40260000,2.139E+12,9.523,0.04702,0.000906,1550,0.00299,0.1166,0.5166,25.49,-0.9788,0.4812,-0.01283,0.1221,0.009121,0.1238,0.08217,0.001629,0.002864,0.2452,31.3,2065,209800,36220000,-1285,1595000,161300,-2.543E+12,-2.572E+11,-26010000000,8.11E+18,2.323E+12,2.35E+11,8.391E+15,angry
3.899,0.02344,0.001171,266.7,0.002994,0.1152,0.0723,11.26,0.01448,0.2723,0.3076,0.1714,0.139,0.1063,0.1119,0.1095,0.103,0.2363,13,1360,157400,30870000,430.9,226.8,12.8,723600000,56230000,4130000,3.463E+15,507900000,37310000,1.999E+12,9.109,0.04495,0.000706,1582,0.002868,0.1116,0.4976,23.97,-0.9801,0.4692,-0.000465,0.1419,0.01181,0.1321,0.07471,0.003725,0.005658,0.2235,30.32,2004,208400,36130000,-1304,1595000,161300,-2.545E+12,-2.574E+11,-26020000000,8.12E+18,2.325E+12,2.351E+11,8.396E+15,angry
5.464,0.04366,0.001532,245.8,0.003337,0.1279,0.05365,15.82,0.02585,0.2446,0.2116,0.2103,0.1442,0.1193,0.1213,0.09801,0.0906,0.2586,14.2,1306,130100,25670000,453.8,255.4,15.51,815500000,65000000,5007000,3.905E+15,589200000,45460000,2.423E+12,10.21,0.05509,0.00078,1554,0.002764,0.1072,0.5611,29.86,-0.9722,0.4459,-0.05535,0.09386,-0.0304,0.1086,0.05346,0.003875,0.003029,0.2167,35.09,2343,226800,38970000,-1351,1596000,161400,-2.548E+12,-2.576E+11,-26040000000,8.14E+18,2.327E+12,2.352E+11,8.402E+15,angry
9.562,0.06056,0.000129,232.9,0.001014,0.0385,0.1457,21.7,0.04618,0.2686,0.2451,0.2088,0.1419,0.1211,0.1176,0.129,0.09772,0.07496,15.03,1290,140000,27470000,401.6,336.9,5.006,1076000000,50760000,1616000,5.158E+15,458000000,14570000,7.821E+11,12.71,0.07548,7.50E-05,1490,0.000834,0.0324,0.5751,34.49,-0.9622,0.4842,0.02883,0.04214,0.001744,0.1102,0.01219,-0.01693,0.03083,0.06392,35.71,2382,252700,44790000,-1542,1597000,161400,-2.551E+12,-2.578E+11,-26040000000,8.15E+18,2.328E+12,2.352E+11,8.404E+15,disgust
8.744,0.05956,0.000252,231.3,0.001792,0.06763,0.07331,23.53,0.04546,0.2565,0.2012,0.1734,0.1362,0.1003,0.1121,0.08616,0.09129,0.1108,16.44,1408,147500,29280000,434.5,312.2,3.596,997900000,53110000,1161000,4.785E+15,483800000,10700000,5.619E+11,10.63,0.06349,0.00015,1504,0.001351,0.05225,0.5623,32.55,-0.9673,0.3661,0.05854,0.0997,-0.01837,0.1019,0.02892,-0.008225,-0.0103,0.09424,36.8,2703,279100,49490000,-1486,1598000,161400,-2.555E+12,-2.579E+11,-26040000000,8.17E+18,2.33E+12,2.352E+11,8.404E+15,disgust
8.331,0.06336,0.000178,249.6,0.001372,0.05246,0.1095,23.18,0.04673,0.2327,0.1881,0.2166,0.1223,0.1138,0.09305,0.1128,0.1142,0.09936,15.65,1275,136900,27590000,430.1,347.3,6.705,1111000000,62630000,2164000,5.332E+15,568500000,19670000,1.048E+12,10.47,0.06366,0.000116,1523,0.001145,0.04477,0.5359,32.44,-0.9649,0.3482,0.0334,0.0558,-0.05918,0.1261,0.03513,0.02086,0.01197,0.08643,38.37,2819,287700,51210000,-1498,1600000,161400,-2.559E+12,-2.581E+11,-26040000000,8.19E+18,2.332E+12,2.352E+11,8.405E+15,disgust
7.813,0.0522,0.000392,281.8,0.001997,0.07647,0.08852,21.11,0.03749,0.2783,0.2095,0.1779,0.1295,0.119,0.112,0.1017,0.1115,0.1493,14.59,1322,152500,30200000,422.5,316.2,9.867,1012000000,46930000,3184000,4.861E+15,432300000,28270000,1.542E+12,9.896,0.05678,0.000235,1524,0.001664,0.06465,0.5394,27.51,-0.9726,0.3806,0.08092,0.1123,-0.04666,0.1149,0.02628,0.01116,-0.003852,0.1259,34,2530,278100,49270000,-1409,1601000,161400,-2.562E+12,-2.583E+11,-26040000000,8.20E+18,2.333E+12,2.353E+11,8.405E+15,disgust
10.48,0.07235,0.00019,271.8,0.00121,0.04567,0.06928,25.95,0.05827,0.2399,0.2181,0.1464,0.131,0.09682,0.1064,0.09794,0.1204,0.08743,15.93,1187,135600,26910000,354.8,294.5,12.44,943400000,53560000,4016000,4.533E+15,493100000,36080000,1.944E+12,9.604,0.05678,0.000115,1517,0.00123,0.04763,0.4957,27.31,-0.969,0.3442,0.007697,0.1072,-0.01319,0.1443,0.07091,0.0277,-0.005775,0.09008,33.49,2433,258500,45520000,-1403,1602000,161400,-2.566E+12,-2.585E+11,-26040000000,8.22E+18,2.335E+12,2.352E+11,8.403E+15,disgust
4.877,0.03156,0.000555,306.8,0.002205,0.08285,0.07686,13.08,0.02088,0.2929,0.1627,0.1668,0.1395,0.1069,0.1048,0.08942,0.08681,0.1533,13.69,1412,163900,31570000,336.1,209.7,6.268,672100000,43330000,2023000,3.231E+15,389000000,18040000,9.79E+11,8.628,0.04521,0.000414,1423,0.00227,0.08705,0.5497,21.38,-0.984,0.5193,0.2126,0.1213,0.008036,0.0835,0.04991,0.03987,0.04445,0.1581,24.37,1696,203800,36600000,-1314,1603000,161400,-2.569E+12,-2.586E+11,-26030000000,8.23E+18,2.336E+12,2.352E+11,8.4E+15,happy
3.901,0.02721,0.000522,310.6,0.00214,0.08109,0.09864,14.46,0.01883,0.3777,0.2303,0.1496,0.1054,0.1156,0.1055,0.09506,0.1014,0.151,16.03,1805,194100,37640000,376.3,259.5,8.822,832100000,55510000,2847000,4.003E+15,501800000,25740000,1.378E+12,9.165,0.04866,0.000379,1456,0.002118,0.08151,0.471,24.37,-0.9803,0.4948,0.1338,-0.01427,-0.02796,0.1037,0.08632,0.05055,0.02764,0.1505,27.35,1891,213900,39420000,-1372,1603000,161400,-2.571E+12,-2.588E+11,-26040000000,8.25E+18,2.337E+12,2.352E+11,8.403E+15,happy
4.479,0.02616,0.000416,285.3,0.001434,0.05371,0.06801,14.38,0.01978,0.3304,0.1909,0.1463,0.09789,0.1243,0.0821,0.1112,0.09697,0.1001,14.97,1579,172200,33280000,312.6,221.3,6.236,710200000,27010000,2013000,3.418E+15,243000000,18330000,9.743E+11,7.775,0.04358,0.000293,1433,0.0017,0.06465,0.4344,19.97,-0.9844,0.5489,0.1864,0.004073,-0.02396,0.06045,0.06337,0.05263,0.04641,0.1142,21.2,1385,165500,30930000,-1340,1604000,161400,-2.574E+12,-2.589E+11,-26040000000,8.26E+18,2.339E+12,2.352E+11,8.404E+15,happy
4.075,0.03269,0.000335,313.7,0.001634,0.06306,0.04878,15.14,0.01671,0.3811,0.2315,0.141,0.11,0.1014,0.08583,0.1165,0.1099,0.1173,14.57,1711,196000,37810000,329.9,246.6,7.868,791700000,29690000,2539000,3.812E+15,265000000,23380000,1.229E+12,8.057,0.04504,0.000211,1534,0.001547,0.06069,0.4904,22.78,-0.9843,0.4961,0.1428,-0.0112,-0.03179,0.07117,0.05607,0.04366,0.03179,0.1103,25.32,1817,217700,40510000,-1384,1605000,161300,-2.576E+12,-2.59E+11,-26030000000,8.27E+18,2.339E+12,2.351E+11,8.399E+15,happy
87.59,0.3723,0.000349,302.8,0.00178,0.06853,0.1073,159.8,0.761,0.26,0.1992,0.1545,0.198,0.1141,0.1183,0.1149,0.09091,0.1309,74.47,1177,195100,27180000,892.4,272.5,6.744,875400000,33820000,2176000,4.218E+15,306100000,19610000,1.053E+12,53.29,0.2381,0.000228,1480,0.001542,0.05978,0.4805,103.4,-0.5975,0.6267,0.1619,0.03752,0.04524,0.08435,-0.000859,0.02585,0.03195,0.114,60.47,1543,99780,29740000,-1726,1606000,161300,-2.579E+12,-2.591E+11,-26020000000,8.29E+18,2.34E+12,2.351E+11,8.396E+15,happy
8.213,0.06702,0.000332,276.8,0.001625,0.06135,0.1029,21.81,0.04088,0.3088,0.2442,0.1925,0.1183,0.11,0.1352,0.08013,0.1261,0.1173,18.23,1540,156400,30120000,332.7,248.7,18.52,799300000,13170000,5974000,3.853E+15,121400000,53760000,2.891E+12,9.033,0.05731,0.000233,1474,0.001672,0.06462,0.5246,24.73,-0.9744,0.4988,-0.01539,-0.01349,-0.03021,0.0336,0.02692,0.05352,0.03876,0.1171,27.1,1686,167200,30380000,-1287,1607000,161300,-2.582E+12,-2.592E+11,-26010000000,8.30E+18,2.341E+12,2.35E+11,8.39E+15,neutral
5.004,0.03895,0.00056,243.2,0.0023,0.08714,0.1056,15.53,0.02547,0.3026,0.2256,0.1797,0.1098,0.09817,0.09335,0.08763,0.1175,0.1608,16.3,1610,175400,33520000,390.2,279.8,19.45,899900000,18990000,6271000,4.34E+15,168000000,57030000,3.033E+12,8.524,0.04874,0.000332,1458,0.002016,0.07744,0.4978,22.9,-0.9803,0.5291,0.08223,-0.01988,0.01975,0.03623,0.0381,0.04383,0.01343,0.1393,26.56,1742,189700,34720000,-1349,1608000,161200,-2.585E+12,-2.592E+11,-25990000000,8.31E+18,2.342E+12,2.348E+11,8.38E+15,neutral
3.33,0.02129,0.000401,323.4,0.001821,0.06968,0.08194,14.75,0.01728,0.3596,0.2429,0.193,0.1103,0.1658,0.1141,0.1124,0.1113,0.1285,15.32,1783,208600,40870000,406.3,272.5,19.01,876800000,16950000,6126000,4.232E+15,154200000,55270000,2.962E+12,7.701,0.04245,0.000275,1440,0.001844,0.07136,0.4521,21.83,-0.9831,0.4923,0.1311,-0.01855,-0.0211,0.06188,0.06623,0.028,0.01401,0.1268,24.58,1697,197300,36770000,-1348,1609000,161200,-2.588E+12,-2.593E+11,-25970000000,8.33E+18,2.342E+12,2.347E+11,8.373E+15,neutral
5.562,0.04401,0.000361,311.6,0.001696,0.0648,0.09167,20.21,0.02942,0.349,0.2862,0.1839,0.1252,0.1462,0.1193,0.1004,0.1321,0.116,18.12,1892,214800,41810000,427.6,303.8,17.61,978100000,25520000,5674000,4.724E+15,229500000,51330000,2.743E+12,8.6,0.04781,0.000214,1462,0.001674,0.0647,0.4696,24.58,-0.978,0.4495,0.1206,-0.0106,0.02022,0.08626,0.05747,0.02882,-0.01058,0.1117,26.87,1899,212300,39760000,-1396,1610000,161100,-2.591E+12,-2.594E+11,-25960000000,8.34E+18,2.343E+12,2.345E+11,8.365E+15,neutral
5.671,0.03809,0.000317,303.2,0.001385,0.05256,0.06938,19.68,0.02926,0.325,0.2139,0.2123,0.1193,0.155,0.1214,0.1083,0.1016,0.1011,17.19,1744,190800,37150000,378.2,284.3,19.45,915800000,17410000,6267000,4.425E+15,157400000,56620000,3.028E+12,8.633,0.05001,0.000194,1408,0.001377,0.05311,0.4831,24.02,-0.9775,0.4826,0.1328,0.009542,-0.007697,0.0167,0.02793,0.04737,0.01311,0.09693,26.17,1762,195700,36330000,-1383,1611000,161100,-2.595E+12,-2.595E+11,-25940000000,8.36E+18,2.344E+12,2.344E+11,8.358E+15,neutral
6.166,0.04428,7.20E-05,210.6,0.000678,0.02531,0.116,21.31,0.02873,0.2485,0.1637,0.1972,0.1339,0.109,0.1055,0.08041,0.07799,0.03965,17.51,1390,135900,25930000,305.4,281.5,14.46,907400000,22770000,4658000,4.387E+15,208700000,41750000,2.25E+12,7.694,0.04813,4.50E-05,1490,0.000729,0.02769,0.4702,23.99,-0.9794,0.4237,0.09466,0.08468,0.02081,0.09031,0.04449,-0.01603,-0.02279,0.04398,27.14,1961,213900,38260000,-1484,1612000,161000,-2.598E+12,-2.595E+11,-25930000000,8.37E+18,2.345E+12,2.342E+11,8.351E+15,sad
4.426,0.03287,7.20E-05,217.8,0.000676,0.02561,0.09112,15.19,0.02004,0.2815,0.208,0.2052,0.142,0.1175,0.0995,0.09244,0.09357,0.03912,16.32,1514,153100,29420000,280.8,321,11.93,1035000000,34410000,3842000,5.009E+15,310400000,34790000,1.855E+12,7.084,0.04294,3.40E-05,1502,0.000661,0.02538,0.5423,22.07,-0.9824,0.4451,0.06892,0.06085,0.03061,0.08121,0.03998,-0.03413,-0.03095,0.04056,27.21,1949,210900,37890000,-1504,1613000,161000,-2.601E+12,-2.596E+11,-25910000000,8.39E+18,2.345E+12,2.341E+11,8.342E+15,sad
4.426,0.03287,7.20E-05,217.8,0.000676,0.02561,0.09112,15.19,0.02004,0.2815,0.208,0.2052,0.142,0.1175,0.0995,0.09244,0.09357,0.03912,16.32,1514,153100,29420000,280.8,321,11.93,1036000000,34390000,3841000,5.016E+15,310100000,34780000,1.854E+12,7.084,0.04294,3.40E-05,1502,0.000661,0.02538,0.5423,22.07,-0.9824,0.4451,0.06892,0.06085,0.03061,0.08121,0.03998,-0.03413,-0.03095,0.04056,27.21,1949,210900,37890000,-1504,1614000,160900,-2.605E+12,-2.597E+11,-25900000000,8.41E+18,2.346E+12,2.34E+11,8.335E+15,sad
72.33,0.3105,6.50E-05,234.8,0.000741,0.0278,0.06586,127.3,0.6131,0.2546,0.1977,0.1754,0.1744,0.1059,0.1313,0.08811,0.0875,0.04343,61.37,1172,170700,24500000,712.5,294.3,10.47,950500000,31390000,3370000,4.605E+15,286900000,30130000,1.627E+12,33.26,0.1531,4.30E-05,1521,0.000803,0.03063,0.4729,65.68,-0.7574,0.4559,0.09303,0.1374,0.07584,0.1045,0.04295,-0.01798,-0.01855,0.04798,45.76,1712,141500,31310000,-1634,1615000,160900,-2.608E+12,-2.598E+11,-25890000000,8.42E+18,2.347E+12,2.339E+11,8.33E+15,sad
72.33,0.3105,6.50E-05,234.8,0.000741,0.0278,0.06586,127.3,0.6131,0.2546,0.1977,0.1754,0.1744,0.1059,0.1313,0.08811,0.0875,0.04343,61.37,1172,170700,24500000,712.5,294.3,10.47,951100000,31370000,3369000,4.611E+15,286800000,30120000,1.626E+12,33.26,0.1531,4.30E-05,1521,0.000803,0.03063,0.4729,65.68,-0.7574,0.4559,0.09303,0.1374,0.07584,0.1045,0.04295,-0.01798,-0.01855,0.04798,45.76,1712,141500,31310000,-1634,1616000,160900,-2.611E+12,-2.6E+11,-25880000000,8.44E+18,2.348E+12,2.338E+11,8.325E+15,sad
11.38,0.06262,0.000376,302.9,0.002108,0.08097,0.0789,22.88,0.06875,0.5004,0.2746,0.1431,0.139,0.1156,0.1072,0.08432,0.1038,0.1624,14.85,1881,268300,53380000,380.4,506.3,13.06,1638000000,98860000,4201000,7.947E+15,892200000,37930000,2.027E+12,8.775,0.04759,0.000202,1461,0.001958,0.07573,0.581,21.55,-0.9769,0.3984,0.1219,0.1225,0.008249,0.02374,0.03265,0.03818,0.01251,0.1467,26.13,1989,251300,47190000,-1397,1617000,160800,-2.616E+12,-2.601E+11,-25870000000,8.46E+18,2.35E+12,2.337E+11,8.321E+15,angry
13.25,0.06939,0.000597,305,0.002566,0.09955,0.0807,27.52,0.08642,0.4171,0.3191,0.1776,0.1616,0.1085,0.1144,0.1013,0.1132,0.2136,14.74,1510,231100,46300000,366.5,457.3,12.63,1481000000,90560000,4064000,7.192E+15,817400000,36550000,1.961E+12,10.03,0.05424,0.000348,1472,0.00252,0.09858,0.5942,24.07,-0.9713,0.4992,0.05932,0.08521,-0.008652,0.03832,0.04749,0.05872,0.01806,0.1983,25.42,1681,210100,39220000,-1319,1619000,160800,-2.621E+12,-2.604E+11,-25870000000,8.49E+18,2.352E+12,2.337E+11,8.321E+15,angry
13.35,0.0744,0.000505,286.6,0.002168,0.08515,0.08706,27.92,0.09233,0.3737,0.274,0.2591,0.1775,0.1248,0.1005,0.09077,0.09229,0.1907,16.41,1593,217700,43710000,400.2,514.4,15.98,1667000000,100500000,5141000,8.107E+15,906900000,46210000,2.48E+12,9.403,0.0514,0.000203,1534,0.001734,0.06849,0.6167,24.83,-0.9694,0.4388,0.06201,-0.0105,-0.01437,0.06545,0.05005,0.01713,-0.01785,0.1416,30.87,2199,256700,48200000,-1449,1621000,160800,-2.627E+12,-2.607E+11,-25870000000,8.52E+18,2.355E+12,2.337E+11,8.32E+15,angry
13.55,0.0762,0.0004,312.2,0.002114,0.07973,0.06899,27.83,0.09156,0.4501,0.3153,0.1506,0.1258,0.1031,0.104,0.09748,0.1031,0.1698,16.31,1715,246400,48970000,366.9,488.1,14.61,1584000000,99410000,4700000,7.709E+15,897500000,42370000,2.267E+12,9.407,0.05362,0.000226,1464,0.002038,0.07883,0.5604,23.71,-0.9709,0.4429,0.1107,0.1279,0.001355,0.03422,0.02418,0.02536,0.01019,0.1546,25.62,1798,223300,41730000,-1365,1622000,160800,-2.632E+12,-2.609E+11,-25860000000,8.54E+18,2.357E+12,2.336E+11,8.318E+15,angry
13.25,0.06939,0.000597,305,0.002566,0.09955,0.0807,27.52,0.08642,0.4171,0.3191,0.1776,0.1616,0.1085,0.1144,0.1013,0.1132,0.2136,14.74,1510,231100,46300000,366.5,457.3,12.63,1485000000,90610000,4064000,7.237E+15,817800000,36540000,1.961E+12,10.03,0.05424,0.000348,1472,0.00252,0.09858,0.5942,24.07,-0.9713,0.4992,0.05932,0.08521,-0.008652,0.03832,0.04749,0.05872,0.01806,0.1983,25.42,1681,210100,39220000,-1319,1624000,160800,-2.638E+12,-2.612E+11,-25860000000,8.57E+18,2.359E+12,2.336E+11,8.319E+15,angry
9.513,0.0631,0.000103,209.7,0.001477,0.05558,0.05402,21.8,0.04825,0.293,0.2835,0.171,0.1533,0.1374,0.1079,0.1157,0.0982,0.08835,16.41,1499,181800,35750000,335.9,312.7,9.923,1017000000,65960000,3192000,4.957E+15,595200000,28760000,1.54E+12,9.558,0.05803,7.70E-05,1526,0.001333,0.05097,0.602,26.61,-0.975,0.4844,0.1168,0.1195,0.06684,0.0925,0.04396,-0.01808,-0.06499,0.08619,27.84,1881,209700,37830000,-1458,1625000,160800,-2.642E+12,-2.614E+11,-25860000000,8.59E+18,2.361E+12,2.337E+11,8.319E+15,disgust
10.44,0.06482,0.000161,199.4,0.001449,0.05432,0.08049,22.15,0.04317,0.4224,0.2854,0.1896,0.1678,0.1504,0.1233,0.1076,0.1186,0.07878,16.84,1762,224800,43980000,318.9,369.2,14.72,1201000000,81950000,4735000,5.861E+15,742400000,42920000,2.285E+12,10.31,0.06017,7.50E-05,1535,0.001176,0.04476,0.578,26.79,-0.9732,0.4536,0.1408,0.1182,0.03836,0.05921,0.004356,-0.04382,-0.04326,0.0704,28.14,1986,234200,43310000,-1538,1627000,160900,-2.646E+12,-2.616E+11,-25870000000,8.61E+18,2.364E+12,2.337E+11,8.323E+15,disgust
11,0.07609,0.000125,204.4,0.001424,0.05376,0.06317,24.06,0.05333,0.3975,0.3424,0.19,0.1745,0.1486,0.1388,0.1176,0.1264,0.085,16.8,1720,226900,44810000,328.7,369.5,12.12,1203000000,77940000,3900000,5.875E+15,704400000,35280000,1.882E+12,10.29,0.06306,7.20E-05,1530,0.00111,0.04267,0.6317,28.89,-0.971,0.4251,0.097,0.09373,0.04288,0.1067,0.04515,-0.009743,-0.05416,0.07308,29.54,2127,249100,46210000,-1537,1628000,160900,-2.65E+12,-2.619E+11,-25880000000,8.63E+18,2.366E+12,2.338E+11,8.325E+15,disgust
9.786,0.06258,0.00016,190.9,0.001554,0.0586,0.149,21.74,0.04768,0.4944,0.2492,0.1291,0.1343,0.1442,0.1108,0.1194,0.1173,0.0922,16.72,2016,267300,52660000,370.4,420.5,9.923,1370000000,80330000,3193000,6.697E+15,726300000,28780000,1.541E+12,8.67,0.04844,8.10E-05,1539,0.001188,0.04541,0.5815,25.13,-0.9762,0.275,0.2063,0.1139,0.01849,0.09917,0.0375,-0.02413,-0.0338,0.07511,30.21,2588,320400,60440000,-1594,1629000,160900,-2.654E+12,-2.621E+11,-25880000000,8.65E+18,2.368E+12,2.338E+11,8.328E+15,disgust
9.67,0.07166,0.000136,200.5,0.001749,0.06579,0.09049,20.93,0.04826,0.4633,0.2766,0.1407,0.1526,0.1253,0.1054,0.1037,0.09826,0.09343,17.22,1965,259700,50870000,345.1,466.9,9.819,1523000000,84320000,3159000,7.45E+15,761400000,28520000,1.525E+12,8.44,0.0526,6.50E-05,1546,0.001136,0.04319,0.6555,24.77,-0.9757,0.2817,0.2023,0.103,0.03926,0.07401,0.004837,-0.03487,-0.04391,0.06807,29.86,2542,315400,59930000,-1621,1631000,160900,-2.659E+12,-2.623E+11,-25880000000,8.67E+18,2.37E+12,2.338E+11,8.326E+15,disgust
6.127,0.03873,0.000502,216.3,0.002226,0.08331,0.08041,15.68,0.02693,0.4403,0.2775,0.1085,0.1221,0.1041,0.09199,0.1038,0.08088,0.1338,13.98,1824,243300,47700000,380,292,5.549,953300000,54660000,1785000,4.668E+15,493300000,16110000,8.615E+11,7.453,0.03975,0.000217,1520,0.001987,0.07551,0.5164,19.41,-0.9855,0.433,0.2072,0.1512,0.06818,0.09282,0.06752,0.02324,-0.01997,0.1205,21.92,1680,216500,40730000,-1426,1632000,160900,-2.664E+12,-2.626E+11,-25880000000,8.70E+18,2.372E+12,2.338E+11,8.325E+15,happy
7.358,0.04358,0.000342,206.1,0.002027,0.07688,0.06833,17.63,0.03334,0.3816,0.2429,0.14,0.1244,0.09192,0.1062,0.09281,0.1005,0.1316,13.52,1560,211700,41520000,315.1,301.7,3.575,985300000,49580000,1150000,4.827E+15,445300000,10560000,5.55E+11,7.099,0.04164,0.000174,1543,0.001698,0.06477,0.554,18.56,-0.9846,0.4547,0.2065,0.1508,0.05927,0.07256,0.03909,0.006503,-0.03038,0.1048,20.02,1458,188900,35330000,-1382,1633000,160900,-2.667E+12,-2.627E+11,-25880000000,8.71E+18,2.373E+12,2.338E+11,8.325E+15,happy
6.887,0.04318,0.000181,198.8,0.002171,0.08209,0.05089,15.93,0.03074,0.4594,0.2653,0.1337,0.1045,0.1014,0.08887,0.1158,0.07842,0.1307,14.27,1838,243600,47550000,345,269.4,1.55,880500000,43920000,498800,4.316E+15,396200000,4527000,2.407E+11,7.586,0.04197,0.000107,1538,0.001738,0.06639,0.6066,19.88,-0.9847,0.4614,0.1951,0.1324,0.06591,0.06884,0.02863,0.008663,-0.01512,0.1032,21.4,1617,208600,39400000,-1443,1634000,160900,-2.67E+12,-2.629E+11,-25880000000,8.73E+18,2.375E+12,2.338E+11,8.324E+15,happy
6.128,0.03871,0.000502,222.6,0.002226,0.08331,0.08041,16.07,0.02691,0.4449,0.2783,0.109,0.123,0.1055,0.09323,0.1027,0.08225,0.1338,14.13,1850,245500,48110000,380,292,5.539,955000000,54650000,1782000,4.685E+15,493300000,16080000,8.599E+11,7.465,0.03975,0.000217,1532,0.001987,0.07551,0.5164,19.63,-0.9854,0.4289,0.2063,0.1553,0.06369,0.09582,0.06679,0.02244,-0.01818,0.1205,22.06,1700,218400,41100000,-1426,1635000,160900,-2.674E+12,-2.63E+11,-25880000000,8.74E+18,2.376E+12,2.338E+11,8.325E+15,happy
7.363,0.04358,0.000342,210.8,0.002027,0.07688,0.06833,17.45,0.03336,0.3791,0.2456,0.1379,0.1265,0.08909,0.1059,0.09178,0.1005,0.1316,13.44,1545,212700,41830000,315.1,301.7,3.574,987100000,49570000,1150000,4.845E+15,445200000,10560000,5.548E+11,7.098,0.04164,0.000174,1535,0.001698,0.06477,0.554,18.24,-0.9847,0.4551,0.2084,0.1475,0.06248,0.07004,0.04032,0.006509,-0.03166,0.1048,19.97,1454,189300,35470000,-1382,1636000,160900,-2.677E+12,-2.632E+11,-25880000000,8.76E+18,2.378E+12,2.338E+11,8.325E+15,happy
9.609,0.07203,0.000148,249.5,0.001139,0.04426,0.1369,20.67,0.0495,0.4908,0.2961,0.206,0.1243,0.1222,0.1128,0.1012,0.09875,0.0712,16.14,2000,259300,50930000,361.4,357.2,5.978,1170000000,52790000,1923000,5.745E+15,477200000,17400000,9.279E+11,8.902,0.05245,7.60E-05,1529,0.001072,0.0423,0.5291,25.39,-0.9765,0.3941,0.1306,0.0638,-0.000935,0.08969,0.05885,-0.007242,-0.0477,0.07062,27.86,2182,262400,49470000,-1523,1637000,160800,-2.681E+12,-2.633E+11,-25870000000,8.78E+18,2.379E+12,2.337E+11,8.322E+15,neutral
9.424,0.07357,0.000113,239.1,0.001069,0.04029,0.0844,21.8,0.04367,0.4256,0.2588,0.2323,0.1328,0.1233,0.1157,0.09516,0.1189,0.06742,15.71,1773,236300,46520000,355.1,352.5,8.865,1155000000,46940000,2851000,5.678E+15,422500000,25970000,1.376E+12,8.973,0.05675,5.90E-05,1511,0.001044,0.04021,0.5057,24.54,-0.9767,0.4243,0.1366,0.05718,-0.00999,0.07884,0.07629,0.006862,-0.03866,0.06861,26.85,2014,244800,45890000,-1512,1638000,160800,-2.685E+12,-2.635E+11,-25860000000,8.80E+18,2.38E+12,2.336E+11,8.317E+15,neutral
7.457,0.05082,0.000116,226.1,0.001222,0.04638,0.09332,18.66,0.03403,0.4436,0.2518,0.1962,0.1245,0.1233,0.1221,0.1222,0.1125,0.08068,16.77,2026,253400,49790000,384.5,371.9,7.04,1220000000,51080000,2264000,6E+15,461900000,20390000,1.092E+12,8.397,0.04838,6.20E-05,1500,0.001106,0.04249,0.5362,25.21,-0.9785,0.3703,0.1865,0.07535,-0.007721,0.09076,0.04741,-0.03433,-0.08544,0.07255,28.7,2307,272800,50890000,-1535,1640000,160800,-2.689E+12,-2.637E+11,-25850000000,8.82E+18,2.382E+12,2.336E+11,8.313E+15,neutral
11.44,0.07954,9.40E-05,207.6,0.001085,0.04102,0.1026,24.26,0.07079,0.4782,0.2568,0.1623,0.1283,0.1209,0.1344,0.1371,0.115,0.06987,18.77,2130,270600,52640000,373.7,359.9,9.019,1181000000,45970000,2900000,5.816E+15,415100000,26250000,1.398E+12,9.176,0.05405,5.50E-05,1512,0.001002,0.03839,0.536,25.7,-0.9718,0.3578,0.1886,0.08041,0.007168,0.113,0.05853,-0.0285,-0.06566,0.06501,28.74,2328,274400,52260000,-1564,1641000,160800,-2.693E+12,-2.638E+11,-25840000000,8.84E+18,2.383E+12,2.335E+11,8.309E+15,neutral
10.08,0.07223,8.80E-05,202.4,0.001171,0.04256,0.1102,21.32,0.05208,0.4936,0.2548,0.1929,0.1442,0.1286,0.1211,0.09528,0.08832,0.07773,18.45,2213,268000,52250000,369.9,364.3,5.692,1197000000,51860000,1830000,5.895E+15,469100000,16460000,8.824E+11,9.253,0.05461,5.40E-05,1485,0.001014,0.03801,0.5331,26.9,-0.9729,0.3211,0.1562,0.06163,-0.003181,0.121,0.08751,-0.003809,-0.05873,0.06775,29.33,2359,274200,52100000,-1568,1642000,160700,-2.697E+12,-2.64E+11,-25830000000,8.86E+18,2.385E+12,2.334E+11,8.305E+15,neutral
12.23,0.08946,6.30E-05,241.7,0.000722,0.02684,0.09559,25.88,0.06383,0.3576,0.2452,0.1988,0.1463,0.1407,0.1233,0.1306,0.1196,0.04345,18.12,1563,195800,38350000,287.9,330,24.4,1085000000,15690000,7840000,5.348E+15,143300000,70670000,3.779E+12,8.329,0.05547,3.30E-05,1507,0.000827,0.03177,0.5142,21.7,-0.9739,0.4447,0.0945,0.09867,-0.02144,0.02143,0.0149,-0.02867,-0.07259,0.05185,25.65,1792,202100,37490000,-1422,1643000,160700,-2.701E+12,-2.641E+11,-25820000000,8.88E+18,2.386E+12,2.332E+11,8.296E+15,sad
12.75,0.08968,2.80E-05,206.7,0.000496,0.01871,0.1448,29.64,0.08207,0.374,0.2276,0.2216,0.1485,0.1135,0.119,0.1144,0.09154,0.02912,19.42,1788,215700,42020000,325.5,352.4,32.29,1159000000,7093000,10370000,5.718E+15,64970000,93520000,4.996E+12,8.111,0.05381,1.30E-05,1499,0.000534,0.0204,0.4533,23.73,-0.9687,0.3147,0.0833,0.05721,-0.000267,0.06786,0.04933,-0.006801,-0.0642,0.03267,29.07,2254,253600,47620000,-1543,1645000,160600,-2.705E+12,-2.641E+11,-25790000000,8.90E+18,2.386E+12,2.33E+11,8.282E+15,sad
14.59,0.1133,2.70E-05,197.6,0.000517,0.01929,0.1091,32.48,0.09886,0.3884,0.2574,0.2091,0.182,0.1433,0.1205,0.1251,0.149,0.03019,20.89,1810,221100,42720000,310.3,316,26.25,1040000000,12020000,8425000,5.136E+15,107700000,76120000,4.056E+12,9.424,0.06551,1.40E-05,1489,0.000547,0.0209,0.508,26.07,-0.9618,0.3651,0.08716,0.1049,-0.02814,0.0336,0.05268,0.01622,-0.05318,0.0344,29.55,2178,237200,44810000,-1540,1646000,160500,-2.709E+12,-2.641E+11,-25760000000,8.92E+18,2.386E+12,2.327E+11,8.268E+15,sad
7.643,0.05109,4.30E-05,201.6,0.00062,0.02344,0.1087,19.31,0.03696,0.4718,0.2766,0.1821,0.1588,0.1105,0.1039,0.1055,0.09726,0.03742,17.24,2031,267600,52450000,340.7,336.3,20.79,1108000000,21160000,6670000,5.473E+15,190900000,60280000,3.21E+12,6.851,0.04224,1.90E-05,1515,0.000559,0.02149,0.568,20.72,-0.9792,0.268,0.1498,0.1258,0.02752,0.09403,0.05355,-0.03464,-0.07191,0.03512,28.49,2490,304400,57580000,-1587,1647000,160400,-2.712E+12,-2.642E+11,-25730000000,8.93E+18,2.387E+12,2.325E+11,8.257E+15,sad
18.19,0.1165,3.10E-05,213,0.000584,0.02174,0.09694,35.22,0.1329,0.462,0.2634,0.1785,0.1615,0.1171,0.1332,0.09379,0.1144,0.03501,21.79,1921,259100,50170000,321.9,340.4,25.38,1122000000,14060000,8138000,5.548E+15,128500000,73370000,3.915E+12,10.53,0.06662,1.80E-05,1500,0.000598,0.02287,0.521,27.22,-0.9507,0.3021,0.1206,0.1628,-0.005998,0.0361,0.007599,2.10E-05,-0.05258,0.03854,30.03,2283,262100,50050000,-1530,1648000,160400,-2.716E+12,-2.643E+11,-25710000000,8.95E+18,2.387E+12,2.323E+11,8.245E+15,sad
17.34,0.0984,0.000375,238.7,0.002178,0.08264,0.09494,30.25,0.1469,0.3249,0.2972,0.2216,0.176,0.09959,0.118,0.1253,0.09317,0.1361,22.07,1686,192300,37580000,427.5,293.4,11.79,967900000,63200000,3779000,4.789E+15,575400000,34440000,1.817E+12,12.08,0.06913,0.000191,1535,0.001739,0.06713,0.5264,31.36,-0.946,0.3545,0.1051,0.0983,0.006824,0.08175,0.04568,0.0418,-0.002609,0.114,35.15,2498,261600,48610000,-1499,1649000,160300,-2.72E+12,-2.644E+11,-25700000000,8.97E+18,2.388E+12,2.322E+11,8.24E+15,angry
5.467,0.04137,0.000668,248.5,0.003149,0.1195,0.1093,17.84,0.02895,0.3539,0.2165,0.1616,0.1302,0.08079,0.06603,0.08676,0.08877,0.2008,17.56,1796,203000,40470000,463.4,285.1,14.13,940900000,67570000,4532000,4.658E+15,614700000,41290000,2.18E+12,8.304,0.04645,0.000387,1558,0.002778,0.1065,0.5049,24.45,-0.9785,0.3667,0.1768,0.06176,0.01269,0.1098,0.05264,0.03768,0.02013,0.1807,30.19,2324,260700,47780000,-1394,1650000,160300,-2.723E+12,-2.646E+11,-25710000000,8.99E+18,2.39E+12,2.322E+11,8.243E+15,angry
6.293,0.05574,0.000483,228,0.002792,0.1055,0.1337,17.92,0.02996,0.2969,0.253,0.1863,0.1703,0.09911,0.1141,0.09358,0.08029,0.1852,15.27,1469,177900,35800000,446.2,260,5.756,858700000,48160000,1846000,4.254E+15,437200000,16660000,8.879E+11,8.447,0.0516,0.000315,1512,0.002378,0.09064,0.4957,25.76,-0.9779,0.3882,0.1044,0.05654,0.01177,0.1202,0.05195,0.03887,-0.005137,0.1635,30.83,2331,264100,47860000,-1374,1651000,160400,-2.726E+12,-2.648E+11,-25710000000,9.00E+18,2.392E+12,2.323E+11,8.245E+15,angry
6.596,0.05349,0.000356,211.8,0.002445,0.09215,0.1408,20.14,0.02995,0.3535,0.2786,0.1841,0.1474,0.09708,0.1021,0.1012,0.07725,0.1627,16.17,1633,198900,39670000,458.9,290.9,3.916,961100000,45000000,1256000,4.763E+15,410200000,11130000,6.041E+11,8.86,0.05486,0.000213,1498,0.001978,0.07545,0.5117,29.29,-0.9755,0.3544,0.1201,0.0579,0.003468,0.1149,0.02989,0.05357,-0.001548,0.1371,32.13,2489,283000,51800000,-1437,1652000,160300,-2.729E+12,-2.649E+11,-25710000000,9.02E+18,2.393E+12,2.323E+11,8.244E+15,angry
9.443,0.07378,0.000435,255.4,0.002349,0.08953,0.1295,22.33,0.04509,0.3172,0.2766,0.2176,0.1521,0.1026,0.114,0.09636,0.1127,0.1588,16.75,1515,171900,34610000,443.7,251.8,2.199,832600000,42290000,705200,4.129E+15,382300000,6369000,3.392E+11,10.25,0.06285,0.000267,1518,0.002018,0.07795,0.5322,30.51,-0.9694,0.4353,0.03208,0.02136,-0.0298,0.08175,0.02881,0.06176,0.0221,0.1471,32.93,2324,247000,44630000,-1363,1653000,160300,-2.733E+12,-2.65E+11,-25700000000,9.03E+18,2.394E+12,2.322E+11,8.242E+15,angry
12.7,0.07636,9.40E-05,214.5,0.001198,0.04498,0.05885,29.52,0.06663,0.2501,0.2652,0.1818,0.1744,0.123,0.1187,0.09613,0.1123,0.07199,17.27,1189,157300,31160000,317,277.8,5.871,919100000,49080000,1883000,4.56E+15,448400000,17330000,9.056E+11,11.25,0.06739,7.40E-05,1554,0.001266,0.04842,0.5267,28.95,-0.9657,0.5289,0.1019,0.06906,0.02934,0.09158,-0.002761,0.02235,-0.02693,0.08284,29.14,1810,201000,36040000,-1404,1654000,160300,-2.736E+12,-2.652E+11,-25710000000,9.05E+18,2.396E+12,2.323E+11,8.244E+15,disgust
12.65,0.08004,9.70E-05,187.1,0.001211,0.04525,0.08091,28.19,0.06643,0.2886,0.2948,0.1664,0.1457,0.1091,0.1184,0.09011,0.1019,0.06092,17.36,1302,181100,36220000,309.9,357.4,3.307,1183000000,58210000,1060000,5.873E+15,527400000,9561000,5.1E+11,9.854,0.05851,6.00E-05,1517,0.001088,0.04142,0.5552,26.7,-0.9684,0.4002,0.1191,0.119,0.03194,0.1069,0.04459,0.03063,-0.01519,0.06368,29.86,2132,247000,44970000,-1508,1655000,160300,-2.739E+12,-2.654E+11,-25710000000,9.07E+18,2.397E+12,2.322E+11,8.243E+15,disgust
11.8,0.07317,0.000165,201.6,0.001477,0.05535,0.08877,25.8,0.06399,0.2916,0.282,0.152,0.1395,0.09674,0.1072,0.1024,0.09832,0.08729,17.64,1386,187400,36840000,334,331.3,6.501,1097000000,58370000,2085000,5.453E+15,533200000,19110000,1.003E+12,9.924,0.05853,8.50E-05,1535,0.001236,0.04714,0.5738,27.38,-0.9691,0.4142,0.1412,0.09308,0.02246,0.09862,-0.00135,0.03686,0.004383,0.07889,29.77,2078,239000,43960000,-1484,1656000,160300,-2.743E+12,-2.656E+11,-25710000000,9.09E+18,2.399E+12,2.323E+11,8.244E+15,disgust
12.05,0.07406,0.000147,180.2,0.001107,0.04137,0.08612,26.86,0.0654,0.3014,0.3239,0.1722,0.1602,0.1218,0.1065,0.08631,0.08271,0.05933,16.1,1355,198100,39270000,298.3,417.7,15.22,1385000000,90810000,4881000,6.886E+15,823900000,44390000,2.348E+12,10.08,0.06067,6.80E-05,1538,0.000835,0.03192,0.5981,27.59,-0.9696,0.4,0.1724,0.08396,0.03238,0.1224,0.03102,0.03569,-0.00512,0.0506,30.35,2238,275500,51310000,-1616,1658000,160400,-2.747E+12,-2.658E+11,-25710000000,9.11E+18,2.401E+12,2.323E+11,8.247E+15,disgust
9.503,0.06151,0.000432,196.9,0.001576,0.05942,0.0788,22.35,0.05328,0.2818,0.3051,0.1719,0.1491,0.1048,0.1071,0.08882,0.0955,0.09611,13.5,1218,179800,36090000,332.6,325.1,8.354,1078000000,64850000,2680000,5.367E+15,589200000,24440000,1.289E+12,8.257,0.04793,0.000167,1526,0.001325,0.05117,0.5848,23.35,-0.9772,0.4439,0.1058,0.06422,0.003391,0.08974,0.01862,0.03607,0.01694,0.08718,27.59,1945,231400,42170000,-1426,1659000,160400,-2.752E+12,-2.66E+11,-25720000000,9.13E+18,2.403E+12,2.324E+11,8.25E+15,disgust
3.964,0.03834,0.000896,199,0.00308,0.1161,0.09727,11.83,0.01574,0.3367,0.3224,0.1318,0.1283,0.07678,0.06937,0.08032,0.07557,0.1683,10.52,1344,202400,40470000,389.1,280.3,7.263,930500000,52120000,2330000,4.634E+15,475800000,21180000,1.121E+12,7.092,0.04375,0.000372,1541,0.00242,0.09251,0.5692,19.81,-0.9869,0.4867,0.1488,0.06831,0.01973,0.06955,0.02972,0.0216,-0.00386,0.1481,24.19,1733,220100,40530000,-1368,1660000,160400,-2.755E+12,-2.662E+11,-25730000000,9.15E+18,2.405E+12,2.324E+11,8.252E+15,happy
6.78,0.05168,0.000363,193.4,0.002332,0.08804,0.1043,17.21,0.02844,0.279,0.2887,0.175,0.131,0.09492,0.07992,0.07295,0.08567,0.1411,11.62,1156,157100,31190000,347.4,267,9.43,886900000,55850000,3025000,4.419E+15,509500000,27710000,1.456E+12,8.433,0.05071,0.000217,1556,0.001971,0.07544,0.6025,23.75,-0.9809,0.5484,0.04399,0.01162,-0.007816,0.05676,0.02568,0.02813,0.004766,0.1278,26.06,1669,191100,34030000,-1358,1661000,160400,-2.758E+12,-2.664E+11,-25730000000,9.16E+18,2.407E+12,2.325E+11,8.255E+15,happy
5.585,0.04367,0.000726,247.2,0.002542,0.09596,0.08044,11.56,0.02246,0.3435,0.311,0.1667,0.1264,0.07641,0.08101,0.09389,0.08597,0.1566,10.79,1381,203800,40570000,401.5,297.4,10.43,988400000,60720000,3346000,4.928E+15,553900000,30540000,1.61E+12,7.278,0.04464,0.000305,1526,0.002124,0.08138,0.5602,19.55,-0.9856,0.502,0.1474,0.003,-0.02772,0.05523,0.02508,0.05599,0.05346,0.141,24.33,1778,228800,42340000,-1381,1662000,160400,-2.762E+12,-2.666E+11,-25740000000,9.18E+18,2.409E+12,2.325E+11,8.258E+15,happy
6.78,0.05168,0.000363,193.4,0.002332,0.08804,0.1043,17.21,0.02844,0.279,0.2887,0.175,0.131,0.09492,0.07992,0.07295,0.08567,0.1411,11.62,1156,157100,31190000,347.4,267,9.43,887900000,55880000,3026000,4.429E+15,509800000,27710000,1.457E+12,8.433,0.05071,0.000217,1556,0.001971,0.07544,0.6025,23.75,-0.9809,0.5484,0.04399,0.01162,-0.007816,0.05676,0.02568,0.02813,0.004766,0.1278,26.06,1669,191100,34030000,-1358,1663000,160500,-2.765E+12,-2.668E+11,-25740000000,9.20E+18,2.41E+12,2.326E+11,8.261E+15,happy
6.78,0.05168,0.000363,193.4,0.002332,0.08804,0.1043,17.21,0.02844,0.279,0.2887,0.175,0.131,0.09492,0.07992,0.07295,0.08567,0.1411,11.62,1156,157100,31190000,347.4,267,9.43,888400000,55890000,3027000,4.434E+15,509900000,27720000,1.457E+12,8.433,0.05071,0.000217,1556,0.001971,0.07544,0.6025,23.75,-0.9809,0.5484,0.04399,0.01162,-0.007816,0.05676,0.02568,0.02813,0.004766,0.1278,26.06,1669,191100,34030000,-1358,1664000,160500,-2.768E+12,-2.67E+11,-25750000000,9.21E+18,2.412E+12,2.327E+11,8.265E+15,happy
8.418,0.06688,0.000155,253.4,0.001445,0.05523,0.07222,20.58,0.04721,0.2753,0.3007,0.1295,0.1602,0.08407,0.1561,0.1114,0.1209,0.09019,15.27,1346,183900,36430000,332.1,269.2,6.621,896200000,33350000,2125000,4.475E+15,301100000,19230000,1.023E+12,8.653,0.05351,9.40E-05,1487,0.001373,0.05299,0.5523,22.18,-0.9789,0.4876,0.216,0.1557,-0.005053,0.06315,-0.03161,0.02186,0.05505,0.08866,24.76,1734,213400,39520000,-1436,1665000,160500,-2.771E+12,-2.671E+11,-25750000000,9.23E+18,2.413E+12,2.326E+11,8.263E+15,neutral
7.8,0.05483,0.000212,259.8,0.001603,0.05995,0.05521,19.32,0.04242,0.2662,0.2922,0.1542,0.148,0.09123,0.09829,0.1065,0.1245,0.1017,15.02,1258,164800,32490000,324.5,262.6,10.13,874600000,27420000,3250000,4.37E+15,246700000,29440000,1.564E+12,8.913,0.05174,0.000109,1451,0.001529,0.05868,0.5896,23.22,-0.9782,0.5164,0.1423,0.09605,-0.02081,0.05338,0.009027,0.0659,0.07097,0.1001,25.09,1647,192500,35130000,-1394,1666000,160400,-2.774E+12,-2.672E+11,-25740000000,9.24E+18,2.414E+12,2.326E+11,8.259E+15,neutral
9.106,0.07019,0.000132,277.2,0.00135,0.04968,0.1024,21.56,0.05038,0.2545,0.2866,0.2045,0.1563,0.09117,0.09604,0.1099,0.1076,0.09186,14.77,1296,180600,35760000,356,271.9,7.264,906300000,32080000,2331000,4.531E+15,291800000,20860000,1.122E+12,9.525,0.06137,7.90E-05,1422,0.001211,0.04574,0.5159,25.82,-0.9746,0.4956,0.1528,0.03281,-0.06444,0.01642,-0.008691,0.04076,0.04316,0.08568,27.8,1871,220100,40510000,-1455,1666000,160400,-2.777E+12,-2.673E+11,-25730000000,9.26E+18,2.415E+12,2.325E+11,8.256E+15,neutral
6.847,0.04238,0.000243,271,0.001673,0.06273,0.1132,16.56,0.03468,0.2908,0.3062,0.1528,0.1217,0.08853,0.08386,0.103,0.1138,0.1066,13,1373,195400,38480000,379.2,333.6,8.086,1112000000,42340000,2594000,5.565E+15,381800000,23480000,1.248E+12,8.701,0.04944,0.000107,1469,0.001342,0.05125,0.5859,23.93,-0.9801,0.4566,0.1741,0.07522,-0.05484,0.04181,0.0176,0.04532,0.04227,0.08869,28.12,2032,248600,45470000,-1490,1668000,160400,-2.781E+12,-2.675E+11,-25720000000,9.27E+18,2.416E+12,2.324E+11,8.252E+15,neutral
7.8,0.05483,0.000212,259.8,0.001603,0.05995,0.05521,19.32,0.04242,0.2662,0.2922,0.1542,0.148,0.09123,0.09829,0.1065,0.1245,0.1017,15.02,1258,164800,32490000,324.5,262.6,10.13,876200000,27380000,3248000,4.386E+15,246300000,29420000,1.563E+12,8.913,0.05174,0.000109,1451,0.001529,0.05868,0.5896,23.22,-0.9782,0.5164,0.1423,0.09605,-0.02081,0.05338,0.009027,0.0659,0.07097,0.1001,25.09,1647,192500,35130000,-1394,1669000,160400,-2.784E+12,-2.676E+11,-25720000000,9.29E+18,2.417E+12,2.323E+11,8.248E+15,neutral
13.52,0.07899,4.40E-05,176.6,0.000666,0.02473,0.0876,29.32,0.06961,0.245,0.2736,0.2576,0.1767,0.1215,0.1156,0.1033,0.1144,0.04138,17.28,1254,172600,34140000,290.8,293.9,4.614,981300000,43270000,1480000,4.915E+15,389400000,13480000,7.118E+11,11.06,0.06446,2.30E-05,1521,0.000615,0.02369,0.5435,29.26,-0.9647,0.443,0.1392,0.09216,-0.09514,0.03618,0.02714,0.05264,0.05106,0.04127,31.57,2187,252800,46010000,-1554,1670000,160400,-2.787E+12,-2.677E+11,-25710000000,9.31E+18,2.418E+12,2.323E+11,8.245E+15,sad
13.26,0.08064,6.60E-05,214.8,0.000684,0.02602,0.07632,29.22,0.07411,0.2728,0.2951,0.1923,0.1393,0.1037,0.1049,0.1105,0.1285,0.04809,17.82,1207,167800,33000000,271.5,259.7,15.23,867500000,19270000,4885000,4.347E+15,174200000,44130000,2.349E+12,9.748,0.05943,4.20E-05,1533,0.000736,0.02865,0.552,25.58,-0.9686,0.4971,0.1167,0.07414,-0.09568,0.0373,0.007159,0.04515,0.04069,0.05242,27.44,1786,207600,38150000,-1438,1670000,160300,-2.791E+12,-2.678E+11,-25700000000,9.32E+18,2.419E+12,2.322E+11,8.241E+15,sad
13.04,0.07641,3.40E-05,223.3,0.00046,0.01731,0.09533,27.8,0.06908,0.2351,0.272,0.2125,0.1529,0.1416,0.1239,0.1244,0.1012,0.03313,15.55,955.7,145000,29790000,295.4,270.3,19.56,903500000,15600000,6270000,4.53E+15,142000000,56440000,3.015E+12,10.5,0.06306,1.90E-05,1510,0.000547,0.02116,0.4918,28.83,-0.9658,0.4118,0.06017,0.1989,-0.09476,0.04228,-0.01393,0.03133,0.01791,0.04009,32.59,2260,253100,44420000,-1487,1671000,160300,-2.794E+12,-2.679E+11,-25690000000,9.34E+18,2.42E+12,2.321E+11,8.233E+15,sad
17.03,0.1072,6.50E-05,217.3,0.000765,0.02832,0.05745,35.24,0.1074,0.2811,0.3064,0.1937,0.1861,0.1318,0.1337,0.1334,0.1485,0.04931,21.45,1346,172800,33800000,316.7,275.4,9.007,921200000,29920000,2886000,4.622E+15,272300000,25910000,1.387E+12,12.62,0.0763,3.90E-05,1519,0.00085,0.03256,0.4874,31.53,-0.9519,0.4601,0.05351,0.116,-0.06975,0.07374,0.02323,0.04249,0.04044,0.05883,31.11,1919,198900,36890000,-1461,1672000,160200,-2.797E+12,-2.68E+11,-25670000000,9.35E+18,2.421E+12,2.319E+11,8.227E+15,sad
13.75,0.08709,0.000116,201.1,0.000707,0.02637,0.1115,30.81,0.07874,0.227,0.2939,0.1717,0.1394,0.1373,0.1144,0.1116,0.1301,0.04619,17.94,1135,162700,32840000,335.5,270,11.51,903500000,24870000,3687000,4.535E+15,228500000,32960000,1.772E+12,10.65,0.06788,3.50E-05,1525,0.000748,0.02886,0.4966,29.43,-0.9627,0.3938,0.1015,0.1335,-0.04909,0.05498,-0.03384,0.04614,0.01625,0.05226,32.98,2331,262100,47410000,-1468,1673000,160200,-2.8E+12,-2.681E+11,-25660000000,9.37E+18,2.422E+12,2.319E+11,8.223E+15,sad
4.34,0.04262,0.000276,271.2,0.002604,0.09748,0.08005,13.21,0.01815,0.3645,0.3009,0.207,0.1217,0.1302,0.09949,0.08969,0.1213,0.1735,13.99,1683,209700,41320000,389.6,396.8,6.207,1329000000,59430000,1988000,6.675E+15,536000000,18120000,9.554E+11,7.927,0.0451,0.000192,1474,0.002064,0.07892,0.6042,22.57,-0.9836,0.5055,0.07576,-0.06372,-0.01211,0.05285,0.0462,0.04385,0.04324,0.1411,25.67,1770,207000,38950000,-1442,1674000,160200,-2.804E+12,-2.682E+11,-25650000000,9.39E+18,2.423E+12,2.318E+11,8.218E+15,angry
85.11,0.3646,0.00047,286.3,0.002923,0.1118,0.08578,149.2,0.7336,0.2123,0.2748,0.1838,0.2101,0.1261,0.1167,0.1082,0.1098,0.2012,73.43,982.7,148700,21320000,915.8,386.8,16.57,1296000000,42050000,5305000,6.517E+15,376200000,48320000,2.549E+12,49.27,0.2211,0.000313,1441,0.002517,0.09706,0.5865,92.16,-0.6334,0.6776,0.08429,0.000579,0.01273,0.0343,-0.003744,0.02911,0.07599,0.1777,54.62,1141,48990,19620000,-1592,1676000,160100,-2.808E+12,-2.683E+11,-25640000000,9.41E+18,2.424E+12,2.317E+11,8.211E+15,angry
3.081,0.02627,0.000539,268,0.00294,0.1123,0.09669,10.06,0.01235,0.3682,0.2216,0.1801,0.1382,0.1322,0.1029,0.07379,0.114,0.2095,13.76,1783,211500,41580000,405.8,362.9,19.99,1217000000,27220000,6401000,6.124E+15,244100000,58140000,3.074E+12,7.177,0.03832,0.000282,1436,0.002415,0.09254,0.5974,20.29,-0.9863,0.499,0.08227,-0.04529,-0.02021,0.03274,0.02431,0.01997,0.04969,0.1693,24.67,1674,187700,34530000,-1330,1677000,160100,-2.813E+12,-2.685E+11,-25620000000,9.43E+18,2.425E+12,2.315E+11,8.204E+15,angry
4.266,0.03741,0.000427,263.6,0.002978,0.113,0.08622,10.98,0.01486,0.3947,0.2687,0.1907,0.1362,0.1607,0.1227,0.07314,0.1286,0.2002,13.93,1818,225600,44790000,425,370.2,15.47,1243000000,35270000,4949000,6.256E+15,315900000,45120000,2.376E+12,7.213,0.03931,0.000229,1482,0.002228,0.0858,0.5751,19.28,-0.9866,0.4621,0.1108,-0.03391,-0.02084,0.07463,0.06263,0.03307,0.01785,0.1527,25.16,1894,230400,43510000,-1421,1678000,160000,-2.817E+12,-2.686E+11,-25600000000,9.46E+18,2.426E+12,2.313E+11,8.194E+15,angry
2.951,0.02809,0.000699,297,0.00373,0.1411,0.08609,9.197,0.01257,0.3947,0.2958,0.1737,0.135,0.1033,0.08066,0.0767,0.0991,0.2571,12.34,1680,226100,44800000,466.9,380.3,20.26,1278000000,36560000,6481000,6.438E+15,326000000,59070000,3.11E+12,7.196,0.03997,0.000376,1445,0.002943,0.1127,0.601,19.64,-0.9876,0.5094,0.1617,-0.01399,-0.06369,0.001798,0.01572,0.04152,0.07502,0.2034,23,1647,209800,39670000,-1353,1680000,160000,-2.821E+12,-2.687E+11,-25580000000,9.48E+18,2.427E+12,2.311E+11,8.184E+15,angry
8.304,0.06243,0.000168,226.3,0.001325,0.05019,0.0811,17.96,0.03529,0.4294,0.3224,0.2504,0.1558,0.1323,0.1067,0.1132,0.1344,0.09612,12.54,1565,220400,44040000,350.5,460.3,23.73,1548000000,36640000,7587000,7.805E+15,331500000,68490000,3.639E+12,8.543,0.05546,0.000108,1496,0.001294,0.04992,0.5375,23.74,-0.9788,0.4129,-0.009199,0.02155,-0.105,0.01519,0.03018,0.03593,0.06564,0.09535,26.94,1962,235400,43200000,-1402,1681000,159900,-2.826E+12,-2.688E+11,-25560000000,9.50E+18,2.428E+12,2.31E+11,8.174E+15,disgust
7.705,0.07043,0.000336,193.9,0.001794,0.06789,0.1009,22.62,0.04033,0.5534,0.2853,0.2625,0.2138,0.1835,0.1252,0.11,0.1367,0.1083,21.34,2764,279000,59330000,492.7,449.7,11.7,1513000000,59540000,3739000,7.639E+15,544100000,33210000,1.793E+12,9.258,0.0514,0.000193,1524,0.001562,0.06022,0.5736,27.15,-0.9716,0.2787,0.05158,0.1395,-0.05241,0.0202,0.03152,0.02777,0.01765,0.1033,33.36,2983,317100,61690000,-1540,1683000,159800,-2.831E+12,-2.69E+11,-25550000000,9.53E+18,2.43E+12,2.308E+11,8.168E+15,disgust
6.324,0.04438,0.00016,216.6,0.001463,0.0551,0.0807,13.92,0.02652,0.3872,0.3661,0.2256,0.1775,0.1327,0.1101,0.1108,0.1338,0.09302,11.46,1476,214700,43140000,337.4,463.8,34.59,1562000000,22810000,11050000,7.894E+15,206000000,99880000,5.296E+12,7.123,0.04043,9.10E-05,1510,0.001418,0.05419,0.5693,18.72,-0.9846,0.4372,0.07826,0.03962,-0.07733,0.0176,0.03544,0.03784,0.06275,0.09217,24,1806,231200,42850000,-1411,1684000,159700,-2.837E+12,-2.691E+11,-25520000000,9.56E+18,2.431E+12,2.305E+11,8.152E+15,disgust
6.324,0.04438,0.00016,216.6,0.001463,0.0551,0.0807,13.92,0.02652,0.3872,0.3661,0.2256,0.1775,0.1327,0.1101,0.1108,0.1338,0.09302,11.46,1476,214700,43140000,337.4,463.8,34.59,1564000000,22730000,11040000,7.909E+15,205400000,99800000,5.289E+12,7.123,0.04043,9.10E-05,1510,0.001418,0.05419,0.5693,18.72,-0.9846,0.4372,0.07826,0.03962,-0.07733,0.0176,0.03544,0.03784,0.06275,0.09217,24,1806,231200,42850000,-1411,1686000,159600,-2.842E+12,-2.691E+11,-25480000000,9.58E+18,2.431E+12,2.302E+11,8.134E+15,disgust
8.304,0.06243,0.000168,226.3,0.001325,0.05019,0.0811,17.96,0.03529,0.4294,0.3224,0.2504,0.1558,0.1323,0.1067,0.1132,0.1344,0.09612,12.54,1565,220400,44040000,350.5,460.3,23.73,1553000000,36350000,7570000,7.864E+15,328900000,68340000,3.623E+12,8.543,0.05546,0.000108,1496,0.001294,0.04992,0.5375,23.74,-0.9788,0.4129,-0.009199,0.02155,-0.105,0.01519,0.03018,0.03593,0.06564,0.09535,26.94,1962,235400,43200000,-1402,1687000,159500,-2.848E+12,-2.692E+11,-25450000000,9.61E+18,2.432E+12,2.299E+11,8.119E+15,disgust
7.286,0.04873,0.000215,263.9,0.00142,0.05477,0.09866,16.23,0.03161,0.4193,0.2889,0.1657,0.1596,0.1155,0.112,0.08507,0.102,0.1183,10.64,1408,214000,43100000,324.3,441.1,25.87,1490000000,29520000,8250000,7.55E+15,268100000,74540000,3.946E+12,7.515,0.04546,0.000157,1472,0.001299,0.05043,0.5416,20.41,-0.984,0.4874,0.08432,-0.002456,-0.09262,0.01597,0.01555,0.008175,0.07302,0.09842,22.55,1630,219200,41510000,-1394,1689000,159400,-2.853E+12,-2.693E+11,-25420000000,9.64E+18,2.433E+12,2.296E+11,8.105E+15,happy
5.987,0.04557,0.000178,246.2,0.001341,0.05104,0.1072,13.65,0.02534,0.4029,0.3235,0.1795,0.1428,0.1219,0.1045,0.107,0.1205,0.09947,11.47,1544,212000,42000000,328.1,447,14,1511000000,50200000,4462000,7.665E+15,454800000,40170000,2.133E+12,7.715,0.04585,0.000131,1473,0.001272,0.04923,0.5249,20.03,-0.9846,0.5264,0.04264,-0.06757,-0.04871,0.02102,0.01711,0.04214,0.08419,0.09303,23.13,1587,203000,38670000,-1430,1691000,159400,-2.858E+12,-2.694E+11,-25390000000,9.66E+18,2.434E+12,2.294E+11,8.093E+15,happy
7.238,0.04942,0.000282,273.3,0.001448,0.05436,0.1213,16.64,0.03311,0.3549,0.2937,0.1537,0.2257,0.1192,0.1191,0.08051,0.1271,0.1046,10.24,1221,190800,38600000,330.5,392.1,12.11,1327000000,51390000,3857000,6.735E+15,460100000,35300000,1.843E+12,7.956,0.04665,0.000219,1437,0.001571,0.0607,0.4766,19.23,-0.9832,0.5268,0.124,0.05302,-0.1399,0.02185,0.04847,0.0229,0.08965,0.1128,22.09,1519,204100,38140000,-1378,1692000,159300,-2.863E+12,-2.695E+11,-25370000000,9.69E+18,2.435E+12,2.292E+11,8.083E+15,happy
5.987,0.04557,0.000178,246.2,0.001341,0.05104,0.1072,13.65,0.02534,0.4029,0.3235,0.1795,0.1428,0.1219,0.1045,0.107,0.1205,0.09947,11.47,1544,212000,42000000,328.1,447,14,1514000000,50120000,4459000,7.691E+15,454000000,40140000,2.13E+12,7.715,0.04585,0.000131,1473,0.001272,0.04923,0.5249,20.03,-0.9846,0.5264,0.04264,-0.06757,-0.04871,0.02102,0.01711,0.04214,0.08419,0.09303,23.13,1587,203000,38670000,-1430,1693000,159200,-2.868E+12,-2.697E+11,-25360000000,9.71E+18,2.436E+12,2.291E+11,8.076E+15,happy
7.286,0.04873,0.000215,263.9,0.00142,0.05477,0.09866,16.23,0.03161,0.4193,0.2889,0.1657,0.1596,0.1155,0.112,0.08507,0.102,0.1183,10.64,1408,214000,43100000,324.3,441.1,25.87,1495000000,29270000,8236000,7.603E+15,265900000,74410000,3.932E+12,7.515,0.04546,0.000157,1472,0.001299,0.05043,0.5416,20.41,-0.984,0.4874,0.08432,-0.002456,-0.09262,0.01597,0.01555,0.008175,0.07302,0.09842,22.55,1630,219200,41510000,-1394,1695000,159200,-2.873E+12,-2.698E+11,-25330000000,9.74E+18,2.437E+12,2.288E+11,8.063E+15,happy
6.571,0.05253,0.000276,239.9,0.001225,0.04611,0.09863,15.97,0.03382,0.3674,0.339,0.2045,0.1545,0.1299,0.1228,0.1074,0.1254,0.08742,13.7,1574,203800,40180000,364.7,392.7,25.34,1332000000,28090000,8063000,6.78E+15,250400000,73070000,3.848E+12,8.909,0.05427,0.000217,1459,0.001318,0.05113,0.4833,24.18,-0.9777,0.5098,0.01299,-0.03177,-0.08138,0.0093,0.006147,0.005115,0.03861,0.09568,27.45,1808,204700,37370000,-1402,1696000,159100,-2.878E+12,-2.698E+11,-25300000000,9.77E+18,2.438E+12,2.286E+11,8.048E+15,neutral
7.495,0.05437,0.000186,211.5,0.000999,0.03739,0.1065,16.51,0.03326,0.4128,0.3496,0.2104,0.1574,0.1444,0.1072,0.1141,0.1291,0.06744,12.14,1557,230400,45700000,312.5,393.7,15.57,1337000000,44830000,4953000,6.809E+15,401900000,45140000,2.363E+12,7.685,0.04729,0.000148,1487,0.001094,0.04227,0.497,20.27,-0.9827,0.4744,0.04869,0.03078,-0.02273,-0.000597,-0.0171,0.006876,0.05817,0.07483,23.25,1641,208500,39190000,-1449,1698000,159000,-2.883E+12,-2.7E+11,-25280000000,9.79E+18,2.439E+12,2.284E+11,8.039E+15,neutral
7.456,0.04855,0.000209,231,0.001091,0.04094,0.09466,17.41,0.03311,0.3621,0.3125,0.1667,0.1586,0.1261,0.1024,0.1105,0.1356,0.07717,13.81,1424,184300,36790000,323,393.5,11.12,1337000000,50230000,3536000,6.817E+15,450700000,32290000,1.686E+12,8.247,0.046,0.000169,1493,0.001194,0.04626,0.5183,21.7,-0.9802,0.4742,0.01513,0.04731,-0.07593,0.04255,0.01659,0.03166,0.09566,0.08495,25.78,1750,202000,36870000,-1416,1699000,159000,-2.887E+12,-2.701E+11,-25270000000,9.81E+18,2.44E+12,2.283E+11,8.032E+15,neutral
8.3,0.06298,0.000197,220.3,0.000987,0.03699,0.1035,19.27,0.03978,0.3355,0.3364,0.1937,0.1623,0.134,0.1426,0.1387,0.1317,0.06935,13.67,1444,195100,38350000,313.7,409.2,14.47,1392000000,47970000,4598000,7.1E+15,429800000,41920000,2.192E+12,8.407,0.05037,0.000156,1484,0.001114,0.04302,0.4869,21.55,-0.9794,0.5471,0.002048,-0.04893,-0.06395,0.006439,0.02144,0.04794,0.1081,0.07674,23.68,1531,183200,34400000,-1447,1701000,158900,-2.892E+12,-2.702E+11,-25250000000,9.84E+18,2.441E+12,2.281E+11,8.025E+15,neutral
7.113,0.05231,0.000183,248.7,0.001055,0.03968,0.1028,15.18,0.03058,0.3061,0.2498,0.2419,0.1576,0.1308,0.1186,0.1231,0.1326,0.07443,12.39,1337,181800,36300000,340.2,427.4,23.24,1455000000,38100000,7385000,7.429E+15,340100000,67010000,3.519E+12,8.312,0.05017,0.000156,1457,0.0012,0.04625,0.5173,21.43,-0.9809,0.5522,0.05499,-0.04263,-0.07977,0.01808,0.006722,0.0139,0.06814,0.08285,24.72,1637,196200,35770000,-1417,1702000,158800,-2.897E+12,-2.704E+11,-25230000000,9.86E+18,2.443E+12,2.28E+11,8.016E+15,neutral
9.633,0.06724,4.90E-05,226.4,0.000605,0.02278,0.09768,20.54,0.05075,0.341,0.2695,0.1938,0.152,0.1356,0.1063,0.1192,0.138,0.04292,15.34,1404,187300,37420000,271.5,389.5,28.35,1327000000,21480000,9004000,6.782E+15,191900000,81490000,4.289E+12,7.856,0.04537,3.60E-05,1492,0.000671,0.02577,0.546,21.83,-0.978,0.4286,0.03328,0.1225,0.04245,0.07281,-0.005223,-0.04314,0.03703,0.04408,25.54,1834,213900,38920000,-1494,1703000,158800,-2.902E+12,-2.705E+11,-25210000000,9.89E+18,2.443E+12,2.277E+11,8.004E+15,sad
8.095,0.05615,7.00E-05,195.2,0.000625,0.02321,0.1015,19.36,0.04223,0.3611,0.2629,0.1844,0.1579,0.108,0.09466,0.09359,0.08944,0.03494,16.24,1668,218500,43210000,271.9,466.8,27.96,1592000000,29880000,8874000,8.142E+15,270500000,80160000,4.225E+12,6.813,0.03959,4.90E-05,1516,0.000618,0.0237,0.5284,20.14,-0.9818,0.3556,0.1814,0.1038,0.04915,0.0775,0.001051,-0.03595,-0.006898,0.03622,25.87,2066,255300,47950000,-1571,1705000,158700,-2.907E+12,-2.705E+11,-25180000000,9.91E+18,2.444E+12,2.275E+11,7.991E+15,sad
61.21,0.2626,0.000122,229.6,0.0007,0.02602,0.09583,108.5,0.5228,0.1952,0.2863,0.2457,0.2437,0.1793,0.1434,0.1367,0.1632,0.04714,52.51,895,139700,21290000,581.6,378.8,21.42,1293000000,31140000,6793000,6.618E+15,281300000,61370000,3.232E+12,28.65,0.1433,8.70E-05,1451,0.000815,0.03165,0.5128,58.05,-0.8154,0.6668,0.04447,0.04106,-0.1116,0.004791,-0.04045,-0.02275,0.05378,0.05679,40.36,1492,134800,28600000,-1579,1706000,158600,-2.912E+12,-2.706E+11,-25150000000,9.94E+18,2.445E+12,2.273E+11,7.979E+15,sad
10.55,0.07163,4.60E-05,205.4,0.000702,0.02622,0.07085,22.98,0.06071,0.313,0.2302,0.1845,0.1441,0.1186,0.1004,0.09746,0.11,0.04076,16.73,1385,181500,35810000,237.7,412.2,21.3,1408000000,34050000,6755000,7.212E+15,305600000,61270000,3.213E+12,7.948,0.04593,3.80E-05,1494,0.000806,0.03076,0.5076,19.76,-0.9775,0.4509,0.1892,0.1113,-0.01006,0.05546,0.02121,-0.005515,0.01256,0.04736,23.74,1671,205800,38490000,-1512,1708000,158500,-2.916E+12,-2.707E+11,-25130000000,9.96E+18,2.446E+12,2.27E+11,7.967E+15,sad
61.21,0.2626,0.000122,229.6,0.0007,0.02602,0.09583,108.5,0.5228,0.1952,0.2863,0.2457,0.2437,0.1793,0.1434,0.1367,0.1632,0.04714,52.51,895,139700,21290000,581.6,378.8,21.42,1295000000,31060000,6787000,6.64E+15,280600000,61320000,3.227E+12,28.65,0.1433,8.70E-05,1451,0.000815,0.03165,0.5128,58.05,-0.8154,0.6668,0.04447,0.04106,-0.1116,0.004791,-0.04045,-0.02275,0.05378,0.05679,40.36,1492,134800,28600000,-1579,1709000,158500,-2.921E+12,-2.708E+11,-25110000000,9.99E+18,2.447E+12,2.269E+11,7.957E+15,sad
7.171,0.05433,0.000646,236.9,0.002985,0.1121,0.1384,17.34,0.02804,0.3608,0.2588,0.1737,0.141,0.09802,0.1011,0.1027,0.08397,0.1813,14.83,1557,187400,37760000,388,243.5,3.747,832800000,35570000,1187000,4.273E+15,320100000,10770000,5.642E+11,6.811,0.04112,0.000414,1499,0.003035,0.1153,0.5046,18.98,-0.9831,0.3875,0.009662,0.09504,0.04181,0.04703,0.03131,0.03655,0.03006,0.1889,23.52,1618,178700,32280000,-1216,1710000,158400,-2.925E+12,-2.709E+11,-25100000000,1.00E+19,2.448E+12,2.268E+11,7.952E+15,angry
6.954,0.05301,0.000536,240.1,0.002796,0.1053,0.1066,16.21,0.03325,0.292,0.2641,0.1538,0.1198,0.1888,0.1493,0.0957,0.09898,0.155,12.41,1330,167500,33140000,324.1,239.8,8.859,820600000,27830000,2807000,4.212E+15,252600000,25230000,1.334E+12,6.29,0.03824,0.00033,1541,0.002997,0.1141,0.5222,16.79,-0.985,0.4827,0.00766,0.08946,0.05842,-0.009545,-0.02037,0.01551,0.005298,0.1753,21.08,1305,140900,24750000,-1166,1711000,158400,-2.928E+12,-2.71E+11,-25090000000,1.00E+19,2.449E+12,2.267E+11,7.947E+15,angry
9.045,0.05794,0.000439,239.9,0.002653,0.09988,0.1372,19.79,0.0448,0.2878,0.2803,0.1544,0.1248,0.1123,0.1022,0.09879,0.1002,0.1557,12.3,1104,162600,32690000,321.9,226.1,5.699,774200000,27160000,1805000,3.976E+15,246000000,16270000,8.575E+11,6.624,0.03806,0.000345,1520,0.00316,0.121,0.4688,16.83,-0.9833,0.4767,0.03995,0.1263,0.04885,0.07742,0.04911,0.01434,-0.01053,0.1921,20.39,1224,139600,24600000,-1130,1712000,158400,-2.93E+12,-2.711E+11,-25080000000,1.00E+19,2.449E+12,2.266E+11,7.942E+15,angry
7.965,0.05872,0.000569,239,0.002558,0.09625,0.09786,17.53,0.03561,0.2981,0.2804,0.1737,0.1457,0.1191,0.1102,0.1186,0.09685,0.155,12.84,1132,161500,32570000,329.9,218.4,7.008,748200000,23490000,2219000,3.844E+15,213300000,19980000,1.054E+12,6.931,0.04097,0.000374,1517,0.003195,0.1227,0.4823,17.87,-0.9837,0.4715,-0.009216,0.1511,0.04258,0.06475,0.03747,0.01355,-0.003731,0.1974,21.88,1341,146000,25120000,-1118,1713000,158300,-2.933E+12,-2.712E+11,-25070000000,1.01E+19,2.45E+12,2.265E+11,7.939E+15,angry
6.954,0.05301,0.000536,240.1,0.002796,0.1053,0.1066,16.21,0.03325,0.292,0.2641,0.1538,0.1198,0.1888,0.1493,0.0957,0.09898,0.155,12.41,1330,167500,33140000,324.1,239.8,8.859,821700000,27800000,2805000,4.224E+15,252400000,25220000,1.332E+12,6.29,0.03824,0.00033,1541,0.002997,0.1141,0.5222,16.79,-0.985,0.4827,0.00766,0.08946,0.05842,-0.009545,-0.02037,0.01551,0.005298,0.1753,21.08,1305,140900,24750000,-1166,1713000,158300,-2.936E+12,-2.713E+11,-25060000000,1.01E+19,2.451E+12,2.264E+11,7.934E+15,angry
10.03,0.06466,0.000185,199.4,0.002041,0.07664,0.06362,22.84,0.04901,0.4521,0.2647,0.1954,0.1451,0.1231,0.1119,0.1142,0.08664,0.1086,20.53,2246,253500,50250000,413.5,357.4,8.179,1225000000,66580000,2589000,6.303E+15,603700000,23470000,1.229E+12,7.482,0.04278,9.20E-05,1531,0.001472,0.05592,0.5684,22.45,-0.9751,0.2428,0.1187,0.05396,0.01684,0.07379,0.02882,-0.001424,-0.01139,0.08162,31.35,2597,286800,54590000,-1548,1714000,158300,-2.939E+12,-2.714E+11,-25050000000,1.01E+19,2.452E+12,2.264E+11,7.931E+15,disgust
8.733,0.06111,0.000274,221.5,0.002286,0.08575,0.1042,21.72,0.0411,0.4643,0.2444,0.1985,0.1688,0.1811,0.095,0.12,0.07909,0.1166,19.68,2279,254700,51110000,436.8,312.8,8.197,1073000000,37250000,2595000,5.524E+15,338500000,23240000,1.232E+12,6.763,0.03781,0.000153,1531,0.00191,0.07268,0.5493,20.37,-0.9782,0.2701,0.08303,0.08064,-0.005293,0.04073,0.04073,0.04003,0.01358,0.1033,27.47,2284,252400,48070000,-1419,1716000,158300,-2.943E+12,-2.715E+11,-25050000000,1.01E+19,2.453E+12,2.263E+11,7.928E+15,disgust
8.743,0.05907,0.000377,207.5,0.002439,0.09171,0.05325,20.89,0.04174,0.5026,0.2376,0.1727,0.1308,0.1233,0.09248,0.1016,0.08201,0.1405,18.29,2290,265700,53270000,443.7,289.1,5.438,992500000,51600000,1721000,5.112E+15,472200000,15860000,8.17E+11,7.397,0.04452,0.000156,1539,0.001887,0.07185,0.5926,22.84,-0.9775,0.2772,0.09866,0.1099,0.03381,0.06238,0.02439,0.001303,-0.01652,0.1123,29.64,2444,272400,50960000,-1434,1717000,158300,-2.947E+12,-2.717E+11,-25040000000,1.01E+19,2.454E+12,2.263E+11,7.926E+15,disgust
10.07,0.06725,0.000474,228.6,0.002057,0.07793,0.1008,22.13,0.04933,0.5346,0.2845,0.1606,0.1191,0.08792,0.106,0.1106,0.07698,0.1122,18.98,2408,296200,58830000,410.2,334.7,17.98,1150000000,79530000,5692000,5.925E+15,725100000,51920000,2.702E+12,7.002,0.03875,0.000187,1528,0.001663,0.06371,0.5249,20.29,-0.9779,0.1901,0.07363,0.1413,0.05227,0.09126,0.04386,0.007445,0.01291,0.09452,29.89,2655,306800,58400000,-1528,1718000,158300,-2.951E+12,-2.719E+11,-25050000000,1.01E+19,2.456E+12,2.263E+11,7.927E+15,disgust
8.733,0.06111,0.000274,221.5,0.002286,0.08575,0.1042,21.72,0.0411,0.4643,0.2444,0.1985,0.1688,0.1811,0.095,0.12,0.07909,0.1166,19.68,2279,254700,51110000,436.8,312.8,8.197,1075000000,37220000,2594000,5.545E+15,338200000,23230000,1.232E+12,6.763,0.03781,0.000153,1531,0.00191,0.07268,0.5493,20.37,-0.9782,0.2701,0.08303,0.08064,-0.005293,0.04073,0.04073,0.04003,0.01358,0.1033,27.47,2284,252400,48070000,-1419,1719000,158300,-2.955E+12,-2.72E+11,-25040000000,1.02E+19,2.458E+12,2.263E+11,7.926E+15,disgust
60.93,0.2684,0.000294,260.1,0.001806,0.06803,0.07779,106.2,0.519,0.3251,0.2329,0.1807,0.1732,0.1053,0.1011,0.08677,0.07726,0.1176,54.74,1609,177000,32850000,600.2,247.7,9.967,852100000,55450000,3154000,4.396E+15,499300000,28310000,1.497E+12,24.9,0.1175,0.000191,1531,0.00195,0.07409,0.4645,47.42,-0.8311,0.5164,0.1885,0.08369,0.06478,0.07353,0.04464,0.04935,0.04358,0.1155,32.63,1125,83220,24500000,-1478,1720000,158200,-2.958E+12,-2.722E+11,-25040000000,1.02E+19,2.459E+12,2.262E+11,7.925E+15,happy
6.78,0.04866,0.000126,230.2,0.001421,0.05336,0.1056,16.4,0.03203,0.4692,0.2409,0.139,0.1081,0.08703,0.09575,0.08337,0.07386,0.08881,15.29,1989,258600,51020000,384.5,280.9,5.638,966800000,50050000,1784000,4.991E+15,449200000,16030000,8.471E+11,6.812,0.0388,8.80E-05,1537,0.001519,0.05761,0.4909,17.77,-0.9845,0.3556,0.09835,0.08088,0.04402,0.09439,0.06421,0.03867,0.01629,0.09156,23.46,1808,218000,40970000,-1425,1721000,158200,-2.961E+12,-2.723E+11,-25040000000,1.02E+19,2.46E+12,2.263E+11,7.925E+15,happy
3.659,0.03102,0.000211,247.8,0.001669,0.06329,0.06401,11.02,0.01346,0.3168,0.2738,0.1772,0.1145,0.08711,0.08311,0.09229,0.08339,0.09957,11.07,1187,170400,34510000,312.6,248.6,9.197,856200000,54030000,2911000,4.422E+15,487400000,26200000,1.382E+12,5.991,0.0343,0.000131,1524,0.00186,0.07118,0.5661,14.75,-0.9899,0.4789,0.1153,0.1148,0.0591,0.08464,0.06613,0.04567,0.02234,0.1093,18.56,1219,153300,28280000,-1329,1722000,158300,-2.964E+12,-2.725E+11,-25050000000,1.02E+19,2.462E+12,2.263E+11,7.927E+15,happy
60.93,0.2684,0.000294,260.1,0.001806,0.06803,0.07779,106.2,0.519,0.3251,0.2329,0.1807,0.1732,0.1053,0.1011,0.08677,0.07726,0.1176,54.74,1609,177000,32850000,600.2,247.7,9.967,853400000,55490000,3155000,4.41E+15,499600000,28320000,1.498E+12,24.9,0.1175,0.000191,1531,0.00195,0.07409,0.4645,47.42,-0.8311,0.5164,0.1885,0.08369,0.06478,0.07353,0.04464,0.04935,0.04358,0.1155,32.63,1125,83220,24500000,-1478,1723000,158300,-2.967E+12,-2.726E+11,-25050000000,1.02E+19,2.463E+12,2.263E+11,7.93E+15,happy
3.659,0.03102,0.000211,247.8,0.001669,0.06329,0.06401,11.02,0.01346,0.3168,0.2738,0.1772,0.1145,0.08711,0.08311,0.09229,0.08339,0.09957,11.07,1187,170400,34510000,312.6,248.6,9.197,857000000,54050000,2912000,4.431E+15,487700000,26200000,1.383E+12,5.991,0.0343,0.000131,1524,0.00186,0.07118,0.5661,14.75,-0.9899,0.4789,0.1153,0.1148,0.0591,0.08464,0.06613,0.04567,0.02234,0.1093,18.56,1219,153300,28280000,-1329,1723000,158300,-2.97E+12,-2.728E+11,-25060000000,1.02E+19,2.465E+12,2.264E+11,7.933E+15,happy
6.588,0.0435,0.000249,217.1,0.002116,0.07924,0.107,16.64,0.02716,0.3807,0.215,0.1813,0.1315,0.09952,0.08139,0.0819,0.07988,0.131,15.05,1749,223100,44210000,385.9,315.5,5.942,1088000000,48450000,1881000,5.629E+15,439000000,16670000,8.934E+11,6.143,0.0346,0.000159,1460,0.002087,0.07851,0.5218,16.46,-0.9863,0.3827,0.1715,0.05608,0.01882,0.03399,0.01046,0.004467,-0.004095,0.1272,21.66,1601,198000,37540000,-1370,1724000,158300,-2.974E+12,-2.73E+11,-25060000000,1.03E+19,2.466E+12,2.264E+11,7.933E+15,neutral
5.72,0.04183,0.000198,245.4,0.001798,0.06733,0.08451,14.31,0.02337,0.5103,0.2083,0.1446,0.1211,0.08712,0.06462,0.1061,0.09272,0.1136,16.32,2287,276000,55130000,395.7,282.3,6.625,974100000,53600000,2097000,5.042E+15,483200000,18860000,9.957E+11,6.553,0.03667,0.000132,1480,0.001854,0.07081,0.5443,18.17,-0.986,0.3506,0.1379,0.1316,0.04119,0.04034,0.02613,0.01694,0.01958,0.1183,24.15,1939,223900,42160000,-1365,1725000,158300,-2.977E+12,-2.731E+11,-25050000000,1.03E+19,2.467E+12,2.263E+11,7.93E+15,neutral
5.341,0.03344,0.000293,258.1,0.002045,0.07684,0.09448,12.48,0.02169,0.356,0.2285,0.1369,0.1061,0.09241,0.09379,0.1067,0.1007,0.1265,12.64,1494,188800,37390000,297.4,253,3.496,873400000,42900000,1107000,4.523E+15,389000000,9875000,5.254E+11,6.427,0.03563,0.000171,1467,0.002471,0.09405,0.5112,14.69,-0.9883,0.5084,0.147,0.08941,0.06307,0.03815,0.009572,0.01713,0.03324,0.1518,18.1,1104,130500,24080000,-1232,1726000,158300,-2.98E+12,-2.733E+11,-25050000000,1.03E+19,2.469E+12,2.263E+11,7.93E+15,neutral
3.347,0.02407,0.000329,253.8,0.00185,0.06996,0.0784,8.19,0.007787,0.4392,0.225,0.158,0.1262,0.116,0.09599,0.09274,0.07457,0.1187,10.89,1699,241300,48070000,351.1,280.9,4.256,970300000,41660000,1347000,5.028E+15,379300000,11820000,6.396E+11,5.36,0.03127,0.000185,1485,0.002131,0.08105,0.5317,13.43,-0.9919,0.4301,0.1598,0.1498,0.06554,0.01014,-0.01,0.004991,0.02782,0.1324,19.03,1443,187800,35100000,-1297,1727000,158300,-2.984E+12,-2.734E+11,-25050000000,1.03E+19,2.47E+12,2.263E+11,7.929E+15,neutral
7.133,0.05054,0.000245,289,0.002049,0.0772,0.1003,16.16,0.02941,0.3321,0.24,0.1995,0.1457,0.1199,0.1145,0.1233,0.1077,0.1263,14.31,1495,169400,33740000,309.5,265.8,3.147,918600000,41630000,996100,4.763E+15,376300000,8901000,4.729E+11,7.721,0.04644,0.000179,1474,0.002401,0.09153,0.525,17.92,-0.9832,0.5447,0.08988,0.09572,0.03288,-0.00924,-0.02542,0.003643,0.01845,0.1525,21.43,1232,130000,23190000,-1224,1728000,158300,-2.987E+12,-2.735E+11,-25040000000,1.03E+19,2.471E+12,2.263E+11,7.926E+15,neutral
8.075,0.0602,0.000101,203.2,0.000972,0.03662,0.07438,17.25,0.03892,0.2574,0.2558,0.1997,0.1433,0.1716,0.1129,0.1648,0.0937,0.06152,15.35,1410,172700,34070000,321.6,340.3,15.56,1177000000,27270000,4924000,6.107E+15,248300000,44320000,2.337E+12,6.129,0.0384,6.50E-05,1474,0.001059,0.04031,0.5237,15.8,-0.9844,0.4227,0.1092,0.08639,0.05268,-0.004219,0.04737,0.0868,0.02718,0.063,21.14,1501,178900,33340000,-1411,1729000,158200,-2.99E+12,-2.736E+11,-25030000000,1.03E+19,2.472E+12,2.262E+11,7.921E+15,sad
52.29,0.2326,0.000103,210.6,0.001233,0.04642,0.1148,90.9,0.4451,0.3766,0.2359,0.1654,0.1295,0.1144,0.1169,0.1039,0.07981,0.07263,46.17,1693,228600,41850000,548.2,400.5,8.515,1386000000,49980000,2694000,7.196E+15,452300000,24270000,1.278E+12,19.7,0.09723,5.80E-05,1509,0.001102,0.04184,0.5588,40.23,-0.8731,0.4075,0.198,0.1281,0.1129,0.0784,0.03442,0.02325,0.00249,0.06372,32.51,1696,189500,39960000,-1578,1731000,158200,-2.995E+12,-2.737E+11,-25020000000,1.04E+19,2.473E+12,2.26E+11,7.914E+15,sad
7.395,0.04806,6.90E-05,217.5,0.000916,0.03462,0.1302,19.66,0.03527,0.5882,0.2111,0.1423,0.1023,0.09337,0.0753,0.06977,0.08535,0.05625,21.57,2867,310600,61870000,394.9,451.7,10.31,1565000000,66810000,3262000,8.131E+15,606500000,29070000,1.548E+12,6.071,0.03097,3.60E-05,1479,0.000719,0.02743,0.5547,20.52,-0.9798,0.05001,0.1199,0.1221,0.03909,0.05626,0.05714,0.03103,0.01683,0.04317,33.34,3350,373600,72860000,-1685,1732000,158200,-3E+12,-2.739E+11,-25010000000,1.04E+19,2.475E+12,2.26E+11,7.911E+15,sad
7.396,0.05502,5.40E-05,228.4,0.000883,0.03346,0.1019,19.18,0.0336,0.4224,0.2551,0.1691,0.1271,0.1072,0.09068,0.1046,0.1019,0.05652,15.64,1800,240000,48270000,340.9,418.8,8.883,1452000000,53700000,2809000,7.551E+15,483000000,25670000,1.332E+12,5.998,0.03742,2.80E-05,1495,0.000741,0.02828,0.5994,17.5,-0.9841,0.2761,0.1117,0.06385,0.02905,0.0595,0.0551,0.06028,0.0475,0.04673,25.55,2149,270200,51680000,-1542,1734000,158100,-3.005E+12,-2.741E+11,-24990000000,1.04E+19,2.476E+12,2.258E+11,7.903E+15,sad
52.29,0.2326,0.000103,210.6,0.001233,0.04642,0.1148,90.9,0.4451,0.3766,0.2359,0.1654,0.1295,0.1144,0.1169,0.1039,0.07981,0.07263,46.17,1693,228600,41850000,548.2,400.5,8.515,1390000000,49900000,2692000,7.232E+15,451600000,24250000,1.276E+12,19.7,0.09723,5.80E-05,1509,0.001102,0.04184,0.5588,40.23,-0.8731,0.4075,0.198,0.1281,0.1129,0.0784,0.03442,0.02325,0.00249,0.06372,32.51,1696,189500,39960000,-1578,1735000,158100,-3.01E+12,-2.742E+11,-24980000000,1.04E+19,2.478E+12,2.257E+11,7.898E+15,sad
4.141,0.03266,0.000816,221,0.003046,0.1161,0.102,10.47,0.01646,0.3705,0.2975,0.1386,0.1331,0.08662,0.06836,0.06455,0.05712,0.199,9.842,1468,227900,45480000,434.9,292.3,15.7,1015000000,72960000,4962000,5.286E+15,660200000,44910000,2.353E+12,7.3,0.042,0.000376,1516,0.002303,0.08847,0.5743,21.03,-0.9868,0.4317,0.2456,0.1066,0.009003,0.03058,-0.004278,0.01039,0.007195,0.1583,24.67,1921,260300,48880000,-1456,1736000,158100,-3.014E+12,-2.744E+11,-24990000000,1.05E+19,2.479E+12,2.258E+11,7.899E+15,angry
4.085,0.0338,0.000544,192.6,0.002779,0.1059,0.1053,10.21,0.01598,0.3762,0.2962,0.1433,0.1332,0.09479,0.08145,0.07198,0.07882,0.1742,10.93,1510,224800,44370000,431.4,264.4,5.671,918500000,51420000,1793000,4.787E+15,464800000,16230000,8.504E+11,7.53,0.04472,0.000314,1538,0.00238,0.09166,0.4836,20.27,-0.9871,0.515,0.2094,0.096,0.02805,0.03286,-0.01327,0.001687,0.02206,0.155,22.84,1633,214800,40170000,-1391,1737000,158100,-3.018E+12,-2.746E+11,-24990000000,1.05E+19,2.481E+12,2.258E+11,7.902E+15,angry
5.695,0.04428,0.000508,218.4,0.002393,0.09103,0.1319,12.72,0.02638,0.3238,0.2983,0.1559,0.1388,0.08694,0.06704,0.06944,0.07517,0.148,11.07,1367,206900,41140000,384.4,253.5,7.969,881200000,53640000,2520000,4.595E+15,485900000,22870000,1.195E+12,7.255,0.04306,0.000315,1517,0.00228,0.08773,0.4757,18.9,-0.9859,0.4834,0.1942,0.1029,0.03717,0.03381,0.004402,0.01807,0.04409,0.1448,21.92,1495,192400,35690000,-1347,1738000,158100,-3.021E+12,-2.748E+11,-25000000000,1.05E+19,2.483E+12,2.259E+11,7.905E+15,angry
4.777,0.0362,0.000841,197.2,0.003476,0.1307,0.1008,12.35,0.02253,0.3613,0.3127,0.1342,0.1069,0.07313,0.07091,0.07109,0.07715,0.2067,10.96,1495,228100,45250000,422.8,248.3,10.43,863500000,55360000,3298000,4.505E+15,503900000,30040000,1.565E+12,6.882,0.04029,0.000452,1535,0.002812,0.107,0.5449,18.8,-0.9869,0.4556,0.2214,0.08129,0.01516,0.02268,0.007575,0.01766,0.03463,0.1749,22.54,1664,222100,41920000,-1376,1739000,158100,-3.024E+12,-2.75E+11,-25010000000,1.05E+19,2.484E+12,2.259E+11,7.909E+15,angry
4.098,0.03083,0.000773,238.2,0.003868,0.1464,0.0706,9.42,0.01582,0.3155,0.3004,0.1152,0.0924,0.08964,0.07093,0.06884,0.05903,0.2459,9.553,1312,199000,39310000,401.1,219.6,16.7,764200000,63650000,5282000,3.988E+15,574600000,47680000,2.506E+12,7.81,0.04479,0.000477,1554,0.003684,0.1399,0.4848,18.78,-0.9876,0.558,0.2322,0.1234,0.06819,0.02292,-0.001818,0.01414,0.01434,0.2386,19.97,1254,167300,31430000,-1292,1740000,158200,-3.027E+12,-2.752E+11,-25020000000,1.05E+19,2.486E+12,2.26E+11,7.913E+15,angry
7.259,0.05451,0.000264,216.7,0.001415,0.05329,0.09669,18.35,0.04196,0.3388,0.3271,0.1158,0.1353,0.07833,0.0817,0.08134,0.08165,0.08842,11.82,1345,209700,41830000,342.4,316.3,8.818,1101000000,64770000,2790000,5.749E+15,586600000,25300000,1.324E+12,7.639,0.04563,0.000149,1535,0.001477,0.05652,0.4847,20.55,-0.9828,0.4689,0.172,0.1463,0.05378,0.02241,-0.02187,7.00E-05,0.05123,0.09558,22.33,1542,198100,36920000,-1405,1741000,158200,-3.03E+12,-2.754E+11,-25030000000,1.06E+19,2.488E+12,2.261E+11,7.918E+15,disgust
5.497,0.04234,0.000245,218.4,0.001484,0.0557,0.08975,13.46,0.02872,0.322,0.3072,0.1453,0.1476,0.1107,0.101,0.06544,0.08735,0.08949,10.5,1221,190100,38140000,307.8,303.9,10.15,1059000000,64180000,3213000,5.531E+15,584500000,29330000,1.525E+12,7.442,0.04472,0.000127,1540,0.001492,0.05706,0.5513,19.46,-0.9853,0.5096,0.1728,0.1468,0.06172,0.03163,-0.03065,0.01936,0.06136,0.09447,21.93,1515,196700,36200000,-1414,1742000,158200,-3.034E+12,-2.756E+11,-25030000000,1.06E+19,2.49E+12,2.262E+11,7.922E+15,disgust
9.643,0.0603,0.000183,226.3,0.001431,0.05341,0.1216,21.49,0.05289,0.3413,0.3301,0.1455,0.1361,0.09584,0.08243,0.08369,0.09434,0.0863,13.05,1290,196800,39210000,313.6,306.4,11.21,1068000000,67120000,3548000,5.584E+15,608500000,32200000,1.684E+12,8.7,0.04936,0.00011,1535,0.001404,0.05358,0.5144,22.26,-0.9794,0.4972,0.1432,0.1642,0.03558,0.03468,-0.00582,0.008276,0.04597,0.08982,22.77,1493,189700,35050000,-1423,1743000,158300,-3.037E+12,-2.758E+11,-25040000000,1.06E+19,2.492E+12,2.263E+11,7.926E+15,disgust
9.643,0.0603,0.000183,226.3,0.001431,0.05341,0.1216,21.49,0.05289,0.3413,0.3301,0.1455,0.1361,0.09584,0.08243,0.08369,0.09434,0.0863,13.05,1290,196800,39210000,313.6,306.4,11.21,1069000000,67140000,3549000,5.591E+15,608600000,32200000,1.685E+12,8.7,0.04936,0.00011,1535,0.001404,0.05358,0.5144,22.26,-0.9794,0.4972,0.1432,0.1642,0.03558,0.03468,-0.00582,0.008276,0.04597,0.08982,22.77,1493,189700,35050000,-1423,1744000,158300,-3.041E+12,-2.76E+11,-25050000000,1.06E+19,2.494E+12,2.263E+11,7.93E+15,disgust
7.259,0.05451,0.000264,216.7,0.001415,0.05329,0.09669,18.35,0.04196,0.3388,0.3271,0.1158,0.1353,0.07833,0.0817,0.08134,0.08165,0.08842,11.82,1345,209700,41830000,342.4,316.3,8.818,1104000000,64830000,2792000,5.777E+15,587200000,25310000,1.326E+12,7.639,0.04563,0.000149,1535,0.001477,0.05652,0.4847,20.55,-0.9828,0.4689,0.172,0.1463,0.05378,0.02241,-0.02187,7.00E-05,0.05123,0.09558,22.33,1542,198100,36920000,-1405,1745000,158300,-3.045E+12,-2.762E+11,-25060000000,1.06E+19,2.496E+12,2.264E+11,7.933E+15,disgust
2.913,0.02543,0.000583,212.7,0.002508,0.09527,0.1331,8.935,0.0081,0.3193,0.3119,0.1419,0.1268,0.08416,0.08588,0.08118,0.0797,0.1628,9.665,1429,220100,43570000,391.4,359.8,25.88,1256000000,101200000,8196000,6.582E+15,916900000,74310000,3.893E+12,7.76,0.04651,0.000367,1551,0.002264,0.08712,0.5203,19.84,-0.9881,0.5444,0.2512,0.04357,-0.0163,0.01628,0.002875,-0.004391,0.01512,0.1456,21.68,1437,195100,36900000,-1430,1746000,158400,-3.049E+12,-2.765E+11,-25070000000,1.07E+19,2.498E+12,2.266E+11,7.941E+15,happy
4.504,0.03934,0.000327,185.7,0.001967,0.07422,0.113,12.35,0.01996,0.2319,0.3207,0.1922,0.1304,0.1175,0.09281,0.1013,0.08595,0.1193,10.46,1121,164700,32330000,314.3,354.3,34.19,1238000000,112100000,10830000,6.491E+15,1020000000,98430000,5.149E+12,8.092,0.05116,0.000223,1564,0.001984,0.07567,0.4861,21.13,-0.9853,0.6034,0.1565,-0.00187,0.01562,0.045,-0.003583,0.007569,0.01161,0.1215,20.97,1202,152700,28370000,-1423,1747000,158400,-3.053E+12,-2.768E+11,-25100000000,1.07E+19,2.501E+12,2.268E+11,7.954E+15,happy
4.077,0.03485,0.00054,194.8,0.002244,0.08476,0.1245,11.7,0.01391,0.2567,0.337,0.1781,0.1274,0.1028,0.07844,0.09132,0.08387,0.1385,10.16,1199,179500,35370000,333.2,366.4,19.2,1281000000,89420000,6085000,6.722E+15,815000000,55580000,2.893E+12,8.336,0.04897,0.000328,1533,0.002054,0.07896,0.5186,21.38,-0.9858,0.6053,0.1709,0.01914,0.01831,0.03974,0.01197,0.01797,0.02348,0.1289,21.08,1231,161100,30380000,-1422,1749000,158500,-3.057E+12,-2.771E+11,-25120000000,1.07E+19,2.504E+12,2.27E+11,7.963E+15,happy
67.9,0.2888,0.000547,179.1,0.002134,0.08083,0.1299,119.3,0.5796,0.197,0.2991,0.1732,0.1776,0.1033,0.08301,0.0764,0.07825,0.1293,58.09,1020,173600,28650000,703.8,367.8,36.53,1287000000,120300000,11580000,6.757E+15,1092000000,105100000,5.51E+12,32.87,0.1554,0.000305,1566,0.001868,0.07199,0.5347,64.04,-0.7839,0.6507,0.1652,0.06302,0.0305,0.02678,-0.01666,-0.002151,0.03523,0.1178,42.07,1267,104300,25250000,-1614,1750000,158600,-3.062E+12,-2.775E+11,-25140000000,1.07E+19,2.507E+12,2.272E+11,7.974E+15,happy
4.496,0.03429,0.000342,200.3,0.001757,0.06659,0.1196,11.39,0.01321,0.3886,0.3102,0.1658,0.116,0.1041,0.07588,0.099,0.09994,0.1158,12.47,1672,225600,44130000,368,371.8,16.13,1302000000,86460000,5117000,6.841E+15,781100000,46240000,2.435E+12,7.971,0.04711,0.000204,1518,0.00146,0.05594,0.5704,22,-0.9849,0.4986,0.1527,0.01369,0.01142,0.01959,-0.001779,0.01509,0.03403,0.09767,24.04,1639,205500,38800000,-1489,1751000,158600,-3.066E+12,-2.778E+11,-25160000000,1.07E+19,2.51E+12,2.273E+11,7.982E+15,happy
6.005,0.04567,0.000476,251.7,0.001478,0.05568,0.1489,13.81,0.03126,0.3918,0.3467,0.1553,0.1446,0.08092,0.09152,0.08943,0.08519,0.1024,11.85,1586,230100,44720000,354.6,284.4,2.911,996700000,40300000,923700,5.239E+15,362800000,8454000,4.396E+11,7.803,0.0442,0.000272,1459,0.001271,0.04935,0.5263,20.08,-0.9845,0.4698,0.1874,0.06711,0.03058,0.01847,0.00599,0.05388,0.05269,0.0879,23.07,1695,228200,43640000,-1493,1752000,158600,-3.07E+12,-2.78E+11,-25160000000,1.08E+19,2.511E+12,2.274E+11,7.984E+15,neutral
6.116,0.04347,0.000309,216,0.001425,0.05383,0.1655,13.12,0.02935,0.3958,0.3266,0.1755,0.1034,0.08189,0.07942,0.09026,0.08772,0.09743,11.58,1622,238200,46510000,359.1,374.8,3.146,1314000000,62690000,998000,6.914E+15,564600000,8913000,4.749E+11,7.973,0.04638,0.000171,1477,0.001028,0.03988,0.5643,22.61,-0.983,0.39,0.2356,0.03991,-0.01877,0.03474,0.0192,0.03519,0.03777,0.07127,27.28,2184,292400,55730000,-1608,1753000,158600,-3.074E+12,-2.781E+11,-25160000000,1.08E+19,2.513E+12,2.273E+11,7.982E+15,neutral
61.91,0.2639,0.0004,248.3,0.001579,0.05956,0.1589,106.6,0.5217,0.3163,0.3444,0.1954,0.1801,0.107,0.09595,0.09879,0.08929,0.1118,52.94,1304,214000,37440000,605.8,268,2.799,940500000,46210000,888000,4.95E+15,416800000,7949000,4.226E+11,28.2,0.1337,0.000269,1457,0.001369,0.05318,0.4953,57.21,-0.8216,0.5866,0.1378,0.02742,0.0209,0.02445,-0.000949,0.02294,0.04519,0.09752,39.15,1473,148800,33230000,-1577,1754000,158600,-3.078E+12,-2.783E+11,-25160000000,1.08E+19,2.515E+12,2.274E+11,7.983E+15,neutral
7.979,0.04774,0.000314,229.4,0.001367,0.05138,0.1013,17.48,0.03929,0.3556,0.3306,0.1499,0.1121,0.09468,0.09491,0.08511,0.08516,0.09237,12.76,1454,211700,41410000,340.5,286.2,3.192,1005000000,50730000,1013000,5.292E+15,458100000,9108000,4.82E+11,8.88,0.05102,0.000203,1486,0.00122,0.04733,0.5214,22.3,-0.9799,0.5104,0.1891,0.08932,0.0238,0.03259,0.0129,0.01973,0.03167,0.08387,24.19,1641,210700,39600000,-1493,1755000,158600,-3.082E+12,-2.785E+11,-25160000000,1.08E+19,2.516E+12,2.274E+11,7.984E+15,neutral
8.253,0.05187,0.000328,217.4,0.001379,0.05206,0.157,16.1,0.04129,0.3823,0.3592,0.1985,0.1423,0.1055,0.08123,0.08516,0.08459,0.092,12.56,1527,221300,43270000,332.8,293.5,3.351,1031000000,49880000,1063000,5.433E+15,452000000,9569000,5.059E+11,8.901,0.05103,0.000202,1481,0.001163,0.04496,0.5171,23.24,-0.979,0.5013,0.145,0.04543,0.01826,0.02226,0.007591,0.03762,0.04112,0.07868,24.88,1732,225200,42890000,-1523,1756000,158600,-3.085E+12,-2.786E+11,-25170000000,1.08E+19,2.518E+12,2.274E+11,7.985E+15,neutral
7.09,0.04939,0.000125,196.7,0.000898,0.03352,0.1174,16.38,0.03316,0.3732,0.3287,0.1422,0.1307,0.08594,0.08259,0.08422,0.0828,0.05659,12.87,1559,232500,45710000,329.3,353.5,5.123,1243000000,50690000,1625000,6.552E+15,456800000,14780000,7.735E+11,7.419,0.04678,4.70E-05,1483,0.00068,0.02585,0.5734,20.73,-0.9826,0.36,0.2162,0.09036,0.01729,0.03381,-8.80E-05,0.009404,0.02051,0.04443,25.97,2104,282700,53860000,-1604,1758000,158600,-3.089E+12,-2.788E+11,-25160000000,1.09E+19,2.519E+12,2.273E+11,7.982E+15,sad
4.662,0.04438,0.000112,200,0.000895,0.03359,0.1084,14.71,0.02163,0.3301,0.3317,0.1073,0.1194,0.07701,0.08411,0.06899,0.08072,0.05754,12.55,1470,217200,42670000,312.2,295.3,7.5,1039000000,34930000,2379000,5.48E+15,315000000,21560000,1.132E+12,6.49,0.04191,5.50E-05,1488,0.0008,0.03038,0.5716,18.89,-0.9862,0.4022,0.2036,0.08132,0.01893,0.02011,0.008257,0.003008,0.02655,0.05233,23.03,1747,230000,43900000,-1510,1759000,158600,-3.093E+12,-2.789E+11,-25160000000,1.09E+19,2.52E+12,2.273E+11,7.98E+15,sad
5.193,0.03742,7.90E-05,202.7,0.000777,0.03003,0.06951,13.1,0.02593,0.3852,0.3278,0.1576,0.1085,0.08792,0.07438,0.08957,0.09376,0.05327,11.27,1485,219000,42710000,284,292.7,9.099,1030000000,31800000,2886000,5.438E+15,289700000,25870000,1.373E+12,6.717,0.04142,4.50E-05,1536,0.000813,0.03173,0.5652,18.78,-0.9869,0.4916,0.1988,0.05037,-0.001094,0.01894,0.02182,0.02534,0.0349,0.05314,20.39,1470,201600,38650000,-1495,1760000,158600,-3.097E+12,-2.791E+11,-25150000000,1.09E+19,2.521E+12,2.272E+11,7.976E+15,sad
8.319,0.05676,0.000101,194.6,0.000739,0.02737,0.09074,17.69,0.04458,0.3653,0.3429,0.161,0.1041,0.1133,0.102,0.1024,0.09593,0.04255,13.06,1453,216900,42620000,289.5,370.4,9.435,1304000000,44890000,2992000,6.891E+15,404300000,27140000,1.423E+12,7.615,0.0487,4.10E-05,1516,0.000615,0.02339,0.5815,20.75,-0.9808,0.44,0.1843,0.05811,0.01887,0.01464,-0.005876,0.004812,0.02839,0.0383,24.48,1860,250500,47960000,-1591,1761000,158600,-3.101E+12,-2.792E+11,-25140000000,1.09E+19,2.522E+12,2.271E+11,7.971E+15,sad
4.662,0.04438,0.000112,200,0.000895,0.03359,0.1084,14.71,0.02163,0.3301,0.3317,0.1073,0.1194,0.07701,0.08411,0.06899,0.08072,0.05754,12.55,1470,217200,42670000,312.2,295.3,7.5,1041000000,34890000,2378000,5.5E+15,314600000,21550000,1.131E+12,6.49,0.04191,5.50E-05,1488,0.0008,0.03038,0.5716,18.89,-0.9862,0.4022,0.2036,0.08132,0.01893,0.02011,0.008257,0.003008,0.02655,0.05233,23.03,1747,230000,43900000,-1510,1762000,158500,-3.105E+12,-2.793E+11,-25130000000,1.09E+19,2.524E+12,2.271E+11,7.967E+15,sad
5.38,0.044,0.000633,215,0.002544,0.09749,0.05523,17.17,0.02733,0.4079,0.2794,0.171,0.1452,0.117,0.1143,0.09451,0.08797,0.1863,16.15,1824,207900,41890000,422.2,282.8,15.15,997300000,28880000,4803000,5.275E+15,266000000,42620000,2.284E+12,7.664,0.04428,0.000351,1514,0.002093,0.08089,0.5556,21.03,-0.9821,0.5002,0.1443,0.04924,-0.01552,0.03683,0.01417,0.009203,-0.008703,0.147,24.24,1693,195300,37070000,-1379,1763000,158500,-3.108E+12,-2.794E+11,-25120000000,1.10E+19,2.525E+12,2.27E+11,7.964E+15,angry
11.06,0.0816,0.001189,321,0.003225,0.1232,0.09965,18.56,0.05742,0.4775,0.2923,0.1537,0.1179,0.1197,0.1094,0.1183,0.1403,0.2436,19.04,2055,240300,47760000,423.8,276.4,17.94,975200000,16190000,5683000,5.161E+15,149900000,50680000,2.701E+12,9.849,0.05796,0.000642,1474,0.002655,0.1029,0.5534,24.96,-0.9706,0.4208,0.04601,-0.005143,-0.04903,0.00419,-0.005888,0.0263,0.04238,0.1984,29.31,2068,222400,42840000,-1330,1764000,158400,-3.112E+12,-2.795E+11,-25100000000,1.10E+19,2.525E+12,2.268E+11,7.954E+15,angry
7.141,0.05367,0.001193,250.1,0.002626,0.1003,0.0482,16.48,0.03182,0.4377,0.3316,0.1469,0.1007,0.1146,0.1092,0.1146,0.115,0.1981,15.9,2046,260500,51530000,424.9,278.1,14.16,981700000,31540000,4486000,5.198E+15,287200000,40000000,2.131E+12,9.242,0.05749,0.00049,1519,0.001938,0.07497,0.5868,26.04,-0.9778,0.4626,0.1706,0.02732,-0.04362,0.03522,0.01242,-0.01959,-0.03785,0.1411,29.13,2191,258100,48550000,-1419,1765000,158400,-3.115E+12,-2.795E+11,-25080000000,1.10E+19,2.526E+12,2.266E+11,7.945E+15,angry
8.053,0.06049,0.000922,269.4,0.002889,0.1107,0.08521,20.06,0.03964,0.3022,0.3599,0.1757,0.1302,0.1039,0.1017,0.1383,0.1456,0.2086,14.47,1465,201300,39410000,407,252.5,12.03,891700000,34310000,3810000,4.724E+15,315100000,33680000,1.81E+12,9.878,0.06458,0.000484,1506,0.002425,0.09341,0.5324,25.94,-0.9752,0.56,0.1152,0.04309,-0.05345,0.01902,-0.02095,-0.0159,-0.01386,0.1736,26.8,1748,209800,38750000,-1332,1766000,158300,-3.118E+12,-2.796E+11,-25070000000,1.10E+19,2.526E+12,2.265E+11,7.94E+15,angry
10.51,0.0767,0.001143,326,0.003147,0.1231,0.09532,18.44,0.05499,0.5139,0.3131,0.1704,0.1231,0.1213,0.1309,0.1403,0.1496,0.2362,18.91,2147,252900,50260000,431.9,276.8,18.19,978200000,17190000,5757000,5.185E+15,159200000,51260000,2.734E+12,9.299,0.05435,0.000646,1501,0.002616,0.1029,0.5482,24.04,-0.9726,0.4182,-0.019,-0.01812,-0.0549,0.02071,0.01939,0.05406,0.0461,0.1951,28.77,2100,227900,44010000,-1332,1767000,158300,-3.121E+12,-2.797E+11,-25050000000,1.10E+19,2.527E+12,2.264E+11,7.931E+15,angry
9.742,0.07106,0.000256,226.7,0.001407,0.05199,0.07972,19.87,0.06969,0.3644,0.2967,0.1565,0.1332,0.1527,0.1224,0.1056,0.09591,0.09241,16.88,1682,216300,41820000,375,307.4,18.12,1087000000,22380000,5734000,5.763E+15,201100000,51820000,2.722E+12,8.115,0.05062,0.000138,1472,0.001036,0.03978,0.6281,23.3,-0.974,0.427,0.1425,0.04933,0.01718,0.06817,0.04753,0.03939,-0.02169,0.06886,26.85,1999,235600,44370000,-1501,1768000,158200,-3.125E+12,-2.797E+11,-25030000000,1.11E+19,2.527E+12,2.262E+11,7.92E+15,disgust
10.01,0.06889,0.00051,209,0.001968,0.07415,0.1001,22,0.04709,0.3719,0.2624,0.2585,0.1531,0.1293,0.1215,0.09346,0.1019,0.1189,16.21,1664,223700,44080000,419,334.5,9.622,1183000000,37000000,3044000,6.28E+15,334100000,27530000,1.444E+12,9.716,0.05959,0.000239,1495,0.001273,0.04894,0.6352,28.42,-0.9713,0.4,0.1422,-0.02558,-0.03955,0.09291,0.06025,0.03888,0.02815,0.08087,30.72,2319,280100,52760000,-1568,1769000,158200,-3.129E+12,-2.798E+11,-25020000000,1.11E+19,2.528E+12,2.261E+11,7.914E+15,disgust
10.69,0.07421,0.000613,238.4,0.001833,0.07057,0.03252,24.41,0.0524,0.371,0.2898,0.1981,0.1401,0.1548,0.1114,0.1073,0.08478,0.1169,17.88,1696,214900,42060000,385.4,308.1,11.86,1091000000,29060000,3752000,5.791E+15,266700000,33500000,1.78E+12,10.81,0.06811,0.000214,1507,0.001131,0.04427,0.6467,30.8,-0.9665,0.4239,0.1058,0.05959,-0.01795,0.09783,0.02092,-0.005217,0.02286,0.07693,31.21,2173,244800,45630000,-1538,1770000,158100,-3.133E+12,-2.799E+11,-25010000000,1.11E+19,2.529E+12,2.26E+11,7.91E+15,disgust
9.293,0.06287,0.000525,227.7,0.002154,0.08126,0.06941,21.07,0.04413,0.3902,0.275,0.1915,0.09238,0.1615,0.09984,0.1036,0.1007,0.14,15.78,1684,223600,43960000,411.9,303,11.01,1073000000,30850000,3480000,5.703E+15,277700000,31550000,1.651E+12,8.941,0.05205,0.000238,1485,0.001391,0.05351,0.6351,25.83,-0.975,0.4045,0.1303,0.04549,0.01122,0.1103,0.03694,-0.002669,0.002127,0.09432,29.1,2173,259500,48380000,-1507,1771000,158100,-3.137E+12,-2.8E+11,-25000000000,1.11E+19,2.53E+12,2.259E+11,7.904E+15,disgust
11.14,0.08288,0.000555,244.2,0.001806,0.06833,0.1063,25.32,0.06627,0.3951,0.2923,0.1853,0.1371,0.1467,0.1039,0.09498,0.08424,0.1298,18.62,1785,233400,45340000,411.2,326.8,17.64,1158000000,26290000,5576000,6.158E+15,237400000,50300000,2.644E+12,9.838,0.06198,0.000246,1459,0.001349,0.05238,0.5786,27.98,-0.9688,0.3986,0.1617,0.049,-0.01725,0.08892,0.03554,-0.00108,-0.003501,0.09576,29.51,2129,245600,46380000,-1484,1772000,158100,-3.141E+12,-2.801E+11,-24980000000,1.11E+19,2.531E+12,2.257E+11,7.897E+15,disgust
5.767,0.04306,0.000744,241.8,0.002084,0.07962,0.06275,15.03,0.02445,0.422,0.2683,0.1668,0.133,0.1266,0.1142,0.0953,0.1078,0.1632,14.51,1678,218000,43480000,346.1,244.9,22.35,868600000,14540000,7063000,4.621E+15,131000000,62900000,3.348E+12,7.128,0.04086,0.000344,1514,0.001654,0.06407,0.6035,19.62,-0.9836,0.4297,0.04846,0.03191,-0.05149,0.02799,0.0167,0.05883,0.02648,0.123,25.95,1896,223700,41720000,-1359,1773000,158000,-3.144E+12,-2.802E+11,-24970000000,1.12E+19,2.532E+12,2.256E+11,7.891E+15,happy
5.306,0.04369,0.000852,238.7,0.002619,0.1001,0.05723,16.03,0.02641,0.3464,0.2592,0.2074,0.1421,0.1838,0.1265,0.1265,0.1541,0.1909,14.76,1680,199500,39010000,378.1,244.3,17.11,866900000,11850000,5406000,4.614E+15,111000000,48300000,2.561E+12,8.513,0.05191,0.000434,1479,0.002338,0.08987,0.5381,24.55,-0.9809,0.5639,0.06405,-0.0402,-0.07385,0.02791,0.03684,0.02975,-0.001047,0.1672,25.38,1616,179100,32920000,-1295,1774000,158000,-3.147E+12,-2.802E+11,-24950000000,1.12E+19,2.532E+12,2.254E+11,7.881E+15,happy
5.477,0.04839,0.000561,229.9,0.001633,0.062,0.05687,15.66,0.02344,0.3805,0.3089,0.1515,0.129,0.1037,0.07949,0.08728,0.09781,0.1153,13.49,1600,206500,40430000,316.4,261.4,17.96,928000000,13330000,5672000,4.941E+15,122600000,50910000,2.687E+12,7.796,0.04794,0.000216,1505,0.001363,0.05283,0.5312,21.78,-0.9835,0.5239,0.04603,0.01986,0.005947,0.01884,0.03627,0.006998,0.005936,0.0933,24.88,1649,190800,35320000,-1404,1775000,157900,-3.15E+12,-2.802E+11,-24930000000,1.12E+19,2.532E+12,2.252E+11,7.871E+15,happy
5.83,0.04681,0.000874,275.2,0.002605,0.09963,0.08508,15.83,0.02823,0.3125,0.2637,0.1895,0.1484,0.1722,0.1091,0.1231,0.1571,0.1892,13.84,1500,188800,36860000,374.9,248.8,18.68,883500000,10420000,5897000,4.707E+15,98120000,52750000,2.792E+12,8.44,0.05236,0.000432,1503,0.002283,0.08841,0.5577,23.3,-0.9811,0.5514,0.07778,-0.02225,-0.05502,0.03179,0.02351,0.02612,-0.006852,0.163,24.73,1554,177700,32680000,-1304,1776000,157800,-3.153E+12,-2.803E+11,-24910000000,1.12E+19,2.532E+12,2.251E+11,7.862E+15,happy
5.889,0.04334,0.000695,220.6,0.002016,0.07819,0.07182,15.36,0.02298,0.4821,0.2483,0.1511,0.131,0.1276,0.1203,0.08571,0.1138,0.1552,15.56,1926,244600,48870000,386.9,269,23.26,955700000,16260000,7338000,5.094E+15,147500000,65350000,3.473E+12,7.015,0.03904,0.000289,1515,0.001512,0.05895,0.5874,21.04,-0.9838,0.3576,0.07816,0.03987,-0.06848,0.03089,0.02237,0.04947,0.01879,0.1119,27.91,2215,261600,49290000,-1420,1777000,157800,-3.157E+12,-2.803E+11,-24890000000,1.12E+19,2.533E+12,2.249E+11,7.853E+15,happy
10.48,0.07295,0.0005,265.4,0.001589,0.05986,0.08404,25.36,0.05661,0.4792,0.3131,0.15,0.1183,0.1121,0.08406,0.08905,0.08646,0.1064,19.09,2188,252000,49730000,339.4,309.2,17.39,1099000000,20500000,5484000,5.863E+15,188800000,49060000,2.594E+12,9.497,0.05586,0.000293,1478,0.001448,0.056,0.533,25.65,-0.9723,0.4486,0.1604,0.09114,-0.01421,0.01286,-0.01705,-0.004209,0.01394,0.09734,26.28,1866,208500,40180000,-1434,1778000,157700,-3.16E+12,-2.803E+11,-24860000000,1.12E+19,2.533E+12,2.247E+11,7.841E+15,neutral
10.64,0.07823,0.000486,263.8,0.001283,0.0481,0.07865,26.15,0.06065,0.4413,0.3321,0.1378,0.1108,0.1233,0.09906,0.1049,0.1071,0.09263,18.62,1946,230800,44940000,311.1,291.1,16.29,1035000000,18550000,5135000,5.525E+15,171300000,46000000,2.428E+12,10.1,0.06428,0.0003,1435,0.001269,0.0496,0.5345,25.82,-0.9703,0.5011,0.08565,0.05541,-0.02895,0.002228,0.009591,0.02734,0.02081,0.09144,26.54,1688,180500,34170000,-1401,1779000,157600,-3.164E+12,-2.804E+11,-24840000000,1.13E+19,2.533E+12,2.245E+11,7.832E+15,neutral
6.158,0.04931,0.000321,244.8,0.001458,0.05476,0.06142,16.03,0.03022,0.4927,0.3088,0.1357,0.1065,0.1009,0.0962,0.08189,0.07261,0.09312,16.59,2087,254100,50330000,324.9,306.8,30.55,1092000000,11440000,9625000,5.831E+15,99270000,86440000,4.549E+12,7.269,0.04241,0.000221,1474,0.001458,0.05591,0.5555,19.86,-0.9836,0.4253,0.1287,0.09401,0.005955,0.01626,0.01616,0.01405,0.003669,0.09315,23.06,1701,199200,38340000,-1387,1780000,157500,-3.167E+12,-2.804E+11,-24820000000,1.13E+19,2.533E+12,2.243E+11,7.82E+15,neutral
8.021,0.06223,0.000225,263,0.001236,0.04653,0.09062,19.04,0.03701,0.4639,0.2859,0.1491,0.1236,0.1177,0.09806,0.1085,0.1191,0.08589,18.56,2031,231000,45760000,322.1,331.9,29.23,1182000000,21160000,9204000,6.315E+15,189100000,82020000,4.347E+12,7.836,0.0479,0.000162,1471,0.001248,0.04808,0.4948,21.32,-0.9796,0.3938,0.0847,0.0637,-0.0388,-0.0085,-0.005955,0.02224,0.01126,0.08491,25.42,1847,205700,39310000,-1410,1781000,157400,-3.171E+12,-2.804E+11,-24790000000,1.13E+19,2.533E+12,2.24E+11,7.806E+15,neutral
11.38,0.07955,0.000434,276.2,0.001473,0.05499,0.1047,26.3,0.06098,0.2932,0.3668,0.1803,0.1297,0.1175,0.09429,0.1066,0.1084,0.09577,16.69,1426,199100,39080000,310.3,308.4,22.22,1099000000,12580000,6991000,5.876E+15,116900000,62550000,3.3E+12,11.44,0.07215,0.000291,1466,0.001408,0.05445,0.4959,27.78,-0.9675,0.601,0.1439,0.1001,-0.01029,0.02117,-0.01349,-0.01532,-0.002096,0.09516,24.56,1401,165400,31360000,-1400,1782000,157300,-3.175E+12,-2.804E+11,-24760000000,1.13E+19,2.533E+12,2.237E+11,7.791E+15,neutral
11.31,0.08574,4.40E-05,177.7,0.000803,0.03039,0.1026,27.19,0.06242,0.3445,0.2815,0.1908,0.1223,0.1136,0.08747,0.1114,0.09238,0.05313,18.6,1682,207900,39820000,289,314.8,15.87,1122000000,23100000,4990000,6.004E+15,210600000,44860000,2.354E+12,9.578,0.06426,2.50E-05,1502,0.00083,0.03194,0.4883,25.38,-0.9708,0.4986,0.1697,0.03053,-0.01017,0.03482,-0.02831,-0.03169,-0.01501,0.05541,25.7,1669,193800,37160000,-1496,1783000,157300,-3.179E+12,-2.804E+11,-24730000000,1.13E+19,2.534E+12,2.235E+11,7.779E+15,sad
9.493,0.0662,6.60E-05,233.2,0.001069,0.04112,0.08467,22.05,0.0435,0.388,0.308,0.1821,0.131,0.1157,0.1309,0.1336,0.1137,0.07242,18.05,1770,209900,40800000,306.4,282,18.18,1006000000,12990000,5716000,5.385E+15,119100000,51480000,2.695E+12,9.958,0.06151,4.60E-05,1488,0.001022,0.03957,0.5184,26.21,-0.9736,0.5328,0.1235,0.0137,-0.03136,0.0162,-0.01218,0.002916,0.0156,0.06859,25.53,1624,186400,35660000,-1455,1784000,157200,-3.183E+12,-2.805E+11,-24710000000,1.14E+19,2.534E+12,2.233E+11,7.769E+15,sad
11.2,0.08519,7.40E-05,213.6,0.000733,0.02773,0.08748,27.09,0.06392,0.483,0.3021,0.1498,0.165,0.09147,0.08677,0.07181,0.07388,0.04746,21.51,2134,253700,49440000,301.3,304.4,31.41,1087000000,10450000,9868000,5.82E+15,89620000,88740000,4.651E+12,8.396,0.05565,4.20E-05,1496,0.000614,0.02369,0.5535,25.09,-0.9698,0.3088,0.1613,0.04422,-0.02514,0.03835,0.008291,0.003883,0.009413,0.03942,28.65,2291,263900,52350000,-1569,1785000,157100,-3.186E+12,-2.805E+11,-24680000000,1.14E+19,2.534E+12,2.231E+11,7.756E+15,sad
8.181,0.06102,6.00E-05,213.8,0.000684,0.02554,0.0716,21.47,0.04291,0.2727,0.303,0.2073,0.1622,0.1194,0.1272,0.1291,0.1035,0.04468,15.47,1249,156500,30590000,211.4,253.4,16.25,905000000,12590000,5104000,4.849E+15,117900000,45660000,2.404E+12,8.657,0.05469,4.30E-05,1541,0.000763,0.02936,0.4672,22.56,-0.9768,0.5723,0.125,0.04718,-0.024,-0.013,-0.01668,-0.006122,0.02851,0.04853,22.34,1295,152200,29190000,-1459,1786000,157000,-3.19E+12,-2.805E+11,-24660000000,1.14E+19,2.534E+12,2.228E+11,7.744E+15,sad
12.08,0.09374,7.80E-05,211.4,0.000726,0.02719,0.08162,29.02,0.07381,0.4132,0.3245,0.1609,0.1686,0.0949,0.08946,0.07254,0.08585,0.04765,20.31,1711,209300,41110000,253.8,256.2,25.76,915700000,8597000,8085000,4.909E+15,73040000,72610000,3.807E+12,9.658,0.06644,4.30E-05,1486,0.000679,0.02611,0.5209,25.94,-0.9653,0.4488,0.0714,0.04493,0.007923,0.03978,-0.002252,-0.005333,-0.001413,0.04527,27.05,1794,199000,39170000,-1488,1787000,157000,-3.193E+12,-2.805E+11,-24630000000,1.14E+19,2.534E+12,2.226E+11,7.733E+15,sad
13.36,0.1116,0.000596,201.9,0.002656,0.09963,0.0502,32.83,0.08181,0.2435,0.2984,0.1624,0.1252,0.09905,0.1242,0.1259,0.108,0.158,19.76,1142,129900,24740000,348.1,310.4,22.55,1110000000,87560000,7076000,5.95E+15,787700000,63680000,3.33E+12,10.01,0.07034,0.000318,1582,0.002201,0.08496,0.59,27.32,-0.9601,0.3833,0.004696,0.1117,-0.008912,0.07579,0.03834,0.0149,-0.04163,0.1439,32.19,2195,228300,41620000,-1340,1788000,156900,-3.20E+12,-2.81E+11,-24620000000,1.14E+19,2.54E+12,2.23E+11,7.73E+15,angry
13.16,0.09099,0.00061,203.1,0.002357,0.08886,0.07222,29.71,0.08066,0.2359,0.2964,0.1451,0.1329,0.1263,0.128,0.1143,0.115,0.1595,18.37,1196,129900,24650000,369.4,295.6,22.91,1058000000,86800000,7191000,5.676E+15,784700000,65030000,3.387E+12,10.59,0.06159,0.000283,1586,0.00203,0.07837,0.5672,29.76,-0.9621,0.4267,0.003022,0.1207,6.90E-05,0.06374,0.01881,-0.02534,-0.06527,0.1395,33.16,2198,223700,39930000,-1361,1789000,157000,-3.2E+12,-2.808E+11,-24640000000,1.15E+19,2.538E+12,2.227E+11,7.736E+15,angry
13.17,0.101,0.000963,223,0.002516,0.09662,0.06914,30.84,0.07889,0.2034,0.3192,0.1988,0.1732,0.1687,0.1443,0.1234,0.1076,0.2047,17.54,948.7,111600,21480000,315.4,263.6,24.82,943800000,85330000,7796000,5.068E+15,770800000,70450000,3.673E+12,13.25,0.08866,0.000419,1625,0.002267,0.08911,0.5812,35.56,-0.9517,0.5006,-0.1302,0.1072,-0.04958,0.1252,0.03339,-0.04641,-0.1064,0.1906,37.29,2188,199500,35010000,-1281,1790000,157000,-3.204E+12,-2.811E+11,-24660000000,1.15E+19,2.54E+12,2.228E+11,7.745E+15,angry
14.57,0.09812,0.000647,228.4,0.002132,0.08191,0.08451,32.42,0.09114,0.2628,0.3426,0.1905,0.1416,0.1427,0.1384,0.1126,0.1044,0.1709,17.69,1234,156400,29840000,409.3,333.2,27.99,1194000000,101500000,8795000,6.413E+15,915900000,79400000,4.145E+12,13.22,0.08307,0.000279,1567,0.001625,0.06368,0.6492,36.39,-0.9491,0.394,-0.0455,0.115,-0.03664,0.1095,0.03029,-0.0599,-0.09252,0.1332,40.08,2666,261500,47050000,-1468,1791000,157100,-3.208E+12,-2.814E+11,-24680000000,1.15E+19,2.542E+12,2.23E+11,7.754E+15,angry
13.17,0.101,0.000963,223,0.002516,0.09662,0.06914,30.84,0.07889,0.2034,0.3192,0.1988,0.1732,0.1687,0.1443,0.1234,0.1076,0.2047,17.54,948.7,111600,21480000,315.4,263.6,24.82,944900000,85410000,7803000,5.08E+15,771600000,70510000,3.679E+12,13.25,0.08866,0.000419,1625,0.002267,0.08911,0.5812,35.56,-0.9517,0.5006,-0.1302,0.1072,-0.04958,0.1252,0.03339,-0.04641,-0.1064,0.1906,37.29,2188,199500,35010000,-1281,1792000,157200,-3.211E+12,-2.816E+11,-24700000000,1.15E+19,2.545E+12,2.232E+11,7.763E+15,angry
17.55,0.1172,0.000129,195.1,0.000946,0.03501,0.08028,39.22,0.111,0.254,0.2978,0.1768,0.1264,0.1119,0.1001,0.09833,0.1052,0.05675,19.3,1284,161400,30920000,355.1,378.7,9.236,1358000000,48680000,2904000,7.306E+15,446600000,25720000,1.369E+12,12.98,0.07772,5.40E-05,1505,0.000761,0.02947,0.6107,36.09,-0.9431,0.3251,-0.0412,0.07968,-0.01911,0.06059,0.03709,-0.02908,-0.04958,0.05307,38.95,2686,266400,48410000,-1511,1793000,157200,-3.215E+12,-2.819E+11,-24710000000,1.15E+19,2.547E+12,2.233E+11,7.768E+15,disgust
16.71,0.1187,0.000541,217.3,0.001748,0.06545,0.05479,39.84,0.09999,0.2388,0.2653,0.1472,0.1563,0.1131,0.09611,0.1009,0.1014,0.1037,19.65,1155,140400,26880000,343.9,343,11.4,1231000000,40300000,3583000,6.627E+15,372000000,31680000,1.689E+12,12.08,0.07539,0.000164,1516,0.001388,0.05387,0.5729,33.4,-0.9471,0.363,-0.09791,0.06496,-0.008002,0.07695,0.02315,-0.008419,-0.04074,0.0943,36.83,2395,227900,40780000,-1360,1794000,157200,-3.22E+12,-2.82E+11,-24700000000,1.16E+19,2.548E+12,2.232E+11,7.764E+15,disgust
20.6,0.1258,0.000159,233.9,0.001136,0.04284,0.07268,43.88,0.1367,0.2225,0.2982,0.1564,0.1629,0.1112,0.1068,0.1012,0.08466,0.07904,19.81,1009,138500,25700000,331.7,346.9,5.229,1246000000,55900000,1644000,6.71E+15,507900000,14720000,7.748E+11,14.97,0.08984,7.20E-05,1549,0.000944,0.03698,0.5708,37.67,-0.9315,0.4,-0.07973,0.1226,-0.02488,0.05246,0.000499,-0.04439,-0.07303,0.07195,39.9,2501,241300,43220000,-1436,1796000,157100,-3.224E+12,-2.822E+11,-24690000000,1.16E+19,2.55E+12,2.231E+11,7.76E+15,disgust
14.42,0.1101,0.000229,189.1,0.001308,0.04874,0.09165,33.5,0.08778,0.2238,0.3106,0.1591,0.1458,0.1096,0.09186,0.09526,0.08995,0.06924,19.66,1239,150500,28370000,328.6,356,10.5,1279000000,71060000,3299000,6.895E+15,646700000,30040000,1.555E+12,11.31,0.07256,8.90E-05,1536,0.001035,0.03999,0.6214,31.02,-0.9555,0.3658,-0.01272,0.08778,0.004512,0.0623,0.02239,-0.01727,-0.01779,0.06319,35.7,2397,239000,43410000,-1487,1797000,157200,-3.228E+12,-2.824E+11,-24700000000,1.16E+19,2.551E+12,2.232E+11,7.762E+15,disgust
16.78,0.1214,0.000224,225.5,0.001381,0.05179,0.07797,39.6,0.09705,0.2189,0.2776,0.1717,0.1435,0.1163,0.1214,0.09355,0.1005,0.09199,19.92,1130,131100,24860000,329.3,333.9,5.526,1201000000,55330000,1737000,6.476E+15,504000000,15650000,8.189E+11,13.05,0.08306,0.00011,1532,0.001222,0.04742,0.5678,35.2,-0.9448,0.3961,-0.09423,0.08282,-0.007238,0.07078,0.01974,0.005805,-0.04061,0.08625,37.6,2359,222700,39870000,-1389,1798000,157200,-3.233E+12,-2.826E+11,-24700000000,1.16E+19,2.553E+12,2.232E+11,7.763E+15,disgust
4.244,0.03549,0.000243,258.1,0.001287,0.04766,0.02209,16.87,0.02172,0.3318,0.2909,0.213,0.1526,0.1533,0.1338,0.1082,0.1061,0.07623,17.32,1693,173000,33380000,317.1,277.6,7.339,998700000,31680000,2307000,5.39E+15,290400000,20580000,1.087E+12,8.031,0.04449,0.000154,1466,0.001214,0.0468,0.6035,24.68,-0.9788,0.416,0.1019,0.05341,-0.06701,0.02401,0.002014,-0.004904,-0.02145,0.0794,29.46,2163,233000,42410000,-1391,1799000,157100,-3.236E+12,-2.827E+11,-24690000000,1.16E+19,2.555E+12,2.232E+11,7.761E+15,happy
3.883,0.03292,0.000166,264.9,0.001028,0.0385,0.03961,12.25,0.01619,0.2896,0.2159,0.1792,0.1283,0.1103,0.08478,0.0776,0.08023,0.06497,13.39,1237,129400,24720000,224.8,320.6,22.86,1154000000,25550000,7182000,6.233E+15,235600000,63980000,3.385E+12,5.714,0.0332,9.30E-05,1483,0.000961,0.0365,0.6265,16.86,-0.9872,0.4786,0.05599,-0.003473,-0.0351,-0.0257,-0.01016,-0.007525,-0.01126,0.05889,23.61,1632,190200,34660000,-1407,1800000,157100,-3.24E+12,-2.828E+11,-24680000000,1.17E+19,2.556E+12,2.231E+11,7.757E+15,happy
3.431,0.02844,0.000138,262.4,0.00107,0.03997,0.02,14.04,0.01658,0.2891,0.1972,0.1979,0.1501,0.1246,0.09262,0.08894,0.08906,0.06453,13.99,1499,165200,31510000,281,298.6,15.65,1076000000,19960000,4917000,5.812E+15,184300000,44100000,2.316E+12,6.912,0.03927,8.90E-05,1480,0.001066,0.04091,0.6025,20.32,-0.9846,0.5127,0.1445,-0.0283,-0.05973,-0.01309,0.008363,0.005339,0.004212,0.06495,24.28,1671,197400,36210000,-1413,1801000,157000,-3.244E+12,-2.829E+11,-24660000000,1.17E+19,2.556E+12,2.229E+11,7.746E+15,happy
65.95,0.2852,0.000213,248.3,0.001217,0.04553,0.04427,117.5,0.5624,0.3158,0.2575,0.208,0.2034,0.1449,0.1217,0.09733,0.09374,0.07076,56.12,1543,197500,31150000,649.4,300.1,17.86,1082000000,15660000,5607000,5.847E+15,144300000,50430000,2.641E+12,28.99,0.1358,0.00013,1474,0.001148,0.04371,0.6046,59.2,-0.7974,0.508,0.1181,0.02264,-0.01245,0.02394,-0.02326,-0.01125,-0.002064,0.07113,43.58,1841,160900,35920000,-1550,1802000,157000,-3.248E+12,-2.829E+11,-24650000000,1.17E+19,2.557E+12,2.227E+11,7.738E+15,happy
8.222,0.06337,0.000145,266.4,0.001165,0.0436,0.02393,20.93,0.0425,0.2583,0.2654,0.2012,0.1369,0.1305,0.1134,0.1012,0.1069,0.0722,16.59,1440,155900,29810000,305.2,267.8,13.6,965700000,18400000,4270000,5.224E+15,170700000,38200000,2.01E+12,9.156,0.06041,0.000102,1507,0.001128,0.04366,0.6192,25.67,-0.9744,0.5384,0.09952,0.01638,-0.06858,-0.03159,-0.03277,-0.000866,0.001374,0.07406,27.11,1728,189100,34300000,-1372,1803000,157000,-3.251E+12,-2.83E+11,-24630000000,1.17E+19,2.557E+12,2.226E+11,7.732E+15,happy
6.759,0.07617,0.000318,283.8,0.001412,0.05441,0.04855,22.8,0.04065,0.3069,0.3095,0.2116,0.1491,0.1558,0.1434,0.09724,0.1289,0.09735,19.57,1665,153100,30110000,351.8,336.3,14.89,1214000000,26630000,4673000,6.569E+15,245300000,41820000,2.2E+12,10.58,0.07727,0.000169,1480,0.001183,0.04637,0.6238,31.2,-0.9633,0.5018,-0.07882,-0.05784,-0.06708,-0.0434,-0.02839,0.00687,-0.000583,0.0858,33.55,2079,189600,35070000,-1398,1804000,156900,-3.255E+12,-2.831E+11,-24620000000,1.18E+19,2.558E+12,2.225E+11,7.726E+15,neutral
10.34,0.08186,0.000235,264.9,0.001192,0.0458,0.04611,22.77,0.05079,0.3064,0.3139,0.2367,0.1511,0.1745,0.1555,0.1056,0.1093,0.0778,20.07,1693,165400,32080000,327.8,362.8,15.72,1310000000,29160000,4932000,7.095E+15,266400000,44290000,2.321E+12,10.02,0.06443,0.000128,1464,0.001034,0.04017,0.6181,27.52,-0.9659,0.4669,-0.01821,-0.03971,-0.03777,-0.001387,-0.005497,0.006665,-0.007063,0.07109,31.43,2009,194200,36410000,-1429,1805000,156900,-3.259E+12,-2.832E+11,-24610000000,1.18E+19,2.559E+12,2.224E+11,7.719E+15,neutral
3.825,0.03221,0.00023,257,0.001214,0.04637,0.03923,13.1,0.01757,0.3254,0.3234,0.2225,0.1306,0.2122,0.155,0.1026,0.1159,0.07959,15.03,1601,194700,37890000,297.8,341.7,14.46,1235000000,29120000,4535000,6.691E+15,269000000,40480000,2.134E+12,6.877,0.04025,0.000112,1473,0.001076,0.04165,0.6187,19.51,-0.9839,0.4416,0.09731,0.01696,-0.01982,0.01042,-0.01954,-0.0304,-0.02245,0.07009,25.4,1793,209400,39080000,-1420,1807000,156800,-3.264E+12,-2.833E+11,-24590000000,1.18E+19,2.56E+12,2.222E+11,7.713E+15,neutral
4.429,0.03304,0.000173,260.3,0.001084,0.04062,0.0321,17.15,0.02239,0.3523,0.2783,0.2351,0.1443,0.1914,0.1525,0.09736,0.104,0.07435,16.33,1779,208000,40280000,335.4,355.8,14.38,1286000000,30290000,4508000,6.977E+15,277000000,40440000,2.12E+12,7.629,0.04505,9.70E-05,1440,0.001,0.03862,0.5822,21.98,-0.9803,0.4189,0.1171,-0.02209,-0.04035,0.02408,0.001745,-0.01602,-0.02242,0.06796,27.06,1961,227100,42370000,-1450,1808000,156800,-3.268E+12,-2.834E+11,-24580000000,1.18E+19,2.561E+12,2.221E+11,7.706E+15,neutral
3.341,0.02642,0.000254,283.8,0.001182,0.04442,0.02176,13.15,0.01498,0.3307,0.246,0.2393,0.1445,0.1705,0.1259,0.0935,0.09458,0.08458,13.68,1514,173200,33610000,264,285.7,12.6,1033000000,22280000,3950000,5.608E+15,203100000,35530000,1.857E+12,6.411,0.03557,0.000146,1444,0.001114,0.04313,0.6139,16.62,-0.9864,0.4856,0.1056,-0.01053,-0.04373,-0.01566,-0.00101,-0.002624,0.004775,0.07474,22.68,1566,189000,35160000,-1381,1809000,156700,-3.272E+12,-2.835E+11,-24560000000,1.18E+19,2.562E+12,2.22E+11,7.7E+15,neutral
6.263,0.05367,6.10E-05,165.3,0.000498,0.01823,0.05006,19.17,0.02724,0.2269,0.2171,0.2337,0.1627,0.1462,0.1282,0.1133,0.07608,0.02262,15.71,1167,115500,21890000,202.7,358.7,12.52,1299000000,35380000,3922000,7.052E+15,320300000,35420000,1.843E+12,7.089,0.04498,2.30E-05,1542,0.000426,0.01626,0.6637,21.96,-0.9792,0.3939,0.02585,0.07186,-0.002868,0.0311,0.001917,-0.04473,-0.00018,0.02327,29.21,2159,238300,42690000,-1577,1810000,156700,-3.276E+12,-2.836E+11,-24550000000,1.19E+19,2.563E+12,2.218E+11,7.693E+15,sad
79.13,0.3396,7.40E-05,168,0.000669,0.02499,0.01988,137.3,0.6788,0.224,0.237,0.1799,0.2077,0.1289,0.1424,0.08376,0.08379,0.03081,66.08,1024,170800,21000000,742.6,337.8,12.32,1224000000,35480000,3859000,6.65E+15,324400000,34510000,1.814E+12,40.08,0.1803,3.10E-05,1522,0.000571,0.02188,0.6457,76.63,-0.6928,0.4419,0.06958,0.1337,0.05915,0.07379,0.01378,-0.0104,-0.005524,0.03015,53.73,1892,143000,34030000,-1786,1811000,156700,-3.281E+12,-2.837E+11,-24540000000,1.19E+19,2.564E+12,2.218E+11,7.688E+15,sad
79.13,0.3396,7.40E-05,168,0.000669,0.02499,0.01988,137.3,0.6788,0.224,0.237,0.1799,0.2077,0.1289,0.1424,0.08376,0.08379,0.03081,66.08,1024,170800,21000000,742.6,337.8,12.32,1225000000,35460000,3858000,6.658E+15,324300000,34510000,1.813E+12,40.08,0.1803,3.10E-05,1522,0.000571,0.02188,0.6457,76.63,-0.6928,0.4419,0.06958,0.1337,0.05915,0.07379,0.01378,-0.0104,-0.005524,0.03015,53.73,1892,143000,34030000,-1786,1812000,156600,-3.285E+12,-2.839E+11,-24530000000,1.19E+19,2.565E+12,2.217E+11,7.683E+15,sad
82.48,0.3521,7.50E-05,170.9,0.000586,0.02152,0.03945,143.4,0.7079,0.2663,0.3081,0.1851,0.1681,0.1312,0.1168,0.08215,0.07462,0.02752,69.25,938.5,158800,16360000,768.4,372.9,7.352,1353000000,47770000,2303000,7.359E+15,430100000,20850000,1.082E+12,45.16,0.2067,2.90E-05,1533,0.000508,0.01939,0.6409,86.34,-0.6585,0.4816,0.01401,0.152,0.1102,0.0538,-0.01608,-0.0107,0.01709,0.02706,56.27,1758,122700,30710000,-1841,1814000,156600,-3.289E+12,-2.84E+11,-24520000000,1.19E+19,2.566E+12,2.216E+11,7.679E+15,sad
6.263,0.05367,6.10E-05,165.3,0.000498,0.01823,0.05006,19.17,0.02724,0.2269,0.2171,0.2337,0.1627,0.1462,0.1282,0.1133,0.07608,0.02262,15.71,1167,115500,21890000,202.7,358.7,12.52,1302000000,35290000,3919000,7.09E+15,319500000,35390000,1.84E+12,7.089,0.04498,2.30E-05,1542,0.000426,0.01626,0.6637,21.96,-0.9792,0.3939,0.02585,0.07186,-0.002868,0.0311,0.001917,-0.04473,-0.00018,0.02327,29.21,2159,238300,42690000,-1577,1815000,156600,-3.294E+12,-2.841E+11,-24510000000,1.20E+19,2.568E+12,2.215E+11,7.674E+15,sad
14.87,0.1189,0.000991,254.3,0.002659,0.1026,0.08268,32.96,0.1136,0.4646,0.3082,0.1818,0.1353,0.1312,0.1148,0.09081,0.08673,0.2195,18.03,1702,245700,48140000,391.6,453.2,10.57,1646000000,77220000,3309000,8.971E+15,701100000,29820000,1.554E+12,10.8,0.07594,0.000347,1497,0.001593,0.06243,0.6751,28.78,-0.9559,0.3118,0.09351,0.0881,-0.06807,-0.03075,-0.0525,-0.01911,-0.04637,0.1295,34.4,2667,310300,59530000,-1508,1816000,156500,-3.299E+12,-2.843E+11,-24500000000,1.20E+19,2.569E+12,2.214E+11,7.669E+15,angry
14.36,0.11,0.000465,282,0.002001,0.07658,0.1065,30.41,0.1037,0.5172,0.2919,0.1818,0.1565,0.1353,0.09961,0.08854,0.08515,0.1571,17.51,1867,275700,54460000,370,450.8,12.56,1639000000,69930000,3930000,8.938E+15,634100000,35670000,1.845E+12,9.45,0.06331,0.000177,1474,0.001295,0.05053,0.6643,24.93,-0.9644,0.256,0.1185,0.09731,-0.08706,-0.02929,-0.03489,-0.00369,-0.01378,0.1019,32.46,2761,340800,65770000,-1543,1818000,156500,-3.305E+12,-2.845E+11,-24480000000,1.20E+19,2.57E+12,2.213E+11,7.662E+15,angry
13.48,0.1024,0.000395,251.9,0.001811,0.06944,0.081,31.16,0.09227,0.4458,0.3098,0.1575,0.1355,0.1256,0.1098,0.07737,0.07738,0.1446,16.19,1640,247300,49260000,356.5,424.7,10.64,1546000000,59450000,3328000,8.436E+15,539800000,30030000,1.562E+12,8.934,0.05585,0.000147,1511,0.001155,0.04513,0.6772,24.02,-0.966,0.2567,0.09694,0.1344,-0.05513,-0.000893,-0.02005,-0.006179,-0.01816,0.09032,32.66,2688,323500,61180000,-1517,1819000,156400,-3.31E+12,-2.846E+11,-24470000000,1.21E+19,2.572E+12,2.211E+11,7.655E+15,angry
15.81,0.1092,0.000397,282.5,0.0018,0.06863,0.07523,35.05,0.1079,0.4258,0.321,0.1594,0.1637,0.1306,0.09844,0.08603,0.08728,0.1447,17.59,1470,230900,46320000,342.2,413.2,7.771,1505000000,65630000,2431000,8.219E+15,594200000,21980000,1.14E+12,10.53,0.06905,0.000153,1505,0.001303,0.05071,0.6435,26.73,-0.9593,0.3738,0.08965,0.1103,-0.07575,-0.02851,-0.02718,-0.008791,-0.02958,0.1029,30.44,2240,273500,52090000,-1471,1821000,156400,-3.315E+12,-2.848E+11,-24460000000,1.21E+19,2.573E+12,2.21E+11,7.649E+15,angry
14.36,0.11,0.000465,282,0.002001,0.07658,0.1065,30.41,0.1037,0.5172,0.2919,0.1818,0.1565,0.1353,0.09961,0.08854,0.08515,0.1571,17.51,1867,275700,54460000,370,450.8,12.56,1643000000,69880000,3926000,8.982E+15,633700000,35640000,1.841E+12,9.45,0.06331,0.000177,1474,0.001295,0.05053,0.6643,24.93,-0.9644,0.256,0.1185,0.09731,-0.08706,-0.02929,-0.03489,-0.00369,-0.01378,0.1019,32.46,2761,340800,65770000,-1543,1822000,156300,-3.321E+12,-2.849E+11,-24440000000,1.21E+19,2.575E+12,2.209E+11,7.642E+15,angry
18.7,0.1407,0.000734,183.2,0.002321,0.08764,0.1013,41.3,0.1317,0.4462,0.3378,0.1492,0.168,0.1258,0.1201,0.1294,0.1015,0.1505,23.29,1809,255500,48950000,379.7,548.3,49.07,2000000000,172600000,15350000,1.10E+16,1562000000,138900000,7.199E+12,12.47,0.08102,0.000274,1549,0.001671,0.0647,0.6052,33.25,-0.9436,0.2856,0.0787,0.1045,0.001323,0.05366,-0.03121,-0.03581,-0.05374,0.1116,35.69,2620,284400,55650000,-1539,1824000,156400,-3.327E+12,-2.852E+11,-24450000000,1.21E+19,2.578E+12,2.21E+11,7.647E+15,disgust
16.49,0.1336,0.001083,198.7,0.002529,0.09497,0.09547,37.43,0.11,0.4219,0.3258,0.1618,0.1545,0.1356,0.1294,0.138,0.1068,0.1479,22.63,1800,245200,47360000,380.2,568.8,38.55,2077000000,156700000,12060000,1.14E+16,1419000000,109300000,5.661E+12,11.98,0.07828,0.000287,1543,0.001628,0.06267,0.6501,33.6,-0.9493,0.2604,0.114,0.0905,0.009484,0.08617,0.004397,-0.0163,-0.06497,0.103,36.48,2748,296400,57430000,-1557,1826000,156500,-3.334E+12,-2.857E+11,-24480000000,1.22E+19,2.582E+12,2.212E+11,7.658E+15,disgust
17.23,0.1373,0.001014,199.5,0.002394,0.09011,0.08254,39.31,0.1105,0.3998,0.3685,0.1386,0.1557,0.1357,0.1293,0.1213,0.09187,0.149,21.59,1612,229500,44800000,365.1,525.5,45.15,1921000000,163300000,14130000,1.05E+16,1477000000,127800000,6.638E+12,13.35,0.08821,0.000284,1552,0.001614,0.06255,0.6328,34.77,-0.9439,0.307,0.07993,0.1393,0.009456,0.08566,0.02573,0.001051,-0.0587,0.1097,36.06,2552,274600,52420000,-1537,1828000,156500,-3.341E+12,-2.861E+11,-24500000000,1.22E+19,2.586E+12,2.215E+11,7.672E+15,disgust
21.43,0.1615,0.001096,216.4,0.002435,0.09187,0.107,46.59,0.1626,0.4042,0.3588,0.1404,0.1474,0.105,0.09953,0.1088,0.08944,0.1615,23.85,1774,241600,46450000,400.9,552.5,52.68,2022000000,181000000,16510000,1.11E+16,1639000000,149400000,7.757E+12,13.41,0.08913,0.000282,1555,0.00174,0.06777,0.6154,35.23,-0.934,0.273,0.0895,0.1073,-0.01114,0.0415,-0.02057,-0.0273,-0.03168,0.1248,36.99,2680,281300,55010000,-1506,1830000,156700,-3.348E+12,-2.866E+11,-24540000000,1.23E+19,2.59E+12,2.218E+11,7.689E+15,disgust
16.49,0.1336,0.001083,198.7,0.002529,0.09497,0.09547,37.43,0.11,0.4219,0.3258,0.1618,0.1545,0.1356,0.1294,0.138,0.1068,0.1479,22.63,1800,245200,47360000,380.2,568.8,38.55,2084000000,157100000,12080000,1.15E+16,1422000000,109500000,5.682E+12,11.98,0.07828,0.000287,1543,0.001628,0.06267,0.6501,33.6,-0.9493,0.2604,0.114,0.0905,0.009484,0.08617,0.004397,-0.0163,-0.06497,0.103,36.48,2748,296400,57430000,-1557,1832000,156700,-3.355E+12,-2.871E+11,-24570000000,1.23E+19,2.594E+12,2.22E+11,7.701E+15,disgust
10.17,0.1093,0.000584,196.7,0.002363,0.08745,0.07077,24.92,0.06479,0.3405,0.2789,0.1976,0.1397,0.1153,0.1464,0.1176,0.0894,0.09877,22.13,1765,181300,35720000,300.9,402.8,15.07,1477000000,89390000,4726000,8.123E+15,807600000,42690000,2.223E+12,7.921,0.04689,0.000212,1564,0.001775,0.06746,0.6247,20.76,-0.9724,0.2686,0.09293,0.09965,0.04047,0.1165,0.08228,0.1053,0.01465,0.08544,30.73,2415,245900,47430000,-1488,1833000,156800,-3.361E+12,-2.875E+11,-24580000000,1.23E+19,2.598E+12,2.222E+11,7.709E+15,happy
8.304,0.07185,0.00082,193,0.002614,0.09747,0.06991,17.24,0.05938,0.4362,0.272,0.1818,0.1318,0.1249,0.1146,0.106,0.101,0.1141,17.59,1899,241000,47490000,366.9,492.5,11.25,1807000000,92690000,3529000,9.949E+15,842300000,32100000,1.66E+12,6.916,0.03869,0.000237,1542,0.001547,0.0592,0.66,20.97,-0.9779,0.1714,0.1204,0.08234,0.005341,0.1145,0.06281,0.02837,-0.0421,0.07889,33.02,2940,337500,63970000,-1578,1835000,156800,-3.367E+12,-2.877E+11,-24590000000,1.24E+19,2.6E+12,2.222E+11,7.711E+15,happy
9.429,0.08338,0.00091,171.7,0.00249,0.09224,0.08121,17.44,0.06527,0.4155,0.2812,0.2142,0.1598,0.1494,0.1395,0.1074,0.09935,0.112,18.95,1966,236400,45760000,351.9,422.1,17.98,1550000000,96140000,5640000,8.542E+15,865600000,50770000,2.653E+12,7.904,0.04509,0.000284,1511,0.001794,0.06834,0.6337,22.85,-0.9759,0.2961,0.08341,0.05714,-0.02389,0.1201,0.08338,0.04341,-0.03849,0.08985,31.28,2486,263900,49430000,-1512,1837000,156800,-3.373E+12,-2.88E+11,-24590000000,1.24E+19,2.602E+12,2.222E+11,7.712E+15,happy
8.019,0.05667,0.00072,191.1,0.002227,0.08287,0.07664,19.23,0.03499,0.4289,0.2246,0.1967,0.1727,0.1265,0.1382,0.1041,0.09364,0.1153,16.56,1852,235500,46650000,368.7,423,15.86,1555000000,91560000,4976000,8.573E+15,831400000,45160000,2.341E+12,7.91,0.04417,0.00022,1524,0.001651,0.06328,0.6287,21.79,-0.979,0.3041,0.1473,0.09331,-0.009627,0.06819,0.02977,0.01125,-0.05215,0.09181,30.42,2491,292400,54330000,-1511,1838000,156900,-3.378E+12,-2.883E+11,-24600000000,1.24E+19,2.605E+12,2.223E+11,7.718E+15,happy
11.75,0.1041,0.000621,185.7,0.002135,0.07975,0.06077,27.79,0.07745,0.3666,0.235,0.173,0.14,0.0945,0.1094,0.1047,0.09699,0.1017,19.85,1742,212000,41380000,333.4,450.1,13.42,1656000000,90740000,4211000,9.138E+15,825400000,38310000,1.982E+12,8.564,0.05333,0.000206,1524,0.00147,0.05641,0.641,23.97,-0.9699,0.254,0.1778,0.1221,0.02719,0.09941,0.05415,0.03023,-0.03808,0.07806,30.71,2552,295800,55960000,-1534,1839000,156900,-3.384E+12,-2.886E+11,-24610000000,1.25E+19,2.608E+12,2.224E+11,7.72E+15,happy
8.736,0.06509,0.000249,239.2,0.001343,0.05051,0.03248,18.82,0.05296,0.425,0.2478,0.1906,0.1473,0.1475,0.1351,0.09598,0.095,0.07108,18.29,1902,221300,43900000,323.9,409.3,9.547,1507000000,79870000,2995000,8.322E+15,723300000,27110000,1.41E+12,8.049,0.04663,9.90E-05,1497,0.001047,0.04029,0.6172,23.11,-0.9753,0.3676,0.0985,0.08688,-0.04926,0.03602,0.0283,0.02423,-0.009302,0.06331,29.85,2270,250000,46410000,-1529,1841000,156900,-3.389E+12,-2.888E+11,-24610000000,1.25E+19,2.61E+12,2.224E+11,7.721E+15,neutral
7.622,0.05083,0.00018,215.3,0.001309,0.04842,0.04415,15.16,0.05534,0.4246,0.2428,0.1965,0.1435,0.145,0.1362,0.08929,0.08435,0.06321,18.98,2045,229800,45320000,334.8,442.1,6.681,1629000000,69970000,2096000,9.005E+15,635000000,18770000,9.864E+11,7.004,0.03538,7.80E-05,1480,0.000933,0.03565,0.6224,21.59,-0.9788,0.2644,0.1012,0.09976,-0.003507,0.07362,0.06665,0.03753,-0.0236,0.05147,31.33,2627,287300,53700000,-1593,1842000,156900,-3.395E+12,-2.89E+11,-24610000000,1.25E+19,2.612E+12,2.224E+11,7.72E+15,neutral
4.959,0.03379,0.000276,209.6,0.001535,0.05655,0.05926,13.95,0.02215,0.4223,0.2131,0.1613,0.1468,0.1532,0.1223,0.09593,0.09707,0.07204,16.47,1926,235600,46580000,327.5,424.5,3.648,1566000000,67590000,1144000,8.66E+15,612400000,10370000,5.385E+11,6.334,0.03105,0.000118,1482,0.001088,0.04162,0.6437,19.23,-0.9848,0.2862,0.1606,0.09384,-0.02269,0.0717,0.06113,0.02332,-0.01425,0.05914,28.52,2409,284600,52910000,-1558,1844000,156900,-3.4E+12,-2.892E+11,-24600000000,1.25E+19,2.614E+12,2.223E+11,7.718E+15,neutral
8.831,0.07154,0.000255,213.5,0.001294,0.04891,0.04484,21.59,0.04962,0.4181,0.2754,0.1611,0.1469,0.1485,0.1312,0.1035,0.1017,0.0712,17.59,1850,230700,45390000,331.9,418.8,4.739,1546000000,68460000,1487000,8.558E+15,622200000,13330000,6.996E+11,7.784,0.04592,0.00011,1484,0.000937,0.03618,0.6545,22.66,-0.9761,0.3228,0.1066,0.09481,-0.02493,0.08124,0.0618,0.02092,-0.04246,0.05798,30.34,2412,274500,51040000,-1558,1845000,156900,-3.405E+12,-2.895E+11,-24600000000,1.26E+19,2.616E+12,2.223E+11,7.718E+15,neutral
7.394,0.05699,0.000216,198.8,0.00131,0.04826,0.06945,17.7,0.03748,0.4491,0.2655,0.191,0.1385,0.1511,0.1379,0.1165,0.1068,0.06673,17.18,2015,247000,48930000,348.7,486.6,4.77,1797000000,71190000,1496000,9.958E+15,645800000,13310000,7.04E+11,7.45,0.04194,8.00E-05,1485,0.000828,0.03171,0.6593,23.83,-0.9776,0.2593,0.1258,0.07912,-0.02546,0.06415,0.04348,0.01164,-0.04543,0.04969,32.92,2800,321200,60160000,-1623,1847000,156800,-3.411E+12,-2.897E+11,-24600000000,1.26E+19,2.618E+12,2.223E+11,7.715E+15,neutral
9.878,0.05538,6.30E-05,170.5,0.000514,0.01909,0.02943,23.06,0.03807,0.3874,0.2576,0.1909,0.1778,0.1311,0.1159,0.08692,0.09193,0.02861,15.88,1567,209600,42310000,274.5,418.8,24.43,1548000000,23600000,7661000,8.586E+15,219000000,68610000,3.603E+12,7.723,0.04339,1.70E-05,1518,0.000401,0.0153,0.6372,22.82,-0.9764,0.2194,0.1341,0.1803,-0.03026,-0.000956,-0.007415,-0.007551,-0.02392,0.02446,30.77,2637,325000,60090000,-1642,1849000,156800,-3.417E+12,-2.898E+11,-24580000000,1.26E+19,2.619E+12,2.222E+11,7.708E+15,sad
10.91,0.06748,5.50E-05,203.9,0.000599,0.0221,0.04246,25.88,0.05262,0.3923,0.2003,0.1385,0.1534,0.1315,0.1009,0.09309,0.09072,0.03278,17.63,1735,225200,44530000,292,409.6,19.12,1516000000,31940000,5991000,8.412E+15,294500000,53600000,2.816E+12,8.145,0.04648,2.20E-05,1497,0.000474,0.01803,0.6062,23.87,-0.9732,0.1944,0.1731,0.1848,-0.002499,0.02067,0.012,0.005928,-0.05249,0.02829,31.03,2673,326000,60620000,-1630,1850000,156700,-3.422E+12,-2.899E+11,-24560000000,1.27E+19,2.62E+12,2.219E+11,7.697E+15,sad
11.45,0.0734,6.30E-05,207.6,0.000632,0.02383,0.03579,26.05,0.04654,0.3461,0.2045,0.3173,0.1927,0.1439,0.1036,0.09181,0.1001,0.03389,16.85,1415,171000,33800000,283.3,403.1,13.64,1493000000,40250000,4275000,8.29E+15,368500000,38170000,2.009E+12,11.22,0.06884,2.40E-05,1503,0.000535,0.02055,0.5955,30.21,-0.9669,0.4856,0.1406,0.05952,-0.07313,-0.04799,-0.02198,-0.000554,-0.03787,0.03252,29.51,2050,242900,44710000,-1586,1851000,156700,-3.428E+12,-2.9E+11,-24540000000,1.27E+19,2.621E+12,2.218E+11,7.688E+15,sad
10.02,0.06645,9.70E-05,183.6,0.00073,0.02777,0.05585,24.53,0.0466,0.4112,0.2501,0.1883,0.1541,0.1211,0.122,0.1162,0.08427,0.03841,17.91,1804,229800,45190000,304.1,439,15.7,1627000000,41870000,4918000,9.043E+15,382900000,44030000,2.31E+12,8.677,0.05233,3.00E-05,1510,0.000509,0.01975,0.6427,26.32,-0.9731,0.3164,0.2091,0.1582,-0.02653,-0.005343,-0.03237,-0.04178,-0.06219,0.03073,30.93,2574,313700,58890000,-1646,1853000,156600,-3.433E+12,-2.902E+11,-24520000000,1.27E+19,2.622E+12,2.216E+11,7.68E+15,sad
10.3,0.06941,6.70E-05,171.8,0.000642,0.02395,0.0629,22.05,0.0642,0.4351,0.2299,0.154,0.1769,0.1365,0.1036,0.09941,0.08139,0.03327,18.63,2008,248000,48380000,298.1,518.8,18.35,1924000000,48790000,5746000,1.07E+16,443800000,51660000,2.698E+12,7.889,0.04717,1.90E-05,1494,0.000394,0.015,0.6753,24.74,-0.9709,0.1204,0.1946,0.1595,0.00367,0.01914,0.002951,0.005357,-0.01335,0.02306,33.82,3138,378100,71910000,-1732,1854000,156500,-3.439E+12,-2.903E+11,-24500000000,1.28E+19,2.624E+12,2.215E+11,7.672E+15,sad
15.33,0.135,0.000781,237.1,0.002262,0.08449,0.03512,33.88,0.1134,0.3399,0.3126,0.1893,0.1547,0.1198,0.1171,0.112,0.1012,0.1295,22.91,1570,173200,33000000,327.9,322.7,5.84,1198000000,56500000,1828000,6.669E+15,515500000,16580000,8.583E+11,11.88,0.08278,0.000275,1509,0.00145,0.05671,0.6864,32.33,-0.9479,0.34,0.01268,0.1201,-0.03931,0.0742,0.01653,0.003497,-0.07678,0.104,36.92,2560,244900,46720000,-1405,1856000,156500,-3.444E+12,-2.905E+11,-24490000000,1.28E+19,2.625E+12,2.214E+11,7.667E+15,angry
10.22,0.09705,0.000469,218.4,0.001668,0.06296,0.0482,27.51,0.06596,0.3598,0.2902,0.1926,0.137,0.1005,0.1289,0.1178,0.1126,0.104,21.29,1794,187400,37080000,383.7,353.5,5.815,1313000000,61060000,1820000,7.315E+15,556000000,16610000,8.547E+11,10.64,0.0691,0.000155,1507,0.001105,0.04315,0.6515,33.06,-0.9601,0.3038,0.1094,0.08631,-0.01614,0.07885,0.02401,-0.007168,-0.08968,0.08046,37.33,2837,288800,54170000,-1521,1857000,156500,-3.449E+12,-2.907E+11,-24490000000,1.28E+19,2.627E+12,2.214E+11,7.667E+15,angry
11.37,0.115,0.000312,192.3,0.001406,0.05345,0.04006,29.5,0.07774,0.3809,0.285,0.1409,0.1255,0.1116,0.119,0.1074,0.09459,0.1012,22.27,1797,201000,38900000,377.3,339.3,9.636,1261000000,38540000,3016000,7.03E+15,353300000,26810000,1.416E+12,9.796,0.07082,0.000128,1502,0.00104,0.04083,0.6481,29.5,-0.9608,0.2951,0.1224,0.06842,-0.06837,0.02362,-0.03145,-0.0105,-0.0621,0.08061,35.38,2681,276700,53030000,-1468,1858000,156500,-3.453E+12,-2.908E+11,-24490000000,1.28E+19,2.628E+12,2.213E+11,7.664E+15,angry
9.471,0.08874,0.000313,226.1,0.001549,0.05838,0.03966,25.3,0.06161,0.3118,0.2813,0.1773,0.1276,0.1127,0.09595,0.1088,0.08969,0.1106,20.13,1648,175500,34600000,390.6,325.8,4.55,1211000000,44860000,1424000,6.758E+15,409900000,12520000,6.683E+11,9.318,0.05924,0.000164,1501,0.001238,0.04823,0.6356,28.24,-0.9672,0.3623,0.09983,0.07432,-0.03691,0.02716,-0.02534,-0.003015,-0.07174,0.09392,33.83,2452,253400,47370000,-1420,1859000,156500,-3.458E+12,-2.909E+11,-24480000000,1.29E+19,2.629E+12,2.212E+11,7.661E+15,angry
16.88,0.1507,0.000464,235.1,0.001948,0.07361,0.04958,40.1,0.1291,0.3385,0.3187,0.1608,0.1163,0.127,0.1149,0.09872,0.09385,0.1319,23.96,1723,178800,33880000,355.5,307.1,4.018,1143000000,46020000,1257000,6.379E+15,418500000,11210000,5.901E+11,12.87,0.0923,0.000223,1505,0.001373,0.05348,0.6827,34.62,-0.9423,0.4043,0.07277,0.07391,-0.04559,0.002646,-0.0429,-9.00E-05,-0.05109,0.1029,35.34,2349,219600,42390000,-1402,1861000,156500,-3.462E+12,-2.911E+11,-24480000000,1.29E+19,2.631E+12,2.212E+11,7.658E+15,angry
21.77,0.158,0.000172,171.5,0.001594,0.05932,0.05358,44.96,0.1608,0.2779,0.3389,0.1672,0.1596,0.1156,0.1144,0.1052,0.105,0.07523,25.43,1338,167500,30530000,271.9,391.6,3.951,1458000000,62170000,1236000,8.144E+15,565700000,11100000,5.802E+11,15.25,0.1033,7.50E-05,1540,0.00094,0.03667,0.7033,38.73,-0.9254,0.3948,0.03639,0.08454,-0.03827,0.04402,-0.02687,0.03507,-0.0475,0.06082,39.17,2496,233800,45430000,-1546,1862000,156400,-3.466E+12,-2.913E+11,-24470000000,1.29E+19,2.632E+12,2.212E+11,7.658E+15,disgust
11.77,0.1037,0.000154,197.7,0.001421,0.05291,0.03076,26.45,0.07383,0.2927,0.3744,0.1388,0.1372,0.1143,0.1091,0.1101,0.1116,0.06822,20.29,1402,171000,33590000,275.2,379.9,8.332,1416000000,46530000,2607000,7.912E+15,424200000,23240000,1.223E+12,9.91,0.06338,6.50E-05,1535,0.000903,0.03483,0.6882,28.37,-0.9628,0.3483,0.05265,0.1171,-0.009296,0.07345,0.01087,0.01145,-0.06021,0.05525,34.56,2497,259200,48990000,-1520,1863000,156400,-3.471E+12,-2.914E+11,-24470000000,1.29E+19,2.634E+12,2.211E+11,7.655E+15,disgust
25.5,0.1816,9.30E-05,178.3,0.000695,0.02604,0.02656,56.09,0.1776,0.2474,0.3557,0.1668,0.1379,0.1261,0.09262,0.1061,0.09491,0.05138,25.98,1188,167300,31460000,223.8,396.9,7.477,1480000000,67620000,2339000,8.278E+15,612100000,20980000,1.098E+12,17.87,0.1185,4.40E-05,1530,0.000521,0.02112,0.6723,43.29,-0.9071,0.3718,0.03592,0.09962,0.005487,0.08054,7.70E-05,0.03705,-0.02942,0.04572,39.01,2406,240300,46490000,-1583,1864000,156400,-3.476E+12,-2.916E+11,-24460000000,1.30E+19,2.635E+12,2.211E+11,7.653E+15,disgust
18.69,0.1435,0.000109,191.1,0.000878,0.03284,0.04169,40.97,0.1332,0.2773,0.3649,0.2141,0.1715,0.1388,0.1328,0.1235,0.104,0.05409,23.39,1284,159000,29590000,262.1,368.5,8.532,1375000000,54920000,2669000,7.696E+15,502800000,23970000,1.252E+12,14.82,0.1009,5.40E-05,1507,0.000695,0.02726,0.6272,39.63,-0.9349,0.4656,-0.02073,0.07201,-0.05366,0.01551,-0.02196,0.02071,-0.03769,0.05116,37.29,2259,210300,40060000,-1519,1866000,156400,-3.481E+12,-2.918E+11,-24460000000,1.30E+19,2.637E+12,2.211E+11,7.652E+15,disgust
24.83,0.1495,0.000127,180.1,0.000783,0.0295,0.04036,50.88,0.1894,0.2895,0.3426,0.17,0.1677,0.1213,0.126,0.1243,0.1123,0.05788,24.43,1281,172400,31870000,267.4,370.8,6.896,1384000000,51610000,2157000,7.755E+15,472500000,19120000,1.012E+12,15.33,0.09815,5.90E-05,1527,0.000673,0.02671,0.6113,38.75,-0.9214,0.4533,-0.02454,0.04085,-0.02381,0.04802,-0.02638,-0.001579,-0.07091,0.0559,36.69,2250,215000,41600000,-1492,1867000,156400,-3.486E+12,-2.92E+11,-24460000000,1.30E+19,2.639E+12,2.21E+11,7.649E+15,disgust
16.52,0.1333,0.000357,218.7,0.001754,0.066,0.02809,36.97,0.1183,0.3043,0.3025,0.1488,0.1236,0.1102,0.09205,0.1063,0.08794,0.1181,22.09,1419,170500,33580000,320.9,361.9,18.16,1352000000,87680000,5679000,7.578E+15,794800000,51400000,2.664E+12,12.69,0.0888,0.000182,1530,0.001379,0.05361,0.6459,33.22,-0.9456,0.4575,0.07509,0.06923,-0.02976,0.04445,-0.01665,-0.002895,-0.06476,0.1052,33.29,2129,216600,40960000,-1417,1868000,156400,-3.491E+12,-2.922E+11,-24460000000,1.30E+19,2.641E+12,2.21E+11,7.65E+15,happy
22.06,0.1539,0.000338,200.1,0.001688,0.06316,0.04471,49,0.163,0.2786,0.3113,0.2051,0.1464,0.1082,0.0946,0.1196,0.09352,0.1032,24.46,1379,153800,29720000,285.8,347.6,12.29,1300000000,73950000,3845000,7.289E+15,673700000,35000000,1.804E+12,16.22,0.1086,0.000155,1519,0.00119,0.04675,0.678,41.61,-0.9237,0.4645,-0.02125,0.06496,-0.01701,0.04532,-0.01898,-0.01515,-0.06721,0.09167,37.02,2145,191900,36910000,-1424,1870000,156400,-3.495E+12,-2.924E+11,-24470000000,1.31E+19,2.643E+12,2.211E+11,7.653E+15,happy
17.42,0.1334,0.000419,232.5,0.001843,0.06852,0.05765,40.06,0.1336,0.3171,0.3162,0.1095,0.1257,0.1084,0.1162,0.1306,0.09389,0.1045,23.33,1539,182700,35420000,306,377.3,18.95,1412000000,90240000,5928000,7.922E+15,821800000,53920000,2.782E+12,11.4,0.07472,0.000186,1507,0.001481,0.05699,0.6248,29.86,-0.95,0.403,0.1213,0.1124,0.000604,0.05107,-0.02397,0.00792,-0.04793,0.09574,31.32,2106,215800,41570000,-1432,1871000,156400,-3.5E+12,-2.927E+11,-24470000000,1.31E+19,2.645E+12,2.212E+11,7.657E+15,happy
22.06,0.1539,0.000338,200.1,0.001688,0.06316,0.04471,49,0.163,0.2786,0.3113,0.2051,0.1464,0.1082,0.0946,0.1196,0.09352,0.1032,24.46,1379,153800,29720000,285.8,347.6,12.29,1301000000,73990000,3846000,7.309E+15,674100000,35010000,1.805E+12,16.22,0.1086,0.000155,1519,0.00119,0.04675,0.678,41.61,-0.9237,0.4645,-0.02125,0.06496,-0.01701,0.04532,-0.01898,-0.01515,-0.06721,0.09167,37.02,2145,191900,36910000,-1424,1872000,156500,-3.504E+12,-2.929E+11,-24480000000,1.31E+19,2.647E+12,2.212E+11,7.66E+15,happy
22.06,0.1539,0.000338,200.1,0.001688,0.06316,0.04471,49,0.163,0.2786,0.3113,0.2051,0.1464,0.1082,0.0946,0.1196,0.09352,0.1032,24.46,1379,153800,29720000,285.8,347.6,12.29,1302000000,74010000,3847000,7.318E+15,674200000,35020000,1.806E+12,16.22,0.1086,0.000155,1519,0.00119,0.04675,0.678,41.61,-0.9237,0.4645,-0.02125,0.06496,-0.01701,0.04532,-0.01898,-0.01515,-0.06721,0.09167,37.02,2145,191900,36910000,-1424,1873000,156500,-3.509E+12,-2.931E+11,-24480000000,1.32E+19,2.649E+12,2.213E+11,7.663E+15,happy
9.656,0.09195,0.000221,233.2,0.001411,0.05126,0.03705,24.12,0.06284,0.289,0.3158,0.1444,0.1455,0.08543,0.09654,0.08525,0.1077,0.08369,17.67,1417,177300,34450000,298.8,382.3,9.953,1433000000,44820000,3115000,8.061E+15,408700000,27820000,1.462E+12,8.627,0.05861,9.50E-05,1441,0.001161,0.04398,0.6172,23.97,-0.973,0.4418,0.1805,0.1098,-0.02935,0.007077,-0.02638,0.002465,-0.0197,0.07424,26.23,1828,214200,40420000,-1462,1874000,156500,-3.514E+12,-2.933E+11,-24480000000,1.32E+19,2.651E+12,2.213E+11,7.661E+15,neutral
5.063,0.04018,0.00031,247.4,0.001592,0.05952,0.05031,15.3,0.02759,0.251,0.2598,0.1906,0.1605,0.1109,0.1015,0.103,0.09915,0.1048,13.85,1192,138800,27080000,299.2,379.4,12.49,1423000000,40710000,3907000,8.01E+15,371100000,34980000,1.834E+12,7.925,0.04755,0.00013,1457,0.001272,0.04879,0.6116,21.53,-0.982,0.5139,0.1797,0.1004,-0.05647,-0.007336,-0.03953,0.0208,0.009033,0.08459,25.26,1733,206500,37480000,-1425,1876000,156400,-3.519E+12,-2.934E+11,-24470000000,1.32E+19,2.652E+12,2.212E+11,7.656E+15,neutral
9.51,0.09546,0.000401,233.1,0.001575,0.06063,0.03568,25.88,0.06406,0.2868,0.3042,0.1852,0.1481,0.1172,0.09725,0.09277,0.1073,0.1087,18.55,1346,140600,27690000,274.4,321.3,6.819,1206000000,46960000,2133000,6.793E+15,424500000,19040000,1.001E+12,9.147,0.06366,0.000186,1478,0.001481,0.05819,0.5901,24.64,-0.9703,0.5079,0.08594,0.06701,-0.1002,-0.02405,-0.02869,0.0177,0.003018,0.107,27.35,1680,173000,32120000,-1329,1877000,156400,-3.523E+12,-2.936E+11,-24460000000,1.32E+19,2.653E+12,2.211E+11,7.652E+15,neutral
5.802,0.04829,0.000215,241.6,0.001316,0.04821,0.05323,15.56,0.03283,0.3106,0.2877,0.1622,0.1414,0.1016,0.0901,0.1037,0.09857,0.07929,15.94,1465,184900,36460000,308.8,408.1,7.899,1533000000,52790000,2471000,8.638E+15,479200000,22110000,1.159E+12,7.401,0.04379,7.80E-05,1454,0.000967,0.03704,0.6225,20.4,-0.9816,0.3862,0.2144,0.1072,-0.05843,0.02721,-0.008977,0.01979,-0.01962,0.0625,27.66,2133,259800,48830000,-1522,1878000,156400,-3.528E+12,-2.937E+11,-24460000000,1.33E+19,2.655E+12,2.21E+11,7.649E+15,neutral
5.063,0.04018,0.00031,247.4,0.001592,0.05952,0.05031,15.3,0.02759,0.251,0.2598,0.1906,0.1605,0.1109,0.1015,0.103,0.09915,0.1048,13.85,1192,138800,27080000,299.2,379.4,12.49,1426000000,40650000,3905000,8.043E+15,370600000,34960000,1.832E+12,7.925,0.04755,0.00013,1457,0.001272,0.04879,0.6116,21.53,-0.982,0.5139,0.1797,0.1004,-0.05647,-0.007336,-0.03953,0.0208,0.009033,0.08459,25.26,1733,206500,37480000,-1425,1880000,156400,-3.533E+12,-2.939E+11,-24450000000,1.33E+19,2.656E+12,2.21E+11,7.645E+15,neutral
14.03,0.1205,4.30E-05,198.5,0.000745,0.02762,0.03719,33.89,0.08778,0.2641,0.291,0.1694,0.1483,0.1037,0.1026,0.1165,0.102,0.04564,19.64,1291,164400,31590000,256.5,399,5.48,1501000000,58960000,1713000,8.47E+15,535600000,15330000,8.036E+11,10.48,0.07046,2.20E-05,1501,0.000533,0.0207,0.6406,29.28,-0.9582,0.3408,0.1556,0.1385,-0.07819,-0.005856,-0.03042,0.03155,0.004947,0.03721,33.02,2430,275900,51610000,-1590,1881000,156300,-3.538E+12,-2.941E+11,-24440000000,1.33E+19,2.658E+12,2.209E+11,7.642E+15,sad
14.24,0.1302,7.20E-05,191.9,0.000629,0.02388,0.04667,33.37,0.091,0.2805,0.3082,0.1594,0.1492,0.1172,0.1139,0.1106,0.09864,0.0448,19.3,1244,168400,32640000,278.6,391.3,18.56,1473000000,26770000,5802000,8.319E+15,245400000,52170000,2.721E+12,11,0.07971,3.40E-05,1501,0.000465,0.01835,0.6128,31.22,-0.9556,0.3485,0.1476,0.1198,-0.1179,-0.007907,-0.08866,0.0155,-0.001662,0.03664,34.77,2535,285400,53590000,-1569,1882000,156300,-3.543E+12,-2.942E+11,-24430000000,1.33E+19,2.659E+12,2.208E+11,7.637E+15,sad
16.58,0.142,6.30E-05,184.6,0.000793,0.0295,0.03704,39.76,0.1089,0.2758,0.3107,0.1753,0.1551,0.129,0.1243,0.1203,0.1039,0.05166,21.54,1277,167400,32040000,261.3,378.4,6.173,1425000000,50000000,1929000,8.055E+15,452500000,17310000,9.044E+11,11.82,0.08349,2.80E-05,1495,0.000553,0.02167,0.6417,32.85,-0.9481,0.3491,0.1092,0.1052,-0.09403,0.007552,-0.05138,0.0278,-0.02473,0.04132,35.12,2487,269200,51250000,-1568,1884000,156300,-3.548E+12,-2.944E+11,-24420000000,1.34E+19,2.66E+12,2.207E+11,7.631E+15,sad
12.92,0.1218,9.50E-05,187.3,0.00102,0.03866,0.04176,31.36,0.08647,0.2921,0.316,0.1664,0.145,0.1246,0.1179,0.09579,0.111,0.05923,19.33,1412,192300,37650000,317.6,406.9,12.77,1534000000,40350000,3989000,8.674E+15,367800000,35790000,1.869E+12,9.683,0.06797,4.30E-05,1516,0.000731,0.02829,0.6406,27.84,-0.9627,0.3554,0.1642,0.1123,-0.0797,-0.04146,-0.05704,0.02308,0.005654,0.04891,30.93,2277,260700,49460000,-1533,1885000,156200,-3.553E+12,-2.945E+11,-24410000000,1.34E+19,2.662E+12,2.206E+11,7.627E+15,sad
19.65,0.1541,4.00E-05,155.6,0.000568,0.02148,0.04093,43.33,0.136,0.2262,0.3252,0.1523,0.1387,0.114,0.132,0.1183,0.1195,0.04082,22.23,1142,156700,29750000,257.3,352.7,10.95,1330000000,36440000,3422000,7.529E+15,331300000,30720000,1.604E+12,13.6,0.09661,2.10E-05,1523,0.000463,0.01828,0.618,37.16,-0.9366,0.3697,0.06585,0.1108,-0.06913,0.009256,-0.06989,0.0268,-0.04924,0.03713,37.28,2523,262500,49520000,-1542,1886000,156200,-3.558E+12,-2.947E+11,-24400000000,1.34E+19,2.663E+12,2.205E+11,7.622E+15,sad
4.567,0.04139,0.000441,270.9,0.001868,0.07076,0.0876,12.61,0.01915,0.3517,0.2482,0.1829,0.1347,0.1314,0.1023,0.101,0.1213,0.1473,12.42,1472,183200,36120000,339.4,481.9,17.87,1820000000,61970000,5582000,1.03E+16,568200000,49530000,2.615E+12,8.018,0.05143,0.000244,1467,0.001755,0.06792,0.559,21,-0.9831,0.5587,0.08569,-0.06923,-0.1154,-0.03031,-0.05168,-0.02484,0.000213,0.1332,24.79,1573,184900,34250000,-1351,1888000,156200,-3.564E+12,-2.948E+11,-24390000000,1.35E+19,2.665E+12,2.204E+11,7.618E+15,angry
79.23,0.34,0.000579,334.4,0.002246,0.08345,0.06855,140.3,0.684,0.2206,0.2313,0.1876,0.2225,0.1367,0.09089,0.08814,0.08176,0.1685,68.12,1051,130700,18600000,843.3,435.5,15.01,1645000000,41010000,4685000,9.327E+15,368900000,42490000,2.194E+12,42.05,0.1947,0.000307,1406,0.00228,0.08733,0.535,79.65,-0.6929,0.6784,0.08336,0.004057,-0.05268,-0.03013,-0.04321,-0.006749,0.04535,0.1661,49.18,1108,54380,17860000,-1485,1889000,156100,-3.57E+12,-2.95E+11,-24370000000,1.35E+19,2.666E+12,2.202E+11,7.608E+15,angry
2.886,0.03251,0.000515,304,0.002169,0.08222,0.07097,7.902,0.01371,0.3023,0.2444,0.1723,0.1414,0.1478,0.1008,0.08453,0.09524,0.1595,11.12,1292,157800,31000000,329.4,440.4,18.06,1666000000,38930000,5637000,9.449E+15,355000000,50530000,2.639E+12,6.714,0.03696,0.000307,1432,0.002263,0.08715,0.5635,17.26,-0.9888,0.5743,0.1136,-0.002187,-0.0763,-0.008327,-0.006086,-0.005938,0.01239,0.159,21.59,1330,155900,28130000,-1247,1891000,156100,-3.576E+12,-2.951E+11,-24350000000,1.35E+19,2.667E+12,2.201E+11,7.601E+15,angry
3.719,0.03584,0.000695,283.8,0.001982,0.07506,0.05057,8.18,0.009085,0.385,0.2517,0.2072,0.1481,0.1723,0.1329,0.09904,0.1174,0.1468,12.99,1706,207900,41200000,402,444.7,32.47,1683000000,10220000,10130000,9.555E+15,91330000,91500000,4.739E+12,6.667,0.04218,0.000345,1429,0.001858,0.07191,0.5814,18.44,-0.9872,0.4992,0.1016,-0.06124,-0.1266,0.002606,-0.01273,-0.0341,-0.03206,0.137,24.74,1785,214700,39940000,-1326,1892000,156000,-3.581E+12,-2.952E+11,-24330000000,1.36E+19,2.668E+12,2.199E+11,7.588E+15,angry
8.386,0.06931,0.000485,295.5,0.002235,0.08595,0.08363,18.13,0.06976,0.3206,0.304,0.1676,0.1509,0.1026,0.108,0.09424,0.09057,0.1751,16.3,1506,157300,31380000,366.9,454.9,21.13,1723000000,31750000,6588000,9.791E+15,292000000,59100000,3.081E+12,8.488,0.05468,0.000288,1452,0.002245,0.08738,0.5577,22.02,-0.9762,0.5817,0.06567,-0.01863,-0.127,-0.06308,-0.03166,-2.30E-05,0.03049,0.1662,24.7,1459,153000,28550000,-1268,1894000,155900,-3.587E+12,-2.952E+11,-24300000000,1.36E+19,2.668E+12,2.196E+11,7.575E+15,angry
15.76,0.1543,0.000361,235.3,0.001301,0.04863,0.04363,36.62,0.1136,0.3782,0.3053,0.1693,0.1783,0.1125,0.1185,0.1228,0.1217,0.08833,22.81,1589,183700,36190000,284.9,477.4,7.173,1810000000,73700000,2236000,1.03E+16,667600000,20130000,1.045E+12,11.45,0.08738,0.000157,1493,0.001324,0.05135,0.589,29.69,-0.9517,0.4113,0.005346,0.1118,-0.04559,0.003577,-0.07069,-0.008401,0.03393,0.09801,30.91,2007,195000,37210000,-1371,1896000,155800,-3.593E+12,-2.954E+11,-24280000000,1.36E+19,2.67E+12,2.195E+11,7.568E+15,disgust
14.15,0.1214,0.000552,218.1,0.001602,0.05931,0.05731,34.95,0.1034,0.5947,0.2755,0.19,0.1796,0.1302,0.137,0.1112,0.1185,0.09964,27.77,3186,269600,58410000,458.4,482,12.16,1829000000,97490000,3790000,1.04E+16,880500000,34190000,1.772E+12,12.41,0.06914,0.000206,1515,0.001297,0.05028,0.6075,38.27,-0.9454,0.1929,0.00029,0.1851,-0.02824,0.01321,-0.01756,-0.001403,-0.004424,0.09076,41.48,3434,285200,58550000,-1553,1897000,155800,-3.6E+12,-2.957E+11,-24290000000,1.37E+19,2.672E+12,2.195E+11,7.569E+15,disgust
11.15,0.1038,0.000215,230.5,0.001307,0.04952,0.04106,28.53,0.07075,0.3561,0.3066,0.1861,0.1832,0.124,0.1192,0.08877,0.1253,0.08814,21.43,1640,192600,38410000,299.3,516.4,12.5,1961000000,63070000,3895000,1.12E+16,573200000,34940000,1.821E+12,9.704,0.06722,0.000113,1510,0.001269,0.04936,0.5792,26.38,-0.9654,0.427,0.0638,0.0483,-0.07536,-0.02167,-0.05244,-0.01642,0.02494,0.08997,29.66,1971,206200,39340000,-1389,1899000,155800,-3.606E+12,-2.959E+11,-24280000000,1.37E+19,2.674E+12,2.195E+11,7.567E+15,disgust
11.15,0.1038,0.000215,230.5,0.001307,0.04952,0.04106,28.53,0.07075,0.3561,0.3066,0.1861,0.1832,0.124,0.1192,0.08877,0.1253,0.08814,21.43,1640,192600,38410000,299.3,516.4,12.5,1963000000,63030000,3893000,1.12E+16,572800000,34930000,1.819E+12,9.704,0.06722,0.000113,1510,0.001269,0.04936,0.5792,26.38,-0.9654,0.427,0.0638,0.0483,-0.07536,-0.02167,-0.05244,-0.01642,0.02494,0.08997,29.66,1971,206200,39340000,-1389,1901000,155800,-3.613E+12,-2.961E+11,-24260000000,1.37E+19,2.676E+12,2.193E+11,7.559E+15,disgust
15.76,0.1543,0.000361,235.3,0.001301,0.04863,0.04363,36.62,0.1136,0.3782,0.3053,0.1693,0.1783,0.1125,0.1185,0.1228,0.1217,0.08833,22.81,1589,183700,36190000,284.9,477.4,7.173,1817000000,73660000,2234000,1.04E+16,667200000,20110000,1.044E+12,11.45,0.08738,0.000157,1493,0.001324,0.05135,0.589,29.69,-0.9517,0.4113,0.005346,0.1118,-0.04559,0.003577,-0.07069,-0.008401,0.03393,0.09801,30.91,2007,195000,37210000,-1371,1903000,155700,-3.62E+12,-2.963E+11,-24250000000,1.38E+19,2.678E+12,2.192E+11,7.554E+15,disgust
7.394,0.06315,0.000336,299.1,0.001738,0.06568,0.05894,18.25,0.04391,0.4655,0.2762,0.1914,0.1805,0.1112,0.1308,0.1224,0.1291,0.1218,14.61,1704,229100,45810000,372.2,522.5,19.71,1990000000,45410000,6138000,1.14E+16,413300000,55190000,2.867E+12,7.632,0.04925,0.000202,1441,0.001519,0.05898,0.5922,20.94,-0.9795,0.3778,0.1004,0.05055,-0.1145,0.02252,-0.03925,-0.0109,0.05294,0.1121,27.65,2179,268500,50570000,-1392,1904000,155700,-3.626E+12,-2.965E+11,-24240000000,1.38E+19,2.679E+12,2.191E+11,7.547E+15,happy
3.225,0.03025,0.000254,272.6,0.001214,0.04613,0.04177,9.525,0.009634,0.4279,0.2719,0.2239,0.1669,0.1327,0.1383,0.1175,0.1142,0.08162,11.27,1610,220300,43290000,317.3,447,23.46,1704000000,25340000,7302000,9.743E+15,233400000,65610000,3.408E+12,5.881,0.03345,0.000138,1449,0.001157,0.04455,0.5863,17.33,-0.9881,0.375,0.04795,0.03076,-0.07616,0.03122,-0.03926,-0.009659,0.04593,0.07917,26.02,2069,255400,46990000,-1395,1906000,155600,-3.633E+12,-2.966E+11,-24210000000,1.39E+19,2.68E+12,2.188E+11,7.534E+15,happy
5.467,0.04347,0.000377,292.4,0.001967,0.07399,0.04563,12.61,0.02251,0.3996,0.2737,0.1614,0.1752,0.1201,0.1077,0.1134,0.1128,0.1242,10.89,1452,214800,42950000,356.2,448.1,19.71,1709000000,36130000,6131000,9.782E+15,326800000,55510000,2.86E+12,6.848,0.04202,0.000255,1450,0.001829,0.07027,0.5853,18.32,-0.986,0.4632,0.1271,0.03113,-0.1064,-0.009803,-0.03105,-0.0377,0.01927,0.1235,23.47,1706,223100,41770000,-1342,1907000,155500,-3.638E+12,-2.966E+11,-24180000000,1.39E+19,2.681E+12,2.186E+11,7.521E+15,happy
3.225,0.03025,0.000254,272.6,0.001214,0.04613,0.04177,9.525,0.009634,0.4279,0.2719,0.2239,0.1669,0.1327,0.1383,0.1175,0.1142,0.08162,11.27,1610,220300,43290000,317.3,447,23.46,1707000000,25190000,7294000,9.775E+15,232200000,65540000,3.401E+12,5.881,0.03345,0.000138,1449,0.001157,0.04455,0.5863,17.33,-0.9881,0.375,0.04795,0.03076,-0.07616,0.03122,-0.03926,-0.009659,0.04593,0.07917,26.02,2069,255400,46990000,-1395,1909000,155400,-3.644E+12,-2.967E+11,-24160000000,1.39E+19,2.682E+12,2.184E+11,7.51E+15,happy
7.394,0.06315,0.000336,299.1,0.001738,0.06568,0.05894,18.25,0.04391,0.4655,0.2762,0.1914,0.1805,0.1112,0.1308,0.1224,0.1291,0.1218,14.61,1704,229100,45810000,372.2,522.5,19.71,1997000000,45120000,6125000,1.15E+16,410700000,55070000,2.854E+12,7.632,0.04925,0.000202,1441,0.001519,0.05898,0.5922,20.94,-0.9795,0.3778,0.1004,0.05055,-0.1145,0.02252,-0.03925,-0.0109,0.05294,0.1121,27.65,2179,268500,50570000,-1392,1911000,155400,-3.651E+12,-2.968E+11,-24130000000,1.40E+19,2.683E+12,2.181E+11,7.498E+15,happy
7.936,0.07,0.000283,269.6,0.001141,0.04324,0.04546,19.32,0.03979,0.252,0.2336,0.2053,0.1835,0.1243,0.1369,0.1149,0.1489,0.08934,15.51,1195,116800,22790000,278.4,470.9,18.59,1801000000,38720000,5772000,1.03E+16,352900000,51910000,2.689E+12,9.65,0.06926,0.000177,1451,0.001136,0.04445,0.5733,25.62,-0.9733,0.6023,-0.02863,-0.04523,-0.1667,-0.04825,-0.07693,-0.04318,0.01635,0.0892,28.7,1671,169100,30340000,-1370,1912000,155300,-3.657E+12,-2.969E+11,-24110000000,1.40E+19,2.684E+12,2.179E+11,7.486E+15,neutral
6.451,0.05644,0.000223,247.2,0.000895,0.03274,0.03471,16.3,0.03277,0.3611,0.3232,0.2119,0.1512,0.1268,0.1085,0.1099,0.138,0.06111,12.75,1395,192200,38160000,247,418.8,14.61,1603000000,38820000,4534000,9.205E+15,352900000,40760000,2.111E+12,7.136,0.04587,0.000131,1475,0.000896,0.03419,0.5556,18.82,-0.9827,0.5058,0.03329,0.04001,-0.04191,-0.06389,-0.07469,-0.007181,0.06312,0.06104,23.16,1548,187500,34940000,-1458,1914000,155200,-3.663E+12,-2.971E+11,-24090000000,1.40E+19,2.685E+12,2.177E+11,7.477E+15,neutral
6.151,0.04798,0.000181,248.2,0.000923,0.03475,0.04947,12.05,0.04385,0.365,0.3065,0.1864,0.1625,0.1303,0.1092,0.1119,0.1358,0.06536,11.6,1348,187500,37520000,275.6,453.7,5.974,1738000000,61230000,1854000,9.988E+15,555000000,16540000,8.629E+11,7.262,0.04361,0.000112,1460,0.000922,0.0358,0.5529,18.68,-0.9821,0.4844,0.04712,0.02907,-0.07971,-0.04935,-0.05582,0.007713,0.08517,0.06552,24.69,1773,219200,40640000,-1474,1915000,155200,-3.669E+12,-2.972E+11,-24080000000,1.41E+19,2.686E+12,2.176E+11,7.471E+15,neutral
8.291,0.06921,0.000197,228.4,0.001018,0.03838,0.06309,20.01,0.04098,0.2989,0.299,0.2165,0.1849,0.1343,0.1276,0.1344,0.1591,0.07293,16.4,1384,161400,31980000,272.6,496.8,6.716,1905000000,69910000,2084000,1.10E+16,634400000,18520000,9.697E+11,10.46,0.0736,0.000127,1473,0.000994,0.0387,0.5793,26.81,-0.9713,0.6097,0.02108,-0.07021,-0.1707,-0.06753,-0.08472,-0.01305,0.04567,0.0735,28.64,1706,185000,34250000,-1458,1917000,155100,-3.675E+12,-2.974E+11,-24070000000,1.41E+19,2.688E+12,2.175E+11,7.467E+15,neutral
10.17,0.1043,0.000247,243.3,0.001114,0.04212,0.05557,27.44,0.06612,0.3336,0.2946,0.2379,0.1592,0.1252,0.1235,0.1314,0.1651,0.08323,17.68,1332,154700,30550000,288.3,490.1,11.11,1881000000,60250000,3446000,1.08E+16,545600000,30910000,1.603E+12,11.14,0.08432,0.000152,1451,0.001098,0.04287,0.5778,28.99,-0.9643,0.5771,-0.002994,-0.02798,-0.1407,-0.05668,-0.09493,-0.006882,0.04799,0.0839,28.92,1718,178800,33310000,-1401,1919000,155100,-3.682E+12,-2.976E+11,-24060000000,1.41E+19,2.69E+12,2.174E+11,7.462E+15,neutral
4.362,0.03255,5.70E-05,211.8,0.00084,0.03147,0.06046,10.6,0.0214,0.3228,0.2748,0.1673,0.1541,0.1507,0.1114,0.121,0.1444,0.04908,11.93,1354,174800,34320000,243.3,458,12.93,1759000000,47810000,4011000,1.01E+16,433400000,36140000,1.866E+12,5.879,0.02997,3.40E-05,1470,0.000731,0.02796,0.5606,16.27,-0.9884,0.4539,0.04743,0.08197,0.05304,-0.003304,-0.06529,-0.02752,0.03026,0.04455,23.66,1756,212800,38720000,-1505,1920000,155100,-3.688E+12,-2.978E+11,-24040000000,1.42E+19,2.691E+12,2.173E+11,7.454E+15,sad
8.953,0.07951,9.50E-05,191.6,0.000717,0.02661,0.05552,22.91,0.05396,0.3191,0.2861,0.1556,0.1565,0.1083,0.1106,0.1038,0.1136,0.03566,17.97,1548,196900,38600000,226,513.7,9.148,1975000000,65380000,2836000,1.14E+16,592000000,25460000,1.319E+12,6.771,0.04181,4.60E-05,1501,0.000645,0.02464,0.5779,19.48,-0.979,0.3643,0.1259,0.08787,0.05715,0.06814,-0.01484,-0.01333,0.01533,0.03538,25.05,1917,226900,42940000,-1561,1922000,155000,-3.695E+12,-2.98E+11,-24030000000,1.42E+19,2.693E+12,2.172E+11,7.449E+15,sad
6.368,0.05819,0.000174,219.2,0.00084,0.03123,0.05172,19.01,0.03483,0.3206,0.2771,0.185,0.1562,0.1366,0.1237,0.1068,0.1272,0.05254,13.93,1314,170300,33810000,239.4,457.5,9.194,1760000000,57890000,2849000,1.02E+16,525100000,25430000,1.325E+12,6.82,0.04171,9.90E-05,1481,0.000827,0.03206,0.5739,18.98,-0.9831,0.4535,0.05395,0.08632,0.009885,0.02071,-0.04054,-0.03733,0.009742,0.05353,25.14,1809,211800,38590000,-1470,1924000,155000,-3.701E+12,-2.981E+11,-24020000000,1.42E+19,2.695E+12,2.171E+11,7.443E+15,sad
2.882,0.02403,0.000152,210.4,0.001066,0.0399,0.0623,8.819,0.0107,0.3076,0.2186,0.1804,0.1548,0.1144,0.08595,0.09012,0.09716,0.06161,12.23,1380,176900,34490000,249.8,477.1,14.02,1837000000,48020000,4344000,1.06E+16,438900000,38840000,2.019E+12,5.181,0.02662,8.30E-05,1485,0.001035,0.03952,0.58,14.51,-0.9909,0.4364,0.1399,0.06381,0.02504,0.04673,-0.00047,-0.02165,0.002706,0.06073,21.53,1597,196400,36030000,-1454,1925000,154900,-3.707E+12,-2.983E+11,-24000000000,1.43E+19,2.696E+12,2.169E+11,7.436E+15,sad
8.953,0.07951,9.50E-05,191.6,0.000717,0.02661,0.05552,22.91,0.05396,0.3191,0.2861,0.1556,0.1565,0.1083,0.1106,0.1038,0.1136,0.03566,17.97,1548,196900,38600000,226,513.7,9.148,1980000000,65270000,2833000,1.15E+16,591000000,25440000,1.316E+12,6.771,0.04181,4.60E-05,1501,0.000645,0.02464,0.5779,19.48,-0.979,0.3643,0.1259,0.08787,0.05715,0.06814,-0.01484,-0.01333,0.01533,0.03538,25.05,1917,226900,42940000,-1561,1927000,154900,-3.714E+12,-2.985E+11,-23980000000,1.43E+19,2.697E+12,2.168E+11,7.428E+15,sad
13.35,0.1559,0.000643,243.9,0.001945,0.07342,0.03434,34.84,0.09532,0.3062,0.4187,0.2292,0.237,0.1639,0.1242,0.122,0.0979,0.1295,19.4,1488,125200,23500000,275.7,295,4.018,1138000000,49050000,1244000,6.583E+15,449400000,11160000,5.78E+11,10.1,0.08405,0.000338,1532,0.002044,0.07907,0.5897,29.55,-0.9525,0.4144,-0.1703,0.1371,0.1002,0.006593,-0.04231,0.01372,0.01054,0.1355,25.8,1617,132700,23610000,-1246,1929000,154800,-3.719E+12,-2.986E+11,-23980000000,1.44E+19,2.699E+12,2.167E+11,7.425E+15,angry
9.82,0.08003,0.000827,238.2,0.002133,0.08084,0.0319,24.46,0.06824,0.4159,0.2371,0.1677,0.155,0.1351,0.1105,0.09868,0.09002,0.1398,18.95,1909,224900,44920000,392.2,374.2,7.006,1444000000,48490000,2170000,8.361E+15,442400000,19230000,1.008E+12,6.27,0.03559,0.000336,1517,0.001659,0.06444,0.6018,18.52,-0.9776,0.243,0.05072,0.09495,-0.000252,0.02397,-0.000903,0.01954,-0.02648,0.1088,29.61,2458,270100,50640000,-1386,1930000,154800,-3.724E+12,-2.988E+11,-23970000000,1.44E+19,2.7E+12,2.166E+11,7.421E+15,angry
11.49,0.09259,0.000467,253,0.001659,0.06346,0.02115,27.83,0.07592,0.4043,0.2738,0.1495,0.1619,0.1431,0.12,0.1002,0.08592,0.1106,18.93,1788,222900,44350000,343.6,304.4,2.634,1176000000,46230000,815300,6.81E+15,417100000,7591000,3.786E+11,7.437,0.04607,0.000256,1491,0.001623,0.06303,0.5619,21.02,-0.9737,0.3545,0.03902,0.1254,0.0217,-0.000997,-0.02997,-0.01256,-0.02531,0.1104,26.54,1928,208700,39160000,-1319,1931000,154800,-3.728E+12,-2.989E+11,-23960000000,1.44E+19,2.701E+12,2.166E+11,7.417E+15,angry
12.54,0.1083,0.00068,237.8,0.002165,0.08221,0.03338,30.69,0.09131,0.3782,0.2854,0.1276,0.1615,0.1423,0.1102,0.1055,0.08257,0.1375,20.24,1724,204300,40370000,322.9,290.2,4.7,1121000000,37730000,1455000,6.498E+15,341500000,13130000,6.755E+11,7.555,0.04765,0.000374,1506,0.002052,0.07957,0.5954,20.85,-0.9706,0.361,0.04776,0.1158,-0.03566,-0.01534,-0.002367,0.02759,0.005748,0.1347,25.41,1785,184500,34730000,-1262,1932000,154800,-3.732E+12,-2.99E+11,-23950000000,1.44E+19,2.703E+12,2.165E+11,7.415E+15,angry
11.49,0.09259,0.000467,253,0.001659,0.06346,0.02115,27.83,0.07592,0.4043,0.2738,0.1495,0.1619,0.1431,0.12,0.1002,0.08592,0.1106,18.93,1788,222900,44350000,343.6,304.4,2.634,1177000000,46220000,815200,6.825E+15,417000000,7589000,3.784E+11,7.437,0.04607,0.000256,1491,0.001623,0.06303,0.5619,21.02,-0.9737,0.3545,0.03902,0.1254,0.0217,-0.000997,-0.02997,-0.01256,-0.02531,0.1104,26.54,1928,208700,39160000,-1319,1933000,154800,-3.736E+12,-2.991E+11,-23950000000,1.44E+19,2.704E+12,2.165E+11,7.412E+15,angry
10.54,0.09174,0.000109,220.4,0.001033,0.03901,0.07501,27.37,0.0615,0.3837,0.3211,0.1816,0.1796,0.1325,0.1123,0.114,0.1256,0.06331,20.8,1929,224400,43930000,334.1,464.9,11.82,1799000000,79090000,3658000,1.04E+16,718600000,32920000,1.698E+12,8.649,0.05542,4.00E-05,1553,0.000753,0.02903,0.5771,26.41,-0.9663,0.2681,0.09713,0.07082,-0.07025,0.004327,-0.03366,-0.009769,-0.05024,0.04674,34.11,2656,281800,53610000,-1587,1934000,154800,-3.741E+12,-2.994E+11,-23950000000,1.45E+19,2.706E+12,2.165E+11,7.413E+15,disgust
10.2,0.07299,0.000201,197,0.001248,0.04651,0.0656,25.3,0.05333,0.4558,0.3066,0.1598,0.1876,0.1121,0.1063,0.1126,0.1017,0.0789,19.1,2153,261900,51650000,383.1,467.5,10.4,1810000000,60520000,3219000,1.05E+16,552500000,28680000,1.494E+12,7.614,0.04419,8.00E-05,1526,0.00087,0.0335,0.6246,24.38,-0.9731,0.224,0.09792,0.07053,-0.06192,0.04051,0.008326,0.03356,-0.007291,0.05595,32.08,2699,304900,57930000,-1560,1936000,154700,-3.748E+12,-2.995E+11,-23940000000,1.45E+19,2.707E+12,2.164E+11,7.408E+15,disgust
16.58,0.1252,0.00015,232.9,0.001195,0.04484,0.06115,39.04,0.1099,0.4274,0.2878,0.1465,0.1649,0.1257,0.1338,0.1298,0.1039,0.06971,21.39,1877,242000,47690000,337.2,400.1,6.711,1550000000,62970000,2077000,9.011E+15,574300000,18560000,9.638E+11,9.947,0.06232,6.90E-05,1516,0.001043,0.04042,0.599,27.1,-0.9543,0.2217,-0.02303,0.1315,-0.01129,0.07298,-0.02903,0.05103,-0.03511,0.06795,33.88,2590,266100,50010000,-1441,1937000,154700,-3.753E+12,-2.997E+11,-23930000000,1.45E+19,2.709E+12,2.163E+11,7.405E+15,disgust
11.01,0.08595,0.000149,236.7,0.001346,0.05058,0.04314,27.91,0.06514,0.4417,0.2981,0.1342,0.1674,0.1294,0.1077,0.1326,0.1005,0.08296,20.34,2175,248400,49990000,355.2,392.9,11.32,1523000000,79230000,3501000,8.861E+15,720700000,31880000,1.625E+12,7.7,0.0441,6.90E-05,1537,0.001021,0.03929,0.6134,23.32,-0.9699,0.1815,-0.005103,0.1503,0.03322,0.06427,0.01097,0.03609,-0.01444,0.06409,32.14,2676,280600,52760000,-1512,1939000,154700,-3.759E+12,-2.999E+11,-23930000000,1.46E+19,2.711E+12,2.163E+11,7.404E+15,disgust
16.58,0.1252,0.00015,232.9,0.001195,0.04484,0.06115,39.04,0.1099,0.4274,0.2878,0.1465,0.1649,0.1257,0.1338,0.1298,0.1039,0.06971,21.39,1877,242000,47690000,337.2,400.1,6.711,1553000000,62970000,2076000,9.037E+15,574300000,18560000,9.637E+11,9.947,0.06232,6.90E-05,1516,0.001043,0.04042,0.599,27.1,-0.9543,0.2217,-0.02303,0.1315,-0.01129,0.07298,-0.02903,0.05103,-0.03511,0.06795,33.88,2590,266100,50010000,-1441,1940000,154700,-3.764E+12,-3.001E+11,-23930000000,1.46E+19,2.713E+12,2.163E+11,7.404E+15,disgust
10.84,0.1021,0.000152,243.3,0.001123,0.0425,0.0317,23.41,0.05925,0.459,0.3018,0.2066,0.1448,0.1165,0.09366,0.08243,0.07858,0.07063,20.41,2072,243700,47200000,298.2,323.5,4.955,1256000000,57610000,1533000,7.316E+15,522700000,13950000,7.113E+11,7.017,0.04633,7.70E-05,1504,0.001204,0.04624,0.532,19.15,-0.9783,0.3078,0.09462,0.09711,-0.001744,0.03696,0.02243,0.02535,0.01376,0.0706,24.29,1917,214700,41480000,-1441,1941000,154700,-3.769E+12,-3.003E+11,-23930000000,1.46E+19,2.714E+12,2.163E+11,7.402E+15,happy
15.25,0.1108,0.000306,201.5,0.001308,0.04887,0.09841,30.99,0.1194,0.5382,0.2673,0.1523,0.1377,0.1418,0.1131,0.1012,0.07857,0.079,24.03,2411,275700,53990000,368.5,379.9,11.01,1476000000,70190000,3407000,8.602E+15,641300000,30870000,1.581E+12,8.842,0.05608,0.000112,1511,0.00105,0.04027,0.599,25.66,-0.9606,0.2473,0.05508,0.0518,-0.05509,0.01366,0.01586,-0.002135,-0.01041,0.06613,32.9,2669,276000,54480000,-1550,1943000,154700,-3.774E+12,-3.005E+11,-23930000000,1.47E+19,2.716E+12,2.163E+11,7.403E+15,happy
8.781,0.07398,0.000249,209.2,0.001176,0.04416,0.05685,22.88,0.05147,0.3759,0.2801,0.1738,0.1555,0.1357,0.08639,0.1059,0.08514,0.07915,17.12,1617,200700,39960000,296.1,319.9,11.33,1244000000,69740000,3506000,7.252E+15,633400000,31900000,1.627E+12,7.821,0.05075,0.000121,1528,0.001273,0.04899,0.53,21.54,-0.978,0.4485,0.09001,0.07467,-0.03592,-0.007359,-0.01874,-0.02034,-0.02246,0.0843,24.6,1676,189600,35400000,-1385,1944000,154700,-3.778E+12,-3.007E+11,-23930000000,1.47E+19,2.718E+12,2.163E+11,7.402E+15,happy
10.84,0.1021,0.000152,243.3,0.001123,0.0425,0.0317,23.41,0.05925,0.459,0.3018,0.2066,0.1448,0.1165,0.09366,0.08243,0.07858,0.07063,20.41,2072,243700,47200000,298.2,323.5,4.955,1259000000,57620000,1533000,7.343E+15,522900000,13950000,7.114E+11,7.017,0.04633,7.70E-05,1504,0.001204,0.04624,0.532,19.15,-0.9783,0.3078,0.09462,0.09711,-0.001744,0.03696,0.02243,0.02535,0.01376,0.0706,24.29,1917,214700,41480000,-1441,1945000,154700,-3.783E+12,-3.009E+11,-23930000000,1.47E+19,2.719E+12,2.163E+11,7.403E+15,happy
8.781,0.07398,0.000249,209.2,0.001176,0.04416,0.05685,22.88,0.05147,0.3759,0.2801,0.1738,0.1555,0.1357,0.08639,0.1059,0.08514,0.07915,17.12,1617,200700,39960000,296.1,319.9,11.33,1245000000,69770000,3506000,7.269E+15,633700000,31910000,1.627E+12,7.821,0.05075,0.000121,1528,0.001273,0.04899,0.53,21.54,-0.978,0.4485,0.09001,0.07467,-0.03592,-0.007359,-0.01874,-0.02034,-0.02246,0.0843,24.6,1676,189600,35400000,-1385,1946000,154700,-3.787E+12,-3.011E+11,-23930000000,1.47E+19,2.721E+12,2.163E+11,7.404E+15,happy
9.993,0.07231,0.000299,213.3,0.001594,0.05791,0.05638,25.04,0.06243,0.4896,0.2508,0.1483,0.1602,0.1217,0.09327,0.08971,0.08634,0.105,19.54,2295,278700,54790000,380.4,406.9,10.24,1585000000,49010000,3169000,9.259E+15,447400000,28130000,1.471E+12,6.411,0.03756,0.000142,1468,0.001272,0.04791,0.5912,19.49,-0.9783,0.2214,0.1233,0.0812,-0.01126,0.01976,0.01102,0.01514,-0.0116,0.07956,25.97,2269,270600,52400000,-1503,1947000,154700,-3.792E+12,-3.012E+11,-23930000000,1.48E+19,2.723E+12,2.163E+11,7.403E+15,neutral
9.893,0.07543,0.000344,224.9,0.001429,0.05534,0.05394,24.26,0.06075,0.5231,0.2539,0.1294,0.1542,0.1265,0.106,0.08709,0.08219,0.09107,19.03,2365,286300,56920000,371.8,425.8,10.9,1660000000,69130000,3373000,9.702E+15,626900000,30070000,1.565E+12,6.66,0.03849,0.000129,1509,0.001164,0.04549,0.6055,19.83,-0.9773,0.2331,0.08992,0.1154,-0.002219,0.003033,-0.01538,0.00671,0.01496,0.07426,27.84,2441,283000,54200000,-1505,1949000,154700,-3.798E+12,-3.014E+11,-23920000000,1.48E+19,2.724E+12,2.162E+11,7.399E+15,neutral
8.39,0.06983,0.000245,207.6,0.001537,0.05868,0.04008,21.35,0.06039,0.4748,0.227,0.126,0.1457,0.1336,0.09329,0.09409,0.08822,0.09608,16.92,2131,272500,53520000,357.2,347.5,4.992,1355000000,48820000,1544000,7.928E+15,445100000,13540000,7.162E+11,5.64,0.0339,0.000141,1513,0.001459,0.05597,0.5716,16.21,-0.9828,0.2946,0.1189,0.08455,0.00061,0.01267,0.002818,0.004511,-0.01448,0.08866,22.66,1894,228500,43720000,-1421,1950000,154600,-3.803E+12,-3.016E+11,-23910000000,1.48E+19,2.726E+12,2.161E+11,7.395E+15,neutral
8.435,0.06113,0.000292,183.4,0.001375,0.05192,0.06809,21.26,0.05108,0.4155,0.2426,0.1547,0.1746,0.1233,0.1019,0.09673,0.07107,0.08252,17.94,2047,257100,50310000,345.9,419.3,7.506,1637000000,57290000,2321000,9.581E+15,522200000,20640000,1.077E+12,6.03,0.03286,0.000126,1522,0.001169,0.04469,0.5939,18.09,-0.9815,0.2601,0.1806,0.06017,-0.01873,0.02303,0.009777,0.02665,0.007564,0.06775,25.01,2118,259000,49680000,-1516,1951000,154600,-3.808E+12,-3.017E+11,-23900000000,1.49E+19,2.727E+12,2.161E+11,7.392E+15,neutral
7.301,0.06705,0.000211,197.5,0.001257,0.0475,0.09613,20.88,0.04307,0.5437,0.2304,0.1148,0.1257,0.1185,0.08682,0.08017,0.07082,0.07717,20.12,2626,297300,59100000,383.1,424.1,11.23,1656000000,57100000,3473000,9.704E+15,522200000,30910000,1.611E+12,5.925,0.0337,7.70E-05,1497,0.000913,0.03499,0.5871,19.94,-0.9808,0.1536,0.1226,0.1234,-0.002932,0.01382,-0.006365,-0.003861,0.001143,0.05608,29.87,2794,316000,60890000,-1571,1953000,154600,-3.814E+12,-3.019E+11,-23900000000,1.49E+19,2.729E+12,2.16E+11,7.389E+15,neutral
6.218,0.05572,0.000101,208.9,0.000843,0.0317,0.04698,19.12,0.02717,0.3893,0.2904,0.1615,0.1457,0.1693,0.1171,0.1258,0.08694,0.04986,17.07,1856,221600,43770000,287,409.9,8.425,1602000000,48270000,2604000,9.393E+15,436400000,23470000,1.207E+12,5.967,0.03502,5.30E-05,1493,0.000798,0.03042,0.5651,17.77,-0.9837,0.3263,0.08201,0.08813,0.01767,-0.001326,0.02996,0.02757,-0.001072,0.04454,24.01,1869,218800,41610000,-1514,1954000,154500,-3.819E+12,-3.02E+11,-23880000000,1.49E+19,2.73E+12,2.159E+11,7.382E+15,sad
4.091,0.03819,6.70E-05,193.4,0.000756,0.02828,0.06013,12.9,0.02132,0.3795,0.2529,0.131,0.1455,0.114,0.129,0.09243,0.1057,0.04018,14.13,1749,222200,43920000,246.9,468,12.88,1831000000,57680000,3980000,1.07E+16,519300000,36360000,1.844E+12,4.123,0.023,3.40E-05,1517,0.000689,0.02616,0.521,12.52,-0.9896,0.2868,0.1149,0.09214,0.01706,0.008702,0.0179,0.008182,-0.0139,0.03594,21.44,1882,242100,46290000,-1541,1956000,154500,-3.825E+12,-3.021E+11,-23860000000,1.50E+19,2.731E+12,2.157E+11,7.373E+15,sad
4.091,0.03819,6.70E-05,193.4,0.000756,0.02828,0.06013,12.9,0.02132,0.3795,0.2529,0.131,0.1455,0.114,0.129,0.09243,0.1057,0.04018,14.13,1749,222200,43920000,246.9,468,12.88,1832000000,57640000,3978000,1.08E+16,518900000,36340000,1.843E+12,4.123,0.023,3.40E-05,1517,0.000689,0.02616,0.521,12.52,-0.9896,0.2868,0.1149,0.09214,0.01706,0.008702,0.0179,0.008182,-0.0139,0.03594,21.44,1882,242100,46290000,-1541,1957000,154400,-3.832E+12,-3.023E+11,-23840000000,1.50E+19,2.732E+12,2.155E+11,7.362E+15,sad
7.948,0.06324,4.70E-05,196.6,0.00065,0.02451,0.06789,20.5,0.0318,0.4616,0.3078,0.1562,0.1411,0.1166,0.1113,0.0848,0.08902,0.03677,17.82,2055,249100,50000000,281.2,472.3,11.22,1851000000,62330000,3462000,1.09E+16,566800000,30710000,1.603E+12,6.295,0.03825,2.40E-05,1515,0.000553,0.02119,0.6017,18.93,-0.982,0.2415,0.05787,0.08481,-0.00108,0.03799,0.04533,0.008827,0.005368,0.03188,27.11,2334,280200,54280000,-1606,1959000,154400,-3.838E+12,-3.024E+11,-23830000000,1.50E+19,2.733E+12,2.154E+11,7.356E+15,sad
6.218,0.05572,0.000101,208.9,0.000843,0.0317,0.04698,19.12,0.02717,0.3893,0.2904,0.1615,0.1457,0.1693,0.1171,0.1258,0.08694,0.04986,17.07,1856,221600,43770000,287,409.9,8.425,1607000000,48130000,2600000,9.453E+15,435100000,23430000,1.204E+12,5.967,0.03502,5.30E-05,1493,0.000798,0.03042,0.5651,17.77,-0.9837,0.3263,0.08201,0.08813,0.01767,-0.001326,0.02996,0.02757,-0.001072,0.04454,24.01,1869,218800,41610000,-1514,1961000,154300,-3.844E+12,-3.025E+11,-23810000000,1.51E+19,2.735E+12,2.152E+11,7.348E+15,sad
5.81,0.0628,0.000939,213.1,0.002141,0.08006,0.04068,16.21,0.037,0.3368,0.3526,0.1332,0.1254,0.1207,0.09051,0.08357,0.07853,0.1215,13.84,1415,209100,41610000,375.7,346.4,6.369,1359000000,64400000,1965000,7.999E+15,582000000,17770000,9.097E+11,6.699,0.04094,0.000293,1541,0.001555,0.06039,0.6348,20.27,-0.9835,0.4052,0.1397,0.09337,-0.01655,0.01117,-0.03595,-0.02041,-0.01899,0.1004,26.63,1996,245300,45890000,-1436,1962000,154300,-3.849E+12,-3.027E+11,-23800000000,1.51E+19,2.736E+12,2.152E+11,7.345E+15,angry
2.76,0.02287,0.000683,204.4,0.002075,0.07766,0.03334,8.725,0.009098,0.3283,0.3451,0.1335,0.1166,0.1231,0.1146,0.09343,0.06603,0.1226,10.1,1331,205100,40970000,363.8,337.8,8.02,1326000000,67480000,2475000,7.81E+15,609700000,22360000,1.146E+12,5.669,0.03203,0.000288,1516,0.001669,0.0643,0.6186,16.01,-0.9899,0.444,0.1248,0.09062,0.03053,0.007071,-0.04806,-0.05097,-0.03417,0.1044,22.8,1641,208600,38600000,-1395,1963000,154300,-3.854E+12,-3.029E+11,-23810000000,1.51E+19,2.738E+12,2.152E+11,7.347E+15,angry
3.48,0.03538,0.001164,195,0.002609,0.09675,0.0245,10.59,0.01693,0.2991,0.3346,0.1071,0.111,0.1089,0.1104,0.08845,0.06194,0.1439,10.5,1247,194300,38950000,338.9,290,6.994,1139000000,58030000,2159000,6.712E+15,526400000,19660000,9.993E+11,5.851,0.03339,0.000494,1509,0.001987,0.07626,0.6273,16.81,-0.9887,0.4552,0.1242,0.08039,0.03783,0.0155,-0.04956,-0.05571,-0.02936,0.1203,22.64,1538,189300,34760000,-1343,1964000,154300,-3.858E+12,-3.031E+11,-23810000000,1.52E+19,2.74E+12,2.153E+11,7.35E+15,angry
2.952,0.01944,0.000917,187.1,0.002248,0.08412,0.03958,8.227,0.01078,0.303,0.3039,0.1242,0.116,0.09901,0.07883,0.07508,0.0652,0.1181,11.02,1281,194800,38930000,311.3,277.4,4.987,1090000000,43890000,1539000,6.428E+15,402000000,13720000,7.126E+11,5.303,0.0268,0.000313,1530,0.001789,0.06849,0.6475,13.93,-0.9905,0.4245,0.1581,0.08866,0.04519,0.03775,-0.01936,-0.02346,-0.02254,0.1027,20.55,1411,179400,33560000,-1350,1965000,154300,-3.862E+12,-3.033E+11,-23820000000,1.52E+19,2.741E+12,2.153E+11,7.351E+15,angry
2.416,0.01927,0.001054,205.3,0.00243,0.09063,0.04006,8.141,0.006969,0.2984,0.2932,0.1571,0.1352,0.09818,0.08959,0.08671,0.07161,0.127,10.51,1339,197400,38860000,334,297.1,9.336,1168000000,63950000,2882000,6.891E+15,580000000,26210000,1.334E+12,5.943,0.03252,0.00039,1522,0.001831,0.07022,0.5962,16.61,-0.9906,0.4964,0.2088,0.05387,0.03482,0.0245,-0.04244,-0.03811,-0.01855,0.1039,20.85,1453,191400,35920000,-1416,1966000,154300,-3.866E+12,-3.034E+11,-23820000000,1.52E+19,2.743E+12,2.153E+11,7.351E+15,angry
9.668,0.0809,0.0001,201,0.001141,0.0424,0.05118,23.86,0.06865,0.3345,0.3398,0.132,0.1319,0.1523,0.1252,0.102,0.09908,0.06228,15.8,1408,191400,37510000,256.6,379.9,11.45,1495000000,80420000,3533000,8.822E+15,726300000,31890000,1.636E+12,7.513,0.04566,5.10E-05,1506,0.000944,0.03597,0.6503,20.99,-0.9784,0.4581,0.09284,0.1045,0.00939,-0.000456,-0.05007,-0.02204,0.004188,0.05794,25,1723,201600,37780000,-1483,1967000,154400,-3.87E+12,-3.037E+11,-23820000000,1.52E+19,2.745E+12,2.153E+11,7.354E+15,disgust
14.98,0.1307,0.000276,191.2,0.001107,0.04143,0.03582,38.32,0.1156,0.2988,0.3712,0.1343,0.1633,0.1541,0.1396,0.1262,0.1014,0.0667,20.44,1333,174100,33740000,240.9,326.7,15.81,1286000000,81020000,4882000,7.596E+15,733100000,44180000,2.261E+12,10.01,0.0674,0.0001,1520,0.00107,0.04153,0.629,26.85,-0.9597,0.4925,0.05284,0.1019,0.02139,-0.01263,-0.08446,-0.02497,0.003384,0.06858,26.01,1565,162100,31550000,-1429,1969000,154400,-3.875E+12,-3.039E+11,-23840000000,1.53E+19,2.747E+12,2.155E+11,7.36E+15,disgust
14.13,0.1081,0.000117,183.1,0.001042,0.0399,0.07974,33.15,0.1015,0.322,0.3574,0.1197,0.1439,0.1191,0.1155,0.09485,0.07415,0.05974,18.07,1365,201200,39510000,284.3,398.2,15.38,1569000000,91370000,4751000,9.271E+15,825400000,42910000,2.201E+12,9.285,0.06181,5.60E-05,1533,0.000845,0.03284,0.6408,25.48,-0.9651,0.4364,0.1369,0.09037,0.006353,0.01332,-0.06596,-0.03847,-0.01584,0.05527,27.16,1835,215200,41300000,-1509,1970000,154400,-3.88E+12,-3.042E+11,-23850000000,1.53E+19,2.75E+12,2.156E+11,7.365E+15,disgust
14.13,0.1081,0.000117,183.1,0.001042,0.0399,0.07974,33.15,0.1015,0.322,0.3574,0.1197,0.1439,0.1191,0.1155,0.09485,0.07415,0.05974,18.07,1365,201200,39510000,284.3,398.2,15.38,1570000000,91410000,4752000,9.284E+15,825700000,42920000,2.202E+12,9.285,0.06181,5.60E-05,1533,0.000845,0.03284,0.6408,25.48,-0.9651,0.4364,0.1369,0.09037,0.006353,0.01332,-0.06596,-0.03847,-0.01584,0.05527,27.16,1835,215200,41300000,-1509,1971000,154500,-3.886E+12,-3.045E+11,-23860000000,1.53E+19,2.752E+12,2.157E+11,7.37E+15,disgust
9.668,0.0809,0.0001,201,0.001141,0.0424,0.05118,23.86,0.06865,0.3345,0.3398,0.132,0.1319,0.1523,0.1252,0.102,0.09908,0.06228,15.8,1408,191400,37510000,256.6,379.9,11.45,1499000000,80540000,3536000,8.868E+15,727300000,31920000,1.639E+12,7.513,0.04566,5.10E-05,1506,0.000944,0.03597,0.6503,20.99,-0.9784,0.4581,0.09284,0.1045,0.00939,-0.000456,-0.05007,-0.02204,0.004188,0.05794,25,1723,201600,37780000,-1483,1973000,154500,-3.891E+12,-3.048E+11,-23870000000,1.54E+19,2.755E+12,2.158E+11,7.375E+15,disgust
6.816,0.05904,0.000432,225,0.001865,0.07048,0.05085,15.48,0.03485,0.3104,0.3491,0.1648,0.1356,0.1253,0.09257,0.1044,0.08471,0.1198,14.25,1384,184600,36660000,336.4,424.1,27.54,1674000000,112300000,8513000,9.914E+15,1026000000,77660000,3.947E+12,8.127,0.053,0.000212,1535,0.001709,0.06579,0.5852,21.23,-0.9821,0.5236,0.1294,0.03537,-0.03159,-0.02398,-0.05354,-0.02463,-0.008347,0.1102,23.93,1526,184100,34670000,-1430,1974000,154600,-3.896E+12,-3.051E+11,-23890000000,1.54E+19,2.758E+12,2.16E+11,7.385E+15,happy
5.888,0.04549,0.000468,198,0.002049,0.07708,0.05491,16.03,0.02658,0.2508,0.2872,0.1952,0.1124,0.1347,0.0952,0.08795,0.08384,0.1186,14.26,1318,167000,32270000,326.1,425.1,19.01,1680000000,95590000,5878000,9.954E+15,872900000,53560000,2.726E+12,8.052,0.04812,0.000192,1538,0.001613,0.06192,0.6372,21.83,-0.9824,0.533,0.14,0.009951,0.004368,0.03091,-0.03468,-0.0269,-0.008665,0.097,24.87,1580,186300,34390000,-1459,1975000,154600,-3.902E+12,-3.054E+11,-23900000000,1.54E+19,2.761E+12,2.161E+11,7.391E+15,happy
6.694,0.04824,0.000378,221.6,0.002007,0.07525,0.0453,17.82,0.02738,0.2749,0.3416,0.1877,0.1406,0.1296,0.09288,0.09577,0.07925,0.1164,13.82,1348,182800,35470000,323.1,396.9,21.75,1569000000,103000000,6727000,9.306E+15,935400000,61140000,3.121E+12,8.954,0.05579,0.000211,1515,0.001632,0.06259,0.6206,23.45,-0.9804,0.5335,0.1564,0.03825,-0.02098,0.0156,-0.02726,-0.00796,7.60E-05,0.101,24.37,1519,187200,34990000,-1447,1977000,154700,-3.908E+12,-3.057E+11,-23910000000,1.55E+19,2.763E+12,2.162E+11,7.397E+15,happy
6.355,0.0486,0.000434,186.5,0.002099,0.07956,0.07127,15.6,0.03226,0.2659,0.3328,0.1635,0.1248,0.1432,0.1082,0.09003,0.09004,0.1381,12.15,1216,181800,36030000,365.2,450.1,30.8,1781000000,126000000,9530000,1.06E+16,1144000000,86420000,4.423E+12,8.523,0.05728,0.000225,1539,0.001826,0.07046,0.5827,23,-0.9819,0.5728,0.1497,0.01149,-0.05563,-0.01038,-0.08425,-0.0638,-0.03158,0.1244,24.94,1552,191500,35410000,-1411,1978000,154700,-3.914E+12,-3.061E+11,-23940000000,1.55E+19,2.767E+12,2.164E+11,7.406E+15,happy
5.523,0.04521,0.000448,212.3,0.002105,0.07884,0.06225,15.33,0.02437,0.3328,0.2766,0.1519,0.1166,0.122,0.1007,0.08989,0.0897,0.1109,12.86,1369,186100,36730000,315,428.2,16.04,1696000000,95770000,4964000,1.01E+16,863300000,44730000,2.304E+12,6.376,0.03724,0.00023,1520,0.001719,0.06591,0.6263,17.17,-0.9859,0.4553,0.08985,0.02497,0.002077,0.01335,-0.03793,-0.02481,-0.00804,0.09998,23.45,1577,188300,34830000,-1410,1980000,154700,-3.92E+12,-3.064E+11,-23940000000,1.55E+19,2.769E+12,2.164E+11,7.409E+15,happy
3.888,0.03806,0.000409,239.7,0.001213,0.04582,0.03918,10.19,0.02218,0.333,0.3484,0.1837,0.1216,0.1215,0.09513,0.09894,0.1026,0.08066,11.02,1374,196200,38300000,283.6,329.6,2.996,1306000000,52670000,927100,7.762E+15,475900000,8342000,4.304E+11,6.478,0.04011,0.0002,1478,0.001014,0.03942,0.6148,16.83,-0.9869,0.5053,0.1409,0.002793,-0.01599,-0.01718,-0.04357,-0.03332,-0.02052,0.06752,21.52,1445,188800,36030000,-1474,1981000,154700,-3.925E+12,-3.066E+11,-23950000000,1.56E+19,2.771E+12,2.165E+11,7.411E+15,neutral
5.794,0.05716,0.000261,229.6,0.001101,0.04142,0.04149,15.94,0.03026,0.3608,0.381,0.1787,0.1387,0.1463,0.1051,0.1045,0.1039,0.07071,12.21,1429,207900,40820000,299.5,339.9,2.568,1348000000,56730000,794700,8.015E+15,511500000,7093000,3.689E+11,7.286,0.04711,0.00014,1471,0.000848,0.03297,0.6378,20.04,-0.9831,0.4803,0.08945,0.04015,-0.01008,-0.0203,-0.05996,-0.0119,0.02308,0.05676,24.98,1767,222500,41920000,-1525,1982000,154700,-3.929E+12,-3.067E+11,-23940000000,1.56E+19,2.773E+12,2.164E+11,7.41E+15,neutral
62.62,0.267,0.000313,248.4,0.001197,0.04532,0.04028,111,0.5385,0.287,0.3336,0.1619,0.1588,0.1528,0.107,0.09813,0.1045,0.0834,53.35,1190,192500,33130000,623.2,336.5,3.118,1335000000,56230000,965100,7.943E+15,508800000,8717000,4.48E+11,27.11,0.1323,0.000173,1462,0.000992,0.03858,0.6343,54.73,-0.8139,0.5493,0.09404,0.07835,0.02987,-0.009295,-0.09775,-0.06366,0.001877,0.06957,39.94,1512,139900,30760000,-1588,1983000,154700,-3.934E+12,-3.069E+11,-23950000000,1.56E+19,2.774E+12,2.165E+11,7.411E+15,neutral
5.309,0.05885,0.000247,227.5,0.001047,0.03934,0.03035,15.39,0.02983,0.3267,0.3499,0.1357,0.1287,0.1433,0.1304,0.09685,0.09203,0.06799,12.53,1392,198800,39150000,298.6,335.5,3.12,1332000000,47060000,965700,7.928E+15,425300000,8707000,4.483E+11,6.91,0.04737,0.000133,1488,0.00084,0.03267,0.6282,19.95,-0.9829,0.4644,0.1043,0.06752,0.02037,-0.02974,-0.07489,-0.05532,-0.0226,0.05565,24.47,1725,212800,39790000,-1494,1985000,154700,-3.939E+12,-3.071E+11,-23940000000,1.56E+19,2.776E+12,2.164E+11,7.41E+15,neutral
6.124,0.04753,0.000255,209.1,0.001029,0.03868,0.03975,13.41,0.02504,0.3551,0.3538,0.1736,0.1335,0.1351,0.123,0.1201,0.1085,0.06765,11.95,1266,181000,35970000,262.6,382.5,5.558,1519000000,57860000,1720000,9.051E+15,525600000,15240000,7.984E+11,6.421,0.03866,0.000119,1480,0.000789,0.03052,0.6349,16.87,-0.9857,0.4613,0.07883,0.06686,0.02501,-0.01756,-0.05962,-0.03016,0.003431,0.05204,21.88,1551,203400,39000000,-1515,1986000,154700,-3.944E+12,-3.073E+11,-23940000000,1.57E+19,2.778E+12,2.164E+11,7.409E+15,neutral
8.189,0.06697,9.70E-05,186.5,0.000661,0.0247,0.04591,19.1,0.04565,0.3256,0.3944,0.163,0.1368,0.1248,0.1133,0.09891,0.087,0.04072,13.24,1330,203500,40010000,254.5,406.2,2.336,1615000000,60590000,722700,9.625E+15,550700000,6370000,3.354E+11,7.344,0.04544,4.40E-05,1517,0.000505,0.01967,0.6509,20.85,-0.9794,0.4219,0.1259,0.07004,0.002285,-0.000464,-0.03146,-0.03349,-0.004297,0.03231,26,1931,248200,47300000,-1605,1987000,154700,-3.949E+12,-3.075E+11,-23940000000,1.57E+19,2.779E+12,2.164E+11,7.406E+15,sad
5.597,0.04303,9.00E-05,190,0.000837,0.03152,0.04298,12.84,0.02719,0.2888,0.3381,0.1494,0.1326,0.1072,0.08894,0.08707,0.09142,0.04445,11.97,1242,180700,35460000,253.2,368.1,16.09,1464000000,26050000,4976000,8.734E+15,237800000,44780000,2.309E+12,5.758,0.03263,4.50E-05,1515,0.000667,0.02535,0.6385,16.8,-0.9862,0.4317,0.08567,0.007988,0.002948,-0.003672,-0.04738,-0.03643,-0.006386,0.03887,23.62,1672,208000,39000000,-1504,1989000,154700,-3.954E+12,-3.076E+11,-23930000000,1.57E+19,2.78E+12,2.163E+11,7.402E+15,sad
4.452,0.03645,6.90E-05,175.8,0.000717,0.02762,0.03538,11.48,0.01802,0.3234,0.36,0.152,0.1383,0.1132,0.1005,0.08699,0.08561,0.04017,11.7,1416,207900,40650000,268.1,433.1,14.31,1724000000,39120000,4425000,1.03E+16,356900000,39760000,2.053E+12,5.741,0.03399,2.90E-05,1520,0.000531,0.02054,0.6481,17.16,-0.9877,0.3767,0.1884,0.05189,-0.0168,0.005967,-0.009581,-0.01167,-0.007538,0.03145,24.18,1930,259100,49510000,-1594,1990000,154600,-3.96E+12,-3.077E+11,-23910000000,1.58E+19,2.782E+12,2.162E+11,7.395E+15,sad
6.889,0.05952,9.50E-05,159.9,0.000579,0.02154,0.04119,19.45,0.03834,0.318,0.3564,0.1382,0.1449,0.1016,0.1081,0.09646,0.09144,0.03091,12.94,1345,204700,40290000,250,460.5,3.673,1834000000,68890000,1136000,1.10E+16,625500000,10210000,5.268E+11,6.321,0.03884,2.50E-05,1521,0.000435,0.01655,0.6327,20.3,-0.9822,0.3505,0.1674,0.05238,0.02368,0.03197,-0.02167,-0.04099,-0.01539,0.02526,25.44,2056,273800,52610000,-1651,1991000,154600,-3.966E+12,-3.079E+11,-23900000000,1.58E+19,2.783E+12,2.161E+11,7.392E+15,sad
5.597,0.04303,9.00E-05,190,0.000837,0.03152,0.04298,12.84,0.02719,0.2888,0.3381,0.1494,0.1326,0.1072,0.08894,0.08707,0.09142,0.04445,11.97,1242,180700,35460000,253.2,368.1,16.09,1467000000,25950000,4973000,8.772E+15,236900000,44750000,2.306E+12,5.758,0.03263,4.50E-05,1515,0.000667,0.02535,0.6385,16.8,-0.9862,0.4317,0.08567,0.007988,0.002948,-0.003672,-0.04738,-0.03643,-0.006386,0.03887,23.62,1672,208000,39000000,-1504,1993000,154600,-3.972E+12,-3.081E+11,-23890000000,1.58E+19,2.785E+12,2.16E+11,7.387E+15,sad
16.03,0.1167,0.000828,228.4,0.002176,0.08326,0.08396,36.03,0.123,0.3891,0.3227,0.2376,0.1845,0.1815,0.1392,0.1261,0.106,0.1752,19.61,1753,204400,40200000,396.1,395.7,7.132,1578000000,72000000,2205000,9.443E+15,652900000,20100000,1.022E+12,15.07,0.1041,0.000401,1557,0.001896,0.07409,0.5775,39.64,-0.9459,0.5949,0.04704,-0.0141,-0.1615,-0.1168,-0.09683,-0.03752,-0.02069,0.1543,32.61,2003,207800,39570000,-1389,1994000,154600,-3.977E+12,-3.082E+11,-23890000000,1.59E+19,2.786E+12,2.159E+11,7.383E+15,angry
14.67,0.1153,0.001666,249.1,0.002371,0.08962,0.02311,34.18,0.106,0.4678,0.2949,0.2178,0.152,0.2013,0.1662,0.135,0.1256,0.1863,20.37,1965,207000,41500000,358.4,323.8,8.6,1292000000,64570000,2658000,7.736E+15,582000000,23980000,1.233E+12,14.67,0.102,0.000699,1532,0.00203,0.07977,0.5995,38.76,-0.9473,0.5081,-0.03697,0.06406,-0.1326,-0.05637,-0.09087,-0.0279,-0.006131,0.1687,34.88,2163,201500,37950000,-1316,1995000,154600,-3.982E+12,-3.084E+11,-23890000000,1.59E+19,2.788E+12,2.159E+11,7.384E+15,angry
17.53,0.1175,0.002098,241.7,0.002759,0.1054,0.04211,36.99,0.1324,0.4887,0.3191,0.245,0.1406,0.1855,0.1403,0.1037,0.1005,0.2218,18.98,1921,236000,46470000,421,374.8,18.84,1497000000,93630000,5825000,8.964E+15,846200000,52650000,2.701E+12,15.37,0.09998,0.000816,1540,0.002081,0.08184,0.6045,39.7,-0.9423,0.4727,-0.0398,0.04847,-0.09332,-0.03281,-0.05865,-0.02982,-0.02728,0.1751,36.94,2370,239100,44910000,-1406,1997000,154600,-3.987E+12,-3.086E+11,-23890000000,1.59E+19,2.79E+12,2.16E+11,7.386E+15,angry
19.3,0.1351,0.001562,226.3,0.0023,0.08789,0.0329,43.42,0.1557,0.3506,0.3364,0.1968,0.1363,0.1744,0.131,0.1059,0.09644,0.1842,21.03,1524,196000,37490000,368.1,342.6,19.41,1369000000,90820000,6002000,8.205E+15,820700000,54260000,2.784E+12,14.7,0.09906,0.000553,1556,0.00188,0.07401,0.6114,36.97,-0.939,0.5078,0.05659,0.07848,-0.08585,-0.02786,-0.09098,-0.03536,-0.02123,0.1554,34.45,2149,218000,41300000,-1362,1998000,154600,-3.992E+12,-3.089E+11,-23900000000,1.60E+19,2.792E+12,2.161E+11,7.39E+15,angry
14.66,0.114,0.001677,245.3,0.002371,0.08947,0.02568,34.45,0.1048,0.4527,0.3075,0.2056,0.1395,0.1998,0.1598,0.1345,0.1316,0.1868,19.37,1844,222100,43810000,364.5,333.3,7.516,1333000000,62510000,2324000,7.992E+15,562500000,21000000,1.078E+12,14.06,0.09702,0.000687,1525,0.002001,0.07852,0.5986,36.88,-0.9496,0.4941,-0.007504,0.05933,-0.1159,-0.0456,-0.09975,-0.03248,-0.01206,0.1655,34.06,2173,217200,40780000,-1326,1999000,154600,-3.996E+12,-3.091E+11,-23910000000,1.60E+19,2.794E+12,2.161E+11,7.392E+15,angry
13.33,0.1268,0.000504,278.1,0.00176,0.06561,0.04031,32.76,0.08751,0.3222,0.2508,0.1853,0.1387,0.1783,0.1115,0.1177,0.09675,0.1111,20.99,1535,174700,33910000,353.8,386.3,24.94,1545000000,17460000,7710000,9.274E+15,162300000,68830000,3.575E+12,9.864,0.07062,0.000219,1443,0.001477,0.05663,0.5978,27.48,-0.9608,0.4089,0.05672,0.04277,-0.03446,0.009114,-0.02881,0.03095,-0.01599,0.09732,29.62,1995,206000,38730000,-1379,2000000,154600,-4.001E+12,-3.092E+11,-23900000000,1.60E+19,2.795E+12,2.16E+11,7.388E+15,disgust
18.11,0.1284,0.000494,226.2,0.001748,0.06529,0.09088,40.49,0.1488,0.2776,0.3153,0.1585,0.1609,0.1523,0.1383,0.09521,0.09224,0.1067,23.74,1499,153100,28170000,319.5,425.2,20.82,1702000000,26850000,6433000,1.02E+16,245900000,57810000,2.982E+12,9.549,0.05922,0.000199,1506,0.001495,0.05705,0.5514,25.86,-0.9539,0.3736,-0.006437,0.06889,0.000454,0.01311,-0.04014,0.0109,-0.01856,0.09188,31.01,2058,186400,36240000,-1379,2002000,154500,-4.007E+12,-3.093E+11,-23870000000,1.60E+19,2.796E+12,2.158E+11,7.376E+15,disgust
6.583,0.04968,0.000558,239.4,0.001752,0.06496,0.07352,17.97,0.03343,0.3346,0.2303,0.1944,0.1262,0.1813,0.1329,0.0893,0.09313,0.1104,15.81,1516,190600,38060000,368.5,477.7,9.828,1914000000,56730000,3036000,1.15E+16,515300000,27180000,1.407E+12,7.044,0.04156,0.000168,1468,0.001233,0.047,0.6207,21.49,-0.9799,0.3305,0.109,0.02513,-0.01552,0.03729,0.000655,0.01002,-0.01806,0.07839,29.6,2315,270400,50260000,-1501,2003000,154500,-4.013E+12,-3.094E+11,-23850000000,1.61E+19,2.797E+12,2.156E+11,7.368E+15,disgust
12.53,0.1049,0.000392,238.4,0.001465,0.05496,0.05315,31.19,0.07857,0.3231,0.2851,0.1953,0.1522,0.1848,0.1046,0.1106,0.08942,0.09116,19.38,1438,172600,34060000,312.8,392.8,19.58,1575000000,24560000,6046000,9.473E+15,225600000,54240000,2.801E+12,9.78,0.06597,0.000159,1493,0.001253,0.04837,0.609,27.99,-0.9644,0.4497,0.02902,0.05496,-0.03234,0.005506,-0.02866,0.01363,-0.005076,0.08198,29.35,1912,199600,36880000,-1391,2005000,154400,-4.019E+12,-3.095E+11,-23840000000,1.61E+19,2.798E+12,2.155E+11,7.361E+15,disgust
9.547,0.08144,0.000483,253.8,0.001598,0.06067,0.03301,24.26,0.05343,0.3774,0.259,0.1611,0.13,0.1784,0.1212,0.09555,0.08652,0.1031,18.79,1670,204400,40320000,363.1,447.6,17.82,1796000000,37380000,5500000,1.08E+16,344800000,49040000,2.546E+12,8.933,0.06112,0.00018,1450,0.001109,0.04312,0.6543,25.87,-0.9709,0.3921,0.1182,0.02356,-0.04725,0.02318,-0.02757,-0.009307,-0.02385,0.07571,30.72,2252,252200,47630000,-1485,2006000,154300,-4.025E+12,-3.096E+11,-23820000000,1.62E+19,2.799E+12,2.153E+11,7.352E+15,disgust
13.49,0.134,0.000297,239.7,0.001498,0.0575,0.03258,33.52,0.09738,0.4235,0.273,0.1901,0.1329,0.1771,0.1196,0.1066,0.09417,0.1181,20.64,1700,186500,36780000,329.2,361.5,6.206,1452000000,50640000,1915000,8.742E+15,460900000,17180000,8.864E+11,11.85,0.09386,0.000155,1526,0.001445,0.0564,0.5635,31.7,-0.9559,0.4426,0.05738,0.08628,-0.1176,-0.04459,-0.08566,-0.02196,-0.05505,0.1115,33.49,2253,223400,42200000,-1350,2008000,154300,-4.031E+12,-3.098E+11,-23800000000,1.62E+19,2.8E+12,2.152E+11,7.345E+15,happy
11.61,0.097,0.000728,256.2,0.002022,0.07707,0.04065,25.97,0.0855,0.3639,0.2809,0.2421,0.1608,0.1871,0.1333,0.1335,0.1023,0.1583,18.55,1626,159000,30740000,363.1,378.5,5.873,1521000000,56340000,1812000,9.164E+15,507800000,16420000,8.385E+11,12.65,0.08871,0.000371,1538,0.001982,0.07729,0.5505,33.16,-0.9584,0.5425,-0.02771,0.02089,-0.06803,-0.01135,-0.06099,-0.03781,-0.07555,0.1572,33.05,2050,197900,36150000,-1291,2009000,154300,-4.036E+12,-3.099E+11,-23800000000,1.62E+19,2.801E+12,2.151E+11,7.341E+15,happy
21.51,0.1465,0.000434,223.4,0.001766,0.06698,0.0283,44.41,0.1809,0.4404,0.3085,0.1612,0.1225,0.1449,0.1379,0.1215,0.09613,0.1232,23.01,1890,224700,43120000,387.5,384.6,5.791,1546000000,64660000,1786000,9.325E+15,585800000,16190000,8.267E+11,13.51,0.09148,0.000237,1551,0.001536,0.06002,0.583,35.33,-0.9393,0.416,0.04621,0.06113,-0.07321,-0.01149,-0.08321,-0.0368,-0.06108,0.1164,36.07,2469,241900,46930000,-1396,2010000,154300,-4.041E+12,-3.101E+11,-23790000000,1.63E+19,2.803E+12,2.151E+11,7.34E+15,happy
11.4,0.0964,0.000801,249,0.002015,0.07702,0.03773,26.42,0.08669,0.3543,0.2665,0.2369,0.1535,0.1886,0.121,0.1408,0.1032,0.1587,18.14,1569,153500,29520000,346.7,367.9,6.017,1480000000,54190000,1856000,8.932E+15,488600000,16850000,8.588E+11,12.65,0.08998,0.000388,1553,0.002029,0.07938,0.5539,33.12,-0.9582,0.5508,-0.01174,0.0213,-0.06983,-0.01535,-0.06607,-0.04179,-0.07801,0.1612,32.41,1973,191000,34700000,-1270,2012000,154200,-4.046E+12,-3.103E+11,-23790000000,1.63E+19,2.805E+12,2.15E+11,7.338E+15,happy
13.12,0.1338,0.00028,235,0.001498,0.05747,0.03412,33.31,0.0955,0.432,0.2722,0.1798,0.1355,0.176,0.1242,0.1036,0.08708,0.1184,20.4,1741,193300,38050000,334.2,365.6,7.093,1472000000,48650000,2188000,8.888E+15,442100000,19720000,1.012E+12,11.63,0.09269,0.000147,1545,0.001431,0.05595,0.562,31.63,-0.9568,0.4396,0.04711,0.09176,-0.1212,-0.05075,-0.07847,-0.02171,-0.05193,0.1104,33.55,2291,228900,43220000,-1354,2013000,154200,-4.051E+12,-3.104E+11,-23780000000,1.63E+19,2.806E+12,2.15E+11,7.335E+15,happy
9.498,0.08269,0.000398,247.9,0.001151,0.04352,0.05414,23.19,0.0547,0.4209,0.2838,0.1582,0.1512,0.1584,0.115,0.1071,0.1033,0.08598,17.43,1779,224700,44440000,309.3,370.7,30.55,1493000000,12740000,9419000,9.024E+15,110100000,84450000,4.356E+12,8.085,0.05762,0.00018,1463,0.000979,0.03808,0.6051,22.19,-0.9745,0.4328,0.1062,0.03875,-0.07652,-0.07455,-0.1015,-0.02566,-0.007445,0.07128,27.08,1958,227500,43160000,-1437,2014000,154200,-4.057E+12,-3.105E+11,-23760000000,1.63E+19,2.807E+12,2.148E+11,7.326E+15,neutral
7.682,0.06085,0.000313,272.8,0.001121,0.04246,0.04851,17.97,0.03733,0.4424,0.3309,0.1653,0.1324,0.1511,0.1106,0.1278,0.1173,0.08549,16.85,1861,222600,43790000,286.4,355.1,27.46,1431000000,11760000,8461000,8.654E+15,105800000,76340000,3.91E+12,8.089,0.05276,0.000192,1441,0.001014,0.03973,0.6279,22.25,-0.9779,0.4706,0.03029,0.01805,-0.08421,-0.07495,-0.06263,0.004751,-0.003774,0.07602,27.65,1867,203600,38280000,-1406,2015000,154000,-4.062E+12,-3.104E+11,-23730000000,1.64E+19,2.806E+12,2.145E+11,7.31E+15,neutral
15.37,0.1142,0.000354,283,0.001273,0.04834,0.05262,35.19,0.1076,0.4356,0.2951,0.1897,0.1419,0.1682,0.1217,0.1144,0.1093,0.09796,21.39,1879,207400,40870000,290.1,464.6,21.59,1874000000,34380000,6647000,1.13E+16,312900000,59490000,3.07E+12,11.17,0.07752,0.000211,1440,0.001197,0.04664,0.583,28.53,-0.9576,0.4815,0.03863,0.03543,-0.07828,-0.04666,-0.07036,-0.009625,-0.00902,0.08905,27.76,1727,176100,33870000,-1395,2017000,154000,-4.067E+12,-3.105E+11,-23700000000,1.64E+19,2.807E+12,2.143E+11,7.298E+15,neutral
14.18,0.1152,0.000299,264.9,0.001153,0.04383,0.0466,33.3,0.0978,0.3637,0.2928,0.2664,0.1827,0.1893,0.1315,0.1403,0.1414,0.08916,21.34,1722,186600,36880000,279.3,424.1,19.58,1712000000,27190000,6025000,1.04E+16,247400000,54300000,2.781E+12,12.84,0.09406,0.000171,1446,0.001015,0.03972,0.6011,32.73,-0.9513,0.5307,0.000961,0.04711,-0.1049,-0.09315,-0.1107,0.005149,0.01204,0.07851,32.04,1970,192400,36160000,-1436,2018000,153900,-4.074E+12,-3.105E+11,-23670000000,1.64E+19,2.807E+12,2.14E+11,7.285E+15,neutral
14.97,0.1092,0.000379,281.6,0.001271,0.0478,0.0304,34.44,0.1113,0.3563,0.3139,0.177,0.1395,0.1655,0.1273,0.1268,0.1184,0.08972,19.75,1655,199000,39040000,272.9,386.3,26.03,1560000000,16410000,8005000,9.454E+15,148200000,71690000,3.693E+12,10.19,0.07172,0.000232,1463,0.001209,0.04701,0.6095,26.16,-0.9612,0.5199,0.05701,0.03152,-0.08415,-0.08948,-0.09745,-0.03098,-0.006312,0.08662,25.57,1593,172400,33260000,-1372,2020000,153800,-4.079E+12,-3.106E+11,-23650000000,1.65E+19,2.808E+12,2.138E+11,7.273E+15,neutral
12.83,0.1007,0.000106,225.7,0.00064,0.02416,0.03214,30.46,0.08728,0.3405,0.2994,0.1693,0.1599,0.1305,0.09976,0.1043,0.09698,0.04208,20.53,1629,184000,35810000,267.1,351.6,21.46,1421000000,11360000,6598000,8.616E+15,107500000,59250000,3.042E+12,9.139,0.06222,4.00E-05,1502,0.000599,0.02325,0.6112,25.53,-0.9645,0.4208,0.0673,0.03549,-0.0331,-0.001699,-0.02777,-0.005204,-0.02295,0.03945,28.94,1990,216300,41550000,-1505,2021000,153700,-4.084E+12,-3.106E+11,-23620000000,1.65E+19,2.808E+12,2.135E+11,7.259E+15,sad
10.12,0.09419,7.00E-05,229.8,0.000595,0.02253,0.04282,27.26,0.06329,0.4054,0.278,0.1399,0.138,0.1337,0.1174,0.09732,0.09878,0.03939,19.95,1841,217900,42760000,281.8,364.2,24.71,1473000000,10090000,7590000,8.935E+15,93050000,68140000,3.497E+12,8.117,0.05557,2.80E-05,1471,0.000569,0.02184,0.5678,23.66,-0.9705,0.3346,0.09379,0.057,-0.03913,-0.003687,-0.0289,-0.000906,-0.01002,0.03645,29.14,2202,246000,47350000,-1530,2022000,153600,-4.089E+12,-3.106E+11,-23590000000,1.65E+19,2.808E+12,2.133E+11,7.248E+15,sad
11.54,0.1087,0.000114,254.6,0.000888,0.03353,0.04008,30.62,0.07924,0.3289,0.3225,0.1655,0.1577,0.1456,0.1133,0.1087,0.1061,0.05739,19.72,1459,172800,33120000,242.1,353,17.56,1429000000,20780000,5393000,8.673E+15,195100000,48080000,2.484E+12,8.891,0.06549,5.60E-05,1488,0.000808,0.03124,0.6473,23.8,-0.9676,0.4506,0.07104,0.04845,-0.05145,-0.01097,-0.03255,0.01279,-0.005388,0.05358,25.9,1684,185200,35800000,-1455,2023000,153500,-4.094E+12,-3.107E+11,-23570000000,1.66E+19,2.808E+12,2.131E+11,7.237E+15,sad
11.29,0.09205,0.000121,239,0.00081,0.03027,0.04028,27.72,0.06692,0.3855,0.3054,0.1668,0.1389,0.1295,0.1068,0.1234,0.1018,0.04721,18.29,1631,213300,41840000,256.5,360.6,20.38,1460000000,15070000,6255000,8.869E+15,139400000,56250000,2.879E+12,8.026,0.05271,4.80E-05,1510,0.000722,0.02771,0.5956,21.76,-0.9717,0.3764,0.08939,0.07919,-0.0368,-0.004518,-0.02485,0.004532,0.01059,0.04439,26.83,1950,227600,43270000,-1491,2025000,153500,-4.099E+12,-3.107E+11,-23550000000,1.66E+19,2.809E+12,2.129E+11,7.227E+15,sad
72.22,0.3146,0.000117,255.7,0.000868,0.03251,0.04083,127.3,0.62,0.2946,0.2903,0.1707,0.1997,0.1519,0.1139,0.1105,0.09609,0.05666,61.59,1310,186200,28430000,697.5,372.5,18.59,1509000000,20840000,5702000,9.174E+15,195500000,50950000,2.624E+12,37.22,0.1878,5.10E-05,1468,0.000704,0.02739,0.655,74,-0.7294,0.5279,0.05842,0.06387,-0.002525,0.005816,-0.05859,-0.005908,-0.01573,0.04881,50.11,1736,129100,31680000,-1679,2026000,153400,-4.105E+12,-3.108E+11,-23530000000,1.66E+19,2.809E+12,2.127E+11,7.217E+15,sad
16.96,0.09391,0.000501,174.3,0.002167,0.08169,0.09019,38.07,0.1123,0.3676,0.2365,0.1054,0.1317,0.1018,0.09245,0.08526,0.06596,0.1343,21.61,1726,154100,27640000,260.7,433.6,14.25,739400000,3404000,640000,1.89E+15,28440000,5706000,43110000000,13.48,0.07134,0.000163,1502,0.001497,0.05735,0.6523,42.19,-0.9384,0.2433,-0.01877,0.1106,0.03138,0.08689,-0.000871,0.06928,-0.01988,0.1066,43.87,3265,291800,54140000,-1354,852700,22460,-7.27E+11,-19150000000,-504200000,1.24E+18,1.75E+11,4598000000,2.26E+13,angry
93.45,0.4008,0.00083,177.5,0.002252,0.08466,0.04755,170.3,0.8087,0.2946,0.2897,0.1035,0.254,0.08048,0.1769,0.1076,0.1063,0.131,77.95,1406,207000,26350000,921.6,355.5,3.578,607300000,9775000,160600,1.556E+15,92980000,1513000,10800000000,71.95,0.3325,0.000304,1542,0.001407,0.05436,0.6843,142.3,-0.4431,0.544,0.0908,0.1493,0.1052,0.1406,-0.04805,0.02314,-0.007905,0.09257,80.54,2075,86630,31830000,-1887,854100,22440,-7.295E+11,-19170000000,-503200000,1.25E+18,1.747E+11,4589000000,2.257E+13,angry
95.88,0.4146,0.000713,214.9,0.002842,0.1069,0.09269,175.3,0.8267,0.3049,0.241,0.1061,0.2428,0.07644,0.167,0.09503,0.08864,0.1698,79.61,1501,210300,26920000,984.6,378.5,10.14,647600000,16440000,455100,1.662E+15,149800000,4152000,30640000000,73.17,0.3263,0.000257,1543,0.001958,0.07495,0.6455,142.7,-0.4288,0.5147,0.1158,0.1522,0.1246,0.1442,-0.01311,0.02486,0.01309,0.1242,81.82,2124,88050,32620000,-1886,855400,22450,-7.317E+11,-19200000000,-503600000,1.25E+18,1.75E+11,4594000000,2.261E+13,angry
16.7,0.1074,0.000744,195,0.003828,0.1434,0.0644,38.96,0.1087,0.3977,0.3242,0.1509,0.1924,0.0911,0.1056,0.1067,0.09133,0.2003,25.14,2088,187200,35710000,405.7,356.4,7.367,610600000,12650000,330800,1.569E+15,115400000,3020000,22280000000,14.18,0.07618,0.000299,1573,0.002379,0.09063,0.6489,39.65,-0.9388,0.3697,0.04161,0.1111,0.03689,0.1089,0.05236,0.06017,0.02855,0.1356,38.32,2607,227700,43790000,-1475,856600,22460,-7.338E+11,-19240000000,-504100000,1.26E+18,1.754E+11,4598000000,2.264E+13,angry
17.03,0.1095,0.00077,183.7,0.003879,0.1455,0.05955,39.59,0.1114,0.3924,0.3198,0.1343,0.184,0.09237,0.1037,0.1037,0.09631,0.2029,24.92,2049,187600,35630000,403,339.2,7.613,582000000,13030000,342000,1.498E+15,118600000,3119000,23040000000,14.04,0.07623,0.000312,1564,0.002488,0.09497,0.6443,38.23,-0.9402,0.3935,0.0669,0.1181,0.03947,0.1012,0.054,0.05544,0.02812,0.1416,36.96,2478,219600,42060000,-1453,857800,22470,-7.359E+11,-19270000000,-504400000,1.26E+18,1.757E+11,4601000000,2.266E+13,angry
26.87,0.1536,7.90E-05,178,0.000633,0.02389,0.03788,54,0.192,0.3928,0.2433,0.151,0.2019,0.1414,0.1852,0.119,0.1104,0.04624,26.34,1804,166600,31230000,249.2,352.7,9.099,605900000,15030000,409100,1.562E+15,137800000,3741000,27590000000,20.29,0.1104,2.90E-05,1543,0.000542,0.02137,0.5935,54.18,-0.8913,0.3169,-0.06397,0.09462,-0.03505,0.1024,-0.02858,0.01628,-0.03211,0.04326,49.9,3223,259600,50400000,-1602,859000,22490,-7.379E+11,-19320000000,-505200000,1.27E+18,1.761E+11,4608000000,2.271E+13,disgust
27.14,0.1585,0.000266,189.7,0.00117,0.04352,0.04518,54.05,0.1931,0.3856,0.2226,0.1966,0.1831,0.1225,0.1715,0.1015,0.1032,0.07799,27.39,1853,170400,32470000,304.8,350,10.08,602200000,15760000,453500,1.554E+15,144600000,4153000,30600000000,19.15,0.1037,8.10E-05,1570,0.000908,0.03539,0.6386,52.33,-0.8939,0.251,-0.09372,0.137,-0.03996,0.1119,-0.02018,0.05017,-0.004856,0.0715,50.61,3272,249800,48570000,-1541,860300,22490,-7.4E+11,-19350000000,-505600000,1.27E+18,1.764E+11,4612000000,2.274E+13,disgust
27.29,0.1575,0.000678,184.9,0.001226,0.0459,0.04468,53.58,0.1955,0.3959,0.259,0.206,0.2021,0.1457,0.1667,0.1147,0.1115,0.1142,24.23,1748,179200,32980000,320.9,348.7,5.339,600800000,10740000,240100,1.553E+15,98220000,2187000,16200000000,22.79,0.1296,0.000187,1529,0.000808,0.03235,0.5957,62.68,-0.8693,0.2302,-0.2207,0.1266,-0.06995,0.07538,-0.03,0.05731,-0.006899,0.08714,57.68,3561,251800,50290000,-1573,861500,22500,-7.421E+11,-19380000000,-505700000,1.28E+18,1.766E+11,4613000000,2.275E+13,disgust
24.24,0.1356,7.60E-05,175,0.000616,0.02326,0.09204,51.23,0.1669,0.4371,0.227,0.1509,0.1814,0.09544,0.1928,0.09317,0.1116,0.04102,26.64,1996,166600,32270000,260,388.3,8.788,670000000,15450000,395400,1.734E+15,142200000,3627000,26690000000,19.35,0.1026,3.00E-05,1527,0.000494,0.01931,0.5969,55.17,-0.8964,0.2729,-0.08404,0.07901,0.00315,0.1016,-0.01758,0.02781,-0.04001,0.03776,50.09,3290,259400,51260000,-1644,862700,22500,-7.443E+11,-19410000000,-506000000,1.28E+18,1.769E+11,4615000000,2.276E+13,disgust
24.23,0.1315,0.000136,180.7,0.000977,0.03692,0.07979,49.73,0.1673,0.4174,0.2012,0.1631,0.1641,0.1069,0.1597,0.08323,0.1093,0.06473,25.56,1985,174300,34130000,289.9,428.1,11.98,739900000,19250000,539100,1.918E+15,176300000,4930000,36400000000,18.14,0.09219,5.30E-05,1536,0.000713,0.02796,0.6101,51.87,-0.9027,0.2024,-0.07158,0.1056,0.01391,0.1019,-0.009576,0.05364,-0.002484,0.05454,51.44,3494,276900,53710000,-1628,864100,22510,-7.467E+11,-19450000000,-506300000,1.29E+18,1.773E+11,4619000000,2.279E+13,disgust
24.34,0.1472,0.000284,213.2,0.001537,0.05752,0.07105,53.34,0.1804,0.4019,0.2851,0.1223,0.2028,0.07668,0.1558,0.07196,0.1163,0.08458,28.34,2056,187100,34380000,312.4,333.3,3.578,576900000,8293000,161100,1.498E+15,77980000,1482000,10870000000,17.49,0.0959,0.00011,1544,0.001083,0.04173,0.6311,48.38,-0.9065,0.2854,0.00231,0.1082,0.02974,0.09255,-0.009421,0.05735,0.01733,0.06633,44.1,3002,246700,48980000,-1559,865500,22510,-7.49E+11,-19480000000,-506500000,1.30E+18,1.776E+11,4620000000,2.28E+13,happy
24.02,0.1507,0.00021,203.4,0.001258,0.04712,0.07639,52.48,0.177,0.4081,0.2816,0.1502,0.2257,0.07724,0.1665,0.09367,0.1214,0.06943,28.09,2050,186600,34450000,304.7,354,5,613600000,7039000,225000,1.595E+15,66120000,2022000,15190000000,18,0.1013,7.50E-05,1495,0.00088,0.03391,0.6268,51.87,-0.8996,0.2541,-0.062,0.1041,-0.001952,0.09344,-0.03119,0.01891,0.007206,0.05698,47.73,3195,247100,49590000,-1571,866600,22500,-7.511E+11,-19500000000,-506000000,1.30E+18,1.778E+11,4616000000,2.276E+13,happy
21.04,0.1246,7.80E-05,159.1,0.000921,0.03467,0.07685,46.87,0.1437,0.4242,0.2756,0.1134,0.2059,0.0741,0.1408,0.07046,0.08896,0.04756,26.53,2135,192400,35490000,275.1,383.8,5.574,666200000,5004000,250700,1.735E+15,47390000,2242000,16910000000,15.98,0.08373,3.40E-05,1497,0.000582,0.02234,0.6701,48.37,-0.918,0.1742,0.009079,0.08801,0.007325,0.07675,-0.004209,0.03361,-0.000462,0.03536,47.52,3504,296500,58800000,-1668,867900,22480,-7.533E+11,-19510000000,-505200000,1.31E+18,1.779E+11,4608000000,2.271E+13,happy
17.03,0.1091,0.000109,169.1,0.000954,0.03571,0.133,40.15,0.1176,0.4189,0.2638,0.1211,0.1759,0.0682,0.13,0.09353,0.07842,0.05248,25.79,2209,190600,35850000,300.2,458.1,14.09,796500000,3152000,632600,2.077E+15,27150000,5672000,42590000000,13.59,0.07262,3.80E-05,1512,0.000628,0.02404,0.65,44.76,-0.9302,0.126,-0.01759,0.06904,0.001569,0.06557,-0.01279,0.03521,0.01935,0.03855,46.98,3602,300200,59440000,-1647,869400,22450,-7.558E+11,-19520000000,-503500000,1.31E+18,1.779E+11,4594000000,2.26E+13,happy
15.55,0.1259,0.000211,194.4,0.001032,0.03814,0.05679,41.91,0.1232,0.37,0.3381,0.1279,0.2431,0.1094,0.1753,0.09143,0.1018,0.05025,27.36,1907,168600,30770000,250,280.5,8.846,488400000,3519000,396200,1.276E+15,33350000,3610000,26610000000,11.32,0.07356,7.70E-05,1512,0.001009,0.03737,0.6173,35.69,-0.9381,0.3053,-0.04664,0.08102,0.004849,0.08196,-0.01929,0.01515,0.01197,0.05568,36.82,2518,209700,41720000,-1493,870700,22390,-7.58E+11,-19500000000,-501000000,1.32E+18,1.777E+11,4571000000,2.243E+13,happy
24.99,0.1532,8.30E-05,224.9,0.001147,0.04299,0.06568,54.84,0.1826,0.4418,0.3059,0.1541,0.2107,0.1044,0.142,0.07287,0.09024,0.06787,31.13,2279,165800,33400000,340.9,339.8,7.498,592400000,3252000,335300,1.549E+15,31420000,3009000,22490000000,18.8,0.1095,3.10E-05,1493,0.000793,0.03044,0.6321,51,-0.8898,0.2417,-0.05217,0.09922,0.021,0.0638,-0.02752,0.02149,0.01261,0.05141,49.6,3327,235800,50470000,-1614,871700,22360,-7.599E+11,-19490000000,-499700000,1.33E+18,1.777E+11,4559000000,2.234E+13,neutral
25.47,0.1569,9.20E-05,221.9,0.001158,0.04357,0.08888,55.72,0.1873,0.4333,0.269,0.1769,0.2069,0.118,0.1279,0.07406,0.07889,0.07206,30.81,2295,165100,34030000,363.9,417.9,10.19,729600000,3885000,455000,1.911E+15,36320000,4099000,30470000000,19.24,0.1133,3.60E-05,1477,0.000812,0.03115,0.6315,51.74,-0.8844,0.2146,-0.05169,0.09209,0.02907,0.06795,-0.04442,0.005535,0.003213,0.05519,51.78,3471,242200,51450000,-1628,873000,22330,-7.622E+11,-19490000000,-498100000,1.33E+18,1.777E+11,4545000000,2.223E+13,neutral
27.35,0.1673,0.000251,238.1,0.001626,0.06155,0.1194,57.33,0.199,0.4321,0.2304,0.2022,0.1926,0.1232,0.1436,0.08875,0.1256,0.1054,31.05,2295,156400,33630000,411.2,475.1,11.35,831100000,3203000,506000,2.181E+15,30810000,4533000,33810000000,22.06,0.1331,8.70E-05,1485,0.001104,0.04259,0.6439,61.33,-0.8637,0.1613,-0.1343,0.07376,0.0111,0.0697,-0.04754,0.003736,-0.02961,0.08017,57.52,3707,232500,50820000,-1616,874600,22280,-7.649E+11,-19490000000,-496000000,1.34E+18,1.777E+11,4526000000,2.21E+13,neutral
23.24,0.1582,0.000111,215.4,0.001102,0.04119,0.07109,51.77,0.1652,0.4334,0.315,0.1767,0.2076,0.1122,0.1206,0.07112,0.07903,0.06541,30.93,2297,169800,34080000,337.8,390.3,4.464,683900000,7569000,198700,1.797E+15,71240000,1763000,13260000000,18.54,0.1158,4.00E-05,1490,0.000793,0.03044,0.6353,51.56,-0.8947,0.2316,-0.06012,0.09865,0.008554,0.04574,-0.02528,0.01816,-0.000434,0.05242,49.77,3333,235300,50400000,-1625,876100,22260,-7.675E+11,-19500000000,-494900000,1.35E+18,1.778E+11,4517000000,2.202E+13,neutral
22.54,0.1364,8.70E-05,256.2,0.001303,0.04859,0.07488,50.86,0.1611,0.4249,0.2978,0.1603,0.1997,0.1015,0.12,0.0731,0.101,0.0788,28.94,2233,169700,34480000,347.3,362.2,4.773,635600000,5925000,212200,1.673E+15,55730000,1891000,14150000000,16.91,0.09478,4.00E-05,1480,0.000961,0.03659,0.6078,47.05,-0.9087,0.2778,-0.03028,0.1088,0.03927,0.04206,-0.03197,0.03542,0.01546,0.0637,46.22,3122,235900,48550000,-1569,877400,22230,-7.698E+11,-19510000000,-494000000,1.35E+18,1.779E+11,4509000000,2.196E+13,neutral
23.27,0.1679,1.70E-05,159.3,0.000406,0.01511,0.08017,54.31,0.1648,0.4161,0.3403,0.1606,0.1737,0.1654,0.1294,0.09181,0.07901,0.01889,32.54,2227,150700,28580000,255.3,350.4,22.37,615600000,11930000,992500,1.623E+15,105100000,8958000,66050000000,18.39,0.1255,5.00E-06,1512,0.000333,0.01273,0.5716,53.21,-0.8874,0.1459,-0.03753,0.05121,0.01018,0.01836,-0.01705,0.02099,-0.003764,0.01851,50.22,3577,264000,58040000,-1701,878600,22190,-7.719E+11,-19500000000,-492000000,1.36E+18,1.778E+11,4490000000,2.183E+13,sad
23.9,0.1508,4.50E-05,149.6,0.000464,0.01704,0.08475,53.64,0.1659,0.4116,0.3048,0.1609,0.1926,0.1229,0.1048,0.06812,0.08607,0.02441,30.77,2217,163900,31030000,258.3,350.3,22.44,616300000,12040000,992700,1.627E+15,106600000,8972000,65850000000,16.83,0.1028,1.50E-05,1508,0.000366,0.01403,0.5803,50.93,-0.8971,0.1171,-0.06904,0.0401,0.008387,0.05271,-0.01008,0.01179,-0.02382,0.022,49.9,3635,277000,59020000,-1673,879800,22120,-7.741E+11,-19460000000,-488800000,1.36E+18,1.775E+11,4462000000,2.161E+13,sad
19.76,0.1465,1.30E-05,148.4,0.000375,0.01399,0.07699,47.73,0.1326,0.3994,0.3066,0.1706,0.1677,0.12,0.0835,0.08128,0.1049,0.01864,30.89,2245,148900,29140000,255.5,364.8,27.01,642800000,15840000,1191000,1.699E+15,139400000,10730000,78700000000,15.27,0.1025,5.00E-06,1514,0.000314,0.01192,0.6058,47.23,-0.9082,0.09103,-0.03412,0.06124,0.001317,0.02449,0.003174,0.01386,-0.02423,0.01826,49.57,3715,283100,60940000,-1698,881100,22040,-7.762E+11,-19420000000,-485500000,1.37E+18,1.771E+11,4432000000,2.14E+13,sad
22.04,0.1485,2.20E-05,171.3,0.000465,0.0175,0.08961,51.29,0.1571,0.3837,0.3064,0.1539,0.1897,0.1155,0.1378,0.0666,0.08004,0.02224,31.22,2211,160800,30150000,265.9,364.9,27.29,643800000,16200000,1198000,1.704E+15,141700000,10780000,78890000000,14.83,0.09333,8.00E-06,1523,0.000389,0.01486,0.5903,44.87,-0.9099,0.09564,-0.0483,0.03855,0.003473,0.04998,-0.006311,0.03233,-0.005079,0.02171,47.65,3579,277300,58870000,-1668,882300,21960,-7.785E+11,-19370000000,-481800000,1.37E+18,1.767E+11,4399000000,2.115E+13,sad
15.09,0.1204,1.50E-05,162.3,0.000321,0.01202,0.1025,39.87,0.09882,0.3638,0.3228,0.1759,0.1359,0.1162,0.09882,0.09006,0.08424,0.01632,28.71,2124,140000,26960000,235.6,376.4,30.87,665100000,19210000,1350000,1.763E+15,169700000,12180000,88480000000,12.78,0.08277,6.00E-06,1514,0.00027,0.01028,0.573,41.9,-0.9268,0.081,-0.02473,0.005037,-0.004843,0.03397,-0.006798,0.002302,-0.02348,0.01542,48.42,3798,306200,64200000,-1701,883600,21870,-7.807E+11,-19320000000,-477700000,1.38E+18,1.763E+11,4362000000,2.088E+13,sad
22.94,0.1384,0.001558,214.3,0.004134,0.1551,0.0797,48,0.1628,0.6289,0.2315,0.1506,0.2002,0.1114,0.1111,0.07831,0.1103,0.2269,26.83,3091,355900,70810000,450.5,450.8,26.11,798000000,28890000,1139000,2.119E+15,263200000,10340000,74470000000,11.06,0.06275,0.000529,1542,0.002504,0.09554,0.6867,28.2,-0.9431,0.08803,0.06644,0.08637,-0.02253,0.07748,0.0338,0.0228,-0.01783,0.1451,38.72,3589,369200,74240000,-1625,885000,21800,-7.833E+11,-19300000000,-475100000,1.39E+18,1.761E+11,4337000000,2.071E+13,angry
21.12,0.1238,0.001869,200.6,0.004008,0.151,0.1141,42.86,0.1464,0.6349,0.2252,0.1341,0.1713,0.0978,0.1005,0.0749,0.1116,0.2291,24.88,3075,354400,71070000,457.1,554.1,32.77,982800000,35240000,1424000,2.614E+15,320000000,12950000,92770000000,9.815,0.05364,0.000655,1544,0.002293,0.08775,0.6799,25.71,-0.9512,-0.003035,0.07754,0.1113,-0.04147,0.0527,0.02836,0.03136,-0.01323,0.1351,40.35,4041,428500,85440000,-1694,886800,21730,-7.863E+11,-19270000000,-471600000,1.40E+18,1.758E+11,4306000000,2.048E+13,angry
25.07,0.1486,0.002501,215,0.00446,0.1694,0.08248,51.11,0.1837,0.5748,0.3013,0.1759,0.2022,0.1484,0.123,0.1103,0.1208,0.2756,27.14,2710,314000,62640000,472.5,453.3,36.27,805600000,40060000,1576000,2.147E+15,366000000,14370000,1.027E+11,12.6,0.07053,0.000915,1523,0.002885,0.1109,0.6668,32.44,-0.9295,0.1532,0.01536,0.1348,0.006179,0.06909,0.02668,0.04353,-0.02014,0.18,40.14,3451,338500,67460000,-1554,888500,21720,-7.894E+11,-19300000000,-471500000,1.40E+18,1.761E+11,4306000000,2.048E+13,angry
20.8,0.1198,0.001428,219,0.003769,0.1415,0.1022,43.44,0.1408,0.6399,0.2378,0.1669,0.1937,0.09283,0.1145,0.08129,0.0985,0.198,25.67,3090,357700,71360000,466.8,487,28.08,867000000,30170000,1219000,2.315E+15,273900000,11040000,79310000000,9.773,0.05244,0.000482,1549,0.002304,0.08791,0.6607,26.35,-0.9526,0.06714,0.08772,0.08406,-0.03952,0.09008,0.0297,0.0376,-0.002101,0.1283,38.03,3745,398000,79710000,-1646,890100,21700,-7.923E+11,-19320000000,-470500000,1.41E+18,1.762E+11,4296000000,2.041E+13,angry
26.77,0.163,0.00146,195.7,0.003612,0.1349,0.04548,54.53,0.1927,0.4269,0.3004,0.2077,0.2404,0.1412,0.1526,0.1022,0.1345,0.195,29.45,2135,228000,45660000,374.9,347.4,32.33,619400000,36050000,1402000,1.657E+15,327900000,12760000,91120000000,16.32,0.09529,0.000637,1543,0.00279,0.1063,0.6376,39.37,-0.9115,0.3785,0.04024,0.1453,0.03611,0.09877,-0.007857,0.04917,-0.009373,0.1643,37.52,2392,207500,40800000,-1435,891600,21680,-7.949E+11,-19330000000,-469600000,1.42E+18,1.764E+11,4288000000,2.035E+13,angry
25.18,0.1548,0.000194,192.2,0.000828,0.03096,0.07966,51.86,0.1762,0.3313,0.2478,0.2362,0.1684,0.1332,0.1433,0.09963,0.09908,0.06225,27.64,1780,142500,28620000,313.9,651.4,48.06,1164000000,29270000,2077000,3.119E+15,260300000,18790000,1.346E+11,15.91,0.09493,6.80E-05,1497,0.000595,0.02303,0.6394,45.47,-0.9085,0.1324,-0.1993,0.1449,-0.01736,0.05461,0.008224,0.01835,-0.05913,0.04459,49.84,3501,270900,53230000,-1607,893300,21610,-7.98E+11,-19300000000,-466400000,1.43E+18,1.761E+11,4260000000,2.015E+13,disgust
27.35,0.156,0.000166,190.9,0.0008,0.02971,0.1011,55.36,0.1917,0.3286,0.2504,0.2042,0.1856,0.1523,0.1514,0.101,0.1077,0.05779,26.53,1589,149000,28960000,289,412.4,12.13,738300000,9982000,521900,1.983E+15,90640000,4665000,33660000000,16.28,0.09278,8.60E-05,1532,0.000753,0.02931,0.5339,42.9,-0.9059,0.2441,-0.2049,0.1557,-0.02216,0.1016,-0.01815,0.01807,-0.02989,0.05809,44.78,2897,234900,44510000,-1489,895100,21510,-8.013E+11,-19250000000,-462300000,1.44E+18,1.757E+11,4223000000,1.988E+13,disgust
29.11,0.1744,0.000138,203.2,0.000783,0.02896,0.07906,58.87,0.2048,0.3442,0.2227,0.2194,0.1693,0.1728,0.1471,0.1232,0.117,0.05827,29.73,1763,137000,27710000,322.7,448.8,16.11,804900000,11040000,691100,2.165E+15,98140000,6170000,44470000000,18.56,0.1095,6.50E-05,1510,0.000693,0.02656,0.5662,48.58,-0.8887,0.2164,-0.2106,0.1252,-0.02533,0.1206,-0.001355,-0.02151,-0.09514,0.05302,49.64,3142,234400,46240000,-1550,896600,21470,-8.04E+11,-19250000000,-460400000,1.44E+18,1.757E+11,4205000000,1.976E+13,disgust
24.84,0.1577,0.001517,185.6,0.001109,0.03702,0.09903,51.68,0.175,0.3827,0.1934,0.1951,0.1868,0.1567,0.1528,0.09039,0.09975,0.06236,27.83,2030,152400,31450000,322.9,603.9,25.11,1085000000,13090000,1073000,2.925E+15,115700000,9643000,68760000000,16.28,0.09619,0.000178,1533,0.000609,0.02281,0.5914,47.75,-0.9003,0.09989,-0.2241,0.05938,-0.0709,0.0536,-0.04246,-0.00613,-0.04178,0.04542,54.79,3760,259300,53880000,-1647,898500,21370,-8.072E+11,-19200000000,-456200000,1.45E+18,1.752E+11,4168000000,1.949E+13,disgust
26.87,0.1646,0.000335,195.5,0.000763,0.02842,0.0751,54.35,0.1866,0.3239,0.2387,0.237,0.1713,0.1673,0.1316,0.1048,0.1149,0.06288,27.51,1776,134800,28430000,330.3,586.2,35.69,1056000000,21340000,1517000,2.852E+15,186600000,13640000,96620000000,17.6,0.1034,8.70E-05,1509,0.000634,0.02439,0.5971,49.87,-0.8905,0.1132,-0.301,0.1203,-0.03677,0.09628,-0.01585,0.03067,-0.02017,0.05137,53.73,3566,245600,49180000,-1580,900500,21260,-8.109E+11,-19150000000,-451700000,1.46E+18,1.748E+11,4127000000,1.92E+13,disgust
22.01,0.126,0.000745,225.5,0.002619,0.09818,0.0522,45.86,0.1433,0.4387,0.2818,0.1746,0.2088,0.1328,0.152,0.1016,0.1122,0.1494,25.46,1930,230500,45380000,363.3,384.4,16.71,693600000,21430000,708100,1.877E+15,197300000,6457000,45020000000,12.23,0.06867,0.000277,1559,0.00227,0.08637,0.5904,28.76,-0.9421,0.3729,0.01262,0.1455,0.01999,0.08329,0.02697,0.02204,-0.019,0.1328,30.7,1949,184900,34630000,-1409,902200,21200,-8.14E+11,-19130000000,-449100000,1.47E+18,1.746E+11,4104000000,1.904E+13,happy
25.83,0.1526,0.000935,191.8,0.002306,0.08598,0.04791,53.72,0.1797,0.455,0.24,0.1834,0.2027,0.09896,0.1604,0.0785,0.09955,0.1286,26.28,1888,239100,45990000,283.4,391.6,18.38,707600000,22640000,778400,1.918E+15,205700000,7047000,49450000000,13.95,0.0792,0.00033,1544,0.001895,0.07271,0.6208,32.76,-0.9277,0.306,0.01446,0.1352,0.003224,0.09405,0.02879,0.04169,-0.04921,0.1181,34.95,2398,243700,46290000,-1412,903500,21180,-8.164E+11,-19140000000,-448400000,1.48E+18,1.748E+11,4097000000,1.899E+13,happy
27.58,0.1581,0.000639,187.5,0.002262,0.08583,0.04488,56.41,0.1907,0.463,0.2478,0.1996,0.2173,0.1383,0.149,0.1019,0.1047,0.129,28,1858,240400,45870000,285.2,411,14.83,743800000,18930000,627100,2.019E+15,173000000,5679000,39780000000,15.34,0.08593,0.000237,1551,0.001897,0.07346,0.5996,36.68,-0.9171,0.3118,0.009136,0.1556,0.01371,0.09476,0.01874,0.01668,-0.07962,0.1205,36.59,2430,247000,47090000,-1418,904900,21150,-8.189E+11,-19140000000,-447000000,1.48E+18,1.748E+11,4085000000,1.89E+13,happy
22.84,0.1376,0.000315,221,0.001859,0.06979,0.02911,50.04,0.1609,0.3803,0.3411,0.1508,0.2404,0.1403,0.1661,0.1012,0.1311,0.09645,26.34,1715,173200,31940000,219.4,357.5,12.23,647900000,7763000,515900,1.762E+15,67150000,4557000,32640000000,13.23,0.07434,0.000133,1533,0.001784,0.06794,0.5937,32.27,-0.9325,0.4225,-0.04797,0.1755,0.03198,0.06344,-0.007227,-0.03413,-0.08415,0.101,31.89,1890,161400,30560000,-1361,906300,21110,-8.213E+11,-19130000000,-445300000,1.49E+18,1.747E+11,4069000000,1.879E+13,happy
23.47,0.1381,0.000618,195.9,0.002422,0.09156,0.06615,48.97,0.1686,0.4486,0.253,0.1944,0.2244,0.1196,0.1541,0.1095,0.1089,0.1289,26.09,1870,233000,44270000,273.8,402.7,15.91,731000000,16290000,670200,1.99E+15,147500000,5987000,42340000000,12.13,0.06997,0.000274,1550,0.002087,0.07978,0.6093,28.82,-0.9383,0.3498,0.04713,0.1058,0.01968,0.1256,0.02556,0.00549,-0.07649,0.1199,31.33,2154,224800,43150000,-1397,907600,21070,-8.237E+11,-19120000000,-443600000,1.50E+18,1.746E+11,4054000000,1.869E+13,happy
17.39,0.09927,0.000154,180.2,0.001048,0.03874,0.04247,37.86,0.1071,0.5462,0.3491,0.1933,0.1517,0.1633,0.1096,0.08656,0.1004,0.05513,25.55,2718,268900,54770000,250.3,382.2,14.66,694700000,6239000,615700,1.894E+15,52170000,5505000,38770000000,10.42,0.05697,5.80E-05,1505,0.000825,0.03134,0.594,26.16,-0.9565,0.3281,0.1321,0.09852,0.05695,0.05725,0.04257,0.02465,0.0181,0.04386,28.8,2309,249200,51990000,-1631,908900,21000,-8.262E+11,-19090000000,-440700000,1.50E+18,1.743E+11,4028000000,1.85E+13,neutral
21.32,0.1229,0.000119,173.4,0.00115,0.04324,0.04772,44.27,0.1376,0.6092,0.3244,0.1966,0.1923,0.1333,0.1355,0.1167,0.1168,0.05663,28.48,3045,305200,61760000,262.1,422.1,22.87,768500000,13220000,956700,2.099E+15,113800000,8575000,60020000000,12.15,0.06701,4.00E-05,1535,0.000714,0.02726,0.669,31.11,-0.9402,0.1663,0.08285,0.1006,-0.007706,0.06466,0.03309,0.01566,-0.000422,0.03785,37.35,3193,331900,69080000,-1728,910300,20930,-8.287E+11,-19050000000,-437800000,1.51E+18,1.74E+11,4001000000,1.832E+13,neutral
20.25,0.1126,0.000153,177.4,0.001149,0.04373,0.04521,42.52,0.1264,0.5905,0.3228,0.1773,0.1786,0.134,0.103,0.1202,0.09333,0.05945,26.47,2897,301800,60020000,266.8,419.4,22.6,764700000,13120000,941200,2.092E+15,112500000,8423000,58790000000,11.37,0.06062,5.00E-05,1538,0.000769,0.02947,0.647,28.58,-0.9483,0.2614,0.1736,0.1683,0.03465,0.06335,0.04605,-0.004039,-0.008879,0.04161,32.48,2758,304700,62230000,-1673,911800,20840,-8.313E+11,-19000000000,-433900000,1.52E+18,1.735E+11,3967000000,1.808E+13,neutral
21,0.1179,0.000222,190.8,0.001241,0.04607,0.04739,44.21,0.1399,0.5311,0.2674,0.1146,0.199,0.08518,0.1358,0.07407,0.09357,0.06637,26.49,2577,292800,57640000,295.8,390.9,11.19,713800000,6455000,464500,1.956E+15,56250000,4100000,28910000000,11.38,0.06244,9.00E-05,1534,0.000989,0.03783,0.6194,27.41,-0.9466,0.2907,0.1544,0.1496,0.009117,0.1008,0.03014,0.01804,-0.003238,0.05549,29.53,2274,247300,49790000,-1610,913200,20760,-8.339E+11,-18960000000,-430800000,1.52E+18,1.732E+11,3938000000,1.788E+13,neutral
17.87,0.1111,0.000116,175.2,0.00069,0.02609,0.05716,38.65,0.1208,0.5553,0.3473,0.1957,0.2414,0.1282,0.1434,0.1136,0.09947,0.0367,25.63,2814,291500,57970000,284.5,492.4,23.93,900900000,13420000,989000,2.472E+15,116200000,8884000,61300000000,9.062,0.05184,2.90E-05,1527,0.000467,0.01789,0.6606,27.19,-0.9552,0.07662,-0.02062,0.09804,0.04951,0.11,0.03244,-0.00696,0.01313,0.02625,36.78,3441,352000,70280000,-1762,914700,20680,-8.367E+11,-18920000000,-427400000,1.53E+18,1.728E+11,3908000000,1.767E+13,neutral
25.72,0.1622,0.003129,186.1,0.001301,0.04172,0.07174,54.16,0.1834,0.3585,0.2527,0.2283,0.1978,0.1638,0.1598,0.09429,0.1047,0.06795,28.15,1928,151900,31060000,325.3,481,22.69,881600000,15010000,934100,2.424E+15,130900000,8330000,57650000000,16.21,0.09684,0.000341,1520,0.0009,0.03373,0.5921,45.21,-0.9018,0.1958,-0.2413,0.1398,-0.05734,0.06992,-0.000816,0.01345,-0.04356,0.06275,47.38,3061,221900,43910000,-1516,916400,20600,-8.398E+11,-18870000000,-423800000,1.54E+18,1.724E+11,3875000000,1.745E+13,sad
29.84,0.1766,0.000142,194.4,0.000789,0.02911,0.07672,60.46,0.2111,0.3307,0.2314,0.2174,0.1729,0.1742,0.1501,0.1266,0.1205,0.05869,29.68,1646,137300,27050000,308.3,419.3,12.8,769700000,10350000,525300,2.12E+15,92950000,4683000,32330000000,18.71,0.11,6.90E-05,1514,0.000738,0.02831,0.5581,48.35,-0.8882,0.2497,-0.2117,0.1416,-0.02021,0.1313,0.003019,-0.02197,-0.09725,0.05647,47.69,2941,226700,43840000,-1518,918000,20530,-8.426E+11,-18840000000,-421000000,1.55E+18,1.722E+11,3850000000,1.728E+13,sad
25.37,0.1548,0.001278,182.5,0.001081,0.03778,0.1029,52.85,0.1791,0.3791,0.1985,0.1948,0.1886,0.1692,0.1465,0.09206,0.1012,0.06187,27.77,2014,157200,31970000,324.3,573.8,24.33,1055000000,13650000,994500,2.912E+15,119800000,8930000,60950000000,15.73,0.09043,0.000201,1516,0.00065,0.02461,0.6055,45.2,-0.904,0.1097,-0.2238,0.06936,-0.06953,0.06331,-0.04587,-0.005678,-0.03847,0.04789,53.19,3658,259200,53080000,-1619,919700,20440,-8.458E+11,-18800000000,-417500000,1.56E+18,1.718E+11,3818000000,1.706E+13,sad
26.22,0.1636,0.000421,199.8,0.000767,0.02842,0.07495,53.59,0.1814,0.3258,0.2416,0.2368,0.1691,0.1796,0.1311,0.1104,0.1146,0.06292,27.25,1806,134800,28730000,337.3,609.5,37.36,1124000000,23440000,1518000,3.107E+15,205200000,13670000,92480000000,17.55,0.1056,8.70E-05,1509,0.000614,0.02356,0.5945,50.63,-0.892,0.09962,-0.2932,0.1143,-0.04962,0.1018,-0.02952,0.03604,-0.02708,0.05,54.59,3664,251000,50640000,-1594,921700,20330,-8.496E+11,-18740000000,-413000000,1.57E+18,1.713E+11,3778000000,1.679E+13,sad
30.63,0.2532,0.000157,204.3,0.000831,0.03145,0.07433,63.38,0.2367,0.421,0.1936,0.2243,0.1547,0.129,0.1273,0.09938,0.09692,0.06449,33.47,2342,163900,32430000,429.8,669.9,53.68,1238000000,36190000,2164000,3.431E+15,323000000,19610000,1.308E+11,21.32,0.1565,5.90E-05,1498,0.000559,0.02172,0.6236,60.32,-0.8544,0.005897,-0.254,0.1066,-0.04799,0.0394,-0.006603,0.009856,-0.05249,0.04459,59.99,4234,238100,59060000,-1678,923900,20150,-8.537E+11,-18620000000,-405800000,1.58E+18,1.702E+11,3713000000,1.635E+13,sad
28.04,0.1463,0.000553,264.5,0.002168,0.08453,0.08504,55.52,0.2076,0.5122,0.3105,0.2018,0.1536,0.1071,0.1236,0.08875,0.1064,0.1977,24.51,1749,271600,53530000,410.4,406.4,8.295,752500000,13110000,332700,2.09E+15,122100000,3044000,20020000000,16.4,0.09148,0.000262,1505,0.001641,0.066,0.6113,38.2,-0.9173,0.357,0.07017,0.1633,-0.0321,0.07031,-0.02416,-0.02262,-0.0617,0.1572,36.53,2469,293200,56470000,-1450,925800,20060,-8.571E+11,-18570000000,-402000000,1.59E+18,1.698E+11,3678000000,1.612E+13,angry
27.68,0.144,0.000879,238.7,0.002449,0.09463,0.08355,55.24,0.2008,0.4571,0.3234,0.2013,0.156,0.1036,0.1164,0.08969,0.1057,0.2289,24.44,1552,251900,49970000,390.7,397.2,8.866,736600000,11090000,355000,2.049E+15,102300000,3253000,21320000000,16.49,0.09086,0.000391,1506,0.001721,0.06912,0.6366,39.14,-0.918,0.3716,0.08023,0.17,-0.03224,0.06208,-0.000415,-0.03368,-0.05852,0.1679,35.88,2341,282000,54290000,-1443,927200,20020,-8.597E+11,-18560000000,-400500000,1.59E+18,1.697E+11,3665000000,1.603E+13,angry
25.19,0.1416,0.000608,272.1,0.002303,0.08966,0.07832,50.93,0.1789,0.4946,0.329,0.166,0.165,0.1066,0.1318,0.08819,0.09295,0.2136,23.37,1759,267200,52660000,411.7,432,11.23,802300000,12710000,449500,2.235E+15,117400000,4047000,26980000000,15.37,0.08933,0.00029,1497,0.00163,0.06523,0.6225,36.88,-0.9273,0.3194,0.1016,0.1815,-0.04508,0.07598,-0.01872,-0.03276,-0.07594,0.1546,36.39,2553,301900,58230000,-1468,928600,20010,-8.623E+11,-18580000000,-400200000,1.60E+18,1.699E+11,3662000000,1.601E+13,angry
27.73,0.1451,0.000431,278.4,0.001913,0.07285,0.04275,54.53,0.199,0.4342,0.3245,0.1966,0.1898,0.1298,0.1372,0.09015,0.1043,0.1726,24.55,1512,239300,47330000,362,324.8,10.08,604100000,14990000,402900,1.685E+15,139400000,3713000,24160000000,18.05,0.1025,0.00023,1454,0.001568,0.0626,0.6021,41.99,-0.9108,0.4236,0.009066,0.2044,-0.01129,0.08972,-0.000969,-0.02266,-0.08076,0.1534,37.69,2258,248400,46750000,-1397,929900,20000,-8.648E+11,-18600000000,-399600000,1.61E+18,1.7E+11,3657000000,1.598E+13,angry
27.68,0.144,0.000879,238.7,0.002449,0.09463,0.08355,55.24,0.2008,0.4571,0.3234,0.2013,0.156,0.1036,0.1164,0.08969,0.1057,0.2289,24.44,1552,251900,49970000,390.7,397.2,8.866,739800000,11100000,354100,2.067E+15,102400000,3244000,21210000000,16.49,0.09086,0.000391,1506,0.001721,0.06912,0.6366,39.14,-0.918,0.3716,0.08023,0.17,-0.03224,0.06208,-0.000415,-0.03368,-0.05852,0.1679,35.88,2341,282000,54290000,-1443,931200,19970,-8.671E+11,-18600000000,-398500000,1.62E+18,1.7E+11,3647000000,1.591E+13,angry
27.5,0.1372,0.000562,174.9,0.001005,0.04242,0.03575,52.18,0.1898,0.2695,0.3328,0.2558,0.2069,0.2177,0.145,0.1494,0.1125,0.1506,22.24,982.9,141200,26530000,252.8,448.9,14.39,837300000,22110000,575000,2.343E+15,202800000,5268000,34450000000,28.14,0.161,0.000233,1533,0.00082,0.03446,0.6436,67.75,-0.864,0.5682,-0.2021,0.06775,-0.05649,0.1614,0.003754,0.02743,-0.07689,0.104,50.79,2421,206300,37340000,-1535,932600,19980,-8.698E+11,-18630000000,-398800000,1.62E+18,1.704E+11,3650000000,1.593E+13,disgust
27.95,0.1353,0.000843,193.8,0.001326,0.05543,0.0581,54.6,0.1906,0.3968,0.3151,0.2054,0.1779,0.1351,0.1324,0.1167,0.1269,0.1955,24.12,1248,199400,39340000,304.3,462.1,18.89,863400000,26760000,755700,2.42E+15,244300000,6902000,45350000000,22.54,0.1186,0.000365,1523,0.001202,0.04975,0.5908,52.88,-0.8945,0.4582,-0.06393,0.195,-0.00127,0.1584,0.04666,0.04774,-0.07793,0.138,43.98,2379,239100,43290000,-1480,934200,20010,-8.728E+11,-18700000000,-400100000,1.63E+18,1.709E+11,3662000000,1.601E+13,disgust
27.29,0.1396,0.000889,211.4,0.001528,0.06354,0.05261,54.07,0.1873,0.3221,0.3313,0.2276,0.2134,0.1612,0.1386,0.1255,0.138,0.2189,23.98,1074,177700,34720000,297.5,437,13.3,817900000,21030000,533100,2.296E+15,192900000,4885000,32050000000,23.33,0.1251,0.000401,1497,0.001286,0.05325,0.6322,55.19,-0.8911,0.5243,-0.0525,0.1671,-0.0269,0.1186,0.01894,0.01758,-0.09937,0.1491,44.01,2277,225200,41000000,-1477,935800,20050,-8.757E+11,-18760000000,-401600000,1.64E+18,1.715E+11,3675000000,1.609E+13,disgust
27.48,0.1436,0.000797,202.6,0.001417,0.05758,0.02979,54.13,0.1893,0.3814,0.3349,0.214,0.1962,0.1412,0.1283,0.136,0.115,0.1824,24.14,1353,199200,38910000,327.7,432,12.79,809800000,20230000,513400,2.277E+15,185400000,4699000,30900000000,20.55,0.1115,0.00032,1524,0.001184,0.04851,0.6259,51.88,-0.8974,0.3947,-0.09466,0.1229,-0.01263,0.1226,0.02042,0.05989,-0.05322,0.1289,44.89,2600,253900,46970000,-1484,937300,20070,-8.785E+11,-18810000000,-402400000,1.65E+18,1.72E+11,3683000000,1.615E+13,disgust
27.29,0.1396,0.000889,211.4,0.001528,0.06354,0.05261,54.07,0.1873,0.3221,0.3313,0.2276,0.2134,0.1612,0.1386,0.1255,0.138,0.2189,23.98,1074,177700,34720000,297.5,437,13.3,820500000,21090000,534200,2.311E+15,193400000,4895000,32180000000,23.33,0.1251,0.000401,1497,0.001286,0.05325,0.6322,55.19,-0.8911,0.5243,-0.0525,0.1671,-0.0269,0.1186,0.01894,0.01758,-0.09937,0.1491,44.01,2277,225200,41000000,-1477,938800,20090,-8.813E+11,-18860000000,-403200000,1.66E+18,1.725E+11,3690000000,1.619E+13,disgust
28.05,0.159,0.000415,228.2,0.001796,0.06887,0.05895,55.73,0.2081,0.6181,0.3138,0.1898,0.1904,0.1416,0.1608,0.1134,0.1126,0.1391,33.87,3266,244400,55640000,484.7,378.5,5.564,711600000,12100000,223500,2.007E+15,112400000,2072000,13470000000,20.81,0.1082,0.000229,1496,0.001533,0.06079,0.5297,51.92,-0.8796,0.3013,-0.02718,0.2183,-0.00712,0.08674,0.02077,-0.01516,-0.1029,0.122,45.83,3145,226400,50120000,-1497,940200,20100,-8.84E+11,-18900000000,-403600000,1.66E+18,1.728E+11,3694000000,1.622E+13,happy
27.6,0.1495,0.000454,207.1,0.001797,0.06944,0.09067,57.19,0.1917,0.5513,0.3086,0.206,0.189,0.1651,0.1524,0.1409,0.1208,0.1346,31.75,2782,262400,54500000,445,398.7,6.196,750800000,10600000,248900,2.121E+15,99350000,2271000,15000000000,19.61,0.1013,0.000233,1511,0.001442,0.05685,0.5757,49.57,-0.8915,0.2809,0.0562,0.1818,-0.02992,0.04088,0.01622,0.007181,-0.06254,0.1101,43.51,3021,264500,54470000,-1544,941500,20090,-8.865E+11,-18920000000,-403400000,1.67E+18,1.73E+11,3693000000,1.621E+13,happy
25.98,0.1268,0.000457,240.4,0.001698,0.06433,0.05093,53.07,0.1718,0.5921,0.2705,0.205,0.1604,0.1631,0.1671,0.1107,0.1054,0.1323,29.49,2978,275300,58620000,453.2,401.9,8.338,757800000,12870000,334800,2.144E+15,119300000,3044000,20160000000,17.92,0.08755,0.000247,1481,0.001472,0.05742,0.5524,46.35,-0.9061,0.2699,0.004141,0.2027,0.005936,0.06562,0.04556,0.00099,-0.07725,0.1148,41.81,2998,269800,53750000,-1509,942900,20080,-8.891E+11,-18930000000,-402800000,1.68E+18,1.731E+11,3687000000,1.617E+13,happy
24.19,0.1625,0.000251,235.5,0.001466,0.05559,0.07056,52.93,0.1581,0.6364,0.2511,0.2507,0.2003,0.1521,0.1489,0.1318,0.09898,0.1104,31.1,3411,258300,59190000,526.1,439.4,7.329,830000000,10790000,294100,2.351E+15,99670000,2641000,17690000000,21.37,0.1218,0.000122,1488,0.001145,0.04472,0.6002,59.09,-0.8799,0.147,-0.08319,0.1696,-0.04216,0.04514,0.04702,0.009994,-0.09188,0.093,51.78,3881,276000,60130000,-1598,944400,20060,-8.918E+11,-18950000000,-402100000,1.68E+18,1.733E+11,3681000000,1.613E+13,happy
26.99,0.1579,0.000345,233.8,0.001537,0.05775,0.07903,54.52,0.1846,0.5312,0.2911,0.1916,0.1861,0.1654,0.1817,0.1444,0.1511,0.1128,29.84,2669,255000,53070000,433.9,369.2,7.065,698300000,13250000,283200,1.981E+15,123600000,2627000,17020000000,19.56,0.1121,0.000164,1467,0.001344,0.05239,0.5575,49.02,-0.8947,0.3262,-0.09162,0.1293,-0.003971,0.05255,0.008791,-0.001797,-0.04956,0.1056,43.42,2822,227100,46720000,-1497,945800,20050,-8.945E+11,-18960000000,-401500000,1.69E+18,1.734E+11,3676000000,1.609E+13,happy
27.14,0.1524,0.000207,232.4,0.001095,0.04109,0.03442,54.38,0.1914,0.3518,0.2897,0.2118,0.1958,0.1409,0.1451,0.09562,0.141,0.0851,26.18,1500,197200,37970000,302.3,339.3,5.182,642700000,10120000,207700,1.826E+15,93430000,1882000,12490000000,17.25,0.09712,0.000112,1466,0.001195,0.04713,0.5443,39.77,-0.913,0.4807,0.03543,0.1965,-0.02995,0.05636,-0.01225,-0.000283,-0.03368,0.09562,34.38,1897,189000,35120000,-1400,947000,20050,-8.968E+11,-18990000000,-401600000,1.70E+18,1.737E+11,3677000000,1.61E+13,neutral
21.24,0.1274,0.000146,209.1,0.001064,0.0399,0.0566,43.64,0.1432,0.4663,0.3064,0.1966,0.2018,0.1525,0.172,0.09215,0.1088,0.08067,23.48,1955,259900,50210000,354,403,6.412,764300000,7161000,256900,2.174E+15,66960000,2280000,15430000000,12.78,0.07345,7.60E-05,1490,0.000945,0.03694,0.5718,33.7,-0.9405,0.2835,0.06647,0.1605,-0.03548,0.07828,0.02916,0.02005,-0.02519,0.07325,34.9,2508,271200,51540000,-1528,948300,20030,-8.992E+11,-19000000000,-401000000,1.71E+18,1.738E+11,3672000000,1.606E+13,neutral
21.84,0.1237,0.000161,201.2,0.001017,0.03782,0.06552,43.83,0.1404,0.4897,0.2647,0.2036,0.1953,0.1406,0.1856,0.08697,0.1172,0.07637,23.43,2072,264900,51750000,368.8,431.8,4.607,820100000,7566000,184300,2.337E+15,70310000,1649000,11060000000,13.81,0.0765,7.30E-05,1489,0.000895,0.0348,0.5596,35.68,-0.9369,0.2784,0.06893,0.1512,-0.0122,0.09416,0.03205,0.02816,-0.0417,0.06992,36.53,2671,288400,54630000,-1549,949700,20010,-9.02E+11,-19000000000,-400000000,1.71E+18,1.738E+11,3662000000,1.6E+13,neutral
20.2,0.1218,0.000276,195.4,0.001076,0.04037,0.05039,41.46,0.1257,0.4583,0.3008,0.1992,0.2017,0.1235,0.1552,0.08206,0.1032,0.08006,22.83,1882,244900,47750000,340.1,383.9,6.801,730300000,8611000,271800,2.084E+15,79100000,2430000,16290000000,12.93,0.07489,0.000102,1479,0.000986,0.03871,0.5681,33.27,-0.9427,0.3223,0.022,0.1855,0.000968,0.08284,0.03136,0.04234,-0.02886,0.07589,33.93,2354,250000,46930000,-1485,951100,19990,-9.047E+11,-19010000000,-399200000,1.72E+18,1.739E+11,3655000000,1.595E+13,neutral
20.11,0.1154,0.000185,209.5,0.001242,0.04641,0.1004,40.41,0.1291,0.5118,0.2732,0.2017,0.1909,0.1484,0.1616,0.08687,0.1056,0.08627,22.5,2148,274300,53370000,383.3,476.5,6.156,907900000,10350000,245900,2.595E+15,95700000,2217000,14720000000,12.3,0.0674,8.50E-05,1485,0.000968,0.03736,0.5934,33.22,-0.9453,0.2304,0.1065,0.1292,-0.03051,0.09663,0.05239,0.03768,-0.02865,0.07099,35.97,2814,314200,59960000,-1599,952600,19970,-9.075E+11,-19030000000,-398500000,1.73E+18,1.74E+11,3649000000,1.591E+13,neutral
24.21,0.1225,0.000117,195.3,0.000593,0.02261,0.04297,47.77,0.1492,0.402,0.3296,0.2207,0.2096,0.1742,0.1526,0.1186,0.1297,0.05112,24.72,1660,221100,42580000,270.7,360,5.484,687000000,4002000,218900,1.966E+15,36490000,1982000,13090000000,15.23,0.08288,5.20E-05,1503,0.00057,0.02239,0.5729,38.67,-0.9254,0.3713,-0.004072,0.1905,0.01394,0.06758,0.0452,-0.02096,-0.1042,0.04299,34.87,2182,238200,44480000,-1587,954100,19950,-9.103E+11,-19030000000,-397600000,1.74E+18,1.741E+11,3640000000,1.585E+13,sad
25.13,0.1338,6.10E-05,192.2,0.000511,0.01934,0.03653,50.41,0.1618,0.3742,0.337,0.2114,0.1868,0.1356,0.1439,0.1211,0.1312,0.03907,24.4,1613,229900,44270000,280.4,391.4,13.51,747900000,6175000,538300,2.143E+15,53460000,4855000,32140000000,15.49,0.087,3.10E-05,1508,0.000483,0.01896,0.5803,39.67,-0.924,0.3689,0.07944,0.1883,-0.01308,0.04022,-0.02357,-0.07011,-0.1179,0.03675,35.53,2310,262000,49510000,-1598,955400,19920,-9.127E+11,-19030000000,-396400000,1.74E+18,1.741E+11,3630000000,1.579E+13,sad
25.35,0.1316,6.50E-05,227.5,0.000548,0.02096,0.05199,50.77,0.1577,0.3736,0.3408,0.1979,0.1832,0.1647,0.1381,0.1274,0.1302,0.04227,25.5,1662,224500,43090000,284.2,376.5,8.673,720400000,2103000,344800,2.067E+15,17940000,3117000,20550000000,17.23,0.09819,3.10E-05,1484,0.000519,0.02039,0.5549,42.37,-0.9161,0.4292,0.08886,0.1504,-0.0453,0.0195,-0.01557,-0.05664,-0.135,0.0403,36.38,2217,244900,46500000,-1598,956700,19880,-9.153E+11,-19020000000,-394800000,1.75E+18,1.74E+11,3615000000,1.569E+13,sad
27.53,0.1355,0.0001,211.9,0.000523,0.01958,0.05578,55.13,0.1699,0.452,0.3239,0.1876,0.1534,0.1351,0.1243,0.102,0.1338,0.04171,26.18,1770,248600,47830000,268,364.5,13,698300000,5540000,515900,2.007E+15,47820000,4660000,30680000000,17.32,0.0903,3.80E-05,1487,0.000477,0.01862,0.5601,41.29,-0.9131,0.3439,0.07717,0.1914,0.01274,0.06192,-0.0116,-0.05351,-0.09171,0.03735,36.54,2287,261700,49770000,-1614,958000,19840,-9.177E+11,-19000000000,-393200000,1.76E+18,1.739E+11,3600000000,1.559E+13,sad
25.35,0.1316,6.50E-05,227.5,0.000548,0.02096,0.05199,50.77,0.1577,0.3736,0.3408,0.1979,0.1832,0.1647,0.1381,0.1274,0.1302,0.04227,25.5,1662,224500,43090000,284.2,376.5,8.673,722300000,2123000,343400,2.079E+15,18090000,3105000,20390000000,17.23,0.09819,3.10E-05,1484,0.000519,0.02039,0.5549,42.37,-0.9161,0.4292,0.08886,0.1504,-0.0453,0.0195,-0.01557,-0.05664,-0.135,0.0403,36.38,2217,244900,46500000,-1598,959300,19800,-9.202E+11,-18990000000,-391600000,1.77E+18,1.738E+11,3586000000,1.55E+13,sad
21.82,0.142,0.000453,223.5,0.001662,0.06356,0.04961,45.75,0.1587,0.3056,0.3398,0.1984,0.1899,0.1264,0.1366,0.1129,0.08636,0.14,23.87,1333,176600,33670000,330.7,285.4,28.06,548200000,32330000,1112000,1.579E+15,295700000,10170000,66080000000,16.19,0.1024,0.000235,1543,0.001626,0.06488,0.5422,40.86,-0.9238,0.4145,-0.06983,0.08495,-0.01879,0.1241,0.02138,0.04014,-0.0437,0.1516,39.9,2420,219600,41680000,-1359,960400,19820,-9.224E+11,-19040000000,-392600000,1.77E+18,1.742E+11,3595000000,1.556E+13,angry
26.48,0.1341,0.000639,229.4,0.002113,0.08101,0.04388,53.29,0.1866,0.2655,0.3053,0.1858,0.1934,0.1337,0.1368,0.09172,0.0859,0.1733,26.27,1247,149200,28260000,308.8,282.1,21.53,542500000,25940000,855400,1.565E+15,239800000,7871000,50980000000,19.68,0.1097,0.000318,1521,0.001811,0.07194,0.6529,45.18,-0.9089,0.5482,-0.00239,0.1302,-0.002345,0.1226,0.00559,0.01115,-0.06605,0.1681,39.46,2110,193700,35650000,-1340,961400,19880,-9.243E+11,-19110000000,-394700000,1.78E+18,1.748E+11,3615000000,1.568E+13,angry
26.57,0.1348,0.000265,226.4,0.001533,0.05844,0.02747,53.95,0.1823,0.349,0.3114,0.1873,0.1952,0.107,0.1298,0.08329,0.1051,0.1286,27.08,1506,194400,37070000,359.3,330.6,14.26,636400000,19630000,567500,1.837E+15,180500000,5198000,33870000000,18.25,0.1009,0.00016,1530,0.001481,0.05845,0.572,43.15,-0.9112,0.4719,0.0651,0.1157,-0.02107,0.0561,-0.0397,-0.02676,-0.09295,0.1295,37.83,2185,218900,41500000,-1396,962500,19910,-9.263E+11,-19160000000,-395900000,1.78E+18,1.753E+11,3626000000,1.576E+13,angry
28.1,0.1363,0.000434,233.2,0.00149,0.05895,0.05498,56.86,0.1895,0.2972,0.2999,0.1963,0.1636,0.1399,0.1372,0.1098,0.1189,0.1645,27.99,1318,158200,30680000,297.5,279.7,13.02,539000000,17720000,518700,1.558E+15,162100000,4738000,31000000000,20.36,0.1106,0.00026,1497,0.00172,0.06944,0.5436,47.6,-0.9015,0.5306,0.02736,0.1492,-0.03338,0.1089,-0.02526,-0.01405,-0.08519,0.1744,39.28,2010,184800,33820000,-1290,963500,19930,-9.283E+11,-19200000000,-396700000,1.79E+18,1.757E+11,3633000000,1.58E+13,angry
20.44,0.1199,0.000546,236.9,0.002324,0.08978,0.04191,42.53,0.1476,0.3259,0.2979,0.1801,0.1935,0.1338,0.1235,0.09681,0.09034,0.195,23.09,1451,176300,33590000,383.6,315.8,20.25,609200000,25650000,807900,1.763E+15,233300000,7364000,48350000000,15.42,0.09304,0.000348,1539,0.002176,0.0863,0.5816,37.67,-0.9367,0.5248,0.1086,0.1246,-0.05,0.02447,-0.04799,-0.02166,-0.04965,0.1867,34.61,2088,211700,39460000,-1346,964500,19960,-9.303E+11,-19250000000,-397900000,1.80E+18,1.761E+11,3644000000,1.588E+13,angry
34.35,0.1708,0.00016,177,0.001028,0.03876,0.05937,68,0.2592,0.2475,0.3379,0.2156,0.1959,0.157,0.1684,0.1236,0.1244,0.07634,30.21,932,156800,28660000,231,351.1,18.59,678200000,24810000,743500,1.965E+15,225200000,6768000,44590000000,25.53,0.1329,8.10E-05,1519,0.000806,0.03252,0.6377,57.75,-0.8632,0.5362,-0.03781,0.182,0.02218,0.1486,0.04765,0.02827,-0.07899,0.07498,44.77,2201,202100,37840000,-1561,965700,20000,-9.326E+11,-19310000000,-399600000,1.80E+18,1.767E+11,3659000000,1.597E+13,disgust
34.6,0.1753,0.000163,202.4,0.001053,0.04025,0.03969,67.06,0.2666,0.2896,0.3249,0.1564,0.1869,0.1446,0.1462,0.1332,0.09361,0.08801,30.49,1146,180500,32940000,277.7,385.2,19.7,745000000,26500000,789400,2.161E+15,241000000,7192000,47450000000,23.8,0.1314,8.80E-05,1559,0.000869,0.03518,0.6208,56,-0.8678,0.4525,0.01745,0.1511,0.03417,0.1201,-0.0226,0.03323,-0.08239,0.08401,44.94,2447,231900,44060000,-1536,967000,20040,-9.35E+11,-19380000000,-401400000,1.81E+18,1.773E+11,3676000000,1.608E+13,disgust
29.22,0.1591,0.000113,198.3,0.000798,0.02992,0.03941,59.37,0.2147,0.2523,0.3646,0.1518,0.2069,0.1637,0.1418,0.1346,0.1016,0.06049,27.46,1023,158800,29060000,228.5,338.3,18.72,655200000,24860000,751900,1.903E+15,225800000,6847000,45290000000,22.22,0.1286,6.00E-05,1525,0.000719,0.02862,0.5804,52.31,-0.889,0.5148,-0.01449,0.1267,0.023,0.1117,-0.0282,0.0337,-0.05244,0.06388,42.25,2247,209200,39920000,-1576,968200,20090,-9.374E+11,-19450000000,-403100000,1.82E+18,1.779E+11,3691000000,1.619E+13,disgust
24.73,0.1429,0.000236,199.7,0.001392,0.05235,0.03598,51.81,0.1833,0.2521,0.3687,0.1428,0.2004,0.1245,0.1243,0.1011,0.09314,0.09129,26.06,1134,168400,31750000,308.2,370.8,14.87,718900000,20770000,598700,2.091E+15,192400000,5507000,36140000000,17.31,0.1048,0.000119,1544,0.001134,0.04452,0.6323,41.4,-0.9171,0.5102,0.04959,0.08886,-0.01633,0.05839,-0.03926,-0.02468,-0.0701,0.08947,37.17,2086,205600,39770000,-1459,969400,20140,-9.398E+11,-19520000000,-405100000,1.82E+18,1.786E+11,3710000000,1.631E+13,disgust
23.95,0.1319,7.00E-05,182.4,0.000874,0.03316,0.05167,49.59,0.1688,0.3136,0.3541,0.1563,0.1661,0.1066,0.1415,0.1118,0.07962,0.06207,22.7,1202,192600,37260000,281.8,364.4,18.76,707400000,25210000,756000,2.06E+15,229800000,6897000,45700000000,16.55,0.09879,4.10E-05,1532,0.000682,0.02695,0.6193,41.85,-0.9238,0.4375,0.04774,0.08997,-0.01094,0.1107,0.015,0.0206,-0.05867,0.05653,37.33,2280,242600,45750000,-1565,970700,20160,-9.423E+11,-19570000000,-406000000,1.83E+18,1.79E+11,3718000000,1.636E+13,disgust
17.9,0.1182,0.000229,202.7,0.001408,0.05301,0.03521,40.13,0.1324,0.2376,0.3431,0.1177,0.1757,0.1103,0.1041,0.08188,0.08039,0.09477,20.01,1038,138200,26340000,256.5,297.9,23.77,579000000,28860000,960300,1.688E+15,262800000,8757000,58190000000,12.79,0.08305,0.000135,1550,0.001508,0.05861,0.571,31.09,-0.9482,0.5658,-0.005171,0.08455,-0.01409,0.05103,-0.004282,-0.02983,-0.06507,0.1107,30.07,1642,158600,28950000,-1334,971900,20210,-9.445E+11,-19640000000,-408000000,1.84E+18,1.797E+11,3736000000,1.648E+13,happy
25.09,0.1422,0.000247,215.2,0.001621,0.06146,0.05434,51.83,0.1864,0.2731,0.3583,0.1545,0.1896,0.1324,0.1163,0.0906,0.08743,0.1158,23.99,1153,178700,34400000,286.5,335.2,34,652300000,39550000,1378000,1.904E+15,359000000,12550000,83740000000,16.1,0.09771,0.000122,1550,0.001396,0.05468,0.6057,39.12,-0.9241,0.5189,0.05565,0.114,-0.008776,0.04952,-0.04722,-0.01518,-0.06453,0.1085,33.55,1883,195000,36810000,-1436,973000,20270,-9.466E+11,-19720000000,-410600000,1.84E+18,1.804E+11,3760000000,1.664E+13,happy
10.9,0.08721,0.00034,205.4,0.001921,0.07277,0.08652,27.15,0.07287,0.3397,0.3458,0.107,0.1621,0.1044,0.08775,0.09142,0.07318,0.1246,16.99,1369,198100,38800000,340.6,361.9,22.98,705000000,29010000,934100,2.06E+15,264900000,8527000,56960000000,9.375,0.06177,0.000173,1573,0.001848,0.07133,0.5619,24.89,-0.9713,0.4973,0.1402,0.09245,-0.0148,0.04381,-0.02282,-0.02836,-0.05111,0.1277,26.48,1732,200300,37840000,-1382,974200,20340,-9.49E+11,-19810000000,-413300000,1.85E+18,1.812E+11,3784000000,1.68E+13,happy
25.09,0.1422,0.000247,215.2,0.001621,0.06146,0.05434,51.83,0.1864,0.2731,0.3583,0.1545,0.1896,0.1324,0.1163,0.0906,0.08743,0.1158,23.99,1153,178700,34400000,286.5,335.2,34,653900000,39670000,1386000,1.913E+15,360100000,12620000,84760000000,16.1,0.09771,0.000122,1550,0.001396,0.05468,0.6057,39.12,-0.9241,0.5189,0.05565,0.114,-0.008776,0.04952,-0.04722,-0.01518,-0.06453,0.1085,33.55,1883,195000,36810000,-1436,975400,20400,-9.513E+11,-19890000000,-415600000,1.86E+18,1.82E+11,3805000000,1.695E+13,happy
25.09,0.1422,0.000247,215.2,0.001621,0.06146,0.05434,51.83,0.1864,0.2731,0.3583,0.1545,0.1896,0.1324,0.1163,0.0906,0.08743,0.1158,23.99,1153,178700,34400000,286.5,335.2,34,654700000,39740000,1391000,1.918E+15,360700000,12670000,85390000000,16.1,0.09771,0.000122,1550,0.001396,0.05468,0.6057,39.12,-0.9241,0.5189,0.05565,0.114,-0.008776,0.04952,-0.04722,-0.01518,-0.06453,0.1085,33.55,1883,195000,36810000,-1436,976500,20470,-9.536E+11,-19990000000,-418700000,1.86E+18,1.829E+11,3833000000,1.714E+13,happy
25.77,0.1605,0.000203,247.5,0.001519,0.05831,0.03226,55.43,0.1907,0.2569,0.2964,0.1484,0.2042,0.1158,0.1465,0.1018,0.1282,0.1047,27.57,1192,165700,30530000,310.3,317.2,3.924,620300000,9730000,160800,1.819E+15,89910000,1480000,9890000000,17.47,0.1099,0.000132,1482,0.001421,0.0562,0.6006,41.1,-0.913,0.5086,0.146,0.1421,-0.09007,0.01782,-0.08626,-0.004051,-0.008946,0.1106,34.68,1937,196600,38320000,-1387,977700,20510,-9.558E+11,-20050000000,-420100000,1.87E+18,1.834E+11,3846000000,1.722E+13,neutral
28.87,0.1605,0.000279,255.5,0.001566,0.05949,0.05174,59.42,0.2189,0.2532,0.2795,0.1465,0.2105,0.1081,0.1498,0.1003,0.148,0.1051,28.86,1158,162800,29700000,295.7,304.2,3.662,595400000,9395000,150100,1.748E+15,87000000,1392000,9233000000,18.09,0.1047,0.00016,1475,0.001488,0.05833,0.6249,41.49,-0.907,0.5171,0.1397,0.1429,-0.08645,0.01192,-0.07962,-0.001678,-0.009734,0.1135,34.73,1883,189200,36650000,-1376,978700,20510,-9.579E+11,-20070000000,-420200000,1.88E+18,1.836E+11,3847000000,1.723E+13,neutral
26.94,0.1721,0.000389,260.9,0.001939,0.07375,0.03662,57.18,0.2095,0.2568,0.2813,0.15,0.203,0.09875,0.1517,0.089,0.1319,0.1397,28.62,1217,155500,28080000,309,279,3.863,546700000,2872000,158400,1.607E+15,28180000,1399000,9742000000,16.97,0.1066,0.000216,1471,0.001872,0.07374,0.6034,39.85,-0.9126,0.5219,0.1023,0.09503,-0.1151,0.009744,-0.06442,0.02814,-0.007443,0.1485,33.16,1738,159900,32000000,-1266,979700,20510,-9.599E+11,-20090000000,-420100000,1.88E+18,1.838E+11,3847000000,1.722E+13,neutral
28,0.1571,0.000327,260.1,0.001785,0.06649,0.05416,57.8,0.2076,0.2665,0.2678,0.1598,0.2046,0.1184,0.146,0.1051,0.1469,0.1187,28.42,1232,164500,30070000,302.4,313.7,1.94,615400000,6991000,79510,1.811E+15,64280000,720400,4886000000,18.15,0.1038,0.000168,1460,0.00157,0.06121,0.6168,41.57,-0.9081,0.552,0.08789,0.1256,-0.07843,-0.008051,-0.06431,0.01308,-0.01384,0.1207,34.4,1760,171000,32790000,-1359,980800,20490,-9.619E+11,-20100000000,-419700000,1.89E+18,1.839E+11,3843000000,1.719E+13,neutral
28.87,0.1605,0.000279,255.5,0.001566,0.05949,0.05174,59.42,0.2189,0.2532,0.2795,0.1465,0.2105,0.1081,0.1498,0.1003,0.148,0.1051,28.86,1158,162800,29700000,295.7,304.2,3.662,597300000,9402000,150100,1.759E+15,87070000,1391000,9222000000,18.09,0.1047,0.00016,1475,0.001488,0.05833,0.6249,41.49,-0.907,0.5171,0.1397,0.1429,-0.08645,0.01192,-0.07962,-0.001678,-0.009734,0.1135,34.73,1883,189200,36650000,-1376,981800,20500,-9.64E+11,-20120000000,-419700000,1.89E+18,1.841E+11,3843000000,1.72E+13,neutral
33.33,0.1691,6.30E-05,198.3,0.000533,0.02079,0.0617,65.76,0.2424,0.2591,0.277,0.1893,0.1679,0.1192,0.1318,0.1019,0.1232,0.06206,29.16,986.5,155900,28550000,267.4,336.6,12.62,661600000,5886000,516900,1.951E+15,51960000,4685000,31740000000,22.65,0.1269,3.90E-05,1498,0.000628,0.02545,0.4931,53.13,-0.8728,0.4418,-0.004066,0.1831,-0.1179,0.04773,-0.04548,0.02981,-0.03047,0.06508,44.39,2346,218700,40430000,-1437,982900,20470,-9.662E+11,-20120000000,-418600000,1.90E+18,1.841E+11,3833000000,1.713E+13,sad
32.38,0.1802,4.00E-05,244.8,0.000437,0.01644,0.02908,65.19,0.234,0.2091,0.2415,0.2197,0.1634,0.1012,0.141,0.0904,0.1209,0.04056,30.85,963.8,125400,22570000,201.5,297.7,17.92,585900000,11760000,731900,1.73E+15,105900000,6662000,44820000000,21.86,0.1272,2.80E-05,1493,0.000547,0.02204,0.5377,49.14,-0.8798,0.5536,-0.01557,0.07213,-0.1155,0.0215,-0.0464,0.04885,-0.0302,0.05171,39.58,1904,169500,32500000,-1419,984000,20420,-9.683E+11,-20090000000,-416600000,1.91E+18,1.838E+11,3815000000,1.701E+13,sad
32.65,0.1725,8.70E-05,227.3,0.000736,0.02856,0.04687,64.2,0.2389,0.2566,0.3034,0.2322,0.1847,0.144,0.1523,0.1186,0.1294,0.06883,29.3,1081,172900,31880000,295,350.5,14.17,690700000,7120000,577300,2.041E+15,62740000,5230000,35260000000,22.14,0.124,5.00E-05,1474,0.000683,0.02745,0.5833,52.13,-0.8757,0.3773,0.05884,0.2195,-0.125,0.04037,-0.08134,0.01747,-0.03544,0.06559,44.54,2514,243600,45330000,-1482,985200,20370,-9.705E+11,-20060000000,-414400000,1.91E+18,1.836E+11,3795000000,1.687E+13,sad
29.24,0.1529,7.30E-05,181,0.000475,0.01861,0.04483,57.62,0.1911,0.2585,0.258,0.262,0.1819,0.1484,0.1297,0.1332,0.1495,0.05127,27.58,976.4,149100,28380000,234.7,335.3,8.228,661400000,2292000,334600,1.957E+15,19570000,3014000,20400000000,21.19,0.1174,3.50E-05,1486,0.000515,0.02093,0.506,49.52,-0.8929,0.4776,0.04047,0.1743,-0.1088,0.0788,-0.06894,0.05431,-0.01559,0.05154,41.86,2242,221500,40630000,-1497,986400,20330,-9.729E+11,-20050000000,-412900000,1.92E+18,1.835E+11,3782000000,1.678E+13,sad
27.39,0.1531,3.40E-05,217.4,0.000552,0.02083,0.05657,55.7,0.1836,0.2463,0.2665,0.1835,0.1529,0.1163,0.1183,0.1034,0.1326,0.04672,26.94,1031,148500,28260000,256.5,326.4,15.71,644600000,9001000,637500,1.91E+15,78610000,5755000,38790000000,18.07,0.1065,2.60E-05,1520,0.00066,0.02627,0.5355,42.41,-0.9084,0.4482,0.03964,0.1402,-0.108,0.03927,-0.03452,0.03177,-0.03359,0.05732,38.81,2185,216300,39860000,-1417,987500,20290,-9.751E+11,-20040000000,-411300000,1.93E+18,1.833E+11,3767000000,1.668E+13,sad
16.66,0.1237,0.000405,256.9,0.001714,0.06586,0.06207,36.93,0.1198,0.3329,0.3261,0.2019,0.1552,0.1383,0.1313,0.09785,0.1484,0.1467,21.07,1486,176400,34080000,351.1,347.9,4.283,687900000,7086000,173500,2.04E+15,64500000,1573000,10540000000,14.14,0.09492,0.000286,1469,0.001602,0.06412,0.5884,33.64,-0.9476,0.6077,-0.009992,-0.05484,-0.1415,0.02566,0.001367,0.01907,0.02561,0.1433,29.98,1585,155300,29900000,-1355,988700,20260,-9.775E+11,-20030000000,-410000000,1.93E+18,1.833E+11,3755000000,1.66E+13,angry
14.46,0.1066,0.000665,263.1,0.002201,0.08283,0.08351,35.09,0.1002,0.3393,0.3019,0.1815,0.1482,0.1351,0.1382,0.08632,0.136,0.1691,20.19,1431,179000,35020000,343.7,414,33.45,819700000,24950000,1351000,2.434E+15,220700000,12210000,81810000000,10.74,0.07103,0.000312,1475,0.001908,0.07436,0.5749,26.7,-0.9606,0.5215,0.06073,-0.01271,-0.09007,0.02626,-0.003821,0.02271,-0.003256,0.1538,26.56,1538,163700,31600000,-1283,990000,20200,-9.801E+11,-20000000000,-407700000,1.94E+18,1.83E+11,3735000000,1.646E+13,angry
14.72,0.1123,0.000641,263.9,0.002282,0.08654,0.07087,34.38,0.1021,0.3368,0.263,0.1739,0.171,0.1326,0.1393,0.07221,0.1144,0.1696,21.81,1556,183500,35850000,368.5,396.9,29.86,787000000,21740000,1199000,2.341E+15,192200000,10840000,72260000000,11.1,0.0747,0.000356,1448,0.002006,0.07842,0.585,28.14,-0.9568,0.4906,0.09783,0.01986,-0.09797,0.02277,-0.000187,0.002126,-0.02641,0.1602,29,1765,179700,34400000,-1268,991400,20090,-9.829E+11,-19920000000,-403400000,1.95E+18,1.823E+11,3696000000,1.62E+13,angry
15.78,0.1132,0.000411,254.7,0.001795,0.06899,0.08791,35.37,0.1122,0.3517,0.303,0.1964,0.1394,0.1621,0.1492,0.0915,0.1461,0.1604,21.15,1543,180500,35110000,381.2,394.4,32.48,783100000,24730000,1298000,2.332E+15,222700000,11810000,77830000000,12.97,0.09029,0.000251,1428,0.001631,0.06434,0.5716,32.1,-0.9511,0.568,-0.01178,-0.08691,-0.1716,0.01566,0.000567,0.01113,-0.00386,0.1461,30.83,1763,178200,33980000,-1313,992800,19980,-9.856E+11,-19840000000,-399000000,1.96E+18,1.816E+11,3656000000,1.594E+13,angry
12.47,0.09837,0.000821,274.7,0.002499,0.09467,0.08111,30.14,0.08747,0.2996,0.3508,0.1847,0.1606,0.1088,0.1338,0.08156,0.115,0.1859,19.54,1358,170900,33490000,353.2,375,12.71,745500000,6808000,506000,2.223E+15,60780000,4590000,30220000000,11.38,0.07347,0.000438,1463,0.002311,0.09007,0.5671,27.93,-0.9617,0.5651,0.06008,0.01778,-0.1186,-0.005458,-0.02275,0.01697,0.03408,0.1824,27.42,1494,153800,29310000,-1259,994100,19910,-9.882E+11,-19800000000,-396200000,1.97E+18,1.812E+11,3631000000,1.577E+13,angry
20.56,0.1127,0.000238,208.5,0.00111,0.04229,0.07824,43.9,0.1302,0.3463,0.2944,0.1719,0.2002,0.1046,0.1346,0.09059,0.162,0.09562,21.86,1260,180800,35350000,290.7,517.1,9.166,1030000000,11980000,364600,3.076E+15,110500000,3257000,21740000000,13.9,0.07872,0.000116,1493,0.00107,0.04239,0.5319,34.22,-0.9414,0.4828,0.0301,0.1311,-0.06289,0.02829,-0.04374,0.007001,0.0357,0.09243,32.19,1919,208300,38650000,-1421,995600,19900,-9.913E+11,-19810000000,-395400000,1.97E+18,1.813E+11,3623000000,1.573E+13,disgust
23.83,0.1328,0.000247,192.1,0.001433,0.0552,0.05694,48.83,0.1603,0.4068,0.3102,0.205,0.1845,0.1381,0.1701,0.1265,0.1612,0.1262,25.68,1770,213900,42910000,352.8,462.6,6.484,922700000,13780000,257600,2.761E+15,127400000,2363000,15350000000,19.99,0.1141,0.000145,1529,0.00126,0.05028,0.5752,48.78,-0.911,0.4989,0.03846,0.1341,-0.08599,0.06793,-0.05168,0.03782,0.01889,0.1174,40.21,2336,225700,42610000,-1481,997300,19870,-9.947E+11,-19820000000,-394400000,1.98E+18,1.814E+11,3614000000,1.567E+13,disgust
24.21,0.1337,0.000229,184.8,0.001162,0.04501,0.07699,49.28,0.1583,0.3626,0.3065,0.184,0.1708,0.1255,0.1203,0.1058,0.1429,0.1113,25.92,1398,209600,41000000,314.2,524.7,8.671,1048000000,10460000,344100,3.142E+15,97040000,3122000,20480000000,16.7,0.09419,0.000109,1522,0.00102,0.04051,0.5855,40.46,-0.9235,0.4283,0.1547,0.1638,-0.05195,0.05355,-0.02574,0.01513,-0.02321,0.09306,35.64,2177,245900,46780000,-1503,999100,19840,-9.981E+11,-19830000000,-393400000,1.99E+18,1.815E+11,3605000000,1.561E+13,disgust
24.21,0.1337,0.000229,184.8,0.001162,0.04501,0.07699,49.28,0.1583,0.3626,0.3065,0.184,0.1708,0.1255,0.1203,0.1058,0.1429,0.1113,25.92,1398,209600,41000000,314.2,524.7,8.671,1050000000,10460000,343400,3.154E+15,96970000,3115000,20390000000,16.7,0.09419,0.000109,1522,0.00102,0.04051,0.5855,40.46,-0.9235,0.4283,0.1547,0.1638,-0.05195,0.05355,-0.02574,0.01513,-0.02321,0.09306,35.64,2177,245900,46780000,-1503,1001000,19800,-1.002E+12,-19820000000,-391900000,2.01E+18,1.815E+11,3591000000,1.551E+13,disgust
20.56,0.1127,0.000238,208.5,0.00111,0.04229,0.07824,43.9,0.1302,0.3463,0.2944,0.1719,0.2002,0.1046,0.1346,0.09059,0.162,0.09562,21.86,1260,180800,35350000,290.7,517.1,9.166,1037000000,11980000,362600,3.119E+15,110500000,3240000,21510000000,13.9,0.07872,0.000116,1493,0.00107,0.04239,0.5319,34.22,-0.9414,0.4828,0.0301,0.1311,-0.06289,0.02829,-0.04374,0.007001,0.0357,0.09243,32.19,1919,208300,38650000,-1421,1003000,19790,-1.005E+12,-19840000000,-391200000,2.02E+18,1.817E+11,3585000000,1.548E+13,disgust
18.57,0.09847,0.000273,267.8,0.001222,0.04682,0.07555,38.26,0.1121,0.3229,0.3149,0.1626,0.2129,0.1366,0.175,0.1219,0.152,0.1089,20.14,1299,157700,30420000,301.9,404.9,22.1,813200000,14560000,871200,2.45E+15,130000000,7912000,51500000000,13.65,0.07799,0.000201,1455,0.001346,0.053,0.5356,34.63,-0.9462,0.52,-0.09861,-0.01585,-0.04624,0.08956,-0.07771,-0.04471,-0.01543,0.1136,33.41,1966,197200,36220000,-1314,1004000,19710,-1.009E+12,-19800000000,-388200000,2.03E+18,1.813E+11,3558000000,1.529E+13,happy
17.09,0.09422,0.00026,277.6,0.001168,0.04501,0.05726,34.82,0.1013,0.3992,0.3572,0.1671,0.1679,0.1193,0.1424,0.1195,0.1352,0.1039,17.63,1504,207400,40460000,345.7,429.7,27.87,864200000,19630000,1093000,2.608E+15,174900000,9921000,64340000000,12.55,0.07165,0.000176,1448,0.001166,0.04598,0.5467,31.58,-0.9526,0.4673,-0.03374,-0.01521,-0.09634,0.04003,-0.06417,-0.03663,0.01143,0.09972,32.48,2110,236200,43860000,-1375,1006000,19620,-1.011E+12,-19730000000,-384600000,2.03E+18,1.807E+11,3526000000,1.509E+13,happy
17.65,0.09643,0.000335,266.3,0.001376,0.05267,0.05522,37.72,0.1091,0.4089,0.3217,0.1659,0.1505,0.1173,0.126,0.09409,0.1458,0.1207,20.32,1620,204000,39740000,352,438.6,27.61,883500000,19280000,1078000,2.67E+15,172400000,9795000,63130000000,13.16,0.07644,0.000243,1438,0.001428,0.05632,0.5435,32.74,-0.9492,0.4968,0.03537,-0.02663,-0.1394,0.02796,-0.02789,-0.001119,0.01349,0.1214,31.3,1961,217500,40950000,-1339,1007000,19530,-1.014E+12,-19670000000,-381100000,2.04E+18,1.802E+11,3493000000,1.488E+13,happy
25.59,0.1669,0.000291,213,0.001243,0.04781,0.05316,55.81,0.1725,0.3036,0.2424,0.1536,0.1538,0.12,0.1709,0.115,0.1365,0.1116,27.28,1356,138300,25150000,321.7,440.5,17.12,888700000,9393000,665500,2.689E+15,82860000,6034000,38810000000,26.2,0.1713,0.000197,1493,0.001176,0.04693,0.5702,64.34,-0.8642,0.5034,-0.1418,0.006907,-0.2192,0.01277,-0.08291,-0.007172,-0.04557,0.1126,50.54,2619,185800,37290000,-1354,1009000,19450,-1.018E+12,-19620000000,-377800000,2.05E+18,1.797E+11,3464000000,1.469E+13,happy
19.83,0.1519,0.000243,226.2,0.001085,0.04184,0.07214,44.74,0.1307,0.384,0.3124,0.1554,0.1552,0.1444,0.1507,0.1012,0.1599,0.0925,26.06,1777,142500,27130000,333.5,514.5,30.84,1040000000,21250000,1194000,3.151E+15,188700000,10820000,69300000000,16.02,0.105,0.000129,1478,0.000855,0.03366,0.5961,44.28,-0.921,0.4101,-0.1569,-0.04568,-0.131,0.003216,-0.0614,-0.007064,0.01101,0.07151,41.83,2597,202800,41120000,-1504,1010000,19360,-1.021E+12,-19560000000,-374400000,2.06E+18,1.792E+11,3433000000,1.449E+13,happy
21.48,0.1404,0.000233,260.7,0.001049,0.03958,0.04278,45.86,0.1471,0.3182,0.2573,0.1865,0.1766,0.1172,0.1622,0.09965,0.133,0.08899,24.63,1388,172500,33240000,307,420.9,17.03,851900000,9551000,656100,2.586E+15,83070000,5925000,37920000000,14.93,0.09285,0.00017,1455,0.001184,0.04713,0.5293,35.35,-0.9355,0.4984,0.1191,0.0913,-0.1351,0.02191,-0.01814,0.009212,0.01781,0.1024,32.32,1859,189100,35580000,-1370,1012000,19270,-1.024E+12,-19510000000,-371100000,2.07E+18,1.787E+11,3403000000,1.43E+13,neutral
21.77,0.1272,0.000203,231.3,0.001052,0.03983,0.03268,45.72,0.14,0.3318,0.3471,0.1938,0.1684,0.1354,0.1351,0.1046,0.17,0.08839,23.74,1241,181600,35710000,263.7,366.5,9.181,742700000,4051000,352900,2.258E+15,36610000,3209000,20340000000,15.04,0.09018,0.000151,1461,0.001173,0.04646,0.5303,35.23,-0.9367,0.5454,0.008667,0.07263,-0.06859,0.00883,-0.04081,0.03624,0.05403,0.09913,29.65,1499,155500,29490000,-1366,1013000,19220,-1.027E+12,-19480000000,-369000000,2.08E+18,1.784E+11,3384000000,1.418E+13,neutral
22.2,0.1368,0.000274,259.4,0.001332,0.05058,0.0312,45.73,0.1525,0.3073,0.3131,0.2153,0.2064,0.128,0.1587,0.09967,0.1823,0.1157,23.67,1139,155000,29790000,281.6,376.7,8.916,764400000,6028000,341900,2.327E+15,54880000,3144000,19660000000,16.34,0.1038,0.000218,1427,0.001447,0.05755,0.5505,38.05,-0.9288,0.5547,-0.03323,0.06868,-0.1488,0.01761,-0.02046,0.02183,0.04743,0.1283,32.5,1681,165500,30690000,-1323,1015000,19170,-1.03E+12,-19450000000,-367300000,2.09E+18,1.782E+11,3368000000,1.408E+13,neutral
19.48,0.1187,0.000199,246.3,0.001025,0.03918,0.06371,40.92,0.1286,0.3648,0.3295,0.2166,0.152,0.1363,0.1584,0.09186,0.1643,0.09523,22.05,1426,191800,37430000,304.2,446.8,9.002,908000000,4342000,344600,2.768E+15,39720000,3162000,19790000000,15.13,0.09695,0.000162,1454,0.00108,0.04335,0.5397,36.1,-0.9401,0.5481,0.02943,-0.007132,-0.1513,-0.000593,-0.02963,0.02763,0.06242,0.1007,31.17,1716,184400,34960000,-1418,1016000,19140,-1.032E+12,-19450000000,-366100000,2.10E+18,1.782E+11,3357000000,1.401E+13,neutral
21.16,0.1312,0.000183,250,0.001038,0.03972,0.05496,44.01,0.1447,0.3839,0.3139,0.188,0.1707,0.1173,0.1459,0.1097,0.17,0.09462,23.63,1475,204100,39970000,330.6,463.8,21.05,944000000,12860000,803500,2.882E+15,114800000,7305000,46000000000,14.48,0.08953,0.000143,1453,0.00108,0.043,0.5409,35.12,-0.9368,0.4582,0.04218,0.07837,-0.1096,0.04056,-0.05158,0.009094,0.05756,0.09639,33.05,2034,217800,41030000,-1396,1018000,19090,-1.036E+12,-19420000000,-363900000,2.11E+18,1.78E+11,3338000000,1.389E+13,neutral
23.08,0.1327,0.000175,218.2,0.000705,0.02606,0.05667,47.85,0.158,0.2878,0.3033,0.1872,0.2146,0.1334,0.1436,0.1184,0.1392,0.06002,24.71,1188,152000,29000000,228.1,412,17.51,839800000,10400000,666000,2.568E+15,92830000,6056000,37990000000,13.85,0.07684,0.000115,1480,0.000848,0.03362,0.5531,34.5,-0.9326,0.4331,-0.04805,0.1807,-0.02694,0.05331,-0.04507,-0.0524,-0.02638,0.0684,33.28,1931,184300,33020000,-1401,1019000,19020,-1.039E+12,-19380000000,-361400000,2.12E+18,1.776E+11,3314000000,1.374E+13,sad
19.46,0.1135,9.80E-05,207.4,0.000521,0.01922,0.06403,39.93,0.1194,0.3126,0.304,0.1685,0.1772,0.1099,0.1378,0.1087,0.1325,0.03822,22.47,1288,177200,34690000,235.2,434.1,18.36,886100000,10830000,696100,2.713E+15,96270000,6321000,39560000000,11.61,0.06703,5.50E-05,1494,0.000603,0.02374,0.4806,29.24,-0.9501,0.394,0.04409,0.1819,0.02003,0.05674,-0.01924,-0.03641,-0.03285,0.04317,31.15,2026,220100,40460000,-1497,1021000,18950,-1.042E+12,-19340000000,-358700000,2.13E+18,1.772E+11,3290000000,1.359E+13,sad
22.21,0.1264,0.000234,238.6,0.000784,0.02902,0.04685,45.8,0.1379,0.2511,0.2669,0.1643,0.1965,0.114,0.1439,0.1024,0.1566,0.05641,25.04,1014,128100,24720000,194.8,369.1,22.35,754500000,15970000,843800,2.313E+15,143200000,7674000,47770000000,14.62,0.08403,0.00012,1486,0.000902,0.03544,0.5692,34.57,-0.9354,0.5148,0.04607,0.1696,-0.03733,0.03048,-0.04039,-0.03204,-0.0248,0.06816,31.3,1635,159500,29010000,-1379,1022000,18880,-1.045E+12,-19290000000,-356000000,2.14E+18,1.768E+11,3266000000,1.344E+13,sad
20.94,0.121,0.000101,207.5,0.000667,0.02501,0.05614,43.59,0.1282,0.307,0.2642,0.1721,0.1806,0.1248,0.1286,0.08247,0.14,0.05324,23.49,1114,168500,33200000,217.1,448.3,19.29,917600000,11640000,725300,2.817E+15,101800000,6556000,40890000000,13.04,0.07376,6.40E-05,1491,0.000732,0.02867,0.5636,31.51,-0.9438,0.4513,0.09387,0.1299,-0.03814,0.03378,-0.02616,-0.01963,-0.02531,0.05482,30.21,1802,205000,38670000,-1475,1023000,18810,-1.047E+12,-19250000000,-353300000,2.14E+18,1.764E+11,3241000000,1.328E+13,sad
22.21,0.1264,0.000234,238.6,0.000784,0.02902,0.04685,45.8,0.1379,0.2511,0.2669,0.1643,0.1965,0.114,0.1439,0.1024,0.1566,0.05641,25.04,1014,128100,24720000,194.8,369.1,22.35,756600000,16090000,836700,2.326E+15,144300000,7610000,46970000000,14.62,0.08403,0.00012,1486,0.000902,0.03544,0.5692,34.57,-0.9354,0.5148,0.04607,0.1696,-0.03733,0.03048,-0.04039,-0.03204,-0.0248,0.06816,31.3,1635,159500,29010000,-1379,1025000,18720,-1.05E+12,-19190000000,-350100000,2.15E+18,1.758E+11,3212000000,1.31E+13,sad
17.6,0.127,0.000324,207.2,0.001878,0.07037,0.06881,39.54,0.1046,0.6452,0.2936,0.2132,0.1524,0.1241,0.1126,0.08893,0.07324,0.1364,28.08,3078,255200,53930000,417.3,386.2,13.33,792600000,18630000,497700,2.44E+15,169300000,4533000,27870000000,13.8,0.08202,0.000155,1518,0.001255,0.04826,0.6459,37.4,-0.9379,0.1967,-0.07823,0.03577,-0.02117,0.02293,-0.05727,-0.03603,-0.03494,0.09858,44.63,3428,265300,58390000,-1559,1026000,18670,-1.053E+12,-19160000000,-348200000,2.16E+18,1.756E+11,3195000000,1.3E+13,angry
22.02,0.2007,0.000382,182.1,0.001757,0.06737,0.0589,48.34,0.1353,0.608,0.331,0.2536,0.2296,0.1836,0.1101,0.08801,0.07764,0.1321,32.94,2951,193600,44770000,457.2,453.9,11.65,932900000,16550000,434600,2.876E+15,151600000,3954000,24310000000,20.87,0.1492,0.000149,1538,0.001139,0.04451,0.6629,54.54,-0.8941,0.2679,-0.1298,0.0162,0.009578,0.04165,-0.01975,-0.03983,-0.06308,0.09125,50.74,3354,207100,51760000,-1608,1028000,18650,-1.056E+12,-19170000000,-347500000,2.17E+18,1.757E+11,3189000000,1.296E+13,angry
18.44,0.1771,0.000736,184.4,0.001912,0.07286,0.09717,44.08,0.1224,0.6427,0.3394,0.2215,0.1753,0.1313,0.1035,0.1073,0.08388,0.1386,33.62,3176,193200,46170000,456.3,415.3,10.81,854800000,15700000,402700,2.639E+15,144600000,3681000,22490000000,19.43,0.1297,0.0002,1533,0.001117,0.04357,0.6571,53.68,-0.8982,0.2064,-0.05577,0.03003,-0.02514,0.0202,-0.03863,-0.03196,-0.04088,0.08893,53.22,3731,220000,56250000,-1638,1029000,18630,-1.059E+12,-19170000000,-346600000,2.18E+18,1.757E+11,3181000000,1.291E+13,angry
18.59,0.1811,0.000537,194.6,0.002129,0.08131,0.04255,42.97,0.1156,0.6126,0.3278,0.2436,0.1866,0.1331,0.1156,0.08577,0.07584,0.16,31.61,2999,202800,46670000,457.5,370.7,8.592,763900000,8996000,319600,2.362E+15,81510000,2861000,17820000000,17.7,0.1283,0.000225,1520,0.001391,0.05437,0.6667,48.07,-0.9152,0.277,-0.08816,0.0665,-0.02136,-0.006128,-0.04516,-0.03471,-0.02392,0.1122,46.96,3239,215100,50420000,-1531,1030000,18600,-1.062E+12,-19170000000,-345700000,2.19E+18,1.757E+11,3173000000,1.286E+13,angry
18.59,0.1811,0.000537,194.6,0.002129,0.08131,0.04255,42.97,0.1156,0.6126,0.3278,0.2436,0.1866,0.1331,0.1156,0.08577,0.07584,0.16,31.61,2999,202800,46670000,457.5,370.7,8.592,764900000,8998000,319000,2.368E+15,81520000,2855000,17750000000,17.7,0.1283,0.000225,1520,0.001391,0.05437,0.6667,48.07,-0.9152,0.277,-0.08816,0.0665,-0.02136,-0.006128,-0.04516,-0.03471,-0.02392,0.1122,46.96,3239,215100,50420000,-1531,1032000,18570,-1.065E+12,-19160000000,-344300000,2.20E+18,1.756E+11,3160000000,1.278E+13,angry
22.2,0.1362,0.000216,235.6,0.00169,0.06405,0.08545,46.03,0.1471,0.4728,0.2665,0.1924,0.1828,0.1432,0.1335,0.1097,0.106,0.123,24.28,2078,261500,51350000,403.5,434.3,5.914,897400000,10040000,219100,2.782E+15,92870000,1996000,12170000000,12.73,0.07555,0.000131,1542,0.001626,0.06321,0.5436,32.1,-0.9381,0.2654,0.01778,0.1707,-0.01606,0.06119,-0.008126,-0.02503,-0.03163,0.1177,33.37,2357,245300,46790000,-1394,1033000,18530,-1.067E+12,-19140000000,-343000000,2.21E+18,1.755E+11,3148000000,1.271E+13,disgust
18.42,0.1252,0.000217,221.5,0.001612,0.06042,0.08617,40.95,0.1101,0.3664,0.3139,0.1762,0.1599,0.1417,0.1338,0.1145,0.08714,0.1099,21.74,1455,196800,38940000,323.5,380.6,7.071,787600000,13270000,261600,2.445E+15,121400000,2393000,14520000000,12.29,0.08004,0.000118,1545,0.001685,0.06519,0.5373,30.09,-0.9492,0.4487,0.01401,0.1246,-0.002305,0.05386,-0.01865,-0.01306,-0.01374,0.1176,28.29,1604,166700,31460000,-1313,1035000,18520,-1.07E+12,-19160000000,-342500000,2.22E+18,1.756E+11,3143000000,1.267E+13,disgust
36.89,0.1882,0.000362,282.4,0.002067,0.07783,0.07101,70.95,0.28,0.3276,0.3071,0.1801,0.2122,0.1528,0.1276,0.1087,0.1067,0.1464,34.51,1273,177700,33850000,358.4,357.8,12.09,741300000,18400000,447600,2.304E+15,169800000,4121000,24860000000,19.24,0.1144,0.000208,1538,0.002161,0.08411,0.5462,42.86,-0.8961,0.4495,-0.04079,0.2023,0.01182,0.02598,-0.05233,-0.003755,-0.00386,0.1592,34.84,1662,147500,28650000,-1267,1036000,18520,-1.073E+12,-19190000000,-342700000,2.22E+18,1.759E+11,3146000000,1.269E+13,disgust
18.84,0.116,0.000246,243.1,0.001729,0.06571,0.0741,41.15,0.1246,0.4978,0.2811,0.1635,0.2033,0.1443,0.129,0.101,0.09502,0.1187,24.09,2346,267900,53090000,436.4,460.1,12.12,954500000,19180000,449000,2.97E+15,175300000,4094000,24950000000,11.68,0.06838,0.000121,1559,0.001523,0.05931,0.5644,33.27,-0.9459,0.2161,0.03305,0.1869,-0.03534,0.01916,-0.01374,0.001175,-0.03135,0.1067,35.31,2706,272900,52160000,-1457,1037000,18530,-1.076E+12,-19220000000,-343000000,2.23E+18,1.762E+11,3148000000,1.27E+13,disgust
18.84,0.116,0.000246,243.1,0.001729,0.06571,0.0741,41.15,0.1246,0.4978,0.2811,0.1635,0.2033,0.1443,0.129,0.101,0.09502,0.1187,24.09,2346,267900,53090000,436.4,460.1,12.12,956000000,19200000,449000,2.979E+15,175500000,4093000,24950000000,11.68,0.06838,0.000121,1559,0.001523,0.05931,0.5644,33.27,-0.9459,0.2161,0.03305,0.1869,-0.03534,0.01916,-0.01374,0.001175,-0.03135,0.1067,35.31,2706,272900,52160000,-1457,1039000,18530,-1.079E+12,-19250000000,-342900000,2.24E+18,1.765E+11,3148000000,1.27E+13,disgust
21.34,0.196,0.00018,195.6,0.001283,0.04893,0.06006,45.96,0.1371,0.6281,0.3389,0.2316,0.1669,0.1351,0.1002,0.0838,0.07651,0.09354,35.06,3115,168000,43820000,413.2,329.1,12.69,684700000,18560000,470300,2.137E+15,170600000,4313000,26150000000,19.38,0.1376,9.20E-05,1561,0.001137,0.04425,0.6042,49.97,-0.9016,0.3638,-0.09364,-0.003055,-0.06992,-0.04048,-0.01957,0.02126,-0.0013,0.08732,43.92,2701,145200,40020000,-1534,1040000,18540,-1.082E+12,-19290000000,-343500000,2.25E+18,1.769E+11,3153000000,1.273E+13,happy
16.55,0.1357,0.000235,193.2,0.001719,0.06648,0.07926,36.78,0.098,0.6679,0.3045,0.2047,0.1516,0.138,0.09805,0.09628,0.09509,0.1286,33.6,3387,208100,50430000,455.9,474.3,11.27,988100000,17330000,417600,3.088E+15,159300000,3825000,23210000000,14.62,0.08617,0.000103,1554,0.001272,0.04965,0.6326,43.47,-0.929,0.1529,-0.09402,0.003007,-0.06915,-0.03277,-0.02396,0.003433,-0.00074,0.09628,49.77,3721,219900,55780000,-1592,1042000,18530,-1.085E+12,-19300000000,-343000000,2.26E+18,1.77E+11,3149000000,1.271E+13,happy
19.62,0.1812,0.000108,176.6,0.001045,0.0396,0.05482,44.01,0.115,0.6367,0.3394,0.2079,0.1579,0.1479,0.09524,0.08042,0.07682,0.0722,34.66,3228,183200,45990000,395.2,408,6.577,851300000,11470000,243400,2.664E+15,106800000,2236000,13510000000,16.98,0.1106,4.70E-05,1548,0.000866,0.03325,0.5992,46.89,-0.9175,0.2714,-0.04794,0.02387,-0.0493,-0.01953,-0.001505,-0.001358,-0.03183,0.06077,45.41,3111,185300,48160000,-1593,1043000,18510,-1.088E+12,-19310000000,-342200000,2.27E+18,1.771E+11,3142000000,1.266E+13,happy
14.92,0.1002,0.000191,193.2,0.001562,0.06014,0.06545,34.55,0.08422,0.6286,0.2965,0.1891,0.1534,0.1501,0.09422,0.08112,0.07814,0.1129,27.14,3049,247000,52960000,420.1,378.6,9.849,790900000,11330000,363800,2.478E+15,105700000,3376000,20150000000,11.68,0.07004,0.0001,1533,0.001341,0.05205,0.596,28.25,-0.9525,0.2929,-0.06398,0.01542,-0.0431,-0.02557,-0.04284,-0.01042,-0.01156,0.09917,38.95,2917,229800,49750000,-1479,1045000,18470,-1.091E+12,-19290000000,-340700000,2.28E+18,1.769E+11,3127000000,1.257E+13,happy
16.05,0.1012,0.000199,196.5,0.001576,0.06004,0.02926,38.28,0.09121,0.592,0.3262,0.2115,0.1632,0.1375,0.1038,0.0894,0.08167,0.1146,27.2,2894,217000,47940000,383.2,336.4,9.263,703500000,15190000,341900,2.207E+15,138900000,3131000,18920000000,13.76,0.07821,0.000101,1523,0.001329,0.05127,0.5998,38.21,-0.943,0.3672,-0.04536,0.0294,-0.01576,-0.01232,-0.02646,6.90E-05,-0.003468,0.09832,37.54,2571,200100,43190000,-1476,1046000,18460,-1.094E+12,-19300000000,-340400000,2.29E+18,1.77E+11,3125000000,1.256E+13,happy
18.33,0.197,8.50E-05,199,0.000952,0.03652,0.0523,43.89,0.1164,0.6621,0.2967,0.2453,0.1293,0.1414,0.1044,0.09422,0.09754,0.0763,35.39,3268,173900,45260000,407.2,313.2,12.55,655800000,7937000,462500,2.06E+15,70060000,4190000,25560000000,17.69,0.1296,4.00E-05,1492,0.00072,0.02818,0.616,49.02,-0.9115,0.2473,-0.07704,-0.03639,-0.09526,-0.05651,-0.02772,-0.002293,-0.02031,0.05769,48.88,3376,189500,51270000,-1602,1047000,18430,-1.096E+12,-19300000000,-339400000,2.30E+18,1.77E+11,3116000000,1.25E+13,neutral
16,0.1467,5.20E-05,199.2,0.000794,0.03063,0.05028,37.62,0.09659,0.6528,0.2828,0.2376,0.1664,0.1511,0.1227,0.1037,0.1052,0.06421,31.57,3139,191200,46120000,374.8,307.2,9.275,643900000,5593000,340900,2.024E+15,51960000,3129000,18790000000,15.37,0.0975,2.70E-05,1484,0.000611,0.02409,0.6056,41.01,-0.9297,0.2802,-0.1157,-0.02961,-0.0514,-0.04063,-0.02412,0.002796,-0.02044,0.05016,47.07,3324,214600,52420000,-1613,1048000,18380,-1.098E+12,-19260000000,-337300000,2.30E+18,1.766E+11,3097000000,1.239E+13,neutral
16.56,0.1703,4.40E-05,223.9,0.000769,0.02976,0.0453,39.6,0.1043,0.6324,0.2819,0.2229,0.14,0.1307,0.111,0.105,0.1107,0.06404,33.15,3192,179300,45620000,401.4,290.1,8.345,608600000,4935000,306100,1.915E+15,45560000,2803000,16830000000,14.99,0.1033,2.60E-05,1504,0.000683,0.02669,0.5656,40.77,-0.9258,0.2468,-0.1091,-0.01612,-0.04508,-0.04167,-0.03213,0.004198,-0.001089,0.05566,45.92,3223,196200,49710000,-1562,1049000,18340,-1.1E+12,-19230000000,-335800000,2.31E+18,1.764E+11,3083000000,1.231E+13,neutral
18.1,0.1952,6.50E-05,176.8,0.000816,0.03136,0.05077,42.14,0.1229,0.629,0.314,0.2152,0.1377,0.1509,0.1081,0.09411,0.1051,0.06384,33.96,3073,178000,43210000,378,287.9,6.314,604600000,4106000,231200,1.905E+15,37360000,2095000,12690000000,16.78,0.127,3.00E-05,1490,0.000641,0.02504,0.5924,44.97,-0.9155,0.3044,-0.07809,-0.04032,-0.07119,-0.05173,-0.02501,0.01097,0.001984,0.05067,45.23,3072,188300,48360000,-1587,1050000,18300,-1.102E+12,-19220000000,-334700000,2.32E+18,1.763E+11,3073000000,1.225E+13,neutral
18.1,0.1952,6.50E-05,176.8,0.000816,0.03136,0.05077,42.14,0.1229,0.629,0.314,0.2152,0.1377,0.1509,0.1081,0.09411,0.1051,0.06384,33.96,3073,178000,43210000,378,287.9,6.314,605200000,4110000,230800,1.908E+15,37390000,2092000,12650000000,16.78,0.127,3.00E-05,1490,0.000641,0.02504,0.5924,44.97,-0.9155,0.3044,-0.07809,-0.04032,-0.07119,-0.05173,-0.02501,0.01097,0.001984,0.05067,45.23,3072,188300,48360000,-1587,1051000,18270,-1.105E+12,-19200000000,-333500000,2.32E+18,1.762E+11,3063000000,1.218E+13,neutral
52.49,0.2313,8.20E-05,215.8,0.000877,0.03298,0.07865,96.35,0.4419,0.3942,0.2937,0.1833,0.2035,0.1435,0.1444,0.1338,0.09819,0.05371,46.06,1719,231900,42900000,515.7,389.1,13.29,818700000,7952000,484800,2.584E+15,68090000,4357000,26510000000,22.06,0.11,4.70E-05,1485,0.000869,0.03328,0.5441,47.47,-0.8586,0.4135,0.0581,0.1707,0.02071,0.01078,-0.03583,-0.02295,0.000566,0.05378,36.68,1757,169700,35530000,-1532,1052000,18240,-1.107E+12,-19190000000,-332300000,2.33E+18,1.76E+11,3052000000,1.211E+13,sad
11.71,0.07495,8.00E-05,193.8,0.000903,0.03411,0.07753,26.38,0.05531,0.2798,0.2996,0.192,0.1855,0.1766,0.1257,0.1274,0.09141,0.05559,15.74,1180,176600,34980000,289.4,416,3.864,876500000,9701000,140500,2.77E+15,87770000,1278000,7670000000,8.043,0.04788,5.10E-05,1518,0.000983,0.03767,0.5102,19.6,-0.9759,0.4405,0.1065,0.1858,0.06103,0.02755,-0.006578,-0.0137,-0.009531,0.05932,22.38,1476,182000,33990000,-1447,1054000,18200,-1.11E+12,-19180000000,-330900000,2.34E+18,1.759E+11,3039000000,1.204E+13,sad
14.87,0.1006,0.000122,217.4,0.000989,0.03744,0.08558,30.79,0.07694,0.4991,0.2625,0.223,0.1751,0.1321,0.1165,0.1334,0.09806,0.06324,23.03,2405,256700,51270000,364.2,449.7,10.46,948900000,17860000,380800,3.004E+15,162100000,3460000,20790000000,10.05,0.05705,5.10E-05,1498,0.000861,0.03319,0.5751,28.47,-0.9617,0.2605,0.05082,0.1236,-0.0236,0.0168,0.002964,0.01217,0.02018,0.05641,33.52,2551,256700,49710000,-1553,1055000,18210,-1.113E+12,-19210000000,-331200000,2.35E+18,1.762E+11,3042000000,1.206E+13,sad
12.95,0.08697,8.30E-05,219.6,0.000894,0.03398,0.05859,28.63,0.06708,0.5005,0.2837,0.1803,0.1574,0.1479,0.1362,0.1339,0.1058,0.05986,19.95,2256,270200,53670000,354.6,446.9,6.07,944400000,10760000,220900,2.994E+15,98230000,1997000,12050000000,9.208,0.05379,4.20E-05,1501,0.000804,0.03099,0.5742,26.4,-0.9664,0.2768,0.05578,0.1428,-0.005755,0.02823,-0.008626,-0.00497,0.004549,0.05448,31.79,2479,269200,51060000,-1528,1057000,18200,-1.116E+12,-19230000000,-330900000,2.36E+18,1.764E+11,3039000000,1.204E+13,sad
11.71,0.07495,8.00E-05,193.8,0.000903,0.03411,0.07753,26.38,0.05531,0.2798,0.2996,0.192,0.1855,0.1766,0.1257,0.1274,0.09141,0.05559,15.74,1180,176600,34980000,289.4,416,3.864,880300000,9706000,140400,2.794E+15,87800000,1276000,7654000000,8.043,0.04788,5.10E-05,1518,0.000983,0.03767,0.5102,19.6,-0.9759,0.4405,0.1065,0.1858,0.06103,0.02755,-0.006578,-0.0137,-0.009531,0.05932,22.38,1476,182000,33990000,-1447,1058000,18180,-1.12E+12,-19240000000,-330200000,2.37E+18,1.765E+11,3033000000,1.2E+13,sad
21.99,0.1226,0.00032,256.5,0.001731,0.06645,0.04638,45.73,0.1381,0.1873,0.3169,0.25,0.1872,0.103,0.112,0.1055,0.1614,0.124,21.43,970.8,140800,27530000,315.5,242.2,7.717,513100000,12100000,280900,1.63E+15,111700000,2581000,15330000000,16.66,0.09766,0.000182,1500,0.001668,0.06641,0.6067,40.45,-0.9281,0.6382,-0.05347,-0.02111,-0.08257,-0.01246,-0.04974,-0.005196,-0.02498,0.1417,32.84,1618,157100,29430000,-1289,1059000,18210,-1.122E+12,-19280000000,-331100000,2.38E+18,1.769E+11,3041000000,1.205E+13,angry
20.64,0.113,0.000245,218.3,0.001829,0.06995,0.04099,43.02,0.123,0.3273,0.3861,0.1621,0.1689,0.1009,0.09209,0.07741,0.09916,0.1448,18.72,1232,196900,38570000,352.5,240.5,4.57,509900000,8674000,166400,1.621E+15,80650000,1532000,9088000000,15.29,0.08684,0.000182,1523,0.001794,0.07045,0.5651,36.89,-0.938,0.5533,-0.03948,0.08673,-0.01237,-0.006078,-0.05197,-0.007819,0.0106,0.1526,31.35,1654,176200,32890000,-1291,1060000,18220,-1.124E+12,-19310000000,-331500000,2.38E+18,1.772E+11,3044000000,1.207E+13,angry
19.65,0.1124,0.000174,228.6,0.001711,0.06454,0.03899,42.15,0.1156,0.2984,0.39,0.1605,0.1494,0.1064,0.09003,0.08311,0.09563,0.1306,18.58,1130,181000,35650000,329.9,229.9,4.138,487800000,4136000,150700,1.552E+15,37930000,1321000,8229000000,14.54,0.08575,0.000145,1488,0.001736,0.06718,0.5553,34.68,-0.9421,0.5528,-0.01063,0.07771,0.000156,-0.01428,-0.06993,-0.04553,-0.02253,0.1419,29.11,1483,159400,29930000,-1260,1061000,18210,-1.125E+12,-19320000000,-331300000,2.39E+18,1.773E+11,3043000000,1.206E+13,angry
21.28,0.1141,0.000411,199.6,0.001976,0.07469,0.05394,44.64,0.1302,0.2997,0.3957,0.1486,0.1429,0.09718,0.08803,0.09274,0.09583,0.139,19.19,1115,179800,35240000,334.9,229.2,4.363,486800000,8261000,158800,1.55E+15,75220000,1445000,8667000000,14.89,0.08453,0.000231,1523,0.00198,0.077,0.56,35.51,-0.938,0.571,-0.01048,0.05925,0.00741,0.001434,-0.05049,-0.03881,-0.02953,0.1543,28.72,1412,150800,28560000,-1262,1062000,18200,-1.127E+12,-19330000000,-331000000,2.39E+18,1.773E+11,3040000000,1.204E+13,angry
21.09,0.1156,0.000313,231.2,0.001766,0.06777,0.04499,44.47,0.131,0.3343,0.4294,0.1638,0.1707,0.1098,0.1118,0.1109,0.1036,0.1282,20.15,1280,199400,38840000,334.6,250.7,7.855,532800000,12610000,286100,1.698E+15,116800000,2638000,15630000000,15.57,0.08897,0.000202,1522,0.001726,0.06815,0.5624,37.19,-0.9357,0.573,-0.0309,0.08739,-0.003019,-0.02005,-0.04837,-0.004819,-0.01514,0.1407,30.66,1588,169900,32420000,-1314,1063000,18220,-1.129E+12,-19360000000,-331500000,2.40E+18,1.776E+11,3045000000,1.207E+13,angry
20.91,0.1065,6.00E-05,215.5,0.000718,0.02669,0.02983,42.81,0.1254,0.3076,0.3466,0.1557,0.1575,0.1094,0.1053,0.09877,0.1133,0.055,20.49,1148,177800,35040000,273.5,369.1,6.305,785200000,13110000,229700,2.505E+15,121000000,2116000,12560000000,15.08,0.08272,4.60E-05,1513,0.000914,0.03565,0.5024,35.83,-0.9408,0.5897,0.0501,0.08464,-0.04515,-0.003442,-0.04118,-0.01416,-0.01463,0.07523,29.56,1461,160200,29940000,-1402,1064000,18230,-1.131E+12,-19390000000,-332000000,2.41E+18,1.779E+11,3050000000,1.21E+13,disgust
20.95,0.115,0.000106,210.4,0.001021,0.03802,0.06896,44.28,0.128,0.2921,0.3665,0.1515,0.1774,0.1191,0.1161,0.09472,0.1239,0.06609,21.37,1070,161200,31770000,225.1,317.3,8.201,675700000,14290000,299200,2.158E+15,130900000,2739000,16370000000,15.72,0.08543,7.50E-05,1538,0.001232,0.04769,0.5516,36.6,-0.9369,0.5968,0.0215,0.1329,0.01398,-0.01937,-0.08105,-0.01861,-0.01703,0.0927,29.05,1345,137800,25890000,-1351,1065000,18250,-1.134E+12,-19430000000,-332500000,2.41E+18,1.782E+11,3054000000,1.213E+13,disgust
23.08,0.1143,0.000109,209.9,0.00087,0.03317,0.03927,47.25,0.1435,0.2947,0.3413,0.1851,0.1585,0.1091,0.1131,0.08407,0.087,0.073,21.74,1030,166700,33170000,279.3,390.1,7.6,831700000,15060000,277500,2.66E+15,138300000,2548000,15190000000,16.37,0.09015,7.30E-05,1521,0.000981,0.03864,0.4898,38.78,-0.9315,0.5546,0.05894,0.1402,0.005685,0.01159,-0.05774,-0.03661,-0.03552,0.08447,31.77,1658,185700,34520000,-1427,1066000,18260,-1.136E+12,-19470000000,-333100000,2.42E+18,1.786E+11,3060000000,1.216E+13,disgust
23.08,0.1143,0.000109,209.9,0.00087,0.03317,0.03927,47.25,0.1435,0.2947,0.3413,0.1851,0.1585,0.1091,0.1131,0.08407,0.087,0.073,21.74,1030,166700,33170000,279.3,390.1,7.6,832700000,15080000,277700,2.666E+15,138400000,2551000,15220000000,16.37,0.09015,7.30E-05,1521,0.000981,0.03864,0.4898,38.78,-0.9315,0.5546,0.05894,0.1402,0.005685,0.01159,-0.05774,-0.03661,-0.03552,0.08447,31.77,1658,185700,34520000,-1427,1067000,18280,-1.139E+12,-19510000000,-333700000,2.43E+18,1.79E+11,3065000000,1.219E+13,disgust
20.91,0.1065,6.00E-05,215.5,0.000718,0.02669,0.02983,42.81,0.1254,0.3076,0.3466,0.1557,0.1575,0.1094,0.1053,0.09877,0.1133,0.055,20.49,1148,177800,35040000,273.5,369.1,6.305,788900000,13160000,230600,2.529E+15,121500000,2124000,12650000000,15.08,0.08272,4.60E-05,1513,0.000914,0.03565,0.5024,35.83,-0.9408,0.5897,0.0501,0.08464,-0.04515,-0.003442,-0.04118,-0.01416,-0.01463,0.07523,29.56,1461,160200,29940000,-1402,1069000,18300,-1.142E+12,-19550000000,-334500000,2.44E+18,1.794E+11,3072000000,1.223E+13,disgust
20.4,0.1152,0.000489,195,0.001677,0.06319,0.06839,43.91,0.1365,0.2885,0.4319,0.1388,0.1858,0.115,0.1097,0.08642,0.08614,0.1051,21.15,1204,188400,36630000,306.6,332.8,24.55,712100000,31970000,899600,2.286E+15,290300000,8201000,49440000000,14.59,0.08847,0.000255,1520,0.001718,0.06656,0.5337,34.24,-0.9399,0.551,0.0306,0.04262,-0.05051,-0.001064,-0.0399,-0.03052,0.000737,0.118,29.08,1440,151400,29180000,-1352,1070000,18330,-1.145E+12,-19620000000,-335800000,2.45E+18,1.8E+11,3084000000,1.231E+13,happy
19.01,0.112,0.000305,203.8,0.001669,0.063,0.0497,41.64,0.1233,0.2607,0.4419,0.1407,0.185,0.1328,0.112,0.09936,0.09161,0.1026,20.84,1191,180400,34600000,313.6,356.5,17.71,763700000,25370000,650800,2.454E+15,231000000,5941000,35870000000,14.77,0.0879,0.000175,1542,0.001618,0.06233,0.5686,35.69,-0.9415,0.6048,0.03299,0.01354,-0.02935,-0.002593,-0.07107,-0.04549,-0.008485,0.1108,29.37,1435,151000,29590000,-1394,1071000,18380,-1.147E+12,-19690000000,-337600000,2.46E+18,1.806E+11,3100000000,1.24E+13,happy
23.86,0.1241,0.000194,201.1,0.001612,0.0608,0.06899,51.42,0.1634,0.2341,0.396,0.162,0.1703,0.1309,0.09952,0.08618,0.08509,0.09893,23.64,1050,155200,29710000,297.6,345.9,16.59,741800000,23990000,611100,2.386E+15,217500000,5564000,33760000000,16.61,0.09636,0.000131,1531,0.001677,0.06472,0.5384,37.74,-0.9272,0.6433,0.0557,0.01654,-0.05564,-0.007491,-0.04618,-0.03467,-0.01485,0.1124,28.91,1229,122100,23940000,-1362,1072000,18420,-1.15E+12,-19760000000,-339100000,2.47E+18,1.813E+11,3114000000,1.249E+13,happy
18.01,0.1078,0.000258,174.2,0.001648,0.06296,0.04929,39.82,0.1187,0.2766,0.4372,0.1491,0.1795,0.1146,0.09886,0.07691,0.06888,0.1178,19.56,1273,193300,37470000,357.8,395.1,22.43,848300000,30500000,828300,2.732E+15,276300000,7535000,45870000000,14.41,0.08777,0.000154,1519,0.001463,0.05696,0.5996,35.62,-0.9445,0.5681,0.05344,0.02466,-0.05653,0.01883,-0.03565,-0.02818,0.009988,0.112,31.03,1680,181400,34970000,-1420,1074000,18470,-1.153E+12,-19830000000,-340900000,2.48E+18,1.819E+11,3131000000,1.259E+13,happy
22.39,0.1227,0.000232,163.5,0.001446,0.05422,0.07599,47.5,0.1452,0.3537,0.3963,0.1425,0.2031,0.1157,0.1104,0.09491,0.08745,0.08897,22.31,1345,195200,37600000,319.8,350,8.29,752500000,12090000,306400,2.426E+15,109700000,2772000,16980000000,14.62,0.08425,0.000149,1516,0.001466,0.05651,0.5304,35.29,-0.9333,0.5207,-0.005765,0.05213,-0.01278,0.01174,-0.0681,-0.05412,-0.00765,0.1002,29.44,1527,158200,31040000,-1366,1075000,18480,-1.155E+12,-19870000000,-341300000,2.48E+18,1.823E+11,3134000000,1.261E+13,happy
19.3,0.1128,0.000248,232.1,0.001338,0.05032,0.03854,42.34,0.1142,0.3102,0.3916,0.2111,0.1491,0.1039,0.1034,0.1115,0.07758,0.09373,19.37,1231,185200,35720000,282.8,279.7,9.224,601900000,14940000,340800,1.943E+15,135900000,3107000,18890000000,14.51,0.08609,0.000186,1486,0.001334,0.05202,0.5629,33.54,-0.9444,0.6109,0.05674,0.01021,-0.08742,-0.007237,-0.03468,-0.003502,0.02388,0.1002,26.94,1262,140500,27340000,-1380,1076000,18480,-1.158E+12,-19890000000,-341300000,2.49E+18,1.824E+11,3134000000,1.261E+13,neutral
18.74,0.1084,0.000208,249.4,0.001089,0.04107,0.04012,40.03,0.1124,0.3574,0.4081,0.1591,0.161,0.09194,0.1031,0.1059,0.08949,0.07994,18.3,1335,211100,41140000,294.2,304.2,14.08,655100000,20610000,521200,2.117E+15,186300000,4734000,28920000000,13.57,0.07964,0.00013,1460,0.001012,0.03968,0.6126,31.11,-0.9481,0.5339,0.08026,0.09289,-0.05367,-0.006063,-0.05291,-0.02999,0.01149,0.07756,28.15,1544,181500,34870000,-1461,1077000,18510,-1.16E+12,-19940000000,-342300000,2.50E+18,1.829E+11,3143000000,1.267E+13,neutral
61.01,0.2646,0.000244,241.9,0.001155,0.04337,0.0406,108.1,0.5071,0.2493,0.361,0.1907,0.1848,0.1051,0.09576,0.1025,0.1143,0.08343,52.29,995.3,157700,26370000,463,287.3,10.37,619400000,16360000,384200,2.003E+15,148200000,3492000,21350000000,34.12,0.1685,0.000159,1447,0.001138,0.04476,0.5753,68.51,-0.7902,0.6623,0.002983,0.07966,-0.01261,0.01578,-0.05462,-0.0236,0.01347,0.08968,43.36,1251,87260,21520000,-1476,1078000,18540,-1.162E+12,-19980000000,-343300000,2.51E+18,1.833E+11,3153000000,1.272E+13,neutral
22.55,0.126,0.000224,254.7,0.001116,0.04219,0.03964,45.88,0.1386,0.3095,0.3912,0.1627,0.1495,0.09648,0.1071,0.112,0.1091,0.08423,21.16,1101,173800,34070000,273.4,289.9,11.06,625700000,17250000,410500,2.025E+15,155400000,3719000,22850000000,16.01,0.09112,0.000148,1473,0.001115,0.04373,0.5757,35.2,-0.9328,0.599,0.02772,0.0638,-0.05206,-0.009837,-0.06412,-0.02623,0.01181,0.0881,28.35,1304,141400,27450000,-1399,1079000,18560,-1.164E+12,-20030000000,-344200000,2.51E+18,1.837E+11,3160000000,1.277E+13,neutral
19.73,0.1065,0.000166,224.3,0.001043,0.03963,0.04268,41.4,0.1164,0.3654,0.4193,0.2059,0.1384,0.08952,0.07916,0.09528,0.1079,0.0815,18.2,1338,216900,42330000,306.9,303.2,8.867,654800000,15050000,329400,2.122E+15,136100000,2988000,18360000000,14.76,0.08844,0.000114,1483,0.000946,0.03726,0.587,34.07,-0.9431,0.5504,0.05943,0.04829,-0.06924,-0.02381,-0.03334,0.003694,0.009647,0.07723,28.78,1539,187600,36420000,-1475,1080000,18580,-1.166E+12,-20070000000,-345000000,2.52E+18,1.841E+11,3168000000,1.282E+13,neutral
19.54,0.1144,4.30E-05,195.9,0.000423,0.01588,0.04105,41.66,0.1309,0.3034,0.4017,0.1646,0.191,0.1173,0.1294,0.1205,0.1125,0.0351,20.27,1145,182000,34990000,257.3,342.3,16.47,740200000,11640000,611400,2.401E+15,104400000,5565000,34030000000,13.02,0.08058,1.90E-05,1505,0.000514,0.02005,0.5221,32.19,-0.9402,0.5245,0.01785,0.0521,-0.03952,-0.01184,-0.08409,-0.05798,-0.01285,0.04053,28.43,1538,176600,34320000,-1477,1081000,18560,-1.169E+12,-20070000000,-344200000,2.53E+18,1.841E+11,3160000000,1.277E+13,sad
18.46,0.104,2.00E-05,183.5,0.000414,0.01564,0.031,38.76,0.1027,0.3288,0.3774,0.157,0.1579,0.1016,0.09331,0.09905,0.09082,0.03185,18.97,1192,192300,37390000,258.3,352.7,20.09,763400000,15480000,743600,2.479E+15,139300000,6773000,41260000000,11.97,0.07164,1.50E-05,1500,0.000517,0.02004,0.497,29.43,-0.9518,0.4866,0.04879,0.04402,-0.03806,-0.01343,-0.04789,-0.0474,-0.02137,0.03791,28.24,1605,191100,36750000,-1489,1082000,18500,-1.171E+12,-20030000000,-342000000,2.54E+18,1.837E+11,3140000000,1.265E+13,sad
18.54,0.09516,2.60E-05,172.5,0.000362,0.01376,0.03755,37.73,0.09614,0.3851,0.3859,0.202,0.1339,0.1114,0.09989,0.09734,0.09377,0.02964,17.54,1290,206400,40100000,242.2,374.6,10.14,811800000,5297000,374200,2.639E+15,45860000,3377000,20710000000,12.23,0.06827,2.00E-05,1531,0.000456,0.01778,0.5275,30.57,-0.9542,0.5045,0.07578,0.01765,-0.05536,-0.01957,-0.01767,-0.001699,-0.0102,0.03497,26.77,1567,204200,39850000,-1536,1084000,18460,-1.174E+12,-20000000000,-340300000,2.54E+18,1.835E+11,3125000000,1.256E+13,sad
22.24,0.1105,5.30E-05,171.6,0.00039,0.01451,0.04755,45.19,0.1268,0.3614,0.3473,0.1906,0.1571,0.121,0.1149,0.09701,0.1107,0.03555,20.28,1047,176600,34930000,216.2,360.3,8.843,781700000,8736000,325900,2.544E+15,78630000,2905000,18010000000,14.34,0.07795,3.40E-05,1503,0.000501,0.01936,0.5005,33.28,-0.9403,0.5161,-0.01554,0.07713,0.01409,0.01617,-0.05904,-0.04155,-0.00436,0.04081,28.89,1514,182700,35040000,-1521,1085000,18440,-1.177E+12,-20000000000,-339500000,2.55E+18,1.835E+11,3118000000,1.251E+13,sad
18.46,0.104,2.00E-05,183.5,0.000414,0.01564,0.031,38.76,0.1027,0.3288,0.3774,0.157,0.1579,0.1016,0.09331,0.09905,0.09082,0.03185,18.97,1192,192300,37390000,258.3,352.7,20.09,766100000,15600000,738500,2.496E+15,140300000,6728000,40700000000,11.97,0.07164,1.50E-05,1500,0.000517,0.02004,0.497,29.43,-0.9518,0.4866,0.04879,0.04402,-0.03806,-0.01343,-0.04789,-0.0474,-0.02137,0.03791,28.24,1605,191100,36750000,-1489,1086000,18380,-1.18E+12,-19960000000,-337300000,2.56E+18,1.831E+11,3098000000,1.239E+13,sad
19.24,0.1147,0.00109,283.8,0.002259,0.08717,0.04697,40.78,0.1307,0.4603,0.3122,0.1725,0.1641,0.155,0.1471,0.13,0.09912,0.1959,22.94,1920,226200,44300000,369.4,318,8.134,691600000,5404000,298200,2.256E+15,45590000,2639000,16390000000,15.5,0.09829,0.000436,1463,0.002126,0.08379,0.5619,38.52,-0.9373,0.5278,0.000148,-0.002694,-0.1594,-0.0565,-0.06283,0.009994,-0.01876,0.185,33.07,1967,194500,37850000,-1276,1087000,18340,-1.182E+12,-19940000000,-335900000,2.57E+18,1.829E+11,3085000000,1.231E+13,angry
17.64,0.1133,0.000776,296.8,0.002413,0.09272,0.05417,39,0.1179,0.4533,0.338,0.1481,0.1669,0.1496,0.1308,0.1258,0.1162,0.2049,22.18,1892,223400,44000000,352.5,315.3,14.52,686400000,11330000,530900,2.241E+15,95350000,4714000,29110000000,14.02,0.08845,0.0004,1460,0.002087,0.08229,0.5986,35.02,-0.9428,0.515,0.01079,0.01395,-0.1288,-0.01264,-0.04202,0.00787,-0.0247,0.1781,32.24,1986,198000,38490000,-1272,1088000,18300,-1.184E+12,-19910000000,-334500000,2.58E+18,1.827E+11,3072000000,1.223E+13,angry
17,0.1235,0.000962,273.8,0.002432,0.09246,0.06791,39.11,0.1108,0.3562,0.3431,0.1869,0.1341,0.1501,0.1024,0.1193,0.1195,0.2036,22.11,1550,181800,35700000,301.1,279.3,6.77,608400000,5388000,247100,1.988E+15,46460000,2160000,13520000000,16.63,0.1144,0.000484,1470,0.002254,0.08843,0.6016,41.06,-0.9354,0.6059,-0.03024,0.02457,-0.1401,-0.0355,-0.05808,-0.006924,-0.01594,0.1978,32.98,1691,153500,29420000,-1230,1089000,18260,-1.187E+12,-19890000000,-333000000,2.59E+18,1.825E+11,3059000000,1.215E+13,angry
12.62,0.08771,0.001288,320,0.002763,0.109,0.04968,28.47,0.07883,0.4031,0.3095,0.2088,0.1499,0.1593,0.1366,0.1194,0.1126,0.2486,18.19,1725,209400,41730000,371.1,313.4,5.691,683500000,5350000,207400,2.236E+15,48850000,1811000,11330000000,13.45,0.08692,0.000633,1493,0.002124,0.08512,0.6842,34.28,-0.9565,0.5187,-0.01322,0.0228,-0.1216,-0.002923,-0.06725,-0.01235,-0.03842,0.1949,35.18,2243,228400,42570000,-1299,1090000,18230,-1.189E+12,-19870000000,-331800000,2.59E+18,1.824E+11,3049000000,1.209E+13,angry
18.02,0.1155,0.000683,332.7,0.00248,0.09268,0.04972,39.83,0.1194,0.4504,0.3273,0.152,0.1738,0.155,0.1256,0.1097,0.09413,0.2111,22.56,1905,224300,44140000,359,317.7,12.36,693400000,8873000,449200,2.271E+15,73440000,3986000,24490000000,14.08,0.08952,0.00038,1435,0.002109,0.08174,0.5937,34.92,-0.9428,0.5,0.01114,0.02311,-0.1218,-0.009376,-0.04228,0.01221,-0.02229,0.1806,32.21,1983,197200,38550000,-1280,1091000,18190,-1.191E+12,-19850000000,-330400000,2.60E+18,1.822E+11,3036000000,1.201E+13,angry
16.73,0.1072,0.000599,248.9,0.001806,0.06807,0.06087,36.07,0.1134,0.3187,0.344,0.1668,0.1785,0.1457,0.1294,0.08708,0.1061,0.1283,21.33,1402,168300,31830000,323.8,348.4,14.14,761300000,9363000,512800,2.495E+15,82180000,4640000,27880000000,11.71,0.07358,0.000254,1490,0.001372,0.05321,0.6292,30.63,-0.9536,0.4882,0.004804,0.09181,-0.01893,0.03794,-0.01272,0.02964,-0.02334,0.09928,30.9,1883,184500,34370000,-1384,1093000,18130,-1.194E+12,-19810000000,-328400000,2.61E+18,1.819E+11,3018000000,1.19E+13,disgust
20.54,0.1303,0.000273,233.9,0.001157,0.04368,0.04832,44.62,0.1396,0.2741,0.3325,0.2407,0.1977,0.163,0.1532,0.1082,0.1141,0.0805,23.79,1324,169100,32390000,304.2,357.7,23.07,782500000,18850000,833900,2.568E+15,166100000,7541000,45180000000,14.5,0.09554,0.000126,1469,0.001032,0.04052,0.5367,37.46,-0.9347,0.526,-0.005372,0.05771,-0.06586,0.02938,-0.02602,0.02261,-0.008936,0.07668,32.1,1749,169000,32270000,-1406,1094000,18070,-1.197E+12,-19770000000,-326300000,2.62E+18,1.815E+11,2999000000,1.179E+13,disgust
11.98,0.1092,0.000755,234.4,0.001462,0.05316,0.03286,27.79,0.08665,0.337,0.3101,0.1981,0.1695,0.1812,0.1277,0.1056,0.1093,0.08832,20.92,1561,175100,33690000,330.2,369,16.97,808300000,12630000,611500,2.655E+15,113000000,5559000,33020000000,10.24,0.0707,0.000207,1503,0.001227,0.04698,0.5909,28.23,-0.9613,0.454,0.00609,0.03748,-0.0565,-0.002083,-0.01368,0.04415,0.01393,0.08304,31.72,2085,203500,38580000,-1400,1095000,18020,-1.199E+12,-19730000000,-324200000,2.63E+18,1.811E+11,2980000000,1.167E+13,disgust
6.672,0.06031,0.000431,289.6,0.001623,0.05968,0.03341,20.22,0.04187,0.3515,0.2873,0.2036,0.1753,0.1731,0.1137,0.1138,0.1108,0.1195,19.4,1582,136900,27620000,269.2,330.4,7.854,724400000,4759000,282400,2.382E+15,43120000,2578000,15220000000,9.231,0.05669,0.000191,1451,0.00146,0.05555,0.6084,25.56,-0.9721,0.4966,-0.006327,0.06872,-0.07111,-0.01431,-0.04492,0.04484,0.002066,0.1068,29.04,1807,164200,30410000,-1325,1096000,17980,-1.202E+12,-19710000000,-322800000,2.64E+18,1.81E+11,2968000000,1.16E+13,disgust
16.88,0.1146,0.000887,268.8,0.002013,0.07586,0.1006,38.43,0.113,0.3442,0.3451,0.1883,0.2119,0.16,0.138,0.0871,0.09345,0.1444,20.36,1518,207200,39860000,391.8,394.6,16.88,866300000,11540000,605500,2.852E+15,99230000,5450000,32560000000,12.82,0.08578,0.000269,1454,0.001424,0.05555,0.6332,34.25,-0.947,0.4307,0.04093,0.0601,-0.06756,0.02477,-0.02927,0.01475,-0.003312,0.1062,32.83,2083,216300,40950000,-1431,1098000,17930,-1.205E+12,-19680000000,-321200000,2.64E+18,1.807E+11,2953000000,1.151E+13,disgust
13.23,0.09419,0.000421,269.3,0.001694,0.06509,0.03359,31.02,0.08087,0.3212,0.3052,0.1521,0.1429,0.1289,0.1088,0.1159,0.1126,0.1316,18.41,1307,158900,31460000,253.8,294.9,12.09,648000000,9884000,432300,2.136E+15,83210000,3835000,23180000000,11.03,0.06952,0.00024,1459,0.001518,0.0596,0.634,28.42,-0.9616,0.5039,0.004271,0.05281,-0.07615,0.009099,-0.05312,0.02583,-0.006644,0.1222,29.41,1763,179900,33200000,-1281,1099000,17890,-1.207E+12,-19660000000,-319800000,2.65E+18,1.805E+11,2940000000,1.144E+13,happy
21.35,0.1481,0.000504,243.3,0.001545,0.05836,0.06633,47.01,0.1633,0.2292,0.3537,0.1867,0.1636,0.1609,0.117,0.1267,0.1137,0.1245,26.01,1276,104300,20070000,237.4,276.7,8.056,608500000,8947000,287500,2.008E+15,80180000,2554000,15390000000,18.02,0.127,0.00024,1500,0.001541,0.0605,0.5415,43.91,-0.9175,0.6375,-0.08341,0.02661,-0.09562,-0.01223,-0.05216,0.02635,0.008095,0.1301,34.45,1572,113400,22630000,-1277,1100000,17850,-1.209E+12,-19630000000,-318400000,2.66E+18,1.803E+11,2927000000,1.136E+13,happy
18.74,0.1346,0.000607,277.9,0.001689,0.06361,0.03857,43.15,0.1368,0.293,0.3815,0.1548,0.1447,0.1185,0.09824,0.1152,0.08962,0.1335,24,1434,147800,28760000,251.1,259.7,10.36,571600000,8075000,368700,1.888E+15,69200000,3303000,19690000000,15.72,0.1122,0.000296,1510,0.001643,0.06404,0.5823,39.72,-0.9312,0.6012,-0.06163,0.02593,-0.09181,-0.03797,-0.07047,-0.0148,-0.03827,0.1362,32.58,1610,130300,25780000,-1253,1101000,17810,-1.212E+12,-19610000000,-316900000,2.67E+18,1.801E+11,2914000000,1.128E+13,happy
21.13,0.1458,0.000469,237.6,0.00154,0.05843,0.06987,46.13,0.158,0.2864,0.3504,0.1937,0.1547,0.1651,0.1127,0.1259,0.1141,0.1241,25.6,1492,148700,28710000,282.8,293.8,8.491,647300000,8991000,301800,2.139E+15,80160000,2679000,16080000000,17.37,0.12,0.000228,1523,0.001453,0.05711,0.5473,43.6,-0.9208,0.5929,-0.07611,0.007924,-0.103,-0.004472,-0.0322,0.02826,0.0023,0.1224,35.46,1775,139600,27740000,-1318,1102000,17780,-1.214E+12,-19590000000,-315700000,2.67E+18,1.799E+11,2903000000,1.122E+13,happy
12.71,0.09233,0.000395,262.2,0.00163,0.06451,0.0327,29.72,0.07732,0.3822,0.3053,0.1752,0.1467,0.1324,0.1234,0.1251,0.1248,0.1252,18.84,1636,192200,38400000,311.8,320.8,15.4,707600000,12760000,545700,2.341E+15,108900000,4874000,29000000000,10.66,0.06676,0.000215,1523,0.001385,0.05497,0.639,28.65,-0.9625,0.4586,-0.006719,0.03213,-0.08332,0.0243,-0.04564,0.02326,-0.01724,0.1104,31.03,2048,212400,39790000,-1337,1103000,17730,-1.216E+12,-19560000000,-314100000,2.68E+18,1.796E+11,2889000000,1.114E+13,happy
18.93,0.1243,0.000281,275.5,0.001187,0.04488,0.03871,41.62,0.1309,0.4661,0.3233,0.1883,0.1791,0.1332,0.1468,0.1083,0.1279,0.09317,24.32,1963,230600,45230000,287.3,362.4,22.23,800000000,19020000,784500,2.649E+15,164800000,7051000,41510000000,13.51,0.0886,0.000206,1435,0.001237,0.04862,0.5548,33.03,-0.9417,0.4901,0.006886,0.04419,-0.1109,-0.06308,-0.0519,0.03218,0.001898,0.099,30.05,1779,176000,35080000,-1376,1104000,17660,-1.219E+12,-19500000000,-311500000,2.69E+18,1.791E+11,2866000000,1.1E+13,neutral
16.46,0.1082,0.000322,285.8,0.001082,0.04049,0.03173,37,0.1111,0.3714,0.3353,0.1416,0.2017,0.1293,0.1223,0.09431,0.1273,0.08491,22.37,1472,183800,35720000,231.4,332.8,34.87,735600000,32850000,1224000,2.439E+15,289400000,11050000,64380000000,11.47,0.07602,0.00023,1441,0.001201,0.04705,0.5425,27.83,-0.9532,0.5179,0.03035,0.05815,-0.08614,-0.04889,-0.08775,-0.01136,-0.02192,0.09139,26.42,1418,137100,27230000,-1313,1105000,17560,-1.221E+12,-19400000000,-307900000,2.70E+18,1.783E+11,2833000000,1.081E+13,neutral
19.9,0.1349,0.000407,297.8,0.001274,0.04821,0.047,45.25,0.1474,0.4158,0.328,0.1684,0.2013,0.1365,0.1306,0.1006,0.1058,0.09912,25.32,1619,203700,39510000,262.6,371.7,30.11,822400000,27210000,1049000,2.73E+15,238800000,9469000,54820000000,13.49,0.08779,0.000245,1412,0.001306,0.05131,0.5508,32.6,-0.9371,0.4973,-0.01024,0.0144,-0.1154,-0.04997,-0.05096,0.01246,-0.000222,0.1031,29.2,1627,158200,32320000,-1321,1106000,17440,-1.224E+12,-19290000000,-303800000,2.71E+18,1.773E+11,2795000000,1.059E+13,neutral
20.53,0.1237,0.000301,309.8,0.001235,0.04672,0.03018,44.3,0.1396,0.3528,0.3625,0.185,0.1884,0.1526,0.123,0.1364,0.1513,0.1003,23.82,1588,201600,38990000,281.8,344.4,16.35,762900000,12470000,566700,2.535E+15,109400000,5128000,29450000000,16.03,0.1055,0.000211,1397,0.001292,0.05103,0.5459,39.65,-0.9314,0.5802,0.02481,0.06637,-0.1391,-0.07965,-0.1133,-0.02804,-0.01547,0.1086,32.43,1753,169100,32630000,-1340,1108000,17340,-1.227E+12,-19200000000,-300200000,2.72E+18,1.765E+11,2763000000,1.04E+13,neutral
17.57,0.1249,0.000493,299.3,0.001306,0.04928,0.03411,38.78,0.118,0.307,0.3773,0.1918,0.1857,0.1563,0.1256,0.1436,0.1361,0.1077,21.43,1332,174900,33960000,235.9,309.3,12.28,685800000,9076000,424000,2.281E+15,76600000,3792000,21950000000,14.83,0.1026,0.000304,1433,0.00138,0.05456,0.542,35.94,-0.9416,0.6319,-0.02862,0.02459,-0.1668,-0.09664,-0.07568,0.03148,0.02365,0.1155,28.67,1402,134400,26610000,-1315,1109000,17280,-1.229E+12,-19160000000,-298200000,2.73E+18,1.761E+11,2744000000,1.03E+13,neutral
20.8,0.1331,8.50E-05,227.3,0.000573,0.02131,0.07846,46.06,0.1348,0.3331,0.3235,0.1575,0.1857,0.1401,0.1519,0.09776,0.1317,0.03877,24.96,1337,158000,30430000,177.8,329.1,15.79,730400000,12200000,543800,2.432E+15,105600000,4900000,28070000000,14.36,0.09138,4.00E-05,1476,0.000627,0.02452,0.5717,34.31,-0.9342,0.5265,0.009301,0.05185,-0.08506,-0.001978,-0.03579,0.03725,-0.01584,0.04532,28.64,1488,144900,28830000,-1453,1110000,17220,-1.232E+12,-19110000000,-296200000,2.73E+18,1.757E+11,2727000000,1.02E+13,sad
20.29,0.1337,8.80E-05,218.1,0.000662,0.02462,0.04276,44.65,0.1394,0.2967,0.3297,0.1877,0.1994,0.1139,0.1226,0.1022,0.1097,0.0457,23.62,1351,144000,27010000,218,353.7,13.24,785900000,8831000,454300,2.619E+15,78310000,4133000,23370000000,15.86,0.1091,4.10E-05,1484,0.000685,0.02689,0.5586,39.59,-0.9303,0.5791,-0.0599,0.05361,-0.05927,-0.005524,-0.05586,0.01077,-0.007197,0.05359,31.63,1552,134900,25820000,-1434,1111000,17160,-1.234E+12,-19060000000,-294100000,2.74E+18,1.753E+11,2707000000,1.009E+13,sad
22.68,0.1364,7.10E-05,223.1,0.000647,0.02444,0.06857,48.72,0.1563,0.3763,0.3101,0.1698,0.1996,0.1178,0.1388,0.09786,0.1111,0.04717,25.49,1599,213800,40390000,256.9,381.3,22.33,848200000,18630000,763400,2.83E+15,162700000,6891000,39140000000,13.82,0.08397,4.30E-05,1491,0.000646,0.02526,0.5181,33.08,-0.9342,0.4477,0.09829,0.0456,-0.08618,0.01129,-0.01339,0.01305,-0.01399,0.0474,30.45,1830,199700,39950000,-1503,1112000,17110,-1.237E+12,-19030000000,-292300000,2.75E+18,1.75E+11,2692000000,9.997E+12,sad
22.06,0.1366,8.50E-05,252.7,0.000645,0.02429,0.03469,47.59,0.1521,0.3037,0.3341,0.1488,0.2195,0.1287,0.1397,0.09858,0.137,0.04688,25.31,1177,154500,29350000,194.4,350.1,13.96,779600000,10930000,475200,2.604E+15,92060000,4238000,24260000000,14.44,0.0926,3.90E-05,1468,0.000684,0.02665,0.5461,34.06,-0.932,0.5436,0.07503,0.06793,-0.08177,-0.02768,-0.06359,0.01948,0.00767,0.05008,28.31,1470,152300,31080000,-1469,1114000,17040,-1.24E+12,-18970000000,-289900000,2.76E+18,1.745E+11,2669000000,9.87E+12,sad
23.74,0.1398,6.70E-05,217.8,0.000626,0.02365,0.0613,50.19,0.164,0.33,0.305,0.1821,0.1921,0.122,0.1289,0.09594,0.1123,0.04622,25.44,1426,185900,35300000,238.2,358.2,19.57,798600000,15990000,663500,2.671E+15,140500000,6007000,33720000000,15.2,0.09162,4.20E-05,1487,0.000648,0.02541,0.5206,35.83,-0.9278,0.5263,0.06011,0.0406,-0.08464,0.004727,-0.0239,0.008406,-0.01984,0.04936,31.43,1703,174900,34600000,-1474,1115000,16960,-1.243E+12,-18910000000,-287300000,2.77E+18,1.739E+11,2646000000,9.737E+12,sad
15.62,0.09516,0.000529,241.8,0.002608,0.1003,0.07195,32.98,0.08554,0.6326,0.3857,0.216,0.1809,0.1295,0.1872,0.09915,0.1284,0.2103,20.9,2864,275300,57590000,397.6,342.5,34.06,764400000,43440000,1153000,2.559E+15,392500000,10500000,58540000000,15.01,0.08114,0.000322,1605,0.002267,0.08895,0.5879,36.65,-0.9424,0.3448,-0.1617,0.1257,-0.02047,0.1065,-0.07963,0.05746,-0.01276,0.1915,40.92,2966,271300,53350000,-1425,1116000,16930,-1.245E+12,-18890000000,-286300000,2.78E+18,1.738E+11,2637000000,9.689E+12,angry
19.45,0.112,0.000794,223.5,0.00179,0.06883,0.06641,40.2,0.1099,0.5575,0.3763,0.2497,0.1768,0.1561,0.1902,0.1269,0.1306,0.1508,20.53,2432,268800,54770000,343.5,314.9,26.55,703600000,34770000,901600,2.358E+15,315500000,8230000,45910000000,17.38,0.1002,0.000241,1550,0.001552,0.06151,0.5974,42.41,-0.9264,0.3549,-0.1916,0.07876,-0.02146,0.1272,-0.08273,0.049,-0.01728,0.1453,41.67,2656,242900,46750000,-1369,1117000,16990,-1.248E+12,-18970000000,-288100000,2.79E+18,1.745E+11,2654000000,9.782E+12,angry
17.85,0.103,0.000353,230.3,0.001818,0.07032,0.05473,37.07,0.1,0.5256,0.3988,0.2143,0.1674,0.1524,0.193,0.09633,0.1261,0.1598,19.26,2233,261000,52850000,362.3,294.4,24.35,658300000,31760000,829400,2.208E+15,290900000,7605000,42370000000,15.54,0.08695,0.000211,1560,0.001686,0.06661,0.6015,37.03,-0.9401,0.3884,-0.05398,0.1198,-0.01973,0.1359,-0.08715,0.07494,-0.01227,0.151,39.08,2672,272400,51670000,-1394,1118000,17040,-1.25E+12,-19060000000,-290200000,2.80E+18,1.753E+11,2672000000,9.885E+12,angry
16.3,0.1127,0.001009,209.4,0.002657,0.1025,0.03438,33.91,0.09261,0.4893,0.371,0.2198,0.188,0.1237,0.1911,0.1208,0.1348,0.228,19.85,2137,238900,48650000,363.9,286.8,27.45,641900000,35320000,937600,2.155E+15,322800000,8590000,48030000000,15.07,0.09078,0.000476,1560,0.002357,0.093,0.6064,36.47,-0.9423,0.4373,-0.1079,0.1007,-0.03657,0.08937,-0.1059,0.06242,0.01186,0.207,37.62,2454,237100,44720000,-1310,1119000,17090,-1.252E+12,-19130000000,-291800000,2.80E+18,1.759E+11,2687000000,9.969E+12,angry
16.34,0.09986,0.000436,223.8,0.002079,0.08006,0.04445,35.91,0.09164,0.4669,0.3827,0.2056,0.1835,0.123,0.202,0.1173,0.1292,0.173,20.97,2196,208500,44880000,331.5,299,28.3,669800000,36650000,969900,2.251E+15,332400000,8849000,49840000000,15.2,0.08661,0.000306,1576,0.002258,0.08897,0.5472,37.01,-0.9431,0.4935,-0.1588,0.08891,0.00355,0.112,-0.06946,0.06867,-0.03039,0.1941,36.55,2229,198600,38210000,-1270,1120000,17140,-1.255E+12,-19200000000,-293600000,2.81E+18,1.766E+11,2703000000,1.006E+13,angry
28.56,0.2095,5.50E-05,202,0.000724,0.02759,0.06368,63.17,0.2263,0.4426,0.3245,0.1699,0.2155,0.1379,0.1444,0.1023,0.1327,0.06133,33.16,2234,175100,36430000,284.4,307.1,17.02,688700000,24140000,585000,2.317E+15,217800000,5318000,30150000000,22.2,0.1482,3.50E-05,1551,0.000784,0.03083,0.544,53.21,-0.8773,0.4375,0.002754,0.1183,-0.09171,0.04272,-0.02713,-0.003551,-0.02143,0.06586,41.52,2366,169100,38170000,-1550,1121000,17190,-1.257E+12,-19270000000,-295000000,2.82E+18,1.772E+11,2716000000,1.013E+13,disgust
29.76,0.23,7.00E-05,204.5,0.000604,0.02312,0.05272,63.41,0.2267,0.4912,0.2832,0.2257,0.2952,0.2264,0.1501,0.1899,0.1533,0.04908,33.03,2509,147400,36410000,346,281.6,11.75,632000000,17970000,404800,2.128E+15,164100000,3706000,20910000000,26.58,0.1909,4.60E-05,1520,0.000638,0.0258,0.5962,68.41,-0.8426,0.339,-0.2239,0.2194,-0.06752,0.03949,-0.03219,-0.03109,-0.04081,0.05965,50.82,2954,164900,39330000,-1559,1122000,17230,-1.259E+12,-19330000000,-296500000,2.83E+18,1.778E+11,2730000000,1.021E+13,disgust
27.22,0.1828,0.000194,208.7,0.001146,0.04221,0.04089,59.32,0.2114,0.4002,0.271,0.1862,0.209,0.1267,0.1381,0.143,0.1245,0.08659,30.32,1958,154800,29560000,306.5,337.9,4.626,759100000,10660000,159500,2.558E+15,98310000,1466000,8246000000,19.31,0.1209,0.00012,1486,0.001206,0.04719,0.563,49.81,-0.8893,0.3435,-0.07681,0.1607,-0.05809,0.02406,-0.02767,-0.02575,-0.07791,0.1009,44.2,2721,196900,40230000,-1398,1123000,17250,-1.262E+12,-19370000000,-297000000,2.84E+18,1.781E+11,2735000000,1.024E+13,disgust
32.34,0.2053,0.000143,191,0.001021,0.0385,0.05689,65.9,0.2463,0.4802,0.3096,0.2003,0.2157,0.1736,0.1515,0.1233,0.1266,0.07622,35.23,2362,171200,38420000,313.8,295.4,22.13,664300000,29950000,764500,2.241E+15,271500000,6971000,39600000000,24.12,0.144,8.00E-05,1535,0.001042,0.04127,0.5685,54.24,-0.861,0.4652,-0.01216,0.2307,-0.001646,0.04422,-0.06163,-0.03059,-0.000766,0.08442,43.15,2357,163500,37100000,-1579,1124000,17270,-1.264E+12,-19420000000,-298000000,2.84E+18,1.786E+11,2744000000,1.029E+13,disgust
29.76,0.23,7.00E-05,204.5,0.000604,0.02312,0.05272,63.41,0.2267,0.4912,0.2832,0.2257,0.2952,0.2264,0.1501,0.1899,0.1533,0.04908,33.03,2509,147400,36410000,346,281.6,11.75,633800000,18030000,407000,2.14E+15,164700000,3726000,21140000000,26.58,0.1909,4.60E-05,1520,0.000638,0.0258,0.5962,68.41,-0.8426,0.339,-0.2239,0.2194,-0.06752,0.03949,-0.03219,-0.03109,-0.04081,0.05965,50.82,2954,164900,39330000,-1559,1125000,17320,-1.267E+12,-19500000000,-299700000,2.85E+18,1.793E+11,2759000000,1.038E+13,disgust
18.95,0.1042,0.000328,215,0.001612,0.06074,0.04559,39.9,0.1093,0.4772,0.3982,0.2115,0.1655,0.1556,0.1637,0.101,0.1449,0.1156,22.95,2266,230700,48190000,323.2,317.4,10.63,715000000,16570000,368500,2.416E+15,153000000,3387000,19160000000,14.58,0.07958,0.000194,1504,0.001622,0.06291,0.5664,35.64,-0.9404,0.482,-0.06992,0.08419,-0.005164,0.03071,-0.06085,0.0483,0.02875,0.1194,32.35,1934,180400,36250000,-1338,1126000,17340,-1.269E+12,-19530000000,-300300000,2.86E+18,1.796E+11,2765000000,1.041E+13,happy
20.12,0.1204,0.000158,193,0.001138,0.04294,0.05531,42.09,0.1229,0.3794,0.3767,0.2342,0.1828,0.1942,0.1696,0.1289,0.1543,0.08104,21.51,1715,178000,37510000,221.1,301,12.15,678700000,18590000,421600,2.296E+15,171300000,3878000,21940000000,15.58,0.09359,9.40E-05,1516,0.001213,0.04703,0.5789,36.69,-0.9343,0.5508,-0.1859,0.07781,0.06361,0.04482,-0.05804,0.04497,0.008405,0.09359,31.58,1566,139900,27710000,-1351,1127000,17350,-1.271E+12,-19560000000,-300700000,2.87E+18,1.799E+11,2768000000,1.043E+13,happy
20.75,0.1186,0.00027,198.2,0.001142,0.04265,0.03656,43.46,0.123,0.4378,0.4008,0.2301,0.1999,0.1563,0.2077,0.1023,0.1303,0.08463,23.29,2004,205500,41470000,258.9,274.3,7.18,619000000,11410000,249100,2.096E+15,104800000,2274000,12960000000,17.29,0.1041,0.000146,1493,0.001076,0.04198,0.6231,42.38,-0.9265,0.5579,-0.1253,0.000562,-0.0332,0.0506,-0.05799,0.03738,-0.03089,0.08461,34.15,1772,161000,32190000,-1390,1128000,17360,-1.273E+12,-19590000000,-300900000,2.87E+18,1.801E+11,2770000000,1.044E+13,happy
20.09,0.1234,0.000376,200.5,0.001247,0.04667,0.05279,42.17,0.1217,0.524,0.3965,0.2243,0.2192,0.1888,0.1604,0.125,0.1044,0.08659,21.04,2265,256800,52100000,303.4,323.9,11.03,731700000,17310000,382800,2.479E+15,159200000,3512000,19930000000,15.68,0.09327,0.000174,1507,0.001125,0.04403,0.6045,39.48,-0.9332,0.4674,-0.196,0.08627,0.01921,0.03162,-0.03833,0.0371,-0.01203,0.08675,34.29,2074,198200,39500000,-1409,1130000,17370,-1.276E+12,-19610000000,-301200000,2.88E+18,1.804E+11,2773000000,1.045E+13,happy
20.09,0.1234,0.000376,200.5,0.001247,0.04667,0.05279,42.17,0.1217,0.524,0.3965,0.2243,0.2192,0.1888,0.1604,0.125,0.1044,0.08659,21.04,2265,256800,52100000,303.4,323.9,11.03,732400000,17320000,383100,2.484E+15,159300000,3515000,19960000000,15.68,0.09327,0.000174,1507,0.001125,0.04403,0.6045,39.48,-0.9332,0.4674,-0.196,0.08627,0.01921,0.03162,-0.03833,0.0371,-0.01203,0.08675,34.29,2074,198200,39500000,-1409,1131000,17380,-1.278E+12,-19650000000,-301700000,2.89E+18,1.807E+11,2777000000,1.048E+13,happy
18.58,0.1025,0.00014,222.5,0.00128,0.04938,0.03164,40.56,0.1042,0.4987,0.3373,0.1988,0.1744,0.1251,0.1738,0.1097,0.1468,0.1001,22.78,2366,225100,47540000,282.4,291.5,6.384,659800000,11510000,221800,2.24E+15,106900000,2043000,11560000000,15.25,0.0801,7.60E-05,1512,0.001214,0.04738,0.5825,37.65,-0.9389,0.4873,-0.1451,0.02561,-0.005165,0.03309,-0.05006,0.0768,0.04906,0.09625,33.98,1998,175300,35020000,-1361,1132000,17380,-1.281E+12,-19670000000,-301800000,2.90E+18,1.809E+11,2778000000,1.048E+13,neutral
20.17,0.1114,0.000236,208.6,0.001294,0.04929,0.03297,42.19,0.1166,0.5535,0.3353,0.2326,0.2115,0.1257,0.2056,0.1082,0.168,0.09574,26.03,2742,248800,52430000,355.5,310,4.398,702400000,8925000,152800,2.387E+15,83090000,1409000,7960000000,15.58,0.0843,0.000123,1493,0.001111,0.04338,0.6417,39.81,-0.9307,0.3989,-0.06314,0.05183,-0.047,0.04991,-0.06442,0.06526,0.004726,0.08629,36.56,2492,223600,45720000,-1454,1133000,17380,-1.283E+12,-19680000000,-301600000,2.91E+18,1.81E+11,2776000000,1.047E+13,neutral
20.13,0.1129,0.000306,220.6,0.00152,0.05555,0.0181,43.64,0.1198,0.5068,0.3331,0.1555,0.1969,0.1709,0.1607,0.1226,0.1513,0.1086,22.39,1973,217800,42660000,234.9,271.8,4.468,616300000,8759000,155200,2.096E+15,82540000,1428000,8087000000,15.06,0.08321,0.000187,1453,0.001534,0.05855,0.5781,38.28,-0.935,0.3829,-0.08249,0.1,0.001155,0.08278,-0.0933,0.07163,-0.02202,0.1153,33.93,2116,204800,39120000,-1293,1134000,17380,-1.285E+12,-19700000000,-301700000,2.92E+18,1.812E+11,2777000000,1.048E+13,neutral
18.87,0.1017,0.000148,194.1,0.001201,0.04789,0.04581,40.75,0.1099,0.5029,0.3498,0.1958,0.1471,0.1102,0.1909,0.1198,0.152,0.08799,23.64,2273,210400,45020000,258.9,286.2,16.56,649600000,23450000,575700,2.211E+15,214600000,5274000,30020000000,16,0.08491,8.70E-05,1553,0.001179,0.04718,0.6059,39.59,-0.9347,0.5449,-0.1592,-0.02386,-0.007336,0.03807,-0.07068,0.08341,0.0588,0.09112,33.47,1912,172000,35400000,-1418,1135000,17390,-1.288E+12,-19740000000,-302200000,2.92E+18,1.815E+11,2782000000,1.05E+13,neutral
20.13,0.1129,0.000306,220.6,0.00152,0.05555,0.0181,43.64,0.1198,0.5068,0.3331,0.1555,0.1969,0.1709,0.1607,0.1226,0.1513,0.1086,22.39,1973,217800,42660000,234.9,271.8,4.468,617300000,8774000,155500,2.103E+15,82680000,1430000,8114000000,15.06,0.08321,0.000187,1453,0.001534,0.05855,0.5781,38.28,-0.935,0.3829,-0.08249,0.1,0.001155,0.08278,-0.0933,0.07163,-0.02202,0.1153,33.93,2116,204800,39120000,-1293,1136000,17410,-1.29E+12,-19770000000,-302700000,2.93E+18,1.818E+11,2787000000,1.053E+13,neutral
20.1,0.1148,6.90E-05,185.2,0.000673,0.02571,0.06408,39.99,0.11,0.5313,0.3953,0.2307,0.192,0.2102,0.1433,0.1212,0.1294,0.04892,23.7,2651,215800,47810000,257.3,331.9,19.53,754500000,27850000,680300,2.573E+15,251700000,6191000,35540000000,17.72,0.0906,2.80E-05,1542,0.000563,0.02195,0.6388,41.69,-0.9266,0.4539,-0.1609,0.04971,0.03447,0.01828,-0.02198,0.05311,0.02205,0.04374,38.26,2362,205000,43500000,-1620,1137000,17420,-1.292E+12,-19800000000,-303100000,2.94E+18,1.821E+11,2790000000,1.055E+13,sad
22.32,0.1286,4.10E-05,200.9,0.000541,0.02061,0.04097,47.46,0.1303,0.5583,0.2972,0.2278,0.1727,0.18,0.1931,0.1289,0.1631,0.04123,23.28,2175,209000,41640000,199.4,289.9,12.67,659700000,19250000,442200,2.252E+15,175700000,4045000,23150000000,19.27,0.104,2.40E-05,1551,0.000611,0.02383,0.5482,46.84,-0.9098,0.3978,-0.1788,-0.0281,-0.01994,0.1057,-0.1478,0.09349,-0.06344,0.05044,42.51,2606,238300,46780000,-1490,1138000,17460,-1.295E+12,-19870000000,-304500000,2.95E+18,1.827E+11,2804000000,1.063E+13,sad
18.63,0.1105,2.60E-05,172.3,0.000505,0.01932,0.07069,40.33,0.1077,0.6197,0.3365,0.2622,0.1929,0.2143,0.1811,0.1328,0.1645,0.03705,18.89,2271,236800,46240000,169.2,341,14.69,776700000,22240000,513400,2.654E+15,202400000,4684000,26910000000,16.56,0.09039,1.60E-05,1537,0.000537,0.02083,0.6053,44.43,-0.9267,0.2942,-0.1486,-0.02338,-0.05562,0.1233,-0.1503,0.1223,-0.04831,0.04487,42.77,3027,299100,57720000,-1532,1139000,17480,-1.297E+12,-19910000000,-305300000,2.96E+18,1.831E+11,2810000000,1.067E+13,sad
23.03,0.1118,2.60E-05,177.7,0.000525,0.02005,0.05215,44.96,0.1322,0.5801,0.3716,0.2782,0.1982,0.1875,0.1664,0.133,0.1551,0.03992,22.37,2663,244500,51730000,244.2,331.8,23.94,756600000,33000000,838900,2.588E+15,301100000,7679000,44080000000,20.13,0.09915,1.70E-05,1562,0.000497,0.01955,0.628,48.89,-0.9113,0.4468,-0.1965,0.08118,-0.004938,0.03297,-0.02289,0.1277,0.05702,0.04274,42.19,2551,233900,47420000,-1660,1140000,17520,-1.3E+12,-19980000000,-306700000,2.96E+18,1.837E+11,2824000000,1.074E+13,sad
21.57,0.1072,2.60E-05,174.9,0.000562,0.02127,0.06057,43,0.1202,0.5974,0.3518,0.298,0.2033,0.1969,0.1591,0.1242,0.152,0.03931,23.08,2887,237000,51710000,244.4,334.2,18.38,762900000,26550000,645700,2.612E+15,242200000,5905000,34010000000,19.47,0.1017,1.70E-05,1565,0.000485,0.01891,0.6168,46.7,-0.915,0.4417,-0.2421,-0.01309,-0.002373,0.05233,-0.04467,0.07911,0.02291,0.03932,43.09,2720,234400,49010000,-1656,1141000,17570,-1.302E+12,-20050000000,-308300000,2.97E+18,1.843E+11,2838000000,1.083E+13,sad
7.637,0.05509,0.000568,181.8,0.002636,0.09888,0.09703,23.9,0.04616,0.3568,0.2213,0.1025,0.08529,0.05569,0.07366,0.06178,0.05936,0.1434,21.42,1917,153400,28630000,278.3,460.6,9.909,1053000000,4897000,348100,3.61E+15,42500000,3142000,18330000000,9.311,0.04917,0.000164,1516,0.001838,0.06958,0.6052,32.87,-0.9647,0.2277,0.03406,0.0961,0.03626,0.09257,0.003287,0.04858,-0.01742,0.11,38.88,3063,283100,52260000,-1335,1143000,17560,-1.31E+12,-20060000000,-307900000,2.98E+18,1.85E+11,2835000000,1.08E+13,angry
95.06,0.408,0.000564,174,0.002442,0.09183,0.1059,173.3,0.8184,0.3231,0.264,0.1119,0.1551,0.09283,0.1143,0.07707,0.05992,0.1312,79.95,1637,216100,29040000,919.7,440.7,6.166,1009000000,11110000,216300,3.462E+15,102900000,1983000,11370000000,65.6,0.2935,0.000158,1534,0.00156,0.05905,0.5927,129.4,-0.486,0.4924,0.141,0.127,0.1631,0.1109,-0.0179,-0.007794,0.004245,0.08641,73.92,1972,96400,33180000,-1899,1144000,17540,-1.309E+12,-20070000000,-307400000,3.00E+18,1.846E+11,2830000000,1.078E+13,angry
84.84,0.3656,0.000585,216.2,0.00282,0.1059,0.1086,153.9,0.7308,0.3346,0.2565,0.1206,0.1462,0.0883,0.08996,0.07226,0.0655,0.1512,71.77,1662,205200,30170000,839,383.1,17.56,877700000,26650000,616900,3.016E+15,242100000,5629000,32490000000,48.77,0.2155,0.000189,1554,0.002169,0.0821,0.5503,97.2,-0.6269,0.4888,0.114,0.0977,0.1275,0.09371,0.004977,0.02834,0.04912,0.118,59.95,1868,115800,31930000,-1702,1146000,17570,-1.312E+12,-20120000000,-308200000,3.01E+18,1.85E+11,2837000000,1.082E+13,angry
5.007,0.02853,0.000596,197.3,0.003186,0.1198,0.1029,21.76,0.03423,0.4097,0.2149,0.1251,0.1001,0.09342,0.07538,0.06133,0.07106,0.1732,22.51,2186,182500,36020000,390,373.5,14.53,856800000,22510000,511300,2.948E+15,205100000,4676000,26980000000,8.409,0.04,0.000196,1575,0.002286,0.08671,0.5637,26.76,-0.9732,0.3438,0.1159,0.08045,0.0584,0.05939,0.02225,0.05323,0.05607,0.1255,32.31,2479,235700,44450000,-1455,1147000,17600,-1.315E+12,-20180000000,-309300000,3.02E+18,1.856E+11,2847000000,1.088E+13,angry
4.815,0.02695,0.000599,196.7,0.003194,0.1201,0.1015,20.62,0.03291,0.4077,0.2147,0.1249,0.1003,0.09458,0.07429,0.06248,0.0716,0.1736,22.18,2173,183400,36080000,387.9,369.7,14.43,848900000,22340000,508400,2.924E+15,203500000,4649000,26870000000,8.287,0.03922,0.000198,1570,0.002309,0.08758,0.5611,25.97,-0.9742,0.3499,0.1183,0.08237,0.05858,0.06094,0.02198,0.05459,0.05541,0.1267,31.87,2446,234800,44150000,-1449,1148000,17630,-1.318E+12,-20240000000,-310300000,3.03E+18,1.861E+11,2856000000,1.093E+13,angry
8.998,0.06388,3.00E-05,156.7,0.000686,0.02567,0.0886,28.52,0.0519,0.4093,0.2545,0.1656,0.1192,0.08608,0.08359,0.06707,0.07379,0.03381,24.51,2215,168000,33230000,268.7,410,7.074,942600000,14550000,249500,3.251E+15,133000000,2287000,13200000000,9.414,0.048,1.00E-05,1535,0.000606,0.0229,0.5008,32.85,-0.9616,0.2232,0.05193,0.04414,0.02367,0.04553,0.009311,0.03972,0.02009,0.03199,38.66,3080,280900,54570000,-1617,1150000,17650,-1.321E+12,-20280000000,-311000000,3.04E+18,1.865E+11,2863000000,1.097E+13,disgust
13.76,0.09553,0.000168,199.9,0.001063,0.03989,0.08728,33.66,0.09958,0.4028,0.2585,0.1305,0.1264,0.1151,0.1265,0.08643,0.08026,0.05619,24.72,2183,168100,33760000,301.9,410.1,17.49,944000000,26740000,617700,3.26E+15,243600000,5650000,32720000000,10.88,0.05699,4.80E-05,1594,0.000816,0.03105,0.5498,35.63,-0.9467,0.2046,-0.07484,0.03517,0.01204,0.07439,-0.004488,0.02462,0.01766,0.04724,42.41,3194,263300,51360000,-1579,1151000,17660,-1.325E+12,-20330000000,-311600000,3.05E+18,1.869E+11,2868000000,1.1E+13,disgust
13.83,0.1003,5.80E-05,194.2,0.000769,0.02886,0.05059,34.56,0.09564,0.3847,0.2939,0.156,0.1478,0.09315,0.1096,0.1056,0.08454,0.04537,25.22,2081,149000,30650000,288,324.3,17.69,747200000,25970000,626400,2.583E+15,237600000,5743000,33260000000,11.81,0.06657,2.40E-05,1592,0.000747,0.02854,0.4982,38.51,-0.9434,0.2479,-0.1103,0.08186,0.02714,0.07573,0.04086,0.0232,0.009165,0.04515,41.43,2983,239100,46650000,-1567,1152000,17710,-1.328E+12,-20400000000,-313200000,3.06E+18,1.876E+11,2883000000,1.109E+13,disgust
13.03,0.09075,4.50E-05,178.8,0.000678,0.02552,0.1016,34.43,0.08622,0.4253,0.221,0.134,0.1177,0.08765,0.1078,0.08482,0.08351,0.03822,25.1,2203,167700,33380000,290.5,453,13.62,1045000000,23260000,483000,3.617E+15,213100000,4432000,25690000000,12.2,0.06722,1.40E-05,1573,0.00053,0.02016,0.5328,40.68,-0.942,0.1857,0.006237,0.03822,0.01567,0.0526,-0.006279,0.02341,0.004791,0.03187,44.66,3429,290900,57020000,-1667,1154000,17740,-1.331E+12,-20460000000,-314200000,3.07E+18,1.881E+11,2893000000,1.114E+13,disgust
10.47,0.07706,8.10E-05,171.7,0.000752,0.02825,0.08659,29.4,0.06636,0.4094,0.2214,0.1269,0.09846,0.08549,0.1095,0.08653,0.09409,0.04151,24.82,2201,169700,33840000,290.6,441,7.312,1019000000,15300000,259500,3.53E+15,143000000,2412000,13820000000,10.42,0.05602,2.10E-05,1559,0.000603,0.02292,0.5238,35.97,-0.9542,0.1854,0.003721,0.03227,0.02752,0.0645,0.01569,0.04571,0.01162,0.03413,41.82,3282,287100,55940000,-1630,1155000,17760,-1.334E+12,-20510000000,-314900000,3.08E+18,1.886E+11,2899000000,1.118E+13,disgust
7.684,0.06627,0.000191,205,0.001488,0.05595,0.07917,27.39,0.05024,0.4086,0.2693,0.1182,0.1411,0.08758,0.09704,0.06912,0.06608,0.07682,24.57,2259,181900,35640000,323.4,392,2.161,906600000,8363000,76670,3.146E+15,78110000,706800,4081000000,9.219,0.04979,6.90E-05,1509,0.00126,0.04762,0.5121,30.92,-0.9646,0.2771,0.03935,0.06747,0.03477,0.06599,0.01599,0.03425,0.03323,0.06716,35.54,2718,239600,46130000,-1513,1157000,17760,-1.338E+12,-20540000000,-314900000,3.09E+18,1.888E+11,2899000000,1.118E+13,happy
12.47,0.09027,0.00015,194.4,0.00133,0.04954,0.06193,34.45,0.0808,0.4073,0.2704,0.1334,0.1471,0.07431,0.1129,0.07728,0.08467,0.06475,26.1,2274,184100,35880000,307.7,398.3,8.982,922400000,16610000,318900,3.204E+15,153000000,2927000,16990000000,10.72,0.05766,4.90E-05,1502,0.00104,0.03916,0.5533,36.61,-0.9521,0.2131,0.03234,0.09085,0.04169,0.07166,0.007471,0.03524,0.02886,0.05443,39.33,3012,258300,50280000,-1572,1158000,17760,-1.341E+12,-20570000000,-315200000,3.11E+18,1.891E+11,2902000000,1.119E+13,happy
6.322,0.04763,0.000159,184.4,0.001206,0.04541,0.06663,26.26,0.04426,0.3979,0.2435,0.1148,0.1178,0.06298,0.07985,0.0579,0.05509,0.06433,24.4,2242,176000,34410000,302.3,406,5.418,941400000,3905000,192500,3.274E+15,36830000,1724000,10250000000,8.411,0.04069,5.00E-05,1481,0.000893,0.03382,0.5873,30.3,-0.9661,0.205,0.06288,0.05933,0.03854,0.07373,0.0379,0.04457,0.02083,0.04901,36.47,2958,270600,52250000,-1559,1159000,17760,-1.344E+12,-20580000000,-314900000,3.12E+18,1.893E+11,2899000000,1.117E+13,happy
10.03,0.09139,7.90E-05,176.1,0.001151,0.04359,0.1131,30.61,0.0677,0.4176,0.2353,0.1083,0.1491,0.07811,0.09861,0.06592,0.08045,0.05965,25.77,2312,185700,35920000,324.1,481,5.748,1117000000,12250000,204000,3.888E+15,112900000,1856000,10850000000,10.89,0.05851,3.10E-05,1515,0.000802,0.03054,0.5786,38.74,-0.9491,0.1205,-0.01534,0.03695,0.02009,0.07733,0.02008,0.04901,0.01956,0.04368,44.59,3565,292900,57780000,-1641,1161000,17750,-1.347E+12,-20600000000,-314700000,3.13E+18,1.895E+11,2897000000,1.116E+13,happy
7.922,0.06172,6.90E-05,202.8,0.000782,0.02946,0.06195,21.88,0.03649,0.3925,0.2251,0.128,0.1131,0.08649,0.079,0.08609,0.07765,0.03793,23.38,2135,166000,32800000,263.4,360.9,2.344,838900000,5589000,83200,2.925E+15,53600000,743000,4424000000,8.244,0.04133,2.50E-05,1514,0.000705,0.02683,0.5345,27.26,-0.9716,0.2621,0.06545,0.05377,0.05757,0.06699,0.02457,0.03769,0.02063,0.03687,34.98,2814,266800,51090000,-1576,1162000,17740,-1.351E+12,-20610000000,-314200000,3.14E+18,1.896E+11,2893000000,1.114E+13,happy
15.43,0.1428,5.10E-05,201.5,0.000823,0.03083,0.0797,43.55,0.1103,0.4222,0.2687,0.1385,0.1442,0.09502,0.09054,0.06599,0.0648,0.04445,31.42,2438,151100,31990000,325.6,456.6,12.19,1063000000,6387000,431700,3.709E+15,53680000,3890000,22920000000,13.21,0.08796,1.40E-05,1507,0.000603,0.0228,0.5979,42.43,-0.9251,0.132,-0.01893,0.02047,0.01128,0.03993,-0.003673,0.01729,0.001292,0.03398,46.74,3505,253900,55100000,-1650,1164000,17710,-1.354E+12,-20610000000,-313300000,3.15E+18,1.895E+11,2885000000,1.109E+13,neutral
15.98,0.1314,8.50E-05,229.5,0.000991,0.03789,0.1018,42.48,0.113,0.4142,0.2214,0.1585,0.146,0.1081,0.08589,0.06893,0.07631,0.05832,30.46,2398,142400,31990000,346.9,536.1,9.026,1249000000,4009000,319000,4.368E+15,36230000,2874000,16890000000,13.38,0.08546,2.00E-05,1523,0.000692,0.02649,0.5878,43.08,-0.9236,0.137,-0.04955,0.028,0.01667,0.02442,-0.0135,0.006032,-0.00934,0.04151,47.44,3512,252700,53920000,-1630,1165000,17660,-1.358E+12,-20590000000,-311700000,3.17E+18,1.893E+11,2870000000,1.1E+13,neutral
18.19,0.1508,0.000109,240.7,0.001369,0.05199,0.09017,46.55,0.1306,0.4272,0.2338,0.14,0.1492,0.1138,0.1224,0.07728,0.08527,0.0828,31.38,2396,147300,32950000,391.6,511.6,8.506,1194000000,5786000,300100,4.182E+15,52570000,2687000,15860000000,15.2,0.1037,4.20E-05,1506,0.001071,0.04121,0.5682,45.88,-0.9155,0.2297,-0.08033,0.03368,0.02229,0.0402,-0.02301,-0.001871,-0.01161,0.06608,45.62,3133,213700,45900000,-1546,1167000,17640,-1.362E+12,-20580000000,-310600000,3.18E+18,1.893E+11,2861000000,1.095E+13,neutral
14.81,0.1302,4.30E-05,179.5,0.000711,0.02679,0.09459,40.65,0.1041,0.4464,0.2718,0.1532,0.1276,0.08755,0.08351,0.06738,0.08596,0.03636,32.1,2491,137200,30660000,314.2,502.1,5.125,1174000000,4773000,180500,4.117E+15,46120000,1617000,9528000000,13.69,0.08971,1.20E-05,1519,0.00053,0.02021,0.6,44.34,-0.9218,0.149,0.01056,0.02313,-0.00302,0.02063,-0.02277,0.009312,-0.006633,0.02892,47.88,3565,251100,55310000,-1694,1169000,17610,-1.366E+12,-20580000000,-309600000,3.20E+18,1.893E+11,2852000000,1.09E+13,neutral
15.07,0.1081,7.00E-05,252.8,0.001001,0.03825,0.07635,38.08,0.1103,0.412,0.2682,0.1745,0.1329,0.1061,0.09192,0.06618,0.07943,0.05717,26.29,2168,156300,32700000,313.7,400.7,6.813,938000000,3995000,239600,3.294E+15,35560000,2133000,12630000000,11.32,0.06526,2.50E-05,1545,0.000878,0.03386,0.5667,34.29,-0.9458,0.313,-0.0353,0.08652,0.02436,0.01676,-0.01818,0.002256,0.01076,0.05438,38.19,2716,223200,44290000,-1491,1171000,17580,-1.37E+12,-20580000000,-308800000,3.21E+18,1.894E+11,2845000000,1.085E+13,neutral
18.64,0.1383,1.20E-05,144.3,0.000348,0.0131,0.08063,46.49,0.1331,0.3647,0.2596,0.1735,0.1532,0.1136,0.1007,0.08128,0.08012,0.01637,31.96,2238,134400,26350000,248.8,444,26.49,1041000000,23340000,928400,3.659E+15,206900000,8425000,48790000000,12.6,0.08329,3.00E-06,1518,0.00034,0.01294,0.5245,39.66,-0.9241,0.08232,0.03659,0.05852,0.02156,0.04488,0.001817,0.03168,0.003317,0.01734,43.88,3486,291300,61940000,-1684,1172000,17530,-1.374E+12,-20540000000,-306800000,3.22E+18,1.89E+11,2827000000,1.075E+13,sad
14.07,0.09976,1.20E-05,142.6,0.000337,0.01255,0.06577,35.74,0.09647,0.369,0.2535,0.167,0.1366,0.1034,0.08635,0.06873,0.08397,0.01642,28.22,2166,139100,27260000,224.1,441.2,36.67,1036000000,35380000,1278000,3.646E+15,314900000,11600000,66760000000,8.74,0.05032,5.00E-06,1521,0.000333,0.01256,0.5107,29.2,-0.9525,0.07922,0.03831,0.05217,0.02725,0.04978,0.01758,0.03159,-0.00469,0.01705,40.67,3486,318800,64990000,-1657,1174000,17430,-1.377E+12,-20450000000,-303400000,3.23E+18,1.882E+11,2796000000,1.057E+13,sad
13.37,0.1128,1.40E-05,133.3,0.000323,0.01205,0.0832,37.96,0.09385,0.3289,0.2391,0.164,0.1204,0.09796,0.1042,0.08666,0.08824,0.01464,29.52,2121,125600,24100000,228.8,446.6,26.41,1050000000,23350000,914800,3.7E+15,206900000,8301000,47510000000,10.1,0.06546,3.00E-06,1509,0.00031,0.01171,0.5451,32.82,-0.9437,0.05945,0.06464,0.05471,0.04204,0.05643,0.009249,0.02996,0.000332,0.01507,42.64,3646,325000,67100000,-1698,1175000,17320,-1.381E+12,-20360000000,-299700000,3.25E+18,1.874E+11,2762000000,1.038E+13,sad
12.4,0.1052,1.60E-05,159.3,0.000356,0.01322,0.08604,34.79,0.08613,0.349,0.2667,0.1583,0.1479,0.1085,0.08413,0.06781,0.07336,0.01654,28.87,2206,140600,27280000,237.5,474.9,33,1118000000,30720000,1137000,3.945E+15,272500000,10320000,58720000000,8.911,0.05377,4.00E-06,1509,0.000341,0.01283,0.5237,31.63,-0.9503,0.05072,0.01779,0.03925,0.01928,0.04981,0.01985,0.03997,0.005911,0.01715,42.49,3592,312100,64270000,-1672,1177000,17230,-1.384E+12,-20270000000,-296500000,3.26E+18,1.866E+11,2732000000,1.021E+13,sad
11.21,0.09887,1.30E-05,155.8,0.00032,0.01187,0.07204,33.28,0.08083,0.3335,0.2669,0.1529,0.1392,0.1156,0.08942,0.06582,0.06257,0.01531,28.66,2188,138800,26770000,216.4,436,36.21,1027000000,35300000,1240000,3.631E+15,313000000,11240000,63610000000,8.291,0.04837,4.00E-06,1502,0.000326,0.01229,0.5343,28.02,-0.9559,0.04939,0.02927,0.05316,0.03347,0.04842,0.0173,0.04829,0.02372,0.01673,41.13,3534,314700,64800000,-1645,1178000,17120,-1.388E+12,-20170000000,-292800000,3.27E+18,1.857E+11,2699000000,1.002E+13,sad
12.3,0.06633,0.001703,191.9,0.003495,0.1315,0.1242,24.64,0.07922,0.6587,0.224,0.1166,0.1651,0.09493,0.09522,0.08106,0.09419,0.1898,21.92,3239,365300,73950000,450.8,676.2,46.55,1596000000,62280000,1585000,5.651E+15,565000000,14470000,80900000000,6.216,0.03008,0.000523,1563,0.002244,0.08551,0.6018,18.63,-0.9784,0.03199,0.07841,0.09528,0.005456,0.07137,0.03984,0.01121,-0.000195,0.1225,35.23,3787,417600,82640000,-1689,1180000,17020,-1.393E+12,-20090000000,-289300000,3.29E+18,1.849E+11,2667000000,9.842E+12,angry
10.88,0.06344,0.001493,191.1,0.003634,0.1364,0.109,21.73,0.06724,0.5951,0.244,0.1882,0.1969,0.1358,0.1174,0.1073,0.1288,0.1961,20.6,2899,327900,66690000,429.6,656.5,60.63,1552000000,80560000,2064000,5.507E+15,732900000,18870000,1.053E+11,6.904,0.03529,0.000483,1575,0.002364,0.09004,0.6268,20,-0.9771,0.1797,0.103,0.04434,-0.0518,0.03066,0.01841,0.0166,0.005194,0.1312,35.07,3431,374900,73080000,-1659,1182000,17020,-1.398E+12,-20130000000,-289300000,3.31E+18,1.853E+11,2668000000,9.844E+12,angry
14.76,0.08416,0.000641,179,0.002562,0.09669,0.1151,26.75,0.11,0.5967,0.2848,0.1564,0.1875,0.149,0.1218,0.1117,0.09649,0.1444,23.88,3057,335000,67480000,447.1,630.6,36.92,1494000000,50410000,1254000,5.31E+15,458700000,11460000,63900000000,7.255,0.03617,0.000249,1564,0.001857,0.0707,0.6204,20.01,-0.9676,0.101,0.025,0.0977,0.04446,0.06588,0.0203,0.03524,0.002985,0.1031,35.19,3472,353400,70480000,-1624,1185000,16990,-1.403E+12,-20130000000,-288200000,3.33E+18,1.853E+11,2658000000,9.787E+12,angry
12.9,0.07736,0.001187,204.4,0.003626,0.1364,0.1153,25.54,0.08625,0.6332,0.2723,0.1341,0.1639,0.1115,0.108,0.09314,0.0961,0.1994,22.74,3183,350700,70860000,465.5,600.7,38.55,1426000000,52760000,1306000,5.077E+15,480000000,11940000,66350000000,7.016,0.03531,0.000448,1574,0.002476,0.09426,0.6214,19.56,-0.974,0.08587,0.05184,0.1073,0.0339,0.07427,0.03226,0.02326,0.004617,0.1365,34.48,3508,370600,73410000,-1620,1187000,16940,-1.409E+12,-20100000000,-286600000,3.34E+18,1.851E+11,2643000000,9.702E+12,angry
11.88,0.06886,0.00131,200.8,0.003174,0.119,0.1012,23.89,0.07476,0.5771,0.2456,0.1742,0.1835,0.1335,0.1248,0.0924,0.1032,0.1694,23.57,3027,297800,62610000,438.5,498.5,51.2,1185000000,68300000,1738000,4.226E+15,622600000,15910000,88450000000,7.423,0.0376,0.000414,1598,0.002503,0.09547,0.6103,19.85,-0.9751,0.2258,0.071,0.1392,0.02876,0.08929,0.03588,0.01057,0.01333,0.1374,32.77,2955,286100,56240000,-1515,1189000,16980,-1.413E+12,-20180000000,-287900000,3.36E+18,1.859E+11,2655000000,9.772E+12,angry
13.98,0.1276,0.000558,207.4,0.000908,0.03074,0.1024,37.17,0.08762,0.2723,0.2033,0.1748,0.1835,0.1259,0.1169,0.08559,0.08726,0.04846,27.29,1985,124000,28040000,366.5,831.8,77.73,1981000000,78640000,2620000,7.08E+15,698800000,23770000,1.324E+11,11.89,0.0815,0.000142,1481,0.000657,0.02384,0.5785,39.56,-0.9303,0.01425,-0.2253,0.03576,-0.009002,0.06626,-0.02992,-0.003928,-0.03237,0.03808,51.82,3909,269900,55300000,-1640,1191000,16860,-1.419E+12,-20080000000,-283800000,3.38E+18,1.85E+11,2618000000,9.564E+12,disgust
15.69,0.1109,0.000677,173.5,0.001032,0.03557,0.0752,37.44,0.1067,0.3431,0.226,0.1953,0.1769,0.12,0.1021,0.07586,0.08673,0.0517,27.85,2074,126500,28390000,331.8,586.7,29.57,1400000000,26440000,985200,5.014E+15,232500000,8921000,49210000000,10.14,0.06252,0.000151,1529,0.000784,0.02893,0.5825,31.27,-0.9458,0.1701,-0.1461,0.102,0.03998,0.04751,-0.03018,-0.001389,-0.001576,0.04462,41.39,3030,232900,46440000,-1542,1193000,16670,-1.424E+12,-19890000000,-277500000,3.40E+18,1.833E+11,2560000000,9.244E+12,disgust
13.73,0.1061,0.001284,205.4,0.00138,0.04742,0.0896,34.32,0.09532,0.3321,0.2522,0.1937,0.1887,0.1226,0.141,0.09306,0.09019,0.06947,25.18,1945,132200,29090000,340.1,568.4,32.17,1359000000,29960000,1064000,4.874E+15,261800000,9611000,52780000000,9.904,0.06235,0.000293,1503,0.001029,0.03805,0.6188,30.99,-0.948,0.202,-0.2373,0.1173,0.01286,0.0649,-0.01797,-0.02562,-0.04748,0.06413,41.42,2936,217800,41780000,-1455,1195000,16560,-1.429E+12,-19790000000,-273700000,3.42E+18,1.824E+11,2526000000,9.058E+12,disgust
14.03,0.1223,0.000943,171.1,0.001158,0.03983,0.09786,34.55,0.089,0.2966,0.2149,0.2246,0.1934,0.133,0.1056,0.08832,0.08754,0.06196,25.4,1970,130900,30090000,378.8,823.8,63.95,1974000000,63440000,2093000,7.093E+15,561500000,18980000,1.027E+11,11.21,0.0728,0.000169,1525,0.00071,0.02609,0.6086,38.75,-0.9356,0.01189,-0.2963,0.07877,0.002702,0.0493,-0.04941,-0.02381,-0.03613,0.0445,52.79,3981,269900,55190000,-1624,1198000,16380,-1.435E+12,-19620000000,-267900000,3.44E+18,1.809E+11,2474000000,8.772E+12,disgust
17.45,0.1255,0.000172,194.1,0.000693,0.02477,0.1095,40.99,0.1169,0.3037,0.2384,0.2013,0.1724,0.1458,0.1164,0.0945,0.09344,0.04332,27.28,1942,117700,27020000,344.2,719.5,47.17,1728000000,45370000,1525000,6.222E+15,401600000,13840000,73920000000,11,0.06839,6.60E-05,1513,0.000655,0.0243,0.5362,35.01,-0.9358,0.07718,-0.2174,0.09182,0.01739,0.1028,-0.002203,0.004119,-0.01352,0.03949,46.12,3483,261900,51400000,-1579,1201000,16180,-1.441E+12,-19420000000,-261300000,3.46E+18,1.791E+11,2414000000,8.449E+12,disgust
14.38,0.09021,0.000919,213.4,0.002679,0.1016,0.04756,27.49,0.09756,0.4644,0.2426,0.191,0.1978,0.127,0.1388,0.1026,0.09162,0.1676,18.74,2065,255100,50840000,442.7,531,25.07,1277000000,37100000,805500,4.608E+15,339700000,7394000,38810000000,7.674,0.04301,0.000358,1549,0.002011,0.07694,0.5927,19.25,-0.9716,0.2802,0.01948,0.1334,0.03836,0.07341,0.008883,-0.02447,-0.02444,0.1222,29.43,2375,255200,47140000,-1492,1203000,16070,-1.447E+12,-19330000000,-257900000,3.48E+18,1.783E+11,2382000000,8.283E+12,happy
13.88,0.07613,0.000567,197.3,0.002233,0.08384,0.05756,28.98,0.08758,0.4546,0.2375,0.1599,0.1836,0.1038,0.1291,0.09681,0.0869,0.1242,18.22,1982,239500,47240000,304.9,508.8,16.47,1226000000,24300000,528100,4.429E+15,222300000,4835000,25390000000,7.23,0.03652,0.000258,1544,0.001888,0.07211,0.5772,19.43,-0.9748,0.267,0.0431,0.1141,0.06808,0.1253,0.05456,0.03312,-0.03924,0.1067,28.78,2376,263600,48580000,-1406,1205000,16040,-1.451E+12,-19320000000,-256900000,3.50E+18,1.782E+11,2374000000,8.236E+12,happy
15.12,0.09446,0.000471,204.9,0.001509,0.05692,0.07121,30.93,0.1036,0.4637,0.2398,0.1634,0.189,0.132,0.1419,0.09861,0.1017,0.08885,19.42,2030,244600,47650000,287.4,527.8,18.56,1273000000,24040000,593300,4.608E+15,214800000,5344000,28440000000,7.744,0.04354,0.000133,1564,0.001413,0.05373,0.5415,20.44,-0.9702,0.2823,0.04567,0.09618,0.02889,0.1017,0.02558,0.02467,-0.03673,0.08417,29.04,2393,266300,49890000,-1436,1206000,16000,-1.455E+12,-19300000000,-255500000,3.51E+18,1.78E+11,2361000000,8.168E+12,happy
14.76,0.0922,0.00024,205.7,0.001771,0.06656,0.06229,31.92,0.1025,0.4507,0.2663,0.1719,0.2145,0.1291,0.1372,0.1092,0.09248,0.08755,18.73,1852,231600,44870000,270.7,489.1,16.5,1182000000,14700000,524200,4.283E+15,129900000,4754000,24970000000,7.713,0.04378,9.80E-05,1536,0.001582,0.06004,0.5696,20.29,-0.9712,0.3462,0.03006,0.1272,0.08786,0.0824,-0.03051,-0.02455,-0.06221,0.08582,27.14,2152,242400,45300000,-1409,1208000,15890,-1.459E+12,-19200000000,-252200000,3.53E+18,1.771E+11,2330000000,8.008E+12,happy
14.85,0.09732,0.000443,199.7,0.001751,0.06591,0.07137,33.52,0.1045,0.4264,0.2617,0.1492,0.2064,0.1111,0.1536,0.1087,0.1091,0.0996,19.94,1860,229700,44320000,276.4,508.7,15.63,1231000000,22330000,494000,4.467E+15,203400000,4511000,23410000000,8.401,0.04855,0.00015,1554,0.001561,0.05938,0.5873,22.59,-0.9652,0.2946,0.04824,0.113,0.04099,0.1149,0.02011,0.01175,-0.06385,0.09187,29.55,2317,252900,47270000,-1430,1210000,15800,-1.464E+12,-19120000000,-249400000,3.54E+18,1.765E+11,2305000000,7.877E+12,happy
11.6,0.0715,7.90E-05,172.2,0.000704,0.02633,0.0697,26.41,0.07338,0.5923,0.2868,0.1572,0.1508,0.134,0.08997,0.08104,0.0886,0.03564,25.02,3117,297000,60480000,278.3,545.1,18.81,1321000000,15440000,591200,4.801E+15,136800000,5377000,27860000000,6.519,0.03455,2.80E-05,1524,0.000562,0.0213,0.6131,19.57,-0.9753,0.1555,0.1643,0.09177,0.01265,0.03427,0.03949,0.02368,0.01559,0.02931,30.32,3031,332800,68790000,-1704,1212000,15720,-1.468E+12,-19040000000,-246600000,3.56E+18,1.758E+11,2280000000,7.747E+12,neutral
11.6,0.0715,7.90E-05,172.2,0.000704,0.02633,0.0697,26.41,0.07338,0.5923,0.2868,0.1572,0.1508,0.134,0.08997,0.08104,0.0886,0.03564,25.02,3117,297000,60480000,278.3,545.1,18.81,1323000000,15520000,587200,4.816E+15,137500000,5341000,27490000000,6.519,0.03455,2.80E-05,1524,0.000562,0.0213,0.6131,19.57,-0.9753,0.1555,0.1643,0.09177,0.01265,0.03427,0.03949,0.02368,0.01559,0.02931,30.32,3031,332800,68790000,-1704,1213000,15610,-1.473E+12,-18940000000,-243300000,3.57E+18,1.749E+11,2250000000,7.591E+12,neutral
11.99,0.06644,0.000107,169.8,0.000885,0.03287,0.07334,25.99,0.07181,0.6206,0.2881,0.1427,0.1441,0.1167,0.08326,0.07972,0.08978,0.04141,25.84,3306,305000,62470000,288.5,620.1,32.3,1507000000,30370000,1000000,5.497E+15,268700000,9085000,46400000000,6.543,0.0326,2.60E-05,1522,0.00061,0.02303,0.6176,19.6,-0.9757,0.09666,0.1705,0.1138,-0.000115,0.04122,0.05134,0.02228,0.02082,0.03016,32.38,3366,362300,75100000,-1726,1216000,15490,-1.477E+12,-18820000000,-239500000,3.59E+18,1.738E+11,2215000000,7.411E+12,neutral
12.15,0.06754,8.70E-05,177.3,0.000796,0.02973,0.06243,25.97,0.07765,0.551,0.228,0.1481,0.1362,0.09172,0.09693,0.08212,0.07254,0.04015,20.87,2646,301700,59630000,287.9,604.8,23.11,1473000000,19860000,709000,5.38E+15,175300000,6443000,32600000000,5.961,0.0317,4.10E-05,1533,0.000673,0.02554,0.6168,16.17,-0.979,0.2079,0.1703,0.06248,0.02157,0.08172,0.03378,0.01909,0.02989,0.03425,25.85,2527,308000,61210000,-1670,1218000,15340,-1.483E+12,-18680000000,-235000000,3.61E+18,1.726E+11,2174000000,7.204E+12,neutral
13.8,0.106,0.000124,183.4,0.000931,0.03496,0.1003,29.78,0.09294,0.5593,0.3455,0.2397,0.2103,0.1197,0.1211,0.09174,0.1024,0.04951,25.51,2969,301200,60170000,336.9,731.9,31.87,1786000000,30910000,968100,6.536E+15,275900000,8818000,44080000000,7.373,0.04588,4.30E-05,1538,0.000603,0.02286,0.6364,22.54,-0.9632,0.07295,-0.02464,0.02717,0.06512,0.1024,0.01741,0.009752,0.00648,0.03256,36.97,3560,349500,71160000,-1751,1220000,15190,-1.488E+12,-18530000000,-230400000,3.63E+18,1.712E+11,2132000000,6.994E+12,neutral
15.56,0.1147,0.000374,174.1,0.000881,0.03093,0.08815,37.67,0.09905,0.3503,0.2343,0.1585,0.1749,0.1089,0.1059,0.07786,0.09443,0.044,27.29,2064,134500,29260000,322.7,521.6,27.17,1275000000,25780000,817800,4.675E+15,227500000,7426000,36890000000,10.47,0.06551,0.000116,1526,0.000725,0.02687,0.5884,32.52,-0.9449,0.2014,-0.148,0.06974,0.03667,0.05111,-0.009479,0.01433,-0.02178,0.04207,41.64,2985,227100,45010000,-1545,1222000,15060,-1.494E+12,-18400000000,-226400000,3.65E+18,1.701E+11,2096000000,6.813E+12,sad
13.47,0.1047,0.001124,213.9,0.001326,0.04668,0.09034,34.74,0.09318,0.3502,0.2406,0.1987,0.1864,0.1285,0.1277,0.09181,0.08896,0.06835,25.85,2024,134800,30010000,355,612.7,35.27,1500000000,34760000,1053000,5.508E+15,305000000,9536000,47120000000,10.21,0.06353,0.000258,1503,0.000953,0.03549,0.6265,32.54,-0.9455,0.175,-0.2315,0.1095,0.000384,0.06324,-0.02531,-0.02833,-0.04303,0.05977,43.77,3146,228300,44650000,-1492,1224000,14940,-1.498E+12,-18290000000,-223000000,3.67E+18,1.691E+11,2065000000,6.658E+12,sad
14.78,0.1285,0.000988,188.7,0.001199,0.04229,0.0968,35.9,0.09602,0.2996,0.228,0.2317,0.2021,0.1316,0.1105,0.09263,0.09086,0.06424,25.89,1962,131100,30120000,382.5,693,49.5,1700000000,50780000,1462000,6.253E+15,448100000,13260000,64740000000,11.04,0.0738,0.000202,1524,0.000855,0.03159,0.6221,36.59,-0.9374,0.06404,-0.3176,0.1057,0.02527,0.05639,-0.03891,-0.02663,-0.02897,0.05272,49.17,3636,250900,50260000,-1553,1226000,14780,-1.504E+12,-18130000000,-218200000,3.69E+18,1.677E+11,2021000000,6.445E+12,sad
17.43,0.1241,0.00018,190.2,0.000689,0.02491,0.1213,40.71,0.1159,0.3144,0.2395,0.1968,0.1702,0.1366,0.1166,0.09086,0.09561,0.04292,27.53,1961,116800,27020000,346.4,728.4,49.07,1790000000,49990000,1432000,6.599E+15,442500000,13010000,62620000000,11.22,0.06934,7.20E-05,1515,0.000648,0.02418,0.5531,35.31,-0.9355,0.08067,-0.2171,0.08503,0.01779,0.09392,-0.001965,0.006971,-0.01172,0.03919,46.76,3517,261100,51610000,-1584,1229000,14600,-1.51E+12,-17940000000,-212800000,3.71E+18,1.66E+11,1973000000,6.21E+12,sad
13.6,0.1259,0.000546,217.6,0.000933,0.03213,0.1106,37.21,0.08874,0.2701,0.2018,0.1787,0.18,0.1308,0.118,0.0802,0.08273,0.052,26.49,1904,121000,27310000,368.8,702.2,70.16,1729000000,76360000,2018000,6.387E+15,679300000,18360000,87000000000,10.54,0.07375,0.000152,1474,0.000791,0.02882,0.5888,35.16,-0.9383,0.04839,-0.2415,0.05864,-0.01551,0.08054,-0.02927,-0.00701,-0.02645,0.04698,48.04,3640,261700,51890000,-1549,1231000,14390,-1.516E+12,-17720000000,-206700000,3.73E+18,1.64E+11,1917000000,5.945E+12,sad
13.15,0.08524,0.000347,284.8,0.002151,0.08108,0.08731,28.13,0.09022,0.4738,0.3137,0.1521,0.1521,0.1341,0.1121,0.08565,0.1095,0.1456,16.32,1839,264000,52880000,403.6,536.3,9.048,1323000000,15720000,257900,4.895E+15,144900000,2363000,11020000000,9.063,0.05472,0.000164,1487,0.001662,0.06394,0.6197,24.03,-0.9689,0.2864,0.1121,0.168,-0.03476,0.02509,0.002275,0.002764,-0.02054,0.1159,31.1,2505,302900,56780000,-1461,1233000,14260,-1.521E+12,-17580000000,-202800000,3.75E+18,1.628E+11,1882000000,5.778E+12,angry
15.93,0.09524,0.000509,294.7,0.002373,0.08992,0.04986,31.5,0.1155,0.4049,0.3217,0.1516,0.1977,0.1667,0.1339,0.09862,0.1189,0.1802,17.88,1482,223200,44910000,365.5,454.2,8.782,1122000000,15250000,250000,4.158E+15,141100000,2298000,10670000000,10.37,0.0612,0.000245,1466,0.002069,0.07995,0.5845,24.7,-0.9621,0.4233,0.03385,0.1463,-0.04285,0.04231,0.03285,0.01573,-0.03644,0.1553,29.23,1974,230100,42720000,-1353,1235000,14240,-1.526E+12,-17580000000,-202300000,3.77E+18,1.628E+11,1876000000,5.753E+12,angry
12.51,0.07407,0.000447,270,0.002234,0.08535,0.09276,26.31,0.07969,0.4178,0.3238,0.1972,0.1461,0.1556,0.1274,0.0988,0.1136,0.166,15.28,1563,230000,46640000,394.1,508.6,9.634,1258000000,12190000,273600,4.668E+15,110900000,2484000,11640000000,8.497,0.04811,0.000189,1515,0.001778,0.06928,0.5862,22.36,-0.9729,0.3724,0.05167,0.1131,-0.04129,0.03743,0.02607,-0.006077,-0.03804,0.1326,30.02,2286,274300,51110000,-1404,1237000,14200,-1.53E+12,-17560000000,-201300000,3.78E+18,1.626E+11,1868000000,5.712E+12,angry
14,0.08177,0.000485,273.9,0.002259,0.08543,0.04232,27.86,0.1074,0.3846,0.3194,0.1432,0.1503,0.1485,0.1324,0.09731,0.1022,0.1491,16.12,1517,212800,42820000,348.7,424.6,10.41,1052000000,18230000,295000,3.907E+15,167800000,2718000,12530000000,9.316,0.05268,0.000204,1493,0.001954,0.07541,0.5904,23.01,-0.9677,0.4542,0.06587,0.1616,-0.03345,0.03466,0.02334,0.004267,-0.04636,0.1353,27.82,1920,221400,40440000,-1349,1238000,14180,-1.534E+12,-17560000000,-200600000,3.80E+18,1.626E+11,1861000000,5.683E+12,angry
15.93,0.09524,0.000509,294.7,0.002373,0.08992,0.04986,31.5,0.1155,0.4049,0.3217,0.1516,0.1977,0.1667,0.1339,0.09862,0.1189,0.1802,17.88,1482,223200,44910000,365.5,454.2,8.782,1126000000,15270000,248800,4.19E+15,141200000,2288000,10570000000,10.37,0.0612,0.000245,1466,0.002069,0.07995,0.5845,24.7,-0.9621,0.4233,0.03385,0.1463,-0.04285,0.04231,0.03285,0.01573,-0.03644,0.1553,29.23,1974,230100,42720000,-1353,1240000,14170,-1.537E+12,-17570000000,-200400000,3.81E+18,1.627E+11,1859000000,5.674E+12,angry
22.62,0.1286,0.000459,202.2,0.001231,0.04769,0.05929,45.04,0.142,0.3377,0.3166,0.1995,0.1841,0.1463,0.1216,0.1313,0.1234,0.1138,22.56,1337,178700,35710000,305.7,474.8,9.276,1179000000,17730000,262600,4.391E+15,163700000,2426000,11150000000,14.91,0.08561,0.000139,1553,0.001172,0.04597,0.5848,36.55,-0.9336,0.4177,-0.05191,0.1034,-0.01227,0.1139,0.02438,0.02539,-0.02635,0.09044,36.06,2159,219500,39710000,-1426,1242000,14160,-1.541E+12,-17580000000,-200200000,3.83E+18,1.629E+11,1858000000,5.666E+12,disgust
19.78,0.1026,0.000704,207.2,0.001276,0.04894,0.05613,40.5,0.1185,0.3378,0.2976,0.1762,0.1576,0.1395,0.1215,0.1308,0.09993,0.1156,19.77,1236,181900,36290000,291.9,472.4,12.33,1175000000,21670000,349500,4.381E+15,198600000,3215000,14850000000,12.36,0.0657,0.000194,1542,0.001299,0.05076,0.5749,29.99,-0.9493,0.3913,-0.02264,0.1475,-0.008964,0.1069,0.05526,0.03293,-0.03842,0.09577,34,2146,230000,40630000,-1397,1243000,14170,-1.545E+12,-17620000000,-200500000,3.84E+18,1.632E+11,1861000000,5.68E+12,disgust
20.84,0.1197,0.000367,196.5,0.000916,0.03596,0.06984,42.17,0.1242,0.359,0.2987,0.1882,0.171,0.1484,0.1338,0.121,0.1128,0.09695,21.31,1332,191200,38060000,264.6,496.6,6.954,1236000000,13910000,197300,4.617E+15,127900000,1805000,8392000000,14.09,0.08292,0.000113,1513,0.000833,0.03284,0.6029,34.66,-0.9398,0.3794,-0.06392,0.1672,0.003402,0.1046,0.0553,0.03895,-0.0344,0.067,35.79,2272,235300,42490000,-1485,1245000,14190,-1.55E+12,-17670000000,-201000000,3.86E+18,1.636E+11,1865000000,5.699E+12,disgust
20.38,0.111,0.000276,176.4,0.000966,0.03725,0.05738,40.84,0.1291,0.2492,0.2689,0.2158,0.1432,0.1702,0.1306,0.1276,0.1314,0.08389,20.14,1025,136300,26710000,274,483.8,11.6,1206000000,8733000,328300,4.51E+15,74640000,2962000,13930000000,12.96,0.07142,8.80E-05,1531,0.000923,0.03624,0.5612,33.43,-0.9452,0.4541,-0.08701,0.04955,0.01275,0.1089,0.02141,0.02587,-0.06165,0.06926,35.43,2164,218000,38900000,-1440,1247000,14160,-1.554E+12,-17650000000,-200100000,3.87E+18,1.635E+11,1857000000,5.662E+12,disgust
22.62,0.1286,0.000459,202.2,0.001231,0.04769,0.05929,45.04,0.142,0.3377,0.3166,0.1995,0.1841,0.1463,0.1216,0.1313,0.1234,0.1138,22.56,1337,178700,35710000,305.7,474.8,9.276,1185000000,17780000,262100,4.439E+15,164100000,2421000,11100000000,14.91,0.08561,0.000139,1553,0.001172,0.04597,0.5848,36.55,-0.9336,0.4177,-0.05191,0.1034,-0.01227,0.1139,0.02438,0.02539,-0.02635,0.09044,36.06,2159,219500,39710000,-1426,1248000,14130,-1.558E+12,-17640000000,-199400000,3.89E+18,1.634E+11,1851000000,5.631E+12,disgust
18.36,0.1251,0.000423,260,0.00157,0.05713,0.04703,37.42,0.1343,0.3094,0.2514,0.1766,0.1858,0.1337,0.1337,0.1151,0.1161,0.09749,22.68,1476,178400,34810000,303.7,399,5.147,997200000,7432000,145400,3.738E+15,68510000,1326000,6158000000,10.9,0.06461,0.000161,1460,0.001647,0.06239,0.5355,26.83,-0.9525,0.4189,0.08374,0.09368,-0.0101,0.08006,0.02186,0.001472,-0.06754,0.1043,28.06,1803,187900,35110000,-1332,1250000,14130,-1.562E+12,-17660000000,-199200000,3.90E+18,1.636E+11,1849000000,5.623E+12,happy
14.56,0.1067,0.000277,275.3,0.001455,0.05412,0.04333,33.03,0.09182,0.2727,0.2569,0.1822,0.1871,0.1323,0.1515,0.1425,0.1242,0.09237,19.98,1415,175400,34790000,340.2,454,4.907,1136000000,8336000,138500,4.265E+15,76620000,1240000,5857000000,10.52,0.06821,0.000115,1466,0.001522,0.05796,0.5094,27.02,-0.9622,0.4634,0.1311,0.08532,-0.03396,0.05878,0.0257,-0.01543,-0.07484,0.09986,27.97,1864,205800,37920000,-1370,1251000,14120,-1.565E+12,-17660000000,-198900000,3.92E+18,1.636E+11,1846000000,5.609E+12,happy
8.713,0.0784,0.000297,228.9,0.002,0.07426,0.07313,22.97,0.05402,0.3521,0.2762,0.112,0.1594,0.1023,0.1085,0.09989,0.1156,0.1021,19.96,1727,194000,38480000,316.9,420.3,16.33,1053000000,25830000,460500,3.957E+15,236400000,4235000,19480000000,7.53,0.04419,0.000136,1510,0.001998,0.07607,0.495,19.71,-0.9771,0.3408,0.1424,0.1564,0.05496,0.1214,0.08411,0.05028,-0.02969,0.1054,26.17,2025,222000,41690000,-1399,1253000,14110,-1.569E+12,-17670000000,-198700000,3.93E+18,1.638E+11,1844000000,5.601E+12,happy
13.77,0.1036,0.000262,266.1,0.001618,0.05936,0.0906,30.39,0.08785,0.3879,0.2693,0.1849,0.1465,0.1155,0.1313,0.1171,0.1167,0.09309,20.91,1746,212900,41810000,355.5,523.3,10.98,1313000000,12250000,309700,4.94E+15,109800000,2799000,13100000000,9.548,0.05872,9.20E-05,1453,0.001352,0.05125,0.578,25.95,-0.9633,0.3189,0.1105,0.07026,0.008039,0.09318,0.05655,0.01263,-0.06823,0.08065,30.45,2302,255600,48450000,-1478,1254000,14110,-1.573E+12,-17700000000,-198800000,3.95E+18,1.64E+11,1846000000,5.606E+12,happy
14.56,0.1067,0.000277,275.3,0.001455,0.05412,0.04333,33.03,0.09182,0.2727,0.2569,0.1822,0.1871,0.1323,0.1515,0.1425,0.1242,0.09237,19.98,1415,175400,34790000,340.2,454,4.907,1141000000,8343000,138200,4.298E+15,76680000,1238000,5835000000,10.52,0.06821,0.000115,1466,0.001522,0.05796,0.5094,27.02,-0.9622,0.4634,0.1311,0.08532,-0.03396,0.05878,0.0257,-0.01543,-0.07484,0.09986,27.97,1864,205800,37920000,-1370,1256000,14090,-1.578E+12,-17700000000,-198100000,3.96E+18,1.64E+11,1839000000,5.578E+12,happy
11.92,0.07484,0.000342,239.2,0.001535,0.05678,0.09831,26.68,0.07005,0.4385,0.2633,0.1665,0.1395,0.176,0.1333,0.1012,0.1197,0.08024,18,2012,254500,50410000,370.6,523.6,13.91,1317000000,23070000,391800,4.969E+15,209600000,3577000,16550000000,9.09,0.05213,0.00012,1479,0.001326,0.05068,0.5668,25.25,-0.9705,0.3463,0.1439,0.1592,-0.01652,0.02622,0.02748,0.004164,-0.03734,0.07979,29.35,2322,273900,50890000,-1498,1258000,14090,-1.582E+12,-17720000000,-198200000,3.98E+18,1.642E+11,1840000000,5.58E+12,neutral
13.02,0.08001,0.00032,252.6,0.001365,0.05022,0.1008,27.32,0.07931,0.4346,0.2693,0.1432,0.1518,0.135,0.1067,0.1118,0.1266,0.07422,17.57,1831,251400,50060000,342.1,510.5,13.06,1286000000,22830000,367700,4.859E+15,208300000,3371000,15520000000,8.856,0.05078,0.00011,1487,0.001247,0.04776,0.564,24.04,-0.9714,0.3541,0.1654,0.1792,-0.02354,0.04372,0.009165,-0.006857,-0.04378,0.07652,27.7,2191,272900,51000000,-1484,1259000,14090,-1.586E+12,-17740000000,-198100000,4.00E+18,1.644E+11,1839000000,5.577E+12,neutral
12.81,0.07817,0.000284,247.2,0.001341,0.04973,0.07271,27.32,0.07642,0.427,0.2475,0.1535,0.1533,0.1565,0.117,0.0931,0.1012,0.07176,19.13,1884,224100,44180000,322,471.6,9.238,1190000000,15350000,260500,4.501E+15,142000000,2393000,11020000000,9.354,0.05352,0.000108,1470,0.001253,0.04804,0.5563,25.18,-0.9686,0.374,0.1347,0.1807,-0.03541,0.04129,0.02844,0.01222,-0.02418,0.07683,28.84,2144,242500,44560000,-1449,1261000,14110,-1.591E+12,-17800000000,-198700000,4.01E+18,1.649E+11,1845000000,5.602E+12,neutral
15.1,0.08393,0.000234,236.2,0.001248,0.04635,0.104,31.57,0.08991,0.4373,0.2506,0.1978,0.1593,0.1407,0.1107,0.1141,0.09903,0.06997,19.39,1905,228200,44700000,329.7,585.2,16.1,1478000000,27720000,454200,5.601E+15,253700000,4170000,19220000000,10.25,0.05516,8.20E-05,1501,0.001018,0.0392,0.592,27.85,-0.9633,0.3464,0.1802,0.1283,-0.04393,0.05618,0.007593,0.008015,-0.02458,0.0623,31.38,2462,290200,54200000,-1565,1263000,14120,-1.595E+12,-17830000000,-198900000,4.03E+18,1.652E+11,1846000000,5.609E+12,neutral
12.49,0.0778,0.000306,239.6,0.001569,0.05839,0.09195,26.12,0.07463,0.4665,0.2523,0.1846,0.1469,0.1646,0.1234,0.09246,0.1055,0.083,19.13,2013,242500,47600000,350.8,573.1,13.17,1450000000,22350000,371900,5.502E+15,203900000,3400000,15750000000,9.555,0.05374,0.000117,1480,0.001179,0.04519,0.5846,26.25,-0.9687,0.335,0.164,0.1134,-0.0503,0.0587,0.02784,0.004314,-0.03076,0.07111,31.52,2511,290300,54360000,-1546,1265000,14130,-1.6E+12,-17880000000,-199300000,4.05E+18,1.656E+11,1850000000,5.627E+12,neutral
12.28,0.07344,4.30E-05,197.8,0.000627,0.02345,0.05436,27.34,0.06097,0.4021,0.2591,0.1887,0.1944,0.1283,0.1133,0.1153,0.1015,0.03142,18.32,1728,223000,44060000,274.5,416.8,3.277,1056000000,5541000,92550,4.013E+15,51520000,838900,3915000000,8.66,0.05028,2.10E-05,1494,0.000576,0.02205,0.5431,24.79,-0.9712,0.3222,0.08548,0.1444,0.003594,0.02825,0.007069,0.01775,0.000948,0.03358,29.14,2202,257900,47670000,-1583,1267000,14110,-1.605E+12,-17880000000,-198800000,4.07E+18,1.657E+11,1846000000,5.607E+12,sad
12.49,0.07587,2.70E-05,208.7,0.000439,0.01631,0.07625,24.82,0.07311,0.4287,0.258,0.1785,0.1907,0.1243,0.1024,0.111,0.122,0.02365,19.22,1962,237900,46620000,277.3,449,11.35,1139000000,8756000,319800,4.333E+15,74830000,2889000,13510000000,7.976,0.04493,1.30E-05,1491,0.000426,0.01634,0.5329,23.01,-0.9694,0.2392,0.05513,0.107,0.00895,0.04902,0.03365,0.0164,-0.016,0.02536,31.03,2537,288100,54130000,-1624,1268000,14090,-1.608E+12,-17870000000,-198200000,4.08E+18,1.656E+11,1841000000,5.582E+12,sad
11.4,0.07214,4.60E-05,205.6,0.00056,0.02062,0.0956,24.45,0.05841,0.3207,0.2628,0.1606,0.1524,0.1127,0.102,0.1232,0.1348,0.02611,17,1444,195400,38760000,258.7,506.9,33.23,1287000000,35410000,931500,4.905E+15,312700000,8462000,39130000000,7.144,0.04394,1.90E-05,1510,0.000522,0.01987,0.555,19.07,-0.9768,0.3076,0.1189,0.1338,0.04538,0.07057,0.04663,0.02802,-0.02539,0.0284,25.3,2032,255100,47900000,-1568,1270000,14030,-1.613E+12,-17810000000,-196400000,4.10E+18,1.651E+11,1824000000,5.504E+12,sad
17.23,0.09577,9.90E-05,213,0.000616,0.02322,0.07017,34.62,0.0946,0.3324,0.2974,0.1623,0.1615,0.1464,0.1258,0.1346,0.1422,0.04042,19.09,1406,202100,40380000,290.5,456.9,14.91,1162000000,12780000,415800,4.433E+15,109900000,3760000,17370000000,10.37,0.05929,3.10E-05,1509,0.000596,0.0231,0.5424,26.52,-0.9607,0.3412,0.06502,0.1746,0.03973,0.0697,0.03913,0.006014,-0.04258,0.03916,29.61,2127,252400,46690000,-1539,1272000,13940,-1.617E+12,-17730000000,-194000000,4.11E+18,1.644E+11,1802000000,5.406E+12,sad
9.261,0.06111,6.00E-05,201.8,0.000699,0.02608,0.08209,20.44,0.0426,0.381,0.2784,0.1645,0.1491,0.13,0.1087,0.1286,0.1452,0.03605,15.68,1681,227700,45610000,313,560.1,25.51,1426000000,26030000,707900,5.448E+15,227700000,6411000,29440000000,6.529,0.03868,2.30E-05,1519,0.000606,0.02303,0.5685,20.07,-0.9805,0.2243,0.09528,0.1279,0.003637,0.05835,0.05115,0.02884,-0.02474,0.03401,27.92,2407,299600,55840000,-1590,1273000,13890,-1.621E+12,-17680000000,-192500000,4.13E+18,1.64E+11,1788000000,5.34E+12,sad
15.14,0.1012,0.000545,214,0.001645,0.06239,0.07956,32.99,0.1062,0.3088,0.2831,0.2085,0.179,0.14,0.12,0.1116,0.1059,0.1154,20.98,1556,179900,35500000,383,374.4,10.01,954700000,17000000,276900,3.652E+15,157900000,2562000,11490000000,11.4,0.07148,0.000199,1549,0.001395,0.0546,0.5903,31.79,-0.9555,0.399,0.07649,0.1029,-0.01494,0.05626,-0.006812,0.01392,-0.04159,0.1008,35.17,2447,252800,46280000,-1432,1275000,13840,-1.625E+12,-17650000000,-191300000,4.15E+18,1.637E+11,1777000000,5.29E+12,angry
18.71,0.1274,0.000209,243.6,0.001423,0.05359,0.03634,37.73,0.1575,0.2977,0.285,0.2023,0.1653,0.1494,0.1379,0.09683,0.1024,0.1112,22.64,1440,159700,30770000,368.6,362.3,8.768,924700000,14490000,242700,3.54E+15,135300000,2241000,10080000000,13.62,0.08486,0.000121,1513,0.001301,0.05064,0.5618,35.28,-0.9356,0.4551,-0.02433,0.03196,-0.06675,0.03921,-0.018,0.02614,-0.02606,0.1011,36.96,2340,219200,40970000,-1391,1276000,13850,-1.629E+12,-17670000000,-191400000,4.16E+18,1.639E+11,1778000000,5.295E+12,angry
13.43,0.08741,0.000332,219.1,0.001835,0.06918,0.06588,29.52,0.08812,0.3136,0.2852,0.1846,0.1687,0.1473,0.1268,0.1217,0.1129,0.122,19.84,1478,176500,35030000,343.3,378.2,7.12,966300000,7377000,197000,3.703E+15,66490000,1768000,8164000000,9.744,0.05816,0.000157,1510,0.00158,0.06074,0.6418,26.85,-0.9626,0.3965,0.0308,0.08284,-0.04517,0.03931,0.004913,0.019,-0.03054,0.1071,32.73,2238,230500,42100000,-1353,1277000,13830,-1.632E+12,-17670000000,-190900000,4.17E+18,1.639E+11,1774000000,5.276E+12,angry
13.74,0.09171,0.000352,221.9,0.001384,0.05252,0.04706,28.53,0.0955,0.2645,0.2416,0.1984,0.1341,0.1395,0.12,0.1318,0.1367,0.1046,18.79,1164,128900,25660000,316.5,353,10.45,902900000,11060000,288700,3.464E+15,95860000,2579000,11950000000,10.74,0.06771,0.000188,1521,0.001503,0.05865,0.5641,28.23,-0.9598,0.4543,-0.004246,0.1176,-0.02908,0.0308,-0.01352,0.02377,-0.03585,0.1143,31.88,2055,207000,36710000,-1302,1279000,13820,-1.635E+12,-17670000000,-190500000,4.18E+18,1.639E+11,1771000000,5.258E+12,angry
13.26,0.1002,0.000332,233.2,0.001526,0.05832,0.07105,29.15,0.08667,0.2702,0.2354,0.1848,0.1563,0.1367,0.1049,0.1046,0.1103,0.1172,20.41,1409,148400,29250000,352.6,379.7,10.63,972000000,9077000,292800,3.732E+15,77810000,2640000,12080000000,10.81,0.0724,0.00017,1497,0.001459,0.05669,0.5944,28.98,-0.9608,0.4839,0.05422,0.03281,-0.09593,-0.008718,-0.01072,0.03559,-0.02174,0.1081,32.4,2084,208700,38040000,-1330,1280000,13770,-1.638E+12,-17630000000,-189200000,4.20E+18,1.635E+11,1759000000,5.207E+12,angry
21.61,0.1284,0.000126,202,0.000691,0.02676,0.04481,44.95,0.1438,0.2318,0.3141,0.2139,0.1573,0.1546,0.1312,0.1216,0.1253,0.05247,21.71,1062,144000,28120000,265,471.3,22.32,1208000000,32670000,614800,4.644E+15,298500000,5639000,25390000000,15.74,0.1007,4.60E-05,1537,0.000589,0.02342,0.6086,40.33,-0.9311,0.5534,-0.02375,0.03026,-0.0693,0.005721,-0.02933,0.007074,-0.02791,0.04609,36.11,2008,198200,36410000,-1554,1281000,13780,-1.642E+12,-17660000000,-189600000,4.21E+18,1.639E+11,1763000000,5.221E+12,disgust
13.83,0.09767,0.000103,183.6,0.000647,0.02432,0.02715,30.04,0.08083,0.3224,0.3362,0.1426,0.1631,0.1277,0.1365,0.1068,0.09613,0.04271,16.19,1211,179100,35780000,236.7,525.7,25.77,1349000000,38400000,710500,5.194E+15,350700000,6523000,29370000000,10.77,0.06845,3.70E-05,1557,0.000525,0.02039,0.6265,28.92,-0.9625,0.4038,0.03548,0.1163,-0.005264,0.04838,0.01289,0.03379,-0.01472,0.03731,32.36,2253,256900,47420000,-1601,1283000,13800,-1.647E+12,-17710000000,-190000000,4.23E+18,1.643E+11,1767000000,5.238E+12,disgust
15.39,0.09707,6.70E-05,202.2,0.000774,0.02879,0.03055,32.96,0.09577,0.2734,0.3525,0.2083,0.1919,0.1339,0.1363,0.1118,0.1081,0.04837,17.32,1103,162200,31990000,260.3,457.1,28.64,1175000000,41010000,792100,4.529E+15,374900000,7278000,32840000000,11.85,0.07122,4.00E-05,1540,0.000745,0.02868,0.5778,29.89,-0.9588,0.5237,-0.03074,0.09706,-0.01423,0.02358,-0.009855,0.04614,0.03339,0.05118,31.29,1863,197100,35820000,-1533,1285000,13850,-1.651E+12,-17800000000,-191400000,4.24E+18,1.651E+11,1779000000,5.297E+12,disgust
17.04,0.09756,9.80E-05,208.2,0.000804,0.03029,0.04685,34.83,0.1149,0.2989,0.3668,0.1661,0.1796,0.1187,0.1127,0.1063,0.1117,0.05802,20.17,1286,184400,36080000,297.9,483.5,10.51,1244000000,10650000,290900,4.802E+15,94700000,2618000,12060000000,11.01,0.06558,4.50E-05,1557,0.000763,0.02965,0.574,28.61,-0.9553,0.4175,0.04636,0.1218,-0.02603,0.02132,-0.02473,-0.001876,-0.02549,0.05394,32.72,2188,239500,44250000,-1500,1287000,13840,-1.655E+12,-17800000000,-191100000,4.26E+18,1.652E+11,1777000000,5.284E+12,disgust
17.77,0.1055,0.000107,192,0.000635,0.02397,0.0499,37.06,0.1122,0.3116,0.3333,0.168,0.1556,0.1172,0.1178,0.0973,0.09428,0.04997,18.56,1279,183000,35820000,290.9,477.7,10.94,1231000000,19200000,302600,4.756E+15,178100000,2795000,12550000000,12.8,0.07844,3.30E-05,1529,0.000605,0.02368,0.5633,33.04,-0.9493,0.4527,0.001486,0.05469,-0.03145,0.04035,0.003291,0.0313,0.006941,0.04718,34.17,2168,232700,42680000,-1528,1288000,13840,-1.659E+12,-17820000000,-191100000,4.28E+18,1.654E+11,1776000000,5.282E+12,disgust
12.1,0.1013,0.000254,224.3,0.001655,0.06174,0.04768,28.11,0.0732,0.3109,0.3054,0.114,0.1746,0.1327,0.1023,0.09631,0.09181,0.09721,18.12,1332,173100,34400000,308.1,376,20.16,969900000,30770000,558400,3.753E+15,283000000,5153000,23190000000,10.08,0.0661,0.000146,1515,0.001574,0.06047,0.5281,26.49,-0.9658,0.4723,0.07201,0.08664,-0.04608,0.03121,-0.0297,-0.005498,-0.0299,0.1021,28.84,1802,190400,34890000,-1365,1290000,13860,-1.663E+12,-17880000000,-191700000,4.29E+18,1.659E+11,1783000000,5.309E+12,happy
14.23,0.09445,0.000184,214.1,0.001411,0.05301,0.04129,31.66,0.09616,0.2672,0.3071,0.1577,0.1825,0.1269,0.1043,0.09644,0.09007,0.09267,17.95,1247,169900,33590000,301.6,399.4,29.37,1031000000,43010000,816800,3.994E+15,394500000,7529000,34060000000,10.09,0.06291,0.00011,1521,0.001488,0.05749,0.5352,26.57,-0.9643,0.4959,0.07287,0.07191,-0.01664,0.04112,-0.02627,-0.01978,-0.03605,0.09845,28.07,1720,184600,33570000,-1389,1291000,13920,-1.667E+12,-17970000000,-193400000,4.30E+18,1.668E+11,1798000000,5.38E+12,happy
6.962,0.06681,0.000254,231.8,0.001583,0.05943,0.03666,22.17,0.04392,0.323,0.287,0.1445,0.1537,0.1274,0.09791,0.09264,0.09526,0.09821,14.54,1365,176600,35270000,298.9,364.6,20.85,942300000,31820000,582200,3.653E+15,292500000,5373000,24370000000,8.015,0.05077,0.000153,1521,0.001637,0.06299,0.5161,22.24,-0.9804,0.5287,0.1279,0.06904,-0.02292,0.009355,-0.008924,-0.01182,-0.04192,0.1037,24.32,1563,178800,32780000,-1371,1292000,13970,-1.67E+12,-18050000000,-194700000,4.32E+18,1.675E+11,1810000000,5.435E+12,happy
14.23,0.09445,0.000184,214.1,0.001411,0.05301,0.04129,31.66,0.09616,0.2672,0.3071,0.1577,0.1825,0.1269,0.1043,0.09644,0.09007,0.09267,17.95,1247,169900,33590000,301.6,399.4,29.37,1033000000,43130000,823500,4.01E+15,395600000,7590000,34620000000,10.09,0.06291,0.00011,1521,0.001488,0.05749,0.5352,26.57,-0.9643,0.4959,0.07287,0.07191,-0.01664,0.04112,-0.02627,-0.01978,-0.03605,0.09845,28.07,1720,184600,33570000,-1389,1294000,14040,-1.674E+12,-18160000000,-196600000,4.33E+18,1.685E+11,1828000000,5.514E+12,happy
14.23,0.09445,0.000184,214.1,0.001411,0.05301,0.04129,31.66,0.09616,0.2672,0.3071,0.1577,0.1825,0.1269,0.1043,0.09644,0.09007,0.09267,17.95,1247,169900,33590000,301.6,399.4,29.37,1034000000,43190000,827500,4.019E+15,396200000,7627000,34960000000,10.09,0.06291,0.00011,1521,0.001488,0.05749,0.5352,26.57,-0.9643,0.4959,0.07287,0.07191,-0.01664,0.04112,-0.02627,-0.01978,-0.03605,0.09845,28.07,1720,184600,33570000,-1389,1295000,14100,-1.677E+12,-18260000000,-198500000,4.34E+18,1.694E+11,1845000000,5.594E+12,happy
11.18,0.067,0.000211,245.6,0.00142,0.05424,0.05606,23.48,0.07305,0.2909,0.3341,0.1863,0.1709,0.1146,0.1159,0.1154,0.1229,0.09222,15.94,1320,180400,35280000,331.4,456.4,11.65,1183000000,11220000,328800,4.603E+15,99210000,2979000,13910000000,8.735,0.05024,0.0001,1493,0.001406,0.05436,0.5726,22.31,-0.974,0.5044,0.1162,0.04029,-0.09675,-0.007255,-0.02183,0.01854,0.02627,0.09346,26.51,1735,204600,37810000,-1413,1297000,14120,-1.681E+12,-18310000000,-199000000,4.36E+18,1.698E+11,1850000000,5.613E+12,neutral
5.449,0.04305,0.000229,249.8,0.001543,0.05807,0.04017,13.18,0.02817,0.2769,0.2625,0.1962,0.1658,0.1227,0.1208,0.1083,0.1135,0.09792,13,1273,169800,33330000,318.2,416.5,13.87,1081000000,13600000,390700,4.211E+15,119400000,3542000,16490000000,7.097,0.04099,9.20E-05,1451,0.001352,0.05178,0.5947,19.12,-0.9836,0.4709,0.1343,0.02545,-0.08777,0.000402,-0.02312,0.03675,0.03913,0.088,25.58,1797,216700,39450000,-1407,1298000,14090,-1.685E+12,-18290000000,-198200000,4.37E+18,1.697E+11,1843000000,5.581E+12,neutral
7.809,0.06948,0.000293,266.8,0.001851,0.07059,0.05058,18.17,0.05065,0.2808,0.2957,0.1819,0.1693,0.1319,0.1238,0.1066,0.1125,0.1277,14.73,1234,157500,30700000,314.3,431.8,9.254,1122000000,7439000,259900,4.375E+15,66720000,2381000,10940000000,7.843,0.04773,0.000163,1477,0.001725,0.06698,0.595,20.52,-0.9793,0.4914,0.07169,0.04847,-0.08558,-0.009907,0.000349,0.05932,0.03121,0.1179,25.91,1700,189600,34120000,-1339,1300000,14040,-1.689E+12,-18250000000,-196800000,4.39E+18,1.693E+11,1830000000,5.523E+12,neutral
7.573,0.06603,0.000224,267.5,0.001516,0.05724,0.05023,17.31,0.04561,0.2674,0.2679,0.1851,0.1499,0.1166,0.1044,0.0852,0.09952,0.09625,14.08,1208,148200,28960000,284.7,413.4,9.662,1076000000,8651000,270900,4.198E+15,76360000,2461000,11380000000,7.383,0.04335,0.000109,1476,0.001512,0.05801,0.5783,18.45,-0.9816,0.5051,0.1075,0.01401,-0.1003,-0.009168,-0.009642,0.03597,0.03519,0.09651,24.3,1584,183100,33300000,-1349,1301000,14030,-1.693E+12,-18250000000,-196300000,4.40E+18,1.693E+11,1825000000,5.501E+12,neutral
5.449,0.04305,0.000229,249.8,0.001543,0.05807,0.04017,13.18,0.02817,0.2769,0.2625,0.1962,0.1658,0.1227,0.1208,0.1083,0.1135,0.09792,13,1273,169800,33330000,318.2,416.5,13.87,1085000000,13690000,388100,4.239E+15,120100000,3518000,16270000000,7.097,0.04099,9.20E-05,1451,0.001352,0.05178,0.5947,19.12,-0.9836,0.4709,0.1343,0.02545,-0.08777,0.000402,-0.02312,0.03675,0.03913,0.088,25.58,1797,216700,39450000,-1407,1302000,14000,-1.696E+12,-18230000000,-195500000,4.42E+18,1.692E+11,1818000000,5.469E+12,neutral
15.75,0.1009,0.000101,187.5,0.000794,0.02933,0.05034,32.47,0.1023,0.2183,0.2749,0.1794,0.1475,0.1195,0.1266,0.1106,0.111,0.04971,19.41,1085,153300,29920000,250.6,420.3,8.112,1096000000,6286000,226500,4.287E+15,54150000,2040000,9476000000,10.04,0.06206,4.00E-05,1518,0.000714,0.02752,0.6094,25.41,-0.9609,0.4393,0.1221,0.1189,-0.08081,-0.01519,-0.01313,0.04788,0.009502,0.04711,29.96,2011,230600,42240000,-1500,1304000,13960,-1.7E+12,-18200000000,-194500000,4.43E+18,1.689E+11,1809000000,5.425E+12,sad
16.08,0.09203,4.40E-05,216,0.000615,0.02284,0.05716,33.21,0.09645,0.2776,0.2884,0.1957,0.1403,0.1359,0.09985,0.1001,0.1157,0.04106,18.5,1141,162600,32120000,266.5,458.5,16.05,1197000000,14750000,446800,4.688E+15,130900000,4082000,18630000000,10.92,0.06616,2.40E-05,1488,0.000573,0.02208,0.5644,28.51,-0.9581,0.4563,0.07634,0.0352,-0.1212,-0.03501,-0.01385,0.0328,0.005274,0.03975,31.05,2027,232600,42830000,-1524,1305000,13910,-1.704E+12,-18160000000,-193200000,4.45E+18,1.686E+11,1797000000,5.369E+12,sad
18.56,0.1154,6.20E-05,208.9,0.000726,0.02674,0.0541,37.83,0.1337,0.2485,0.3301,0.2285,0.1716,0.1557,0.1484,0.103,0.1309,0.04415,19.95,1201,179300,34980000,289,492.9,9.274,1288000000,6368000,257400,5.052E+15,54790000,2335000,10700000000,11.11,0.06806,2.50E-05,1475,0.00057,0.02177,0.6233,29.9,-0.9505,0.3547,0.07934,0.1206,-0.09067,-0.03566,-0.01357,0.03646,-0.01478,0.03804,33.52,2380,269200,49770000,-1580,1307000,13880,-1.708E+12,-18140000000,-192200000,4.47E+18,1.684E+11,1788000000,5.328E+12,sad
14.9,0.09395,3.70E-05,215.5,0.000524,0.0196,0.05663,30.69,0.08713,0.2426,0.3249,0.1785,0.2057,0.1469,0.1196,0.09972,0.1397,0.0285,17.1,1086,163700,32570000,256.2,396.7,12.13,1038000000,10920000,335800,4.075E+15,94270000,3038000,13930000000,10.93,0.06899,1.50E-05,1528,0.00047,0.01825,0.5874,29.23,-0.9579,0.4433,0.007588,0.07733,-0.07459,0.01316,-0.01654,0.0028,-0.007137,0.03077,32.48,2144,236100,43070000,-1553,1309000,13840,-1.712E+12,-18120000000,-191300000,4.48E+18,1.682E+11,1780000000,5.291E+12,sad
16.67,0.1,3.40E-05,201.5,0.000655,0.02449,0.04803,35.49,0.1029,0.2292,0.2476,0.2412,0.1718,0.1293,0.128,0.1086,0.1276,0.0395,19.48,953.5,118300,23300000,252.8,377.4,11.67,988700000,10660000,322300,3.885E+15,92620000,2921000,13340000000,13.05,0.07758,2.20E-05,1534,0.000622,0.02412,0.5876,33.38,-0.9488,0.5214,0.02182,0.04184,-0.1565,-0.08324,-0.06235,0.01588,-0.006843,0.04253,33.33,1996,207600,37490000,-1484,1310000,13810,-1.716E+12,-18090000000,-190300000,4.50E+18,1.68E+11,1771000000,5.25E+12,sad
3.537,0.03624,0.000442,281.5,0.001833,0.07067,0.07684,8.34,0.01471,0.288,0.2781,0.1774,0.1631,0.155,0.1225,0.09174,0.1065,0.1429,9.729,1185,151800,30000000,290.7,479.7,8.547,1258000000,8409000,235600,4.949E+15,74290000,2130000,9733000000,8.367,0.05009,0.000229,1457,0.001998,0.07727,0.533,19.97,-0.985,0.652,0.0349,-0.07323,-0.1284,-0.04948,0.01306,0.02304,0.0591,0.147,21.88,1159,133200,23990000,-1291,1311000,13790,-1.72E+12,-18090000000,-189800000,4.51E+18,1.679E+11,1766000000,5.23E+12,angry
69.89,0.2985,0.000462,292.5,0.002198,0.08403,0.06566,123.5,0.605,0.1939,0.2783,0.1917,0.225,0.1515,0.117,0.09119,0.09531,0.1739,60.17,835.3,109100,15220000,739.4,519.4,18.5,1364000000,17490000,508500,5.374E+15,158200000,4678000,20940000000,33.57,0.1583,0.000282,1456,0.002321,0.08964,0.5349,65.28,-0.7659,0.7081,0.003191,-0.03762,-0.08802,-0.03449,-0.00871,0.02184,0.07634,0.1716,41.76,1007,56890,15810000,-1401,1313000,13740,-1.724E+12,-18050000000,-188500000,4.53E+18,1.676E+11,1754000000,5.175E+12,angry
6.225,0.06669,0.000669,282.9,0.002092,0.0803,0.07491,11.12,0.02951,0.3478,0.2932,0.1821,0.1646,0.1776,0.1278,0.09389,0.1155,0.165,13.99,1556,186400,37030000,368.8,529.1,27,1392000000,28570000,738300,5.489E+15,254300000,6744000,30260000000,7.922,0.05184,0.000298,1447,0.002008,0.07762,0.5496,20.47,-0.9825,0.5639,0.01933,-0.07891,-0.1189,-0.009621,-0.0101,-0.01193,0.03245,0.1503,24.64,1539,168900,31190000,-1292,1315000,13680,-1.729E+12,-17990000000,-186700000,4.55E+18,1.671E+11,1738000000,5.104E+12,angry
4.218,0.03955,0.000477,280.9,0.001972,0.07485,0.08471,9.24,0.01431,0.3212,0.2751,0.1974,0.1626,0.1465,0.1223,0.09165,0.1071,0.1474,10.4,1234,154800,30840000,322.3,487,52.43,1282000000,62490000,1421000,5.066E+15,556700000,12960000,57700000000,7.279,0.04721,0.000299,1446,0.00217,0.08374,0.5439,18.16,-0.9853,0.5799,0.009519,-0.05739,-0.1207,-0.04508,0.004268,0.01668,0.03199,0.1606,21.85,1278,146800,26530000,-1201,1317000,13560,-1.734E+12,-17850000000,-183400000,4.57E+18,1.658E+11,1708000000,4.968E+12,angry
3.752,0.04313,0.0007,307.6,0.0024,0.09225,0.08317,10.36,0.01817,0.3521,0.3318,0.1875,0.1463,0.1191,0.1033,0.08365,0.09871,0.1903,10.59,1390,193400,38320000,373.6,545.8,16.96,1439000000,16300000,455800,5.693E+15,145100000,4171000,18360000000,8.157,0.05345,0.00032,1454,0.002266,0.08742,0.5475,20.44,-0.9839,0.5855,0.04747,-0.0501,-0.1271,-0.06017,-0.01589,0.01635,0.06041,0.1714,23.52,1419,170600,31370000,-1289,1318000,13450,-1.738E+12,-17730000000,-180400000,4.58E+18,1.648E+11,1680000000,4.847E+12,angry
10.07,0.07526,0.000135,230.2,0.001258,0.04751,0.06877,21.22,0.06157,0.3629,0.2958,0.2362,0.1813,0.1567,0.1192,0.1031,0.1178,0.08066,15.48,1426,177900,35180000,286.9,745.8,23.62,1970000000,23660000,632300,7.805E+15,208200000,5749000,25370000000,8.768,0.05099,9.30E-05,1498,0.001358,0.05249,0.5687,23.16,-0.9744,0.4871,-0.05919,0.02869,-0.08575,0.0118,-0.001839,0.0108,0.03493,0.09159,27.46,1743,180900,32490000,-1368,1321000,13400,-1.744E+12,-17690000000,-179100000,4.61E+18,1.644E+11,1668000000,4.793E+12,disgust
9.323,0.08453,0.000172,234.9,0.001211,0.04601,0.05593,23.11,0.05734,0.4249,0.3245,0.2036,0.2021,0.1908,0.1649,0.1257,0.1322,0.085,18.33,2058,214600,44080000,378,597.1,6.551,1580000000,15290000,174700,6.271E+15,141600000,1611000,6986000000,11.23,0.07245,0.000115,1514,0.001383,0.05352,0.4746,31.21,-0.9631,0.4852,-0.08893,0.05599,-0.09249,-0.03149,-0.0441,-0.009375,0.01352,0.1025,33.06,2198,205600,37900000,-1388,1323000,13340,-1.75E+12,-17650000000,-177600000,4.63E+18,1.641E+11,1655000000,4.734E+12,disgust
6.94,0.06663,0.000137,240.6,0.001215,0.04601,0.04354,15.86,0.03931,0.3349,0.3452,0.2399,0.2058,0.1691,0.1403,0.1309,0.1336,0.07938,13.22,1316,184600,36820000,307.9,687.8,22.18,1823000000,21440000,589900,7.248E+15,187000000,5355000,23510000000,8.362,0.05562,9.10E-05,1523,0.0014,0.05404,0.5392,21.47,-0.9798,0.512,-0.009433,0.03841,-0.0965,-0.001075,0.01125,-0.006422,0.03403,0.0957,26,1707,195300,35170000,-1364,1325000,13310,-1.756E+12,-17640000000,-176700000,4.66E+18,1.64E+11,1646000000,4.698E+12,disgust
6.94,0.06663,0.000137,240.6,0.001215,0.04601,0.04354,15.86,0.03931,0.3349,0.3452,0.2399,0.2058,0.1691,0.1403,0.1309,0.1336,0.07938,13.22,1316,184600,36820000,307.9,687.8,22.18,1826000000,21540000,586000,7.274E+15,187900000,5321000,23200000000,8.362,0.05562,9.10E-05,1523,0.0014,0.05404,0.5392,21.47,-0.9798,0.512,-0.009433,0.03841,-0.0965,-0.001075,0.01125,-0.006422,0.03403,0.0957,26,1707,195300,35170000,-1364,1328000,13220,-1.763E+12,-17550000000,-174400000,4.68E+18,1.632E+11,1625000000,4.606E+12,disgust
10.07,0.07526,0.000135,230.2,0.001258,0.04751,0.06877,21.22,0.06157,0.3629,0.2958,0.2362,0.1813,0.1567,0.1192,0.1031,0.1178,0.08066,15.48,1426,177900,35180000,286.9,745.8,23.62,1984000000,24000000,620700,7.916E+15,211200000,5646000,24450000000,8.768,0.05099,9.30E-05,1498,0.001358,0.05249,0.5687,23.16,-0.9744,0.4871,-0.05919,0.02869,-0.08575,0.0118,-0.001839,0.0108,0.03493,0.09159,27.46,1743,180900,32490000,-1368,1330000,13150,-1.769E+12,-17490000000,-172600000,4.71E+18,1.627E+11,1609000000,4.533E+12,disgust
4.474,0.04383,0.000248,288,0.001061,0.0394,0.05191,10.39,0.05292,0.2801,0.2975,0.1821,0.1767,0.1397,0.1285,0.1186,0.1267,0.08001,9.783,993,135300,26680000,243.7,497.6,16.45,1326000000,15840000,429600,5.299E+15,140900000,3933000,16810000000,7.626,0.04807,0.000198,1440,0.001435,0.05566,0.4821,19.44,-0.9818,0.5921,-0.0221,-0.00549,-0.09677,0.01369,-0.06969,-0.02966,0.05528,0.1044,23.1,1335,150300,26220000,-1262,1332000,13060,-1.775E+12,-17400000000,-170200000,4.73E+18,1.619E+11,1587000000,4.441E+12,happy
4.934,0.0509,0.000181,269.1,0.001047,0.0395,0.05609,11.1,0.02045,0.3226,0.2894,0.1496,0.2037,0.1442,0.1336,0.1101,0.1372,0.07697,9.816,1185,167000,33140000,255.1,522.1,15.12,1393000000,13840000,393000,5.575E+15,119900000,3570000,15310000000,7.9,0.05198,0.000145,1439,0.001279,0.04937,0.4979,19.79,-0.9834,0.5779,-0.003861,-0.05272,-0.125,0.02715,-0.05597,-0.03821,0.07722,0.09288,23.72,1425,168000,30360000,-1322,1334000,13010,-1.78E+12,-17350000000,-168800000,4.75E+18,1.614E+11,1574000000,4.385E+12,happy
5.768,0.05132,0.000208,296.8,0.001005,0.03766,0.04119,13.79,0.02656,0.2815,0.2682,0.1973,0.1898,0.1211,0.1218,0.1163,0.1282,0.07517,12.07,1096,131500,26410000,205.2,453.6,13.13,1212000000,12070000,339900,4.856E+15,105900000,3101000,13190000000,8.729,0.05696,0.000177,1423,0.001355,0.05263,0.4816,21.01,-0.9802,0.6155,5.80E-05,-0.000877,-0.1172,-0.0389,-0.07007,-0.03639,0.09102,0.1001,23.43,1271,137400,24390000,-1279,1336000,12950,-1.784E+12,-17300000000,-167300000,4.77E+18,1.61E+11,1560000000,4.327E+12,happy
4.934,0.0509,0.000181,269.1,0.001047,0.0395,0.05609,11.1,0.02045,0.3226,0.2894,0.1496,0.2037,0.1442,0.1336,0.1101,0.1372,0.07697,9.816,1185,167000,33140000,255.1,522.1,15.12,1396000000,13940000,389800,5.603E+15,120800000,3541000,15060000000,7.9,0.05198,0.000145,1439,0.001279,0.04937,0.4979,19.79,-0.9834,0.5779,-0.003861,-0.05272,-0.125,0.02715,-0.05597,-0.03821,0.07722,0.09288,23.72,1425,168000,30360000,-1322,1337000,12900,-1.789E+12,-17250000000,-166000000,4.78E+18,1.606E+11,1549000000,4.277E+12,happy
4.474,0.04383,0.000248,288,0.001061,0.0394,0.05191,10.39,0.05292,0.2801,0.2975,0.1821,0.1767,0.1397,0.1285,0.1186,0.1267,0.08001,9.783,993,135300,26680000,243.7,497.6,16.45,1333000000,16060000,421900,5.354E+15,142800000,3864000,16220000000,7.626,0.04807,0.000198,1440,0.001435,0.05566,0.4821,19.44,-0.9818,0.5921,-0.0221,-0.00549,-0.09677,0.01369,-0.06969,-0.02966,0.05528,0.1044,23.1,1335,150300,26220000,-1262,1339000,12830,-1.793E+12,-17180000000,-164200000,4.80E+18,1.599E+11,1532000000,4.207E+12,happy
9.105,0.07051,0.000224,268.6,0.001062,0.04012,0.06156,19.95,0.05227,0.3475,0.2481,0.1845,0.21,0.146,0.1407,0.1249,0.126,0.07821,14.23,1432,178800,35190000,316.1,611.1,31.25,1639000000,34890000,796300,6.594E+15,309900000,7272000,30410000000,8.53,0.0542,0.000164,1438,0.001167,0.04527,0.5348,22.72,-0.9774,0.5006,0.02523,0.03233,-0.1462,-0.01483,-0.01981,-0.03245,0.03737,0.08624,27.19,1801,199500,35640000,-1379,1341000,12760,-1.799E+12,-17110000000,-162300000,4.82E+18,1.593E+11,1515000000,4.136E+12,neutral
8.081,0.06486,0.000152,251.1,0.000924,0.03495,0.05682,16.65,0.04752,0.3542,0.3259,0.2041,0.1902,0.154,0.1258,0.1139,0.127,0.07119,11.7,1232,180000,35820000,240,488.4,21.68,1312000000,24140000,548900,5.285E+15,211600000,4985000,20830000000,8.636,0.05645,0.00012,1464,0.001072,0.04161,0.5469,21.3,-0.9786,0.5585,-0.02101,0.000918,-0.07715,-0.04281,-0.04112,0.004338,0.07923,0.07869,23.21,1374,160000,29140000,-1376,1343000,12680,-1.804E+12,-17020000000,-160300000,4.85E+18,1.585E+11,1496000000,4.058E+12,neutral
10.03,0.07399,0.000208,239.8,0.001053,0.03983,0.04418,22.31,0.06594,0.3228,0.2949,0.1915,0.1951,0.1492,0.1422,0.1049,0.1299,0.07966,13.43,1202,165400,32930000,273.2,530.5,13.31,1427000000,12440000,335100,5.756E+15,110100000,3066000,12650000000,8.895,0.05726,0.000153,1455,0.001168,0.04543,0.5328,21.6,-0.9757,0.5336,0.009383,0.01097,-0.1204,-0.01855,-0.000952,0.001192,0.07145,0.08728,25.33,1611,186700,33720000,-1387,1345000,12600,-1.808E+12,-16940000000,-158400000,4.86E+18,1.578E+11,1479000000,3.986E+12,neutral
8.661,0.06809,0.000221,258.7,0.001086,0.04094,0.07125,19.23,0.05339,0.2979,0.3045,0.2076,0.1703,0.1784,0.162,0.1194,0.1454,0.08381,13.64,1359,167200,32490000,300,626.7,15.59,1688000000,18310000,391200,6.82E+15,163800000,3571000,14720000000,10.77,0.07443,0.000156,1456,0.001124,0.04392,0.5482,26.81,-0.9718,0.6485,-0.0684,-0.1349,-0.1776,-0.05904,-0.05353,-0.02059,0.07541,0.08612,27.42,1580,174000,31660000,-1435,1347000,12560,-1.814E+12,-16910000000,-157300000,4.89E+18,1.575E+11,1469000000,3.945E+12,neutral
7.152,0.05622,0.000218,262.4,0.000992,0.03727,0.0572,15.21,0.03682,0.3714,0.2851,0.1986,0.1671,0.1567,0.1483,0.1134,0.1278,0.07754,11.22,1300,184400,37150000,286.5,614.9,28.7,1659000000,31800000,716000,6.713E+15,281500000,6537000,26770000000,7.966,0.05004,0.000159,1446,0.001168,0.04546,0.5378,20,-0.9814,0.5155,0.01005,0.02489,-0.1356,-0.02474,-0.02636,-0.02439,0.06344,0.08754,24.89,1665,198600,35610000,-1360,1349000,12490,-1.82E+12,-16850000000,-155600000,4.91E+18,1.57E+11,1453000000,3.882E+12,neutral
5.307,0.04233,0.000419,241.9,0.001109,0.04026,0.06763,13.81,0.02452,0.3083,0.239,0.1922,0.1853,0.164,0.1217,0.118,0.1218,0.05651,12.2,1256,159300,31690000,252.2,559.3,40.76,1511000000,48320000,1007000,6.125E+15,429900000,9202000,37280000000,6.443,0.03823,0.00013,1462,0.000955,0.03632,0.5469,18.93,-0.9844,0.4767,0.002774,0.06556,-0.06331,0.004007,-0.05784,-0.07018,0.04476,0.06013,24.44,1686,190300,33350000,-1394,1351000,12370,-1.825E+12,-16710000000,-152500000,4.93E+18,1.557E+11,1425000000,3.767E+12,sad
8.547,0.05679,6.80E-05,198.1,0.000638,0.02361,0.09472,18.47,0.05135,0.3188,0.2488,0.1628,0.1531,0.117,0.1069,0.1118,0.1283,0.0344,14.82,1455,190600,37940000,253.6,686.2,25.65,1857000000,27510000,628200,7.538E+15,243100000,5735000,23050000000,6.487,0.03572,4.40E-05,1487,0.000641,0.0245,0.532,18.15,-0.9828,0.3854,0.1049,0.0821,0.03357,0.05571,-0.005647,-0.02242,0.02344,0.03742,25.46,1961,235600,43250000,-1536,1353000,12260,-1.831E+12,-16590000000,-149900000,4.96E+18,1.547E+11,1401000000,3.67E+12,sad
50.7,0.2219,0.000177,223,0.00068,0.02514,0.04756,87.55,0.4254,0.2591,0.2536,0.2125,0.2076,0.1654,0.119,0.1299,0.1488,0.04584,43.29,986.3,141000,22640000,486.2,562.5,29.06,1525000000,33850000,706700,6.199E+15,299100000,6440000,25750000000,20.73,0.1045,8.90E-05,1467,0.000784,0.03047,0.4817,42.9,-0.8751,0.5721,-0.02917,0.06137,-0.0838,0.01605,-0.02579,-0.05935,0.03145,0.05421,35.78,1603,147900,28740000,-1504,1355000,12180,-1.837E+12,-16510000000,-147900000,4.98E+18,1.539E+11,1383000000,3.599E+12,sad
5.918,0.04002,8.60E-05,207.4,0.00074,0.0277,0.06045,13.73,0.02752,0.306,0.2429,0.1952,0.1774,0.1361,0.1032,0.1074,0.1342,0.0461,12.07,1228,171100,34130000,236.1,662.9,15.53,1800000000,14540000,375400,7.328E+15,129900000,3450000,13590000000,6.471,0.03525,5.80E-05,1494,0.000832,0.032,0.5027,17.17,-0.9866,0.4885,0.1171,0.06998,-0.05455,0.002577,-0.01578,-0.05105,-0.00815,0.05209,23.38,1667,206800,37620000,-1468,1357000,12080,-1.842E+12,-16400000000,-145600000,5.00E+18,1.53E+11,1362000000,3.515E+12,sad
50.7,0.2219,0.000177,223,0.00068,0.02514,0.04756,87.55,0.4254,0.2591,0.2536,0.2125,0.2076,0.1654,0.119,0.1299,0.1488,0.04584,43.29,986.3,141000,22640000,486.2,562.5,29.06,1529000000,34040000,697600,6.238E+15,300800000,6358000,25100000000,20.73,0.1045,8.90E-05,1467,0.000784,0.03047,0.4817,42.9,-0.8751,0.5721,-0.02917,0.06137,-0.0838,0.01605,-0.02579,-0.05935,0.03145,0.05421,35.78,1603,147900,28740000,-1504,1359000,12020,-1.848E+12,-16350000000,-144200000,5.03E+18,1.525E+11,1349000000,3.462E+12,sad
14.11,0.1683,0.000197,193.3,0.001853,0.07119,0.07686,35.78,0.0945,0.6124,0.2663,0.1744,0.1764,0.1504,0.1136,0.08912,0.07573,0.135,33.95,3138,177200,44910000,463.2,469.5,10.19,1278000000,18600000,243600,5.22E+15,171900000,2254000,8735000000,12.79,0.0926,0.000115,1560,0.001527,0.05884,0.5637,37.66,-0.9394,0.2679,-0.04743,-0.004279,-0.001001,0.02071,-0.03711,-0.04464,-0.03657,0.1094,41.8,2996,182600,46050000,-1495,1361000,11970,-1.853E+12,-16290000000,-142800000,5.05E+18,1.52E+11,1336000000,3.414E+12,angry
13.68,0.1636,0.000288,208.6,0.001959,0.07473,0.08548,32.07,0.09062,0.6075,0.2493,0.1955,0.1892,0.1394,0.1153,0.08765,0.07655,0.1406,31.96,3107,206000,48400000,469.9,506.5,18.6,1381000000,30550000,444500,5.645E+15,279600000,4101000,15930000000,12.17,0.08646,0.000127,1558,0.001499,0.05764,0.5886,34.52,-0.9454,0.2323,-0.04936,-0.01594,-0.00175,0.01914,-0.04138,-0.05274,-0.04659,0.1059,44.1,3281,215800,51390000,-1519,1363000,11960,-1.858E+12,-16310000000,-142700000,5.06E+18,1.522E+11,1336000000,3.411E+12,angry
13.33,0.1621,0.000272,206.6,0.0018,0.06883,0.07999,33.82,0.09769,0.6056,0.2965,0.2038,0.1948,0.1595,0.1172,0.0969,0.08383,0.1281,32.29,3068,196700,46700000,458.6,491.7,16.69,1342000000,28320000,399400,5.495E+15,260000000,3691000,14330000000,12.57,0.09104,0.000129,1545,0.00149,0.05735,0.5483,36.71,-0.9424,0.2818,-0.06613,0.001747,0.004134,0.02548,-0.02511,-0.02899,-0.03099,0.1052,41.93,3059,201700,48400000,-1502,1365000,11980,-1.862E+12,-16350000000,-143100000,5.08E+18,1.525E+11,1339000000,3.423E+12,angry
11.73,0.142,0.000446,177.6,0.00193,0.07367,0.07563,33.16,0.08654,0.5731,0.2774,0.1987,0.1884,0.1543,0.1105,0.09203,0.07849,0.1423,31.41,3002,192900,46240000,464.3,480.7,7.006,1314000000,10970000,167800,5.385E+15,104000000,1529000,6023000000,10.79,0.07505,0.000197,1545,0.001639,0.063,0.5701,32.88,-0.949,0.2664,-0.07023,0.009021,0.01981,0.02949,-0.02476,-0.04413,-0.04051,0.1174,39.89,2924,194500,46040000,-1452,1366000,11980,-1.867E+12,-16370000000,-143200000,5.10E+18,1.528E+11,1340000000,3.427E+12,angry
11.73,0.142,0.000446,177.6,0.00193,0.07367,0.07563,33.16,0.08654,0.5731,0.2774,0.1987,0.1884,0.1543,0.1105,0.09203,0.07849,0.1423,31.41,3002,192900,46240000,464.3,480.7,7.006,1315000000,10970000,167500,5.398E+15,104000000,1526000,6001000000,10.79,0.07505,0.000197,1545,0.001639,0.063,0.5701,32.88,-0.949,0.2664,-0.07023,0.009021,0.01981,0.02949,-0.02476,-0.04413,-0.04051,0.1174,39.89,2924,194500,46040000,-1452,1368000,11960,-1.872E+12,-16360000000,-142700000,5.12E+18,1.527E+11,1335000000,3.408E+12,angry
7.989,0.06349,0.000171,235.6,0.001687,0.06349,0.08284,21.2,0.04024,0.449,0.2235,0.1906,0.1916,0.1281,0.1279,0.09887,0.1123,0.09905,18.44,2136,253100,50890000,405.1,557.3,12.81,1527000000,11860000,305400,6.275E+15,100800000,2756000,10900000000,6.321,0.0346,6.50E-05,1551,0.001399,0.05315,0.5707,20.71,-0.98,0.2109,0.06051,0.1249,0.004233,0.02968,-0.005911,-0.01175,-0.007664,0.08056,30.31,2592,284200,53070000,-1463,1370000,11920,-1.876E+12,-16330000000,-141600000,5.14E+18,1.524E+11,1326000000,3.372E+12,disgust
9.633,0.0699,0.000134,246.6,0.001515,0.05671,0.05675,22.79,0.04977,0.4119,0.2433,0.1778,0.1646,0.1332,0.1126,0.08694,0.09189,0.08469,15.96,1778,228500,45730000,366.8,456.9,11.19,1253000000,10110000,265500,5.157E+15,86700000,2409000,9432000000,6.85,0.03799,7.70E-05,1561,0.001512,0.05776,0.5284,19.23,-0.9793,0.3337,0.02712,0.1333,-0.01313,0.01969,-0.004127,0.01859,-0.005535,0.08988,27.17,2051,226900,41250000,-1344,1372000,11860,-1.881E+12,-16260000000,-140200000,5.16E+18,1.519E+11,1313000000,3.319E+12,disgust
7.449,0.05836,0.000145,243,0.001572,0.05893,0.06362,19.13,0.04464,0.3845,0.2137,0.1464,0.1372,0.1369,0.1131,0.08889,0.08769,0.09022,14.32,1649,203400,40740000,341.6,451.1,4.397,1239000000,9132000,104000,5.104E+15,87100000,961500,3684000000,5.942,0.03316,8.20E-05,1581,0.00173,0.0659,0.5174,16.83,-0.9845,0.3671,0.03882,0.1314,0.01842,0.01936,-0.008556,-0.008845,-0.007881,0.1012,24.75,1834,203400,36280000,-1306,1373000,11830,-1.886E+12,-16240000000,-139600000,5.18E+18,1.517E+11,1307000000,3.297E+12,disgust
6.903,0.0498,0.000256,254.1,0.001658,0.06204,0.07023,18.74,0.03591,0.4781,0.1984,0.1456,0.1514,0.1238,0.1134,0.09743,0.07851,0.09674,17.25,2213,259200,52080000,408.9,493,9.945,1355000000,18330000,234800,5.59E+15,170200000,2181000,8317000000,5.852,0.03045,0.0001,1555,0.001704,0.06465,0.4959,17.99,-0.9836,0.2604,0.1046,0.1481,0.01389,0.01539,-0.0106,0.003752,0.002717,0.09734,26.44,2232,252600,46980000,-1401,1375000,11820,-1.89E+12,-16250000000,-139300000,5.20E+18,1.518E+11,1305000000,3.289E+12,disgust
7.989,0.06349,0.000171,235.6,0.001687,0.06349,0.08284,21.2,0.04024,0.449,0.2235,0.1906,0.1916,0.1281,0.1279,0.09887,0.1123,0.09905,18.44,2136,253100,50890000,405.1,557.3,12.81,1534000000,12000000,302200,6.337E+15,102000000,2728000,10680000000,6.321,0.0346,6.50E-05,1551,0.001399,0.05315,0.5707,20.71,-0.98,0.2109,0.06051,0.1249,0.004233,0.02968,-0.005911,-0.01175,-0.007664,0.08056,30.31,2592,284200,53070000,-1463,1377000,11800,-1.895E+12,-16240000000,-138700000,5.22E+18,1.517E+11,1300000000,3.268E+12,disgust
16.91,0.209,0.000261,178.6,0.001391,0.05266,0.104,40.83,0.1146,0.6395,0.245,0.1608,0.1449,0.1033,0.0901,0.07584,0.07359,0.09753,37.91,3415,171100,46280000,467.3,509.2,7.961,1404000000,12380000,187000,5.805E+15,113500000,1708000,6583000000,14.9,0.1206,0.000105,1552,0.00119,0.04529,0.5805,42.47,-0.9214,0.1696,-0.02511,-0.04955,-0.06988,-0.004206,-0.02238,-0.01069,-0.013,0.08082,46.47,3374,173500,48980000,-1579,1378000,11750,-1.9E+12,-16200000000,-137700000,5.24E+18,1.514E+11,1290000000,3.231E+12,happy
13.37,0.1566,0.000198,201.4,0.001397,0.05367,0.07927,34.99,0.08677,0.6319,0.2697,0.1609,0.1735,0.1346,0.0998,0.1025,0.09671,0.1077,33.46,3206,191500,46740000,449.4,542.2,7.536,1497000000,13610000,176500,6.198E+15,127100000,1631000,6196000000,13.39,0.09299,8.00E-05,1537,0.001084,0.04173,0.5995,39.73,-0.9385,0.2194,-0.06534,-0.05636,-0.02782,0.01159,-0.04189,-0.04117,-0.02456,0.08175,45.89,3396,210500,52750000,-1581,1380000,11720,-1.905E+12,-16170000000,-136900000,5.26E+18,1.511E+11,1283000000,3.203E+12,happy
12.43,0.152,8.50E-05,175.8,0.001024,0.039,0.08397,33.66,0.09654,0.6082,0.2623,0.1475,0.1518,0.1186,0.1003,0.0841,0.0708,0.07044,33.77,3127,191300,45790000,411.3,527,12.77,1457000000,23340000,298700,6.04E+15,214300000,2761000,10470000000,11.88,0.08539,3.90E-05,1556,0.000951,0.03647,0.528,35.51,-0.9445,0.2702,0.03053,-0.03409,-0.02495,0.01368,-0.02067,-0.03553,-0.03995,0.06352,40.84,3029,199300,49170000,-1563,1382000,11700,-1.91E+12,-16170000000,-136500000,5.28E+18,1.512E+11,1280000000,3.19E+12,happy
10.93,0.135,0.000145,205.1,0.001404,0.0535,0.07055,28.87,0.0812,0.5691,0.2754,0.1655,0.1396,0.1277,0.09244,0.08507,0.07514,0.09943,30.3,2895,184100,44000000,407.2,451,7.853,1248000000,14590000,183800,5.182E+15,134200000,1694000,6445000000,10.53,0.07625,7.50E-05,1536,0.001404,0.0537,0.5119,29.46,-0.9558,0.3659,0.01116,-0.01949,-0.02877,-0.02448,-0.05402,-0.02453,-0.01549,0.09787,34.45,2411,169900,40020000,-1419,1384000,11710,-1.915E+12,-16200000000,-136700000,5.30E+18,1.514E+11,1281000000,3.195E+12,happy
9.988,0.1178,0.000184,184.3,0.001452,0.05546,0.1173,30.04,0.06233,0.6283,0.2699,0.1517,0.1497,0.1156,0.08583,0.08964,0.07546,0.1065,32.39,3279,197900,48310000,462.6,524.7,9.982,1454000000,14640000,233200,6.043E+15,134400000,2153000,8160000000,10.87,0.06631,8.00E-05,1553,0.001226,0.04713,0.5578,34.44,-0.9522,0.207,-0.03675,-0.04919,-0.04116,0.006433,-0.03096,-0.02297,-0.02096,0.08761,43.61,3348,216900,52020000,-1542,1386000,11680,-1.92E+12,-16180000000,-136000000,5.32E+18,1.513E+11,1275000000,3.172E+12,happy
17.06,0.197,4.40E-05,184.6,0.000705,0.0263,0.07864,39.6,0.1141,0.6302,0.2441,0.1613,0.1157,0.1208,0.1051,0.09855,0.09796,0.05146,35.19,3219,186000,44190000,394.5,389.9,10.67,1082000000,10710000,248700,4.501E+15,95870000,2289000,8684000000,14.48,0.1108,1.90E-05,1480,0.000567,0.02159,0.5913,41.51,-0.9254,0.1884,0.02081,-0.07311,-0.08436,-0.02833,-0.039,-0.008198,-0.001355,0.04034,46.04,3498,226500,56620000,-1673,1387000,11650,-1.924E+12,-16160000000,-135300000,5.34E+18,1.511E+11,1269000000,3.149E+12,neutral
14.89,0.1743,4.10E-05,208,0.000656,0.02508,0.06867,35.66,0.1005,0.6303,0.2564,0.1601,0.1529,0.1114,0.1127,0.1014,0.09401,0.04964,34.22,3093,170600,42040000,360.7,368.9,6.582,1024000000,9616000,153000,4.267E+15,86150000,1384000,5332000000,13.49,0.09604,1.80E-05,1491,0.000543,0.02114,0.5718,36.52,-0.936,0.2954,-0.0113,-0.1355,-0.1059,-0.03869,-0.05431,-0.01634,0.01138,0.04047,44.79,3253,210100,52940000,-1657,1388000,11630,-1.928E+12,-16150000000,-134900000,5.35E+18,1.51E+11,1265000000,3.133E+12,neutral
12.57,0.1467,4.80E-05,215.3,0.000857,0.03373,0.03258,32.97,0.09053,0.645,0.2665,0.1558,0.1361,0.1185,0.1275,0.1218,0.1089,0.06314,34.91,3262,161200,43800000,398.2,370.6,5.821,1030000000,6696000,135000,4.294E+15,60440000,1240000,4689000000,12.13,0.0777,2.40E-05,1517,0.000726,0.02827,0.581,34.63,-0.9394,0.2673,-0.07899,-0.09905,-0.0939,-0.04425,-0.01792,0.03025,0.04257,0.05171,43.74,3228,193100,50080000,-1598,1390000,11600,-1.931E+12,-16110000000,-134100000,5.37E+18,1.507E+11,1257000000,3.105E+12,neutral
12.51,0.1235,6.90E-05,193.9,0.000867,0.03387,0.06504,32.71,0.08644,0.5812,0.3212,0.1852,0.138,0.1327,0.1127,0.1035,0.09304,0.06241,29.99,2975,198900,44410000,394.5,424.3,14.79,1181000000,15920000,341600,4.926E+15,139500000,3116000,11820000000,13.22,0.08538,3.00E-05,1518,0.000637,0.02489,0.6049,38.52,-0.9408,0.3117,-0.01902,-0.1051,-0.07714,-0.01458,-0.03552,-0.009727,-0.001543,0.04722,43.23,3195,239200,53320000,-1604,1391000,11550,-1.935E+12,-16060000000,-132900000,5.38E+18,1.502E+11,1247000000,3.064E+12,neutral
12.51,0.1235,6.90E-05,193.9,0.000867,0.03387,0.06504,32.71,0.08644,0.5812,0.3212,0.1852,0.138,0.1327,0.1127,0.1035,0.09304,0.06241,29.99,2975,198900,44410000,394.5,424.3,14.79,1182000000,15970000,339700,4.937E+15,139900000,3099000,11680000000,13.22,0.08538,3.00E-05,1518,0.000637,0.02489,0.6049,38.52,-0.9408,0.3117,-0.01902,-0.1051,-0.07714,-0.01458,-0.03552,-0.009727,-0.001543,0.04722,43.23,3195,239200,53320000,-1604,1393000,11480,-1.939E+12,-15990000000,-131400000,5.40E+18,1.496E+11,1233000000,3.013E+12,neutral
4.759,0.03269,0.000111,212.5,0.001018,0.03818,0.1115,14.48,0.02019,0.344,0.2351,0.1459,0.1347,0.1183,0.1066,0.104,0.0945,0.05918,15.15,1744,216100,42360000,316.7,565.4,18.56,1577000000,19720000,424000,6.595E+15,171300000,3857000,14500000000,5.128,0.02785,6.00E-05,1505,0.001022,0.03879,0.5036,15.7,-0.9871,0.3095,0.102,0.07715,0.05108,0.02721,0.00443,0.01099,0.0176,0.05664,23.1,1817,213400,39550000,-1451,1394000,11420,-1.944E+12,-15920000000,-130000000,5.42E+18,1.49E+11,1221000000,2.966E+12,sad
5.596,0.04679,0.000115,214.1,0.001238,0.04616,0.08046,11.8,0.0263,0.3711,0.2443,0.1408,0.1237,0.1306,0.1098,0.07916,0.08178,0.06513,13.33,1722,247200,49280000,345.5,600.5,9.364,1677000000,11000000,213300,7.024E+15,98650000,1948000,7273000000,4.607,0.02653,5.80E-05,1514,0.001181,0.04466,0.5106,12.17,-0.9901,0.2648,0.1582,0.1308,0.08632,0.062,0.01539,0.01151,0.02034,0.06117,20.29,1832,247200,47310000,-1490,1396000,11380,-1.949E+12,-15890000000,-129200000,5.44E+18,1.488E+11,1213000000,2.936E+12,sad
7.671,0.05711,8.50E-05,210.4,0.00103,0.03866,0.06454,21.76,0.04212,0.4489,0.2666,0.1877,0.1697,0.1349,0.1185,0.1291,0.1098,0.05739,19.96,2285,247900,49620000,351.4,586.2,11.31,1639000000,18950000,257000,6.877E+15,173400000,2360000,8755000000,6.031,0.03118,4.00E-05,1504,0.000975,0.03699,0.5163,19.58,-0.9791,0.241,0.04292,0.07417,-0.004958,0.01753,0.03511,0.02256,0.01138,0.05367,28.02,2343,247900,47230000,-1522,1398000,11370,-1.955E+12,-15900000000,-129000000,5.47E+18,1.489E+11,1211000000,2.929E+12,sad
6.965,0.05155,6.60E-05,201.6,0.000808,0.0304,0.08638,17.43,0.03499,0.457,0.2251,0.1471,0.1215,0.1078,0.1144,0.1124,0.08302,0.04672,16.13,2021,257800,51410000,324.5,722.8,16.78,2025000000,17440000,380200,8.507E+15,150900000,3455000,12890000000,5.09,0.02783,2.60E-05,1508,0.000714,0.02718,0.5808,15.63,-0.9848,0.2146,0.08522,0.06844,0.0157,0.03072,0.01408,0.0177,0.01464,0.04111,26.02,2345,288800,55280000,-1561,1401000,11330,-1.962E+12,-15870000000,-128000000,5.50E+18,1.486E+11,1202000000,2.897E+12,sad
5.596,0.04679,0.000115,214.1,0.001238,0.04616,0.08046,11.8,0.0263,0.3711,0.2443,0.1408,0.1237,0.1306,0.1098,0.07916,0.08178,0.06513,13.33,1722,247200,49280000,345.5,600.5,9.364,1685000000,11060000,211200,7.091E+15,99100000,1929000,7128000000,4.607,0.02653,5.80E-05,1514,0.001181,0.04466,0.5106,12.17,-0.9901,0.2648,0.1582,0.1308,0.08632,0.062,0.01539,0.01151,0.02034,0.06117,20.29,1832,247200,47310000,-1490,1403000,11270,-1.968E+12,-15810000000,-126600000,5.52E+18,1.481E+11,1189000000,2.849E+12,sad
8.548,0.06834,0.001112,266.1,0.002701,0.1037,0.06454,19.44,0.05201,0.4506,0.2609,0.1936,0.1403,0.1652,0.1149,0.1098,0.09638,0.2103,15.68,1821,214400,42970000,373,465.9,12.39,1309000000,13090000,278100,5.516E+15,114600000,2539000,9346000000,9.28,0.06072,0.000498,1531,0.002357,0.09147,0.5662,25.16,-0.975,0.4932,0.0191,0.041,-0.0916,-0.0421,-0.02562,-0.002843,-0.03047,0.1814,27.72,1823,196000,35940000,-1255,1405000,11220,-1.973E+12,-15760000000,-125500000,5.54E+18,1.476E+11,1179000000,2.812E+12,angry
8.087,0.06499,0.000878,294.6,0.002476,0.09532,0.08194,20,0.04101,0.4793,0.2932,0.1763,0.1384,0.1622,0.1412,0.1222,0.1277,0.2044,16.81,2029,218400,43900000,381.6,423.9,9.792,1192000000,11940000,218700,5.029E+15,102700000,1967000,7314000000,10.52,0.06933,0.000467,1491,0.002314,0.09031,0.568,27.99,-0.9721,0.509,-0.001305,0.05046,-0.08517,-0.03808,-0.06697,0.02038,0.01869,0.1871,29.86,1978,203600,37560000,-1254,1406000,11170,-1.978E+12,-15710000000,-124500000,5.56E+18,1.472E+11,1170000000,2.777E+12,angry
7.291,0.05813,0.000957,272.1,0.00242,0.09327,0.04189,17.93,0.03774,0.4643,0.2929,0.1909,0.1421,0.1767,0.1477,0.1021,0.1026,0.2042,15.49,1914,218000,43550000,365.6,432.8,10.06,1218000000,13150000,223700,5.146E+15,114500000,2014000,7456000000,10.23,0.06628,0.000479,1507,0.002058,0.08053,0.5947,27.85,-0.9733,0.5233,-0.04098,0.01725,-0.08097,-0.02451,-0.08049,-0.03025,-0.01616,0.1665,29.32,1882,196300,35940000,-1293,1408000,11130,-1.982E+12,-15670000000,-123500000,5.58E+18,1.469E+11,1161000000,2.746E+12,angry
13.89,0.1039,0.000797,271.7,0.002348,0.09013,0.05986,31.9,0.095,0.3854,0.2759,0.1415,0.136,0.1304,0.1108,0.09533,0.09508,0.1841,19.79,1683,169000,34100000,343.9,425.6,9.008,1200000000,12790000,199700,5.071E+15,111900000,1797000,6635000000,11.92,0.08126,0.000367,1517,0.002062,0.08041,0.5663,30.94,-0.9584,0.5265,0.00927,0.04331,-0.0705,-0.01191,-0.06108,-0.02777,-0.04078,0.1625,31.52,1918,186800,34620000,-1268,1409000,11100,-1.986E+12,-15640000000,-122700000,5.60E+18,1.466E+11,1154000000,2.72E+12,angry
7.924,0.06221,0.001003,321,0.002496,0.09527,0.08274,20.28,0.04365,0.4737,0.265,0.1724,0.1394,0.1601,0.1474,0.1189,0.1223,0.2073,16.03,1922,223200,45080000,367.7,426.4,10.66,1203000000,13670000,235400,5.091E+15,117400000,2110000,7787000000,10.14,0.06704,0.000472,1494,0.002318,0.09002,0.573,26.33,-0.9732,0.4906,0.02519,0.03163,-0.07797,-0.03851,-0.05982,0.01343,0.01802,0.187,28.83,1933,208100,38600000,-1250,1411000,11050,-1.99E+12,-15590000000,-121800000,5.62E+18,1.462E+11,1146000000,2.688E+12,angry
12.89,0.08049,0.000429,265.7,0.001712,0.06409,0.07594,26.94,0.08208,0.3492,0.302,0.1633,0.1477,0.1456,0.115,0.07863,0.08847,0.1121,17.55,1543,206000,40470000,379.4,505.8,25.89,1429000000,31230000,568400,6.053E+15,274100000,5184000,18690000000,8.958,0.05346,0.000201,1455,0.001589,0.06115,0.5525,22.83,-0.9674,0.4333,0.09023,0.04471,-0.04496,0.041,0.01512,0.01455,0.009985,0.1051,26.78,1787,202000,37390000,-1361,1412000,10980,-1.995E+12,-15510000000,-120200000,5.63E+18,1.454E+11,1131000000,2.634E+12,disgust
10.22,0.07503,0.000391,254.4,0.001299,0.04866,0.03047,19.85,0.05916,0.2973,0.2893,0.1513,0.1293,0.1405,0.1148,0.09518,0.08871,0.07981,16.89,1406,177300,34710000,311.5,494.2,24.3,1398000000,29110000,529300,5.929E+15,256300000,4837000,17270000000,7.845,0.04913,0.000137,1474,0.001107,0.04261,0.6004,20.71,-0.9736,0.4307,0.04414,0.008194,-0.01349,0.0595,0.01386,0.008929,-0.0109,0.06674,26.5,1779,197200,36300000,-1416,1414000,10900,-1.999E+12,-15410000000,-118300000,5.66E+18,1.446E+11,1114000000,2.575E+12,disgust
11,0.07269,0.000531,259.3,0.001693,0.06404,0.06207,23.88,0.06649,0.3458,0.2844,0.1752,0.1596,0.1679,0.1141,0.09217,0.08935,0.1156,16.68,1455,192400,37730000,353.5,517.9,15.51,1466000000,16600000,335800,6.228E+15,144700000,3065000,10890000000,8.772,0.05336,0.000188,1479,0.001372,0.05307,0.6066,23.95,-0.9711,0.4561,0.0694,0.03084,-0.04183,0.02512,-0.01603,-0.008102,-0.007618,0.08923,27.54,1863,210400,38630000,-1414,1416000,10830,-2.004E+12,-15330000000,-116800000,5.68E+18,1.438E+11,1100000000,2.524E+12,disgust
10.99,0.07601,0.000489,266.6,0.002047,0.07722,0.06999,22.81,0.07105,0.3166,0.2814,0.1911,0.17,0.1824,0.1172,0.09331,0.08795,0.144,16.76,1401,175800,34690000,346.9,485.7,16.8,1377000000,19020000,362000,5.855E+15,167800000,3316000,11680000000,9.13,0.05574,0.000205,1472,0.001674,0.06444,0.5948,22.93,-0.9698,0.4804,0.06809,0.0853,0.002005,0.03516,-0.003986,0.005929,-0.000149,0.1139,26.32,1705,188200,34210000,-1357,1418000,10780,-2.009E+12,-15270000000,-115700000,5.70E+18,1.434E+11,1090000000,2.49E+12,disgust
9.911,0.07226,0.000302,262.7,0.001472,0.05557,0.06959,22.48,0.06388,0.3648,0.2989,0.1833,0.1772,0.1735,0.1301,0.09586,0.09213,0.09327,17.26,1610,201300,39610000,356.3,510.9,17.77,1450000000,20100000,380800,6.174E+15,176100000,3479000,12220000000,9.29,0.05699,0.000141,1460,0.001271,0.04913,0.6007,25.45,-0.9703,0.4511,0.08257,0.04238,-0.04522,0.02759,-0.01237,0.000692,-0.01051,0.08473,28.56,1919,210100,38630000,-1416,1419000,10720,-2.014E+12,-15210000000,-114500000,5.72E+18,1.428E+11,1079000000,2.449E+12,disgust
12.65,0.1033,0.000292,243.8,0.001391,0.05355,0.05135,29.54,0.09212,0.4817,0.2497,0.1706,0.1322,0.1539,0.1277,0.1037,0.1,0.1138,19.42,2044,228800,45930000,368,448.1,25.05,1273000000,31640000,533300,5.428E+15,276300000,4853000,17000000000,10.11,0.06687,0.00015,1509,0.001214,0.04738,0.5933,28.41,-0.9649,0.3629,0.02977,0.05999,-0.09321,-0.000742,-0.008095,0.001024,-0.01096,0.0962,31.66,2317,243300,45960000,-1391,1421000,10660,-2.019E+12,-15150000000,-113300000,5.74E+18,1.423E+11,1068000000,2.412E+12,happy
11.81,0.1093,0.000408,259.7,0.001493,0.05698,0.05536,27.96,0.07959,0.3737,0.2587,0.2298,0.1359,0.1728,0.1128,0.1188,0.1063,0.1212,19.34,1548,163800,32740000,295.8,422.3,18.03,1201000000,22160000,381400,5.126E+15,189900000,3446000,12080000000,11.75,0.0816,0.000196,1485,0.001457,0.0569,0.5741,30.87,-0.9613,0.5135,-0.04182,0.006748,-0.07501,0.001481,-0.003235,0.008663,-0.03588,0.1178,30.31,1805,174300,32760000,-1316,1422000,10590,-2.023E+12,-15070000000,-111800000,5.76E+18,1.416E+11,1054000000,2.364E+12,happy
11.05,0.08513,0.000432,269.1,0.001555,0.05949,0.04576,27.61,0.05972,0.3312,0.2908,0.1662,0.1297,0.1587,0.1074,0.1047,0.09895,0.1223,19.3,1474,129900,25850000,237,395.7,15.59,1127000000,19270000,327800,4.813E+15,162600000,2941000,10320000000,12.16,0.0794,0.000231,1492,0.00157,0.06154,0.5935,31.86,-0.961,0.5652,-0.05338,0.06279,-0.06985,-0.02359,-0.04167,0.02063,0.005248,0.1272,30.22,1609,138100,24820000,-1251,1424000,10530,-2.027E+12,-14990000000,-110500000,5.77E+18,1.409E+11,1042000000,2.323E+12,happy
12.12,0.116,0.000342,265.7,0.001499,0.05712,0.04845,28.22,0.07846,0.3609,0.2772,0.2235,0.1457,0.1711,0.1119,0.1175,0.1053,0.121,19.76,1542,153300,30610000,279.1,407,16.11,1160000000,19490000,336700,4.96E+15,166400000,3042000,10540000000,12.21,0.0843,0.000194,1517,0.001511,0.05885,0.5569,31.14,-0.9602,0.5166,-0.04198,0.03699,-0.07453,0.000329,-0.01838,0.005379,-0.03961,0.1219,30.34,1743,161900,30300000,-1294,1425000,10460,-2.031E+12,-14910000000,-109100000,5.79E+18,1.402E+11,1030000000,2.279E+12,happy
13.13,0.1052,0.000301,261.3,0.001402,0.05391,0.0475,30.91,0.09613,0.4337,0.2535,0.1775,0.1362,0.1533,0.114,0.104,0.103,0.1149,19.56,1850,197200,39830000,324.4,416.1,20.55,1187000000,25910000,426300,5.081E+15,223700000,3865000,13250000000,10.58,0.0705,0.000162,1503,0.001308,0.05105,0.5862,27.87,-0.9633,0.4288,0.01403,0.06607,-0.08978,-0.01674,-0.02865,0.000232,-0.00958,0.1035,30.27,2030,206100,38610000,-1335,1427000,10390,-2.035E+12,-14830000000,-107600000,5.81E+18,1.395E+11,1016000000,2.233E+12,happy
5.125,0.0511,0.00033,265.2,0.001078,0.04052,0.04003,14.2,0.02515,0.4531,0.3353,0.207,0.1535,0.1356,0.1164,0.1147,0.1026,0.08221,15.29,1927,233000,46060000,314.8,507,47.79,1448000000,63120000,980500,6.206E+15,563000000,9009000,30130000000,7.4,0.05153,0.00023,1444,0.001201,0.0467,0.5295,19.93,-0.9814,0.4978,0.03123,0.003691,-0.08476,-0.07694,-0.04989,0.006577,0.01415,0.08865,24.41,1638,182900,34520000,-1353,1428000,10270,-2.04E+12,-14670000000,-105000000,5.83E+18,1.38E+11,992500000,2.153E+12,neutral
7.679,0.07038,0.000407,291.4,0.001128,0.04204,0.03761,18.59,0.04349,0.345,0.3111,0.1923,0.1491,0.1363,0.1074,0.1035,0.1089,0.08659,15.01,1451,181800,35530000,246.7,445.7,34.64,1275000000,45070000,701300,5.468E+15,400500000,6438000,21260000000,8.86,0.06485,0.000282,1415,0.00127,0.04963,0.5276,21.51,-0.9765,0.5985,0.05565,-0.0231,-0.08798,-0.05256,-0.06134,-0.002718,-0.000625,0.09456,22.78,1260,138000,25910000,-1311,1430000,10130,-2.045E+12,-14480000000,-102200000,5.85E+18,1.364E+11,966500000,2.067E+12,neutral
11.6,0.08322,0.000294,284.6,0.001082,0.04046,0.0414,20.76,0.08099,0.379,0.2894,0.1886,0.1493,0.1604,0.1149,0.1076,0.1079,0.07876,18.94,1578,169000,33400000,280.5,467.3,42.76,1338000000,56680000,854600,5.745E+15,502300000,7835000,25580000000,9.244,0.06347,0.000211,1420,0.001294,0.05012,0.4981,21.86,-0.9692,0.5586,0.03419,-0.003083,-0.07769,-0.04914,-0.06381,0.007308,0.007699,0.09159,24.11,1369,140300,26510000,-1316,1431000,10000,-2.049E+12,-14320000000,-99680000,5.87E+18,1.35E+11,943200000,1.99E+12,neutral
12.74,0.09232,0.000342,301,0.001211,0.04568,0.0535,23.26,0.08955,0.3903,0.307,0.2034,0.1613,0.1708,0.1353,0.1327,0.1465,0.09197,18.34,1590,185400,36730000,286.7,502.3,28.95,1440000000,36810000,571200,6.19E+15,325000000,5236000,16880000000,11.62,0.07929,0.000225,1423,0.001197,0.04698,0.5598,27.91,-0.961,0.5569,-0.02499,0.0485,-0.08376,-0.06017,-0.08581,0.009949,0.01627,0.09345,28.8,1697,173000,32120000,-1360,1433000,9877,-2.054E+12,-14150000000,-97160000,5.89E+18,1.335E+11,920000000,1.915E+12,neutral
6.388,0.05276,0.000284,280,0.001017,0.03816,0.0365,14.01,0.03382,0.3954,0.2833,0.1937,0.1655,0.1569,0.1248,0.1091,0.1075,0.08029,12.55,1413,183400,36390000,228.3,443.3,39.19,1272000000,52080000,764700,5.475E+15,459000000,6997000,22340000000,7.943,0.05541,0.000208,1445,0.001232,0.04796,0.5118,18.79,-0.982,0.5867,0.01558,-0.01619,-0.09041,-0.09347,-0.06965,0.02133,0.04928,0.09148,20.93,1204,140500,26300000,-1310,1435000,9769,-2.059E+12,-14020000000,-95040000,5.91E+18,1.323E+11,900600000,1.853E+12,neutral
9.864,0.08118,8.40E-05,211.9,0.00081,0.03056,0.07195,23.6,0.05904,0.2967,0.3324,0.1862,0.1383,0.1098,0.1001,0.1061,0.09936,0.05726,16.58,1320,154400,29940000,253.1,470.8,35,1352000000,45790000,673600,5.828E+15,405400000,6182000,19410000000,8.734,0.05712,3.80E-05,1501,0.000746,0.02876,0.5713,22.52,-0.9755,0.5504,0.08689,0.01548,-0.03544,0.01056,0.000388,0.02889,0.007912,0.05051,23.95,1477,170000,32350000,-1459,1436000,9631,-2.063E+12,-13830000000,-92360000,5.93E+18,1.306E+11,875900000,1.775E+12,sad
7.445,0.0636,5.80E-05,236.5,0.000776,0.02968,0.0426,20.22,0.0401,0.3429,0.2925,0.1645,0.1355,0.1327,0.09894,0.08885,0.08944,0.05632,17.59,1545,162900,31620000,241.5,455.7,31.07,1311000000,40370000,591100,5.654E+15,359800000,5443000,16840000000,7.899,0.0504,3.10E-05,1487,0.000881,0.03415,0.5194,21.89,-0.9778,0.5122,0.05224,0.02005,-0.07074,-0.01657,-0.02106,0.02159,0.01787,0.06039,24.67,1528,160200,29980000,-1391,1438000,9517,-2.068E+12,-13690000000,-90180000,5.95E+18,1.293E+11,855800000,1.713E+12,sad
8.158,0.06931,6.60E-05,220.3,0.000609,0.02258,0.04002,21.56,0.04235,0.3314,0.2813,0.2086,0.1411,0.1159,0.1142,0.09684,0.1065,0.04036,16.53,1429,164000,32250000,210.1,443.5,22.44,1277000000,28350000,422500,5.514E+15,248000000,3865000,11910000000,7.6,0.04927,3.80E-05,1497,0.000687,0.02643,0.5262,20.29,-0.9788,0.4925,0.05186,-0.003458,-0.02736,0.003588,-0.01464,0.02283,0.009124,0.04447,23.21,1485,168200,32060000,-1460,1440000,9427,-2.072E+12,-13570000000,-88480000,5.97E+18,1.283E+11,840100000,1.664E+12,sad
9.913,0.08551,3.80E-05,223.2,0.000634,0.02414,0.06212,24.56,0.06099,0.3485,0.3179,0.172,0.1557,0.1338,0.103,0.1106,0.1132,0.04626,17.8,1490,180900,35350000,240.4,431.1,31.16,1242000000,40930000,580700,5.371E+15,360900000,5324000,16200000000,8.311,0.05701,2.30E-05,1503,0.000691,0.02673,0.5225,22.96,-0.9736,0.486,0.07431,0.05221,-0.08492,-0.0488,-0.0278,0.005999,0.02524,0.04685,24.88,1633,185200,35270000,-1450,1441000,9324,-2.077E+12,-13440000000,-86550000,5.99E+18,1.271E+11,822400000,1.61E+12,sad
10.68,0.08562,6.00E-05,210.6,0.000583,0.02157,0.04777,26.45,0.05498,0.298,0.309,0.2048,0.1422,0.1219,0.1187,0.09502,0.1037,0.03927,17.19,1235,145800,28910000,208.5,443.6,21.7,1280000000,27400000,399800,5.539E+15,240600000,3666000,11020000000,9.464,0.064,3.40E-05,1488,0.000642,0.02487,0.5286,24.91,-0.9711,0.5524,-0.02574,-0.02278,-0.029,0.00763,-0.001389,0.02684,0.008804,0.04365,26.11,1507,158900,29740000,-1454,1443000,9220,-2.081E+12,-13300000000,-84620000,6.00E+18,1.259E+11,804600000,1.557E+12,sad
8.078,0.07364,0.000762,213.1,0.002656,0.1012,0.1107,19.25,0.04157,0.4767,0.3441,0.2472,0.1633,0.1529,0.173,0.1138,0.1282,0.1919,14.44,2000,224600,45470000,305.2,372.9,40.27,1077000000,61490000,741600,4.665E+15,557600000,6867000,20450000000,10.7,0.06804,0.00031,1621,0.002412,0.09371,0.5689,28.42,-0.9698,0.4893,-0.2149,0.02837,0.01756,0.1262,-0.04421,0.04143,-0.009174,0.1843,32.13,2049,200900,36740000,-1290,1444000,9210,-2.085E+12,-13300000000,-84430000,6.02E+18,1.259E+11,802800000,1.552E+12,angry
11.65,0.07887,0.000451,199.8,0.002213,0.08418,0.07928,26.81,0.06916,0.5403,0.3443,0.2324,0.2052,0.1299,0.168,0.1122,0.1152,0.1501,19.85,2533,254700,53170000,362.1,395.9,28.62,1144000000,44650000,530200,4.962E+15,404100000,4903000,14710000000,10.43,0.06223,0.000176,1576,0.001824,0.07039,0.5452,28.54,-0.9629,0.3279,-0.1309,0.09107,0.02394,0.1375,-0.03515,0.03767,-0.01952,0.1305,34.39,2579,249900,47920000,-1376,1445000,9263,-2.089E+12,-13390000000,-85400000,6.04E+18,1.267E+11,811800000,1.578E+12,angry
9.071,0.06527,0.000416,203.9,0.00204,0.07758,0.05893,20.6,0.04589,0.4437,0.3202,0.252,0.218,0.2035,0.1693,0.1149,0.1285,0.1445,15.88,2174,216400,45090000,333.8,407,44.52,1178000000,68030000,831600,5.111E+15,615700000,7691000,23260000000,10.02,0.05745,0.00021,1587,0.001941,0.07483,0.533,27.42,-0.9692,0.4571,-0.1895,-0.03744,0.006183,0.1493,-0.02871,0.0808,0.02065,0.1417,32.37,2175,209800,39420000,-1350,1447000,9338,-2.093E+12,-13510000000,-86810000,6.06E+18,1.278E+11,824800000,1.618E+12,angry
9.182,0.06561,0.000475,212.9,0.002321,0.08791,0.08755,21,0.05002,0.4652,0.3642,0.2343,0.1745,0.1396,0.1617,0.1115,0.1195,0.1587,16.19,2100,217600,45460000,349.1,390.1,34.3,1130000000,53160000,646100,4.908E+15,481500000,5975000,18220000000,9.838,0.05886,0.000261,1591,0.002221,0.08588,0.5674,26.99,-0.97,0.4516,-0.1506,0.05583,0.02218,0.1039,-0.06824,0.0364,-0.01459,0.1633,31.66,2107,206800,38620000,-1295,1448000,9416,-2.097E+12,-13640000000,-88270000,6.07E+18,1.289E+11,838400000,1.659E+12,angry
9.373,0.06787,0.000397,217.2,0.002285,0.08706,0.06898,21.24,0.05023,0.3362,0.3917,0.2491,0.1984,0.1582,0.1527,0.1283,0.1235,0.165,13.67,1504,176700,36450000,289.1,365.4,37.32,1059000000,57430000,709300,4.605E+15,520000000,6557000,20190000000,11.02,0.07123,0.000229,1606,0.002227,0.08621,0.5365,28.31,-0.97,0.5854,-0.1506,0.05396,0.02453,0.05818,-0.06302,0.03632,0.002587,0.1694,28.77,1608,161900,29390000,-1271,1449000,9502,-2.101E+12,-13770000000,-89890000,6.09E+18,1.302E+11,853300000,1.704E+12,angry
19.45,0.1925,6.90E-05,195.5,0.000744,0.02792,0.03704,45.47,0.161,0.504,0.2709,0.2018,0.1862,0.1565,0.1539,0.1471,0.1437,0.05105,31.02,2558,155400,37610000,320.6,384.7,33.77,1116000000,52620000,648200,4.857E+15,479100000,6007000,18630000000,15.63,0.1147,3.40E-05,1621,0.000785,0.03056,0.57,40.2,-0.9198,0.3961,-0.03071,0.1804,0.08345,0.04594,0.002988,-0.06698,-0.06954,0.05626,37.82,2539,183800,40940000,-1614,1451000,9604,-2.104E+12,-13930000000,-91830000,6.11E+18,1.316E+11,871300000,1.76E+12,disgust
18.69,0.1854,0.000159,199.4,0.00108,0.04025,0.09383,46.1,0.1359,0.5136,0.2941,0.1833,0.216,0.1695,0.143,0.1296,0.1152,0.06238,31.04,2727,178700,42110000,400.2,373.8,11.53,1086000000,20130000,222400,4.729E+15,185700000,2072000,6428000000,13.94,0.09712,6.90E-05,1527,0.001053,0.0407,0.5161,38.57,-0.9278,0.2689,-0.05252,0.1445,0.02967,0.007838,-0.02943,-0.05514,-0.04013,0.06629,39.68,2869,206900,45660000,-1539,1452000,9654,-2.108E+12,-14020000000,-92810000,6.12E+18,1.324E+11,880400000,1.788E+12,disgust
16.74,0.1285,0.00014,182.8,0.000957,0.03502,0.07134,40.33,0.1226,0.3868,0.2871,0.1881,0.187,0.1553,0.1484,0.1158,0.1324,0.05452,26.95,2063,148800,30030000,285.7,386.4,12.98,1123000000,22250000,250800,4.896E+15,203600000,2326000,7262000000,11.83,0.07371,3.90E-05,1495,0.00091,0.03441,0.5548,34.11,-0.943,0.2832,-0.03871,0.1576,0.01766,0.04013,-0.01336,-0.01259,-0.05614,0.05526,38.4,2737,220000,43080000,-1510,1453000,9676,-2.112E+12,-14060000000,-93220000,6.14E+18,1.328E+11,884200000,1.8E+12,disgust
20.84,0.1461,6.90E-05,198.4,0.000691,0.02653,0.1025,44.12,0.1541,0.3242,0.3251,0.246,0.2613,0.2258,0.1647,0.2,0.1639,0.0626,22.63,1480,150500,29920000,221.4,347.4,25.93,1011000000,41050000,503700,4.41E+15,372700000,4659000,14650000000,18.46,0.1075,3.60E-05,1587,0.000659,0.02626,0.5914,48.57,-0.9103,0.3382,-0.2737,0.3008,0.05024,0.1678,0.004956,-0.04698,-0.05331,0.05919,44.08,2798,213800,39220000,-1574,1455000,9719,-2.116E+12,-14140000000,-94050000,6.16E+18,1.335E+11,891900000,1.824E+12,disgust
18.69,0.1854,0.000159,199.4,0.00108,0.04025,0.09383,46.1,0.1359,0.5136,0.2941,0.1833,0.216,0.1695,0.143,0.1296,0.1152,0.06238,31.04,2727,178700,42110000,400.2,373.8,11.53,1088000000,20220000,224900,4.754E+15,186500000,2094000,6571000000,13.94,0.09712,6.90E-05,1527,0.001053,0.0407,0.5161,38.57,-0.9278,0.2689,-0.05252,0.1445,0.02967,0.007838,-0.02943,-0.05514,-0.04013,0.06629,39.68,2869,206900,45660000,-1539,1456000,9761,-2.119E+12,-14210000000,-94880000,6.17E+18,1.342E+11,899700000,1.848E+12,disgust
13.03,0.07296,0.000331,212.5,0.001177,0.04416,0.05974,27.71,0.07347,0.4868,0.3421,0.2373,0.1989,0.1747,0.1497,0.1256,0.1326,0.0801,18.7,2264,226000,47210000,301.3,402,12.68,1172000000,22110000,247800,5.121E+15,205500000,2317000,7259000000,9.909,0.05287,0.000146,1522,0.001394,0.05401,0.5412,26.9,-0.9656,0.4653,-0.1691,0.06833,0.06242,0.04108,-0.05286,0.02102,0.006312,0.0977,28.82,1860,177300,34160000,-1338,1457000,9785,-2.123E+12,-14260000000,-95350000,6.19E+18,1.346E+11,904100000,1.862E+12,happy
15.24,0.07971,0.000205,207.4,0.001328,0.04931,0.0745,31.48,0.08783,0.4772,0.3013,0.2443,0.2388,0.1843,0.1784,0.1293,0.1224,0.09002,20.6,2323,210600,44940000,287.3,428.3,28.74,1250000000,45850000,564400,5.468E+15,417700000,5228000,16600000000,11.27,0.05898,0.000114,1503,0.001327,0.05104,0.6145,30.35,-0.9587,0.4733,-0.1994,0.04877,0.08442,0.07011,-0.04715,0.002085,-0.02114,0.09463,31.11,1932,172600,33430000,-1389,1459000,9833,-2.127E+12,-14340000000,-96290000,6.21E+18,1.354E+11,912800000,1.89E+12,happy
12.39,0.07502,0.000205,192,0.001314,0.04975,0.05931,27.66,0.07037,0.6271,0.3366,0.2311,0.1836,0.1447,0.1413,0.1132,0.1112,0.09159,26.04,3306,254200,57240000,361.6,437.1,12.39,1276000000,21650000,243800,5.591E+15,197100000,2254000,7189000000,10.32,0.05258,9.90E-05,1512,0.00114,0.04396,0.5993,28.72,-0.9593,0.3047,-0.1307,0.0226,-0.01454,0.05622,-0.01143,0.02178,-0.008939,0.07951,34.38,2712,223400,48690000,-1488,1460000,9846,-2.132E+12,-14380000000,-96540000,6.23E+18,1.357E+11,915100000,1.897E+12,happy
16.32,0.08463,0.000188,190.8,0.001307,0.04996,0.05165,33.08,0.09396,0.5327,0.3073,0.2834,0.1687,0.1779,0.1523,0.1531,0.1422,0.08908,20.84,2564,240200,50480000,314.5,431.9,22.8,1263000000,37460000,450000,5.536E+15,339200000,4153000,13300000000,12.34,0.06209,9.10E-05,1493,0.001177,0.04542,0.6245,32.49,-0.9527,0.4329,-0.1812,0.06009,0.08889,0.0789,-0.03328,0.01682,0.005739,0.08474,33.13,2177,200200,39300000,-1455,1462000,9875,-2.136E+12,-14430000000,-97110000,6.24E+18,1.362E+11,920500000,1.914E+12,happy
16.32,0.08463,0.000188,190.8,0.001307,0.04996,0.05165,33.08,0.09396,0.5327,0.3073,0.2834,0.1687,0.1779,0.1523,0.1531,0.1422,0.08908,20.84,2564,240200,50480000,314.5,431.9,22.8,1264000000,37510000,452300,5.548E+15,339600000,4173000,13440000000,12.34,0.06209,9.10E-05,1493,0.001177,0.04542,0.6245,32.49,-0.9527,0.4329,-0.1812,0.06009,0.08889,0.0789,-0.03328,0.01682,0.005739,0.08474,33.13,2177,200200,39300000,-1455,1463000,9925,-2.141E+12,-14520000000,-98100000,6.26E+18,1.37E+11,929600000,1.943E+12,happy
10.04,0.07832,0.00012,197,0.001201,0.04425,0.04339,22.98,0.0506,0.4587,0.3579,0.2217,0.1582,0.1369,0.1498,0.1452,0.143,0.08296,18.73,2320,216900,46180000,282.5,395.3,23.32,1158000000,37990000,465300,5.087E+15,345500000,4304000,13910000000,9.883,0.05492,6.50E-05,1511,0.001321,0.05014,0.5713,25.21,-0.9716,0.4858,-0.09296,0.02494,0.03855,0.04486,-0.0233,0.04715,0.02863,0.09176,28.06,1802,172100,34570000,-1403,1464000,9987,-2.145E+12,-14630000000,-99330000,6.28E+18,1.38E+11,941000000,1.98E+12,neutral
12.21,0.09068,0.000166,195.1,0.001218,0.04578,0.0718,22.65,0.09932,0.5927,0.3596,0.222,0.1794,0.1701,0.1227,0.1074,0.1101,0.08441,24.05,3020,251000,54860000,349.5,413.4,10.75,1212000000,19400000,215000,5.33E+15,177200000,1988000,6448000000,9.373,0.05047,8.40E-05,1500,0.001072,0.04125,0.5918,25.51,-0.9634,0.3313,-0.1315,0.0337,-0.02,0.02816,-0.01355,0.03436,0.001788,0.07345,32.54,2546,224800,47540000,-1472,1466000,10010,-2.149E+12,-14680000000,-99870000,6.30E+18,1.385E+11,946000000,1.996E+12,neutral
10.1,0.06223,0.000281,217.4,0.001596,0.06056,0.07352,23.59,0.05472,0.5385,0.3156,0.2072,0.2068,0.1797,0.1274,0.1261,0.1345,0.1171,16.16,2111,231300,45890000,251.1,392.9,12.66,1153000000,22200000,253600,5.076E+15,203400000,2350000,7611000000,8.07,0.04184,0.000131,1485,0.001456,0.0562,0.6339,24.31,-0.9729,0.2991,-0.1114,0.03923,0.02048,0.1197,-0.09474,0.08567,-0.0219,0.1018,30.14,2345,252900,47420000,-1338,1467000,10020,-2.153E+12,-14710000000,-100100000,6.32E+18,1.387E+11,947900000,2.002E+12,neutral
12.52,0.07017,0.00014,207,0.001308,0.04793,0.04183,28.57,0.06983,0.4965,0.345,0.1895,0.178,0.159,0.164,0.1488,0.1556,0.08237,20.5,2355,212500,45520000,283.7,381.1,20.58,1119000000,33920000,413700,4.931E+15,308700000,3827000,12460000000,10.81,0.05568,6.90E-05,1531,0.001249,0.04778,0.6003,29.11,-0.9637,0.4819,-0.0622,-0.008299,-0.01714,0.02936,-0.0327,0.07278,0.0529,0.08279,29.63,1952,189300,37780000,-1449,1469000,10060,-2.157E+12,-14770000000,-100700000,6.34E+18,1.393E+11,954100000,2.022E+12,neutral
10.1,0.06223,0.000281,217.4,0.001596,0.06056,0.07352,23.59,0.05472,0.5385,0.3156,0.2072,0.2068,0.1797,0.1274,0.1261,0.1345,0.1171,16.16,2111,231300,45890000,251.1,392.9,12.66,1155000000,22260000,255200,5.094E+15,203900000,2365000,7706000000,8.07,0.04184,0.000131,1485,0.001456,0.0562,0.6339,24.31,-0.9729,0.2991,-0.1114,0.03923,0.02048,0.1197,-0.09474,0.08567,-0.0219,0.1018,30.14,2345,252900,47420000,-1338,1470000,10090,-2.161E+12,-14830000000,-101300000,6.35E+18,1.398E+11,959500000,2.04E+12,neutral
12.84,0.1075,4.20E-05,169.6,0.000619,0.0234,0.05039,27.9,0.07619,0.5796,0.3662,0.2428,0.1892,0.1813,0.1537,0.1545,0.1471,0.04087,24.98,3065,205400,49980000,306.3,444,26.72,1307000000,43490000,539800,5.768E+15,390300000,4959000,16340000000,12.41,0.07297,2.10E-05,1568,0.000588,0.02268,0.57,33.96,-0.9465,0.3591,-0.2516,-0.01835,0.001006,0.01763,-0.03495,0.06999,0.0425,0.04168,39.61,2836,215900,47620000,-1598,1471000,10100,-2.165E+12,-14860000000,-101600000,6.37E+18,1.401E+11,961900000,2.048E+12,sad
14.25,0.07929,6.60E-05,196.7,0.00063,0.02387,0.06972,30.28,0.07634,0.5875,0.3151,0.2591,0.2097,0.1633,0.1548,0.1052,0.1392,0.04083,19.06,2345,218900,43920000,203.4,397.1,10.3,1170000000,18110000,208600,5.168E+15,163700000,1923000,6333000000,11.38,0.05572,2.60E-05,1535,0.000564,0.02169,0.5724,34.17,-0.9545,0.2307,-0.06265,-0.04472,-0.0544,0.1737,-0.1158,0.09947,-0.05246,0.04002,38.28,3031,312900,60650000,-1537,1473000,10140,-2.169E+12,-14930000000,-102400000,6.39E+18,1.408E+11,969000000,2.071E+12,sad
14.09,0.0887,1.90E-05,167.6,0.000305,0.01187,0.0971,29.78,0.07408,0.6069,0.2882,0.287,0.2442,0.1676,0.1599,0.1206,0.1349,0.02499,15.87,2214,213400,42300000,160.7,417.7,4.45,1232000000,8358000,90210,5.447E+15,76510000,825500,2739000000,13.76,0.08072,1.00E-05,1545,0.000367,0.01424,0.5178,40.22,-0.9434,0.2543,-0.07501,-0.117,-0.1016,0.1611,-0.211,0.1095,-0.05413,0.03205,42.64,3283,334900,64070000,-1561,1474000,10140,-2.173E+12,-14950000000,-102400000,6.41E+18,1.41E+11,969800000,2.074E+12,sad
14.65,0.08355,2.60E-05,172.1,0.000478,0.0181,0.1013,29.46,0.07766,0.491,0.3507,0.2442,0.194,0.1902,0.1615,0.1351,0.1397,0.03323,17.26,2245,223200,46410000,220.8,399.4,33.23,1179000000,52930000,675600,5.219E+15,475900000,6214000,20570000000,13.29,0.07438,1.50E-05,1597,0.000515,0.02,0.5511,35.65,-0.9539,0.4584,-0.2043,0.02043,0.07502,0.05511,-0.06259,0.04821,0.0277,0.03922,34.55,2238,224600,43850000,-1593,1476000,10160,-2.178E+12,-14990000000,-102800000,6.43E+18,1.414E+11,973300000,2.086E+12,sad
15.92,0.09992,1.80E-05,182,0.000461,0.01762,0.03963,30.57,0.09019,0.4717,0.3511,0.2618,0.1927,0.2191,0.1674,0.1565,0.1556,0.03573,17.16,2206,207300,43470000,220.9,392,28.99,1158000000,46720000,594300,5.132E+15,420900000,5469000,18250000000,16.35,0.09365,1.30E-05,1603,0.000521,0.02029,0.5506,41.09,-0.9395,0.5173,-0.2573,-0.03411,0.02075,0.005458,-0.09962,0.0621,0.0702,0.04295,37.9,2235,207800,40700000,-1603,1477000,10250,-2.182E+12,-15130000000,-104600000,6.45E+18,1.426E+11,989300000,2.139E+12,sad
